{"params":{"desired_samples":16000,"window_size_samples":480,"window_stride_samples":160,"spectrogram_length":98,"fingerprint_width":40,"fingerprint_size":3920,"label_count":4,"sample_rate":16000,"preprocess":"mfcc","average_window_width":-1,"in_repeat":1,"data_url":"https:\/\/storage.googleapis.com\/download.tensorflow.org\/data\/speech_commands_v0.02.tar.gz","data_dir":"tmp\/speech_dataset\/","background_volume":0.1,"background_frequency":0.8,"silence_percentage":10.0,"unknown_percentage":10.0,"time_shift_ms":100.0,"seed":6,"testing_percentage":10,"validation_percentage":10,"clip_duration_ms":1000,"window_size_ms":30.0,"window_stride_ms":10.0,"feature_bin_count":40,"how_many_training_steps":"5,5","eval_step_interval":5,"learning_rate":"0.001,0.0001","batch_size":1,"summaries_dir":"results\/retrain_logs","wanted_words":"yes,no","train_dir":"results\/speech_commands_train","save_step_interval":1000,"start_checkpoint":"","model_architecture":"lsnn","check_nans":false,"quantize":false,"n_hidden":10,"n_layer":1,"dropout_prob":0.0,"print_every":10,"reg":0.001,"n_lif_frac":0.0,"beta":2.0,"tau_adaptation":98,"comment":"","n_thr_spikes":-1,"dampening_factor":0.3,"dt":1.0,"thr":0.01,"thr_min":0.005,"tau":20.0,"refr":2,"n_delay":0,"random_eprop":false,"eprop":false,"avg_spikes":true,"lipschitzness_loss":"kl","beta_lipschitzness":0.001,"step_size_lipschitzness":0.1,"num_steps_lipschitzness":10,"epsilon_lipschitzness":0.01,"use_epsilon_ball":true,"verbosity":20,"optimizer":"adam"},"rng_key":[930198267,3563709847],"theta":{"W_in":[[-0.14649440348148346,0.020826738327741623,0.28023776412010193,0.05551546439528465,0.0140675725415349,-0.07617225497961044,0.3501526415348053,-0.4376716613769531,0.2838194966316223,0.15799486637115479],[0.08952174335718155,-0.14996494352817535,-0.052649371325969696,0.24352583289146423,0.04226723313331604,-0.11450328677892685,0.0544721744954586,-0.2261151671409607,0.11988778412342072,0.17950783669948578],[-0.3335374891757965,0.0764840617775917,0.4452095627784729,-0.015428747050464153,0.31273993849754333,0.07023933529853821,0.07086952030658722,-0.09051530063152313,-0.05860646814107895,-0.4237799346446991],[-0.09474334865808487,0.0811840295791626,-0.257567435503006,-0.036635056138038635,0.00501473480835557,-0.36166173219680786,-0.18894720077514648,0.11977605521678925,-0.06107329577207565,-0.0701778456568718],[-0.0879412367939949,0.4180351793766022,-0.20325520634651184,0.23560462892055511,-0.1800462156534195,-0.11217641085386276,-0.01560178492218256,0.1029030978679657,0.24285940825939178,-0.06595299392938614],[0.18820346891880035,0.311891108751297,0.1826070100069046,0.23100346326828003,-0.27221766114234924,-0.08899117261171341,-0.3121628165245056,-0.006100117228925228,-0.15512242913246155,-0.04242044687271118],[-0.11350595951080322,-0.026298033073544502,0.4162313640117645,-0.29409682750701904,-0.05291016399860382,-0.015745192766189575,-0.09302130341529846,-0.38786476850509644,0.047570034861564636,0.3083496689796448],[0.0920632928609848,-0.2386750876903534,-0.03885100409388542,-0.10909447818994522,-0.17323416471481323,0.33218860626220703,-0.03216869756579399,-0.027278240770101547,0.3256257474422455,-0.007298151962459087],[0.0904543325304985,0.045714519917964935,0.25842297077178955,-0.17321881651878357,-0.17085763812065125,0.033926013857126236,0.22810029983520508,-0.04454265534877777,-0.12815310060977936,-0.03491825610399246],[0.057114794850349426,0.13767646253108978,0.07246364653110504,0.007076565641909838,0.10531020164489746,0.14501063525676727,0.10822899639606476,0.046179741621017456,0.22444038093090057,0.08679822087287903],[0.38734403252601624,-0.1076618954539299,-0.10567264258861542,-0.08023910224437714,0.15714694559574127,0.1644735485315323,-0.09564763307571411,-0.32093346118927,-0.09694475680589676,0.045636631548404694],[0.16557367146015167,0.11119414865970612,0.1844731569290161,-0.35899296402931213,-0.25135019421577454,0.21655479073524475,-0.05393409729003906,0.18814857304096222,-0.03959666192531586,0.18028709292411804],[-0.10228107124567032,0.3043329119682312,0.1565878540277481,-0.06815400719642639,0.0004079624486621469,-0.023039937019348145,0.30897092819213867,-0.2133636772632599,0.06832951307296753,-0.2322232574224472],[0.0015709004364907742,-0.2653045654296875,-0.29105624556541443,-0.0984756276011467,-0.02762962505221367,0.2003517895936966,0.17720234394073486,0.08802545815706253,0.021303048357367516,0.15800344944000244],[-0.006359390448778868,-0.13858400285243988,0.015346582047641277,0.09979745745658875,0.24006111919879913,0.1866108626127243,-0.2959044575691223,-0.023064369335770607,0.15236224234104156,0.14465707540512085],[-0.11471359431743622,0.0266689732670784,-0.07464419305324554,-0.08997693657875061,0.06879217177629471,-0.3484870493412018,-0.23055508732795715,0.23956899344921112,-0.24434202909469604,-0.22610557079315186],[-0.25072669982910156,-0.2664923071861267,-0.20276255905628204,-0.23912864923477173,0.038807276636362076,0.06175322085618973,-0.1814274936914444,0.19611240923404694,-0.2539147734642029,-0.08438707888126373],[-0.020274236798286438,-0.017708269879221916,-0.0036236720625311136,-0.23500913381576538,-0.23479613661766052,-0.21548891067504883,0.1840321570634842,0.15261714160442352,0.23394690454006195,-0.09692671149969101],[0.1216830238699913,0.0052228812128305435,-0.06251388043165207,-0.1893872320652008,-0.0024884012527763844,0.1366005688905716,0.3753255009651184,0.27183422446250916,-0.04459019750356674,0.027531977742910385],[0.12797468900680542,0.14512766897678375,-0.08427126705646515,-0.187081977725029,-0.3084102272987366,0.16029125452041626,-0.08090656250715256,0.10009206086397171,0.06438743323087692,-0.224436417222023],[-0.2702944278717041,0.04627258703112602,-0.29046520590782166,0.3803572952747345,-0.0025909943506121635,0.10508083552122116,-0.16354350745677948,0.21810613572597504,0.10554724931716919,-0.11341079324483871],[-0.38721325993537903,0.09259896725416183,0.29217469692230225,0.019688231870532036,0.02723323181271553,-0.030135180801153183,-0.13505420088768005,-0.24198433756828308,0.14068037271499634,0.4327215850353241],[0.0859437808394432,-0.18109408020973206,0.11903418600559235,0.22627098858356476,-0.04989905282855034,0.10066945850849152,0.18011988699436188,0.038682252168655396,0.057109370827674866,0.07988438755273819],[0.2331993579864502,-0.12765534222126007,-0.04921215400099754,0.2053312510251999,0.23539415001869202,-0.22926592826843262,-0.04083940014243126,0.18776997923851013,-0.05199664831161499,-0.20750655233860016],[0.15384595096111298,-0.0072067915461957455,-0.11221720278263092,-0.13253581523895264,-0.4264587461948395,0.080528624355793,0.2303626388311386,0.11413361132144928,0.052386291325092316,-0.0958641767501831],[0.2504623830318451,-0.11226632446050644,0.1911497563123703,-0.32516932487487793,-0.051447637379169464,0.08456918597221375,0.34592247009277344,0.19700928032398224,-0.06573475152254105,-0.04581857845187187],[0.3499238193035126,-0.00270038447342813,0.2019152194261551,-0.03543360158801079,-0.27889055013656616,-0.1782991737127304,0.3845554292201996,0.2967788279056549,0.2214294821023941,0.2866891324520111],[-0.3784664571285248,0.0009913545800372958,-0.21075311303138733,-0.3414970636367798,-0.14217303693294525,0.22781330347061157,0.030551910400390625,-0.01216351892799139,-0.17278403043746948,-0.1831001341342926],[-0.07990644872188568,-0.23568245768547058,-0.020904269069433212,-0.12418381869792938,0.07768594473600388,0.020867906510829926,0.2937098443508148,0.1981806606054306,0.25171998143196106,-0.18827959895133972],[-0.2623962461948395,-0.1665215790271759,0.24513739347457886,0.12781710922718048,0.15419426560401917,0.07408589124679565,-0.13639353215694427,-0.1595655381679535,-0.01439432892948389,0.026608042418956757],[0.12215849757194519,-0.06705281883478165,-0.09862475842237473,0.42520198225975037,0.25859951972961426,-0.07945750653743744,0.26239779591560364,0.04789618030190468,-0.3201406002044678,-0.09372062981128693],[-0.027914799749851227,0.19667738676071167,-0.2115255445241928,