{"params":{"desired_samples":16000,"window_size_samples":480,"window_stride_samples":160,"spectrogram_length":98,"fingerprint_width":40,"fingerprint_size":3920,"label_count":4,"sample_rate":16000,"preprocess":"mfcc","average_window_width":-1,"in_repeat":1,"data_url":"https:\/\/storage.googleapis.com\/download.tensorflow.org\/data\/speech_commands_v0.02.tar.gz","data_dir":"tmp\/speech_dataset\/","background_volume":0.1,"background_frequency":0.8,"silence_percentage":10.0,"unknown_percentage":10.0,"time_shift_ms":100.0,"seed":6,"testing_percentage":10,"validation_percentage":10,"clip_duration_ms":1000,"window_size_ms":30.0,"window_stride_ms":10.0,"feature_bin_count":40,"how_many_training_steps":"5,5","eval_step_interval":5,"learning_rate":"0.001,0.0001","batch_size":1,"summaries_dir":"results\/retrain_logs","wanted_words":"yes,no","train_dir":"results\/speech_commands_train","save_step_interval":1000,"start_checkpoint":"","model_architecture":"lsnn","check_nans":false,"quantize":false,"n_hidden":10,"n_layer":1,"dropout_prob":0.0,"print_every":10,"reg":0.001,"n_lif_frac":0.0,"beta":2.0,"tau_adaptation":98,"comment":"","n_thr_spikes":-1,"dampening_factor":0.3,"dt":1.0,"thr":0.01,"thr_min":0.005,"tau":20.0,"refr":2,"n_delay":0,"random_eprop":false,"eprop":false,"avg_spikes":true,"lipschitzness_loss":"kl","beta_lipschitzness":0.01,"step_size_lipschitzness":0.1,"num_steps_lipschitzness":10,"epsilon_lipschitzness":0.01,"use_epsilon_ball":true,"verbosity":20,"optimizer":"adam"},"rng_key":[930198267,3563709847],"theta":{"W_in":[[-0.14649394154548645,0.02082698419690132,0.28023776412010193,0.05551581829786301,0.01406769547611475,-0.07616788148880005,0.35015159845352173,-0.43767160177230835,0.2838195264339447,0.15799486637115479],[0.08952184021472931,-0.14996472001075745,-0.05264907702803612,0.2435256987810135,0.04226747900247574,-0.11450366675853729,0.05447208508849144,-0.22611521184444427,0.11988778412342072,0.17950783669948578],[-0.3335379362106323,0.07648385316133499,0.44520866870880127,-0.015428843908011913,0.31273987889289856,0.0702311098575592,0.07086759060621262,-0.09051530808210373,-0.05860644206404686,-0.4237799346446991],[-0.09474322199821472,0.08118406683206558,-0.2575669586658478,-0.03663502261042595,0.0050148083828389645,-0.3616633713245392,-0.18894805014133453,0.11977580189704895,-0.06107328459620476,-0.0701778456568718],[-0.08794116228818893,0.41803500056266785,-0.203255295753479,0.23560397326946259,-0.1800462305545807,-0.11217737197875977,-0.015601828694343567,0.10290312021970749,0.24285940825939178,-0.06595299392938614],[0.18820351362228394,0.31189098954200745,0.18260708451271057,0.23100344836711884,-0.2722179889678955,-0.08896665275096893,-0.31216174364089966,-0.006100120022892952,-0.15512241423130035,-0.04242045059800148],[-0.11350639164447784,-0.026298142969608307,0.41623133420944214,-0.29409682750701904,-0.05291036516427994,-0.015746483579277992,-0.09302082657814026,-0.3878648281097412,0.047570012509822845,0.3083496689796448],[0.0920628011226654,-0.23867523670196533,-0.03885139897465706,-0.10909441113471985,-0.17323437333106995,0.33218780159950256,-0.03216905891895294,-0.027278291061520576,0.3256257474422455,-0.007298151031136513],[0.09045403450727463,0.04571446776390076,0.25842317938804626,-0.17321822047233582,-0.17085765302181244,0.033927492797374725,0.22810059785842896,-0.04454271122813225,-0.12815310060977936,-0.03491825610399246],[0.05711505189538002,0.13767655193805695,0.07246354222297668,0.007076600566506386,0.10531024634838104,0.1450137346982956,0.10823117196559906,0.04617975279688835,0.22444039583206177,0.08679822087287903],[0.3873436450958252,-0.10766200721263885,-0.10567311942577362,-0.0802391842007637,0.15714672207832336,0.16447153687477112,-0.09564737230539322,-0.3209335505962372,-0.09694477915763855,0.045636631548404694],[0.16557396948337555,0.1111944392323494,0.18447282910346985,-0.3589929938316345,-0.2513499855995178,0.21655595302581787,-0.05392825976014137,0.1881485879421234,-0.03959665820002556,0.18028709292411804],[-0.10228142887353897,0.3043328821659088,0.1565883457660675,-0.06815417110919952,0.00040797042311169207,-0.0229786429554224,0.3089738190174103,-0.21336369216442108,0.06832949817180634,-0.2322232574224472],[0.001570550724864006,-0.26530471444129944,-0.29105743765830994,-0.09847578406333923,-0.02762969397008419,0.20035572350025177,0.1772020161151886,0.08802548050880432,0.02130305953323841,0.15800344944000244],[-0.006359468679875135,-0.1385842114686966,0.015346194617450237,0.09979767352342606,0.24006110429763794,0.18660934269428253,-0.2959042489528656,-0.02306429296731949,0.15236221253871918,0.14465707540512085],[-0.11471357196569443,0.026668991893529892,-0.07464420795440674,-0.08997716009616852,0.06879212707281113,-0.3484851121902466,-0.2305552214384079,0.23956896364688873,-0.24434202909469604,-0.22610555589199066],[-0.25072696805000305,-0.26649242639541626,-0.20276154577732086,-0.23912861943244934,0.038807276636362076,0.06176022067666054,-0.18141913414001465,0.1961124837398529,-0.2539147436618805,-0.08438707888126373],[-0.02027498371899128,-0.01770830526947975,-0.003624868346378207,-0.23500896990299225,-0.23479628562927246,-0.21549178659915924,0.18403203785419464,0.15261706709861755,0.23394687473773956,-0.09692671149969101],[0.12168292701244354,0.0052228085696697235,-0.06251657754182816,-0.18938742578029633,-0.0024885062593966722,0.13661342859268188,0.37532535195350647,0.2718338966369629,-0.04459017515182495,0.02753198891878128],[0.12797461450099945,0.14512763917446136,-0.0842711552977562,-0.18708233535289764,-0.30841028690338135,0.1603115051984787,-0.0809059664607048,0.10009205341339111,0.06438743323087692,-0.224436417222023],[-0.2702944576740265,0.04627237841486931,-0.2904660999774933,0.380357563495636,-0.00259120250120759,0.10508295893669128,-0.1635439395904541,0.21810616552829742,0.10554725676774979,-0.11341079324483871],[-0.3872131109237671,0.09259923547506332,0.2921747863292694,0.019688136875629425,0.027233077213168144,-0.03014175035059452,-0.13505372405052185,-0.24198435246944427,0.14068032801151276,0.4327215850353241],[0.08594359457492828,-0.181094229221344,0.11903397738933563,0.2262709140777588,-0.049899011850357056,0.10067015141248703,0.18012067675590515,0.0386822335422039,0.05710935592651367,0.07988439500331879],[0.23319914937019348,-0.12765531241893768,-0.04921222850680351,0.205330953001976,0.23539409041404724,-0.22926855087280273,-0.040839385241270065,0.18776988983154297,-0.05199665203690529,-0.20750655233860016],[0.1538456678390503,-0.0072067901492118835,-0.11221703886985779,-0.13253575563430786,-0.42645886540412903,0.08052636682987213,0.23036260902881622,0.11413367837667465,0.052386291325092316,-0.0958641767501831],[0.25046199560165405,-0.11226669698953629,0.19114959239959717,-0.3251693546772003,-0.05144773796200752,0.08456718921661377,0.34592124819755554,0.19700925052165985,-0.06573476642370224,-0.04581857845187187],[0.3499237298965454,-0.0027004587464034557,0.2019154131412506,-0.035433508455753326,-0.27889057993888855,-0.1782934069633484,0.3845548629760742,0.2967788279056549,0.2214294821023941,0.2866891324520111],[-0.37846639752388,0.000991367269307375,-0.21075505018234253,-0.3414970934391022,-0.14217300713062286,0.22774580121040344,0.030551576986908913,-0.012163512408733368,-0.1727840155363083,-0.1831001341342926],[-0.07990629971027374,-0.23568254709243774,-0.02090444602072239,-0.12418397516012192,0.07768598198890686,0.02086959220468998,0.29371100664138794,0.19818082451820374,0.25171998143196106,-0.18827959895133972],[-0.26239660382270813,-0.16652178764343262,0.245133638381958,0.12781696021556854,0.15419422090053558,0.07408159971237183,-0.13639406859874725,-0.15956555306911469,-0.01439434289932251,0.026608044281601906],[0.12215861678123474,-0.06705288589000702,-0.0986248105764389,0.4252016246318817,0.25859948992729187,-0.07945480197668076,0.2623981535434723,0.047896191477775574,-0.3201406002044678,-0.09372062981128693],[-0.027914537116885185,0.19667750597000122,-0.21152548491954803,