{"params":{"desired_samples":16000,"window_size_samples":480,"window_stride_samples":160,"spectrogram_length":98,"fingerprint_width":40,"fingerprint_size":3920,"label_count":4,"sample_rate":16000,"preprocess":"mfcc","average_window_width":-1,"in_repeat":1,"data_url":"https:\/\/storage.googleapis.com\/download.tensorflow.org\/data\/speech_commands_v0.02.tar.gz","data_dir":"tmp\/speech_dataset\/","background_volume":0.1,"background_frequency":0.8,"silence_percentage":10.0,"unknown_percentage":10.0,"time_shift_ms":100.0,"seed":7,"testing_percentage":10,"validation_percentage":10,"clip_duration_ms":1000,"window_size_ms":30.0,"window_stride_ms":10.0,"feature_bin_count":40,"how_many_training_steps":"5,5","eval_step_interval":5,"learning_rate":"0.001,0.0001","batch_size":1,"summaries_dir":"results\/retrain_logs","wanted_words":"yes,no","train_dir":"results\/speech_commands_train","save_step_interval":1000,"start_checkpoint":"","model_architecture":"lsnn","check_nans":false,"quantize":false,"n_hidden":10,"n_layer":1,"dropout_prob":0.0,"print_every":10,"reg":0.001,"n_lif_frac":0.0,"beta":2.0,"tau_adaptation":98,"comment":"","n_thr_spikes":-1,"dampening_factor":0.3,"dt":1.0,"thr":0.01,"thr_min":0.005,"tau":20.0,"refr":2,"n_delay":0,"random_eprop":false,"eprop":false,"avg_spikes":true,"lipschitzness_loss":"kl","beta_lipschitzness":0.01,"step_size_lipschitzness":0.1,"num_steps_lipschitzness":10,"epsilon_lipschitzness":0.01,"use_epsilon_ball":true,"verbosity":20,"optimizer":"adam"},"rng_key":[3621364268,2504296864],"theta":{"W_in":[[0.03360181674361229,-0.12028981745243073,-0.3382312059402466,-0.29290148615837097,0.40662264823913574,-0.23379050195217133,-0.16079862415790558,0.09477001428604126,-0.000632444687653333,0.05771402269601822],[0.38951390981674194,-0.35809963941574097,-0.11639274656772614,0.2622409164905548,0.19129391014575958,0.03381023555994034,0.23354646563529968,-0.13757556676864624,-0.2070704698562622,-0.38719362020492554],[0.1611683964729309,-0.14214381575584412,0.38615137338638306,-0.21196459233760834,-0.030644631013274193,0.4530739486217499,-0.17842569947242737,0.15249259769916534,-0.33376067876815796,0.02014027163386345],[-0.041979920119047165,-0.21562440693378448,0.09551317244768143,0.224704310297966,-0.053971245884895325,0.15928661823272705,0.11062418669462204,-0.057926978915929794,0.06049409136176109,-0.27986982464790344],[-0.0625210702419281,0.0028576424811035395,-0.20231924951076508,-0.0585186704993248,-0.09684651345014572,-0.1345949023962021,0.012630350887775421,-0.26870161294937134,-0.13870786130428314,0.15586084127426147],[0.020763684064149857,0.25351402163505554,-0.057044867426157,0.021536067128181458,0.24431370198726654,-0.13454030454158783,0.1503225713968277,-0.4246123135089874,-0.14140968024730682,0.2290962189435959],[-0.060554929077625275,-0.007410591002553701,0.1844133883714676,0.20815524458885193,-0.17382369935512543,0.31043311953544617,-0.05711847171187401,0.21549594402313232,-0.2643800675868988,-0.2817724943161011],[0.15861618518829346,-0.20903800427913666,0.19010061025619507,-0.07697103172540665,-0.057812515646219254,-0.01024213619530201,0.11354299634695053,-0.29668763279914856,-0.35331785678863525,-0.24323128163814545],[-0.18436501920223236,-0.13151685893535614,0.07123216241598129,-0.22137673199176788,0.19789843261241913,0.11458186060190201,0.17380298674106598,-0.19880948960781097,0.03784790262579918,0.05432914197444916],[-0.17899131774902344,0.2981667220592499,-0.11322887241840363,0.20452852547168732,0.18039873242378235,-0.3386678397655487,-0.04239172860980034,-0.2602744698524475,0.08780676871538162,0.23330232501029968],[-0.4000747501850128,0.0037730634212493896,-0.1556592583656311,0.4061868488788605,0.24173222482204437,-0.2610762119293213,0.0912025198340416,-0.17900989949703217,-0.07080520689487457,0.20611055195331573],[0.33888518810272217,-0.07534950971603394,-0.018157003447413445,-0.05963679030537605,-0.04179488122463226,-0.08817095309495926,0.1905946135520935,0.1979532092809677,-0.12365231662988663,-0.14399071037769318],[0.0077932714484632015,-0.2138121873140335,0.15500874817371368,0.02751970663666725,0.33977210521698,0.14096231758594513,0.27114880084991455,0.09666787832975388,-0.09074699133634567,-0.1499650776386261],[-0.054145947098731995,0.250897079706192,0.04174810275435448,-0.19904088973999023,0.2787253260612488,-0.07685042172670364,-0.0803188905119896,0.19795039296150208,-0.029181545600295067,-0.1402474045753479],[0.3025527894496918,-0.1641940176486969,-0.25062212347984314,-0.34584861993789673,0.15567244589328766,0.24823696911334991,0.4010483920574188,0.06206655874848366,0.350384384393692,0.14055345952510834],[0.3471781015396118,-0.08163673430681229,-0.07673697918653488,0.01786806434392929,0.027754230424761772,0.22540733218193054,0.26836201548576355,-0.03254749998450279,-0.18298134207725525,0.014558648690581322],[-0.2781425416469574,0.20018327236175537,-0.09823382645845413,0.3198077976703644,-0.2923427224159241,0.15041328966617584,0.19912800192832947,0.10378708690404892,-0.09309673309326172,-0.18195107579231262],[0.1841120421886444,-0.034960269927978516,-0.03268037736415863,0.014575974084436893,0.3016485571861267,0.3734031319618225,-0.4084605276584625,0.42216938734054565,0.1224944144487381,0.24148254096508026],[-0.0129252253100276,-0.40990594029426575,-0.033427782356739044,-0.2212095558643341,-0.2533351182937622,0.05698245391249657,0.044573791325092316,-0.23359818756580353,-0.17794731259346008,0.44045376777648926],[0.00224152859300375,-0.06246093288064003,0.34831032156944275,0.22113104164600372,-0.1520262509584427,-0.21547682583332062,0.0691247433423996,-0.22877652943134308,0.11506678909063339,-0.19263973832130432],[-0.23829133808612823,0.21864378452301025,-0.03375370800495148,0.1744128316640854,0.05465961620211601,0.18752256035804749,-0.39148953557014465,0.0074424236081540585,0.037155989557504654,-0.12102299928665161],[-0.0876033827662468,-0.27308139204978943,-0.05162348970770836,-0.20136605203151703,0.11648551374673843,-0.31143227219581604,0.10653740912675858,0.38719478249549866,0.299598753452301,-0.15898126363754272],[-0.36024513840675354,-0.20958088338375092,0.06726325303316116,0.07401300221681595,0.18545792996883392,0.262628436088562,-0.4194854199886322,0.03917679563164711,0.1572135090827942,0.2239057570695877],[-0.07885003834962845,0.11353804171085358,0.26251277327537537,-0.33536940813064575,0.14384669065475464,0.09722230583429337,0.04416477307677269,-0.37137678265571594,0.012352414429187775,0.37602731585502625],[-0.22708731889724731,-0.2982211112976074,0.21905912458896637,0.25424766540527344,0.09236827492713928,-0.0669504776597023,-0.3784548342227936,0.06439758092164993,-0.3461395800113678,0.15978127717971802],[0.13304397463798523,-0.13788804411888123,0.0012865897733718157,0.4464442729949951,0.03451346978545189,-0.18236799538135529,-0.012859173119068146,-0.14884640276432037,0.30631324648857117,-0.2902558743953705],[-0.09050744026899338,-0.0966552123427391,0.0642278715968132,0.22482743859291077,-0.3788962662220001,0.16942107677459717,-0.3166523575782776,-0.05908355861902237,0.12220809608697891,-0.40300971269607544],[0.36929163336753845,-0.34176844358444214,-0.06722315400838852,-0.34674909710884094,0.3326859176158905,-0.13911302387714386,-0.19628307223320007,0.1449689120054245,0.034331873059272766,0.102572962641716],[-0.26426661014556885,-0.1472419798374176,-0.2866765260696411,-0.09637439996004105,-0.16574513912200928,0.0733862891793251,-0.0007781209424138069,-0.2896021604537964,0.10346301645040512,-0.006647875066846609],[-0.13693159818649292,-0.03267005458474159,-0.05633367598056793,0.24925324320793152,0.1757752001285553,0.10018181055784225,0.28007709980010986,-0.014748667366802692,-0.3350975215435028,-0.17044435441493988],[0.42550405859947205,-0.04248093441128731,-0.11778735369443893,-0.30023759603500366,-0.1815258115530014,-0.36380547285079956,-0.0065460409969091415,-0.0359438918530941,0.24209463596343994,-0.11999671906232834],[-0.16580964624881744,0.14435993134975433,-0.07781306654214859,