{"params":{"desired_samples":16000,"window_size_samples":480,"window_stride_samples":160,"spectrogram_length":98,"fingerprint_width":40,"fingerprint_size":3920,"label_count":4,"sample_rate":16000,"preprocess":"mfcc","average_window_width":-1,"in_repeat":1,"data_url":"https:\/\/storage.googleapis.com\/download.tensorflow.org\/data\/speech_commands_v0.02.tar.gz","data_dir":"tmp\/speech_dataset\/","background_volume":0.1,"background_frequency":0.8,"silence_percentage":10.0,"unknown_percentage":10.0,"time_shift_ms":100.0,"seed":9,"testing_percentage":10,"validation_percentage":10,"clip_duration_ms":1000,"window_size_ms":30.0,"window_stride_ms":10.0,"feature_bin_count":40,"how_many_training_steps":"5,5","eval_step_interval":5,"learning_rate":"0.001,0.0001","batch_size":1,"summaries_dir":"results\/retrain_logs","wanted_words":"yes,no","train_dir":"results\/speech_commands_train","save_step_interval":1000,"start_checkpoint":"","model_architecture":"lsnn","check_nans":false,"quantize":false,"n_hidden":10,"n_layer":1,"dropout_prob":0.0,"print_every":10,"reg":0.001,"n_lif_frac":0.0,"beta":2.0,"tau_adaptation":98,"comment":"","n_thr_spikes":-1,"dampening_factor":0.3,"dt":1.0,"thr":0.01,"thr_min":0.005,"tau":20.0,"refr":2,"n_delay":0,"random_eprop":false,"eprop":false,"avg_spikes":true,"lipschitzness_loss":"kl","beta_lipschitzness":10.0,"step_size_lipschitzness":0.1,"num_steps_lipschitzness":10,"epsilon_lipschitzness":0.01,"use_epsilon_ball":true,"verbosity":20,"optimizer":"adam"},"rng_key":[1942305766,3625937489],"theta":{"W_in":[[0.07756779342889786,-0.002680388279259205,0.26494476199150085,-0.07495719939470291,-0.269420325756073,-0.007331574335694313,0.2844870686531067,0.2822154462337494,-0.23781655728816986,0.08793700486421585],[0.16670075058937073,0.18992088735103607,0.010720835998654366,-0.14753085374832153,-0.21514678001403809,-0.12591639161109924,-0.14125584065914154,-0.228298157453537,0.1019521951675415,0.033436715602874756],[0.30552440881729126,0.17326898872852325,0.32884472608566284,-0.0049436078406870365,0.36685827374458313,0.014859583228826523,0.10400059819221497,0.21137502789497375,0.39655378460884094,0.1145939752459526],[0.1510317325592041,-0.12746569514274597,0.1794786900281906,-0.028697535395622253,-0.20131605863571167,0.05463835224509239,-0.015048293396830559,-0.3338630199432373,-0.0641944408416748,-0.12411420792341232],[0.28711163997650146,-0.34854617714881897,-0.30206915736198425,-0.19868740439414978,0.31868070363998413,-0.11674626171588898,0.09482362121343613,0.31604212522506714,-0.03797861188650131,-0.14666247367858887],[-0.0780472382903099,0.10929401963949203,0.07196725159883499,0.23969349265098572,0.12666547298431396,-0.21532650291919708,0.18641407787799835,0.1397700309753418,-0.09005741029977798,-0.11101682484149933],[-0.2298484593629837,-0.024311240762472153,-0.29783692955970764,0.02980697713792324,0.1837400197982788,0.03672555088996887,0.053088974207639694,0.36317265033721924,-0.20985300838947296,0.0864749625325203],[0.00247375899925828,0.2604166269302368,0.08312823623418808,0.049253225326538086,0.38698264956474304,-0.21522457897663116,0.31408360600471497,-0.31519660353660583,0.24187111854553223,0.4505561590194702],[-0.2805975377559662,-0.030516507104039192,-0.07385586202144623,-0.290861576795578,0.13806331157684326,0.03658886253833771,0.031760405749082565,0.20824413001537323,0.2503870725631714,0.10647966712713242],[-0.11533695459365845,0.16390612721443176,0.16654647886753082,0.017457038164138794,-0.1737622767686844,-0.3000897467136383,0.061739545315504074,0.24981090426445007,0.34556594491004944,-0.2443319410085678],[-0.0714292824268341,-0.016204362735152245,0.12831568717956543,-0.1927030086517334,0.020059142261743546,-0.14692041277885437,-0.04797423630952835,0.15172892808914185,0.15318842232227325,0.19424858689308167],[0.10367710888385773,-0.1957552433013916,-0.08479471504688263,-0.371575266122818,0.2459355592727661,-0.28189489245414734,-0.40726080536842346,0.2000979632139206,-0.2823964059352875,-0.3969912827014923],[0.45560377836227417,0.11635023355484009,0.3354911208152771,-0.07577571272850037,0.385393351316452,-0.08342240750789642,0.0675952285528183,-0.0026010479778051376,0.14356070756912231,0.15206249058246613],[0.1357819139957428,0.0035122029948979616,0.1111043319106102,-0.2993413507938385,0.019889919087290764,0.007133211474865675,0.11302463710308075,-0.09521142393350601,0.05736016109585762,-0.4499557316303253],[0.15422165393829346,0.05381486937403679,0.3923310339450836,0.23474538326263428,0.1449737548828125,-0.07886533439159393,0.0760943591594696,-0.020309818908572197,-0.07734892517328262,0.2134450376033783],[0.10335546731948853,0.06461334228515625,-0.34258323907852173,-0.09326671808958054,-0.048269808292388916,-0.2090006172657013,0.24721311032772064,-0.3024808168411255,-0.008767449297010899,-0.2065744549036026],[0.17648018896579742,0.16581422090530396,0.017105964943766594,0.19481754302978516,0.24793222546577454,0.1417817920446396,0.040246088057756424,-0.12386612594127655,-0.31821656227111816,-0.09612596035003662],[0.04467882961034775,0.41426947712898254,-0.09525414556264877,0.23405088484287262,0.048964664340019226,-0.21802391111850739,0.30676963925361633,-0.07747375220060349,-0.2737797200679779,-0.10896483063697815],[0.056769922375679016,0.13795524835586548,-0.037687238305807114,-0.21610568463802338,0.2977481186389923,-0.20496690273284912,-0.24424439668655396,-0.2417791485786438,0.003642525989562273,0.021925244480371475],[-0.14692500233650208,-0.004335964098572731,0.24420857429504395,0.22907741367816925,-0.018006443977355957,0.08767397701740265,-0.22635585069656372,-0.2425326704978943,0.31589600443840027,0.2367819845676422],[-0.39936426281929016,0.17039725184440613,-0.3648970127105713,-0.013685034587979317,0.07518056780099869,-0.11913933604955673,0.30272260308265686,-0.10743403434753418,-0.18864616751670837,-0.10922638326883316],[-0.2652967572212219,0.23069554567337036,0.13609004020690918,-0.0073633198626339436,0.048419639468193054,-0.06595847755670547,-0.1770649254322052,0.005921835545450449,-0.014558626338839531,0.00011669711966533214],[0.011500752530992031,0.37100303173065186,-0.042704999446868896,0.045403700321912766,-0.12861834466457367,-0.05733364075422287,-0.12945130467414856,-0.09568090736865997,0.12016136944293976,0.04919007420539856],[0.06156278774142265,-0.10762643814086914,-0.2660527229309082,-0.06427442282438278,-0.14878764748573303,-0.06702975183725357,-0.32315507531166077,-0.07112444937229156,0.19167637825012207,-0.1843670755624771],[0.4269454777240753,-0.09079623222351074,-0.054486025124788284,-0.2576685845851898,-0.2631664574146271,-0.17644758522510529,-0.09355897456407547,-0.2742370069026947,-0.07538934051990509,-0.08019182085990906],[-0.12337719649076462,0.24837030470371246,-0.1375928670167923,-0.14104728400707245,0.022784782573580742,0.07748372107744217,0.06120307371020317,-0.10598696023225784,-0.08530113846063614,-0.18451277911663055],[0.14952658116817474,-0.1299714744091034,0.1757587343454361,0.32867997884750366,0.13295161724090576,0.02214949019253254,0.10398738831281662,-0.40241172909736633,-0.0955735296010971,0.00625824136659503],[-0.15571123361587524,0.18107599020004272,-0.028795365244150162,0.03884406015276909,0.2275625616312027,0.08258663862943649,-0.37435683608055115,0.06549905985593796,0.1504138708114624,0.0597219355404377],[0.1796361654996872,-0.014564643613994122,0.13421590626239777,-0.12487136572599411,0.025161100551486015,-0.041994430124759674,0.14825943112373352,-0.021967200562357903,-0.128684863448143,-0.404611200094223],[0.3692793846130371,-0.07632920891046524,0.10475334525108337,0.013514425605535507,-0.026090573519468307,-0.450822651386261,-0.3420972228050232,-0.1771133840084076,0.05984533950686455,-0.04141402989625931],[0.017926741391420364,0.25439921021461487,-0.2518179416656494,-0.0575161837041378,0.4061506390571594,-0.07806017249822617,0.14283470809459686,-0.0012958984589204192,0.18585330247879028,-0.4502898156642914],[-0.30294176936149597,0.09112554788589478,-0.14433373510837555,