{"params":{"desired_samples":16000,"window_size_samples":480,"window_stride_samples":160,"spectrogram_length":98,"fingerprint_width":40,"fingerprint_size":3920,"label_count":4,"sample_rate":16000,"preprocess":"mfcc","average_window_width":-1,"in_repeat":1,"data_url":"https:\/\/storage.googleapis.com\/download.tensorflow.org\/data\/speech_commands_v0.02.tar.gz","data_dir":"tmp\/speech_dataset\/","background_volume":0.1,"background_frequency":0.8,"silence_percentage":10.0,"unknown_percentage":10.0,"time_shift_ms":100.0,"seed":7,"testing_percentage":10,"validation_percentage":10,"clip_duration_ms":1000,"window_size_ms":30.0,"window_stride_ms":10.0,"feature_bin_count":40,"how_many_training_steps":"5,5","eval_step_interval":5,"learning_rate":"0.001,0.0001","batch_size":1,"summaries_dir":"results\/retrain_logs","wanted_words":"yes,no","train_dir":"results\/speech_commands_train","save_step_interval":1000,"start_checkpoint":"","model_architecture":"lsnn","check_nans":false,"quantize":false,"n_hidden":10,"n_layer":1,"dropout_prob":0.0,"print_every":10,"reg":0.001,"n_lif_frac":0.0,"beta":2.0,"tau_adaptation":98,"comment":"","n_thr_spikes":-1,"dampening_factor":0.3,"dt":1.0,"thr":0.01,"thr_min":0.005,"tau":20.0,"refr":2,"n_delay":0,"random_eprop":false,"eprop":false,"avg_spikes":true,"lipschitzness_loss":"kl","beta_lipschitzness":0.1,"step_size_lipschitzness":0.1,"num_steps_lipschitzness":10,"epsilon_lipschitzness":0.01,"use_epsilon_ball":true,"verbosity":20,"optimizer":"adam"},"rng_key":[3621364268,2504296864],"theta":{"W_in":[[0.03360282629728317,-0.12028839439153671,-0.3382306396961212,-0.2929011583328247,0.4066222012042999,-0.23379164934158325,-0.16079728305339813,0.09477134048938751,-0.0006313057965599,0.057717688381671906],[0.389512300491333,-0.35810139775276184,-0.11639297753572464,0.2622409760951996,0.19129420816898346,0.03381011262536049,0.23354707658290863,-0.13757650554180145,-0.2070726603269577,-0.38718563318252563],[0.16116821765899658,-0.142145037651062,0.38615110516548157,-0.2119656503200531,-0.030644608661532402,0.45307430624961853,-0.17842663824558258,0.15248824656009674,-0.33376795053482056,0.020139431580901146],[-0.04197721555829048,-0.21562398970127106,0.09551303088665009,0.2247045636177063,-0.053971294313669205,0.15928690135478973,0.11062504351139069,-0.057925231754779816,0.06048959866166115,-0.2798650562763214],[-0.0625201165676117,0.0028582471422851086,-0.20231914520263672,-0.0585174635052681,-0.09684649109840393,-0.1345936357975006,0.012628692202270031,-0.2687002718448639,-0.1387082040309906,0.15586207807064056],[0.020764095708727837,0.2535148561000824,-0.057044923305511475,0.021538186818361282,0.24431347846984863,-0.13453765213489532,0.15032289922237396,-0.42461466789245605,-0.14140969514846802,0.2290976643562317],[-0.06055579334497452,-0.007409693673253059,0.18441316485404968,0.20815609395503998,-0.17382366955280304,0.3104357421398163,-0.0571184940636158,0.21549704670906067,-0.2643863260746002,-0.2818346619606018],[0.1586134135723114,-0.20903679728507996,0.19010044634342194,-0.07697178423404694,-0.05781226605176926,-0.010243142023682594,0.11354414373636246,-0.29668715596199036,-0.353321373462677,-0.2432308793067932],[-0.18436649441719055,-0.13151539862155914,0.07123241573572159,-0.22137662768363953,0.1978980302810669,0.1145804226398468,0.17380362749099731,-0.19880647957324982,0.03785252198576927,0.054327916353940964],[-0.1789941042661667,0.298166960477829,-0.11322906613349915,0.20453034341335297,0.1803988814353943,-0.3386659026145935,-0.04239149019122124,-0.26027581095695496,0.08779996633529663,0.2333025187253952],[-0.40007251501083374,0.0037720254622399807,-0.15565918385982513,0.406186044216156,0.24173212051391602,-0.2610815167427063,0.0912017747759819,-0.17900778353214264,-0.07079852372407913,0.20610851049423218],[0.33889397978782654,-0.07534877210855484,-0.018156666308641434,-0.059637002646923065,-0.04179500415921211,-0.0881713479757309,0.19059544801712036,0.19795110821723938,-0.12364968657493591,-0.14398831129074097],[0.007793521508574486,-0.21381229162216187,0.15500842034816742,0.027520081028342247,0.33977237343788147,0.1409660130739212,0.2711482644081116,0.09666916728019714,-0.09076204150915146,-0.14995507895946503],[-0.05414433032274246,0.25089654326438904,0.04174799099564552,-0.19904127717018127,0.278725802898407,-0.07685242593288422,-0.08031856268644333,0.19794663786888123,-0.029179956763982773,-0.14024414122104645],[0.30255311727523804,-0.16419292986392975,-0.2506221830844879,-0.34584859013557434,0.1556723713874817,0.24823671579360962,0.40104779601097107,0.062067948281764984,0.3503890335559845,0.14055326581001282],[0.34717193245887756,-0.08163726329803467,-0.07673660665750504,0.01786903664469719,0.02775442972779274,0.22541075944900513,0.26836153864860535,-0.03254783898591995,-0.1829652488231659,0.014560683630406857],[-0.27814555168151855,0.20018267631530762,-0.09823376685380936,0.3198084533214569,-0.2923426032066345,0.15041477978229523,0.1991276890039444,0.10378697514533997,-0.09310005605220795,-0.181950181722641],[0.1841103434562683,-0.03495941311120987,-0.03268060088157654,0.014576579444110394,0.30164867639541626,0.3734036982059479,-0.4084613025188446,0.422168105840683,0.12249777466058731,0.24147991836071014],[-0.012922709807753563,-0.4099067747592926,-0.03342779353260994,-0.22120915353298187,-0.25333526730537415,0.056982867419719696,0.04457379877567291,-0.23359878361225128,-0.1779591590166092,0.4404507279396057],[0.0022425183560699224,-0.06246406212449074,0.34831035137176514,0.22113043069839478,-0.15202631056308746,-0.2154759168624878,0.06912361830472946,-0.22877845168113708,0.11506395787000656,-0.19264201819896698],[-0.2382926493883133,0.21864238381385803,-0.03375377878546715,0.17441344261169434,0.054659612476825714,0.18752381205558777,-0.3914906680583954,0.0074390931986272335,0.03714844956994057,-0.12102310359477997],[-0.08759940415620804,-0.2730821669101715,-0.051623571664094925,-0.2013661116361618,0.11648554354906082,-0.31143349409103394,0.106536865234375,0.38719481229782104,0.2996032238006592,-0.15897656977176666],[-0.3602442443370819,-0.20958134531974792,0.06726323813199997,0.07401633262634277,0.1854581981897354,0.26262903213500977,-0.4194859564304352,0.03917252644896507,0.15720660984516144,0.2239042967557907],[-0.07884655892848969,0.1135382428765297,0.26251280307769775,-0.3353702127933502,0.1438467651605606,0.09722118079662323,0.04416515678167343,-0.37137603759765625,0.012356729246675968,0.37602946162223816],[-0.22708480060100555,-0.2982194125652313,0.21905945241451263,0.25424841046333313,0.09236803650856018,-0.06694933027029037,-0.3784550130367279,0.06439903378486633,-0.34614118933677673,0.15977802872657776],[0.1330437958240509,-0.1378880739212036,0.001286763115786016,0.4464443624019623,0.03451332822442055,-0.18236753344535828,-0.012858006171882153,-0.148845836520195,0.3063220977783203,-0.2902548015117645],[-0.09050842374563217,-0.09665504097938538,0.06422801315784454,0.2248276025056839,-0.37889668345451355,0.1694178730249405,-0.31665098667144775,-0.05908328294754028,0.12221290916204453,-0.4030054211616516],[0.3692924976348877,-0.34176549315452576,-0.06722313165664673,-0.3467492163181305,0.3326854705810547,-0.13911399245262146,-0.19628284871578217,0.14493252336978912,0.034343067556619644,0.10257210582494736],[-0.2642665207386017,-0.14724180102348328,-0.2866766154766083,-0.09637290984392166,-0.16574551165103912,0.07338949292898178,-0.0007788150687702,-0.2896019518375397,0.10345922410488129,-0.006645853631198406],[-0.1369307041168213,-0.032669760286808014,-0.05633366480469704,0.24925322830677032,0.1757752150297165,0.10018159449100494,0.28007736802101135,-0.01474856212735176,-0.3350902497768402,-0.17044734954833984],[0.42550602555274963,-0.04248018190264702,-0.11778711527585983,-0.3002379834651947,-0.1815260797739029,-0.36380884051322937,-0.006544407922774553,-0.03594290092587471,0.24210064113140106,-0.11999721825122833],[-0.16580833494663239,0.14436222612857819,-0.07781289517879486,0.11686930060386658,