{"params":{"desired_samples":16000,"window_size_samples":480,"window_stride_samples":160,"spectrogram_length":98,"fingerprint_width":40,"fingerprint_size":3920,"label_count":4,"sample_rate":16000,"preprocess":"mfcc","average_window_width":-1,"in_repeat":1,"data_url":"https:\/\/storage.googleapis.com\/download.tensorflow.org\/data\/speech_commands_v0.02.tar.gz","data_dir":"tmp\/speech_dataset\/","background_volume":0.1,"background_frequency":0.8,"silence_percentage":10.0,"unknown_percentage":10.0,"time_shift_ms":100.0,"seed":0,"testing_percentage":10,"validation_percentage":10,"clip_duration_ms":1000,"window_size_ms":30.0,"window_stride_ms":10.0,"feature_bin_count":40,"how_many_training_steps":"5,5","eval_step_interval":5,"learning_rate":"0.001,0.0001","batch_size":1,"summaries_dir":"results\/retrain_logs","wanted_words":"yes,no","train_dir":"results\/speech_commands_train","save_step_interval":1000,"start_checkpoint":"","model_architecture":"lsnn","check_nans":false,"quantize":false,"n_hidden":10,"n_layer":1,"dropout_prob":0.0,"print_every":10,"reg":0.001,"n_lif_frac":0.0,"beta":2.0,"tau_adaptation":98,"comment":"","n_thr_spikes":-1,"dampening_factor":0.3,"dt":1.0,"thr":0.01,"thr_min":0.005,"tau":20.0,"refr":2,"n_delay":0,"random_eprop":false,"eprop":false,"avg_spikes":true,"lipschitzness_loss":"kl","beta_lipschitzness":0.001,"step_size_lipschitzness":0.1,"num_steps_lipschitzness":10,"epsilon_lipschitzness":0.01,"use_epsilon_ball":true,"verbosity":20,"optimizer":"adam"},"rng_key":[430256779,3169208126],"theta":{"W_in":[[-0.3269033432006836,-0.04161374270915985,0.12060749530792236,-0.017050672322511673,-0.340230256319046,0.22315269708633423,0.04960881918668747,-0.22983741760253906,-0.07960660755634308,0.06615801900625229],[-0.23529867827892303,0.2775621712207794,-0.09724839776754379,-0.4018649756908417,0.009318731725215912,-0.06907252222299576,0.08273182064294815,-0.19131635129451752,0.22521844506263733,-0.13692666590213776],[0.15986338257789612,-0.09730266034603119,-0.23534728586673737,-0.00044335509301163256,-0.22749924659729004,0.17935751378536224,0.22978155314922333,-0.3812456727027893,0.16922980546951294,-0.07987122982740402],[-0.34409868717193604,-0.0768093690276146,-0.13409960269927979,-0.37853923439979553,-0.010261409915983677,0.07612001150846481,-0.09962358325719833,-0.22274979948997498,0.3035566508769989,0.043592438101768494],[-0.2122517079114914,0.22482919692993164,-0.24631741642951965,0.1371207982301712,-0.22832290828227997,0.13760456442832947,0.03592381253838539,0.07847658544778824,0.09317971765995026,0.006959889084100723],[-0.28450122475624084,0.3742235600948334,0.10145598649978638,-0.15438874065876007,0.061591986566782,0.20906318724155426,-0.2714225947856903,-0.11433062702417374,-0.1828889548778534,0.23874904215335846],[-0.32420921325683594,0.16713941097259521,0.40028542280197144,-0.2630942165851593,0.21575972437858582,0.054472651332616806,0.17174574732780457,0.11947818100452423,-0.01974964141845703,-0.006938863545656204],[0.06605598330497742,0.05223294347524643,-0.044100675731897354,0.1414039582014084,-0.028421010822057724,-0.06225759536027908,-0.10993850231170654,0.050797414034605026,-0.007022020872682333,-0.10243560373783112],[0.1030992716550827,0.2730809152126312,-0.17789846658706665,-0.17705664038658142,0.21816061437129974,0.2467997670173645,-0.154878631234169,-0.14602059125900269,0.27249786257743835,0.05065333470702171],[0.36666905879974365,-0.27331337332725525,-0.25704675912857056,-0.24039649963378906,0.115214504301548,0.12094072997570038,-0.060355424880981445,0.06381512433290482,0.05292958766222,-0.2933439612388611],[0.014816326089203358,-0.007324588019400835,-0.28685420751571655,0.32082661986351013,0.06768500059843063,-0.13338331878185272,0.07033739238977432,-0.3928298056125641,0.30456671118736267,0.13596591353416443],[-0.05363936722278595,0.2110416442155838,0.17750900983810425,-0.07955964654684067,-0.16548480093479156,-0.10285923629999161,-0.12345906347036362,-0.3793703317642212,0.20799852907657623,-0.02974587120115757],[-0.017201606184244156,0.05768244341015816,-0.4316096007823944,0.15788571536540985,-0.0905451774597168,0.050670523196458817,-0.3410254418849945,0.020379377529025078,0.39034420251846313,-0.16527698934078217],[0.1134783923625946,-0.2389722615480423,-0.2424173355102539,0.0681694895029068,0.16761517524719238,-0.2129945009946823,0.18545888364315033,0.2077137529850006,-0.02513829432427883,-0.07385347038507462],[0.19744904339313507,0.029002215713262558,-0.4243521988391876,-0.27053365111351013,-0.27012091875076294,-0.2775474190711975,-0.052023883908987045,0.027741888538002968,0.07121523469686508,0.34002357721328735],[0.0012014664243906736,0.11374049633741379,0.09937841445207596,0.08295537531375885,0.1723681539297104,-0.22081422805786133,0.05764622613787651,0.03017803654074669,0.4084424376487732,-0.01014910452067852],[-0.022704897448420525,-0.05289602652192116,-0.03951001912355423,-0.12268414348363876,-0.24221080541610718,0.22852124273777008,0.10166327655315399,-0.2841799259185791,0.31512412428855896,-0.0727076455950737],[0.21545271575450897,0.0275458712130785,-0.04750904068350792,-0.20678439736366272,0.2700764536857605,0.2467271387577057,-0.01651633344590664,0.21366386115550995,-0.13586370646953583,-0.24049924314022064],[-0.0705539807677269,0.03869547322392464,-0.14201447367668152,-0.0017688465304672718,-0.1366673856973648,-0.03986302763223648,0.36878642439842224,0.2535281181335449,-0.31271880865097046,-0.23480500280857086],[0.017911415547132492,-0.14697234332561493,0.0224082563072443,0.030705677345395088,-0.29407018423080444,0.2002488374710083,0.2713303565979004,-0.27949652075767517,-0.15197345614433289,0.38244888186454773],[0.006588323973119259,-0.16637323796749115,0.21772466599941254,0.10257574915885925,0.20130878686904907,-0.23439869284629822,0.22482015192508698,0.017263168469071388,-0.3286166489124298,0.19450722634792328],[-0.0017772895516827703,0.19163621962070465,-0.08376584202051163,-0.327670693397522,-0.05334039777517319,0.3955230116844177,0.07130623608827591,0.24469712376594543,-0.09428945183753967,0.204435333609581],[-0.34360361099243164,-0.2045232057571411,0.03377930074930191,-0.014738542959094048,-0.37776875495910645,-0.20326124131679535,-0.1408850997686386,0.023444175720214844,-0.038205426186323166,-0.14960336685180664],[-0.04956860467791557,-0.131133034825325,-0.0005574854440055788,-0.260938435792923,0.03704603761434555,-0.21978522837162018,0.0019154854817315936,0.2086907923221588,0.14115232229232788,0.07857246696949005],[-0.21683046221733093,-0.303244948387146,-0.019789565354585648,0.3599076271057129,-0.07371841371059418,-0.09980621933937073,0.29423850774765015,-0.1888851374387741,0.3204265534877777,0.3975561559200287],[0.3449990451335907,0.11753033101558685,0.41983941197395325,-0.2950364053249359,-0.021829450502991676,0.22923563420772552,-0.24932929873466492,-0.020633429288864136,-0.11773768067359924,0.24573533236980438],[-0.364474892616272,0.16833388805389404,-0.109043650329113,-0.048765409737825394,-0.11430390924215317,0.09178426861763,-0.454354465007782,-0.11939416825771332,-0.15458974242210388,-0.07021310180425644],[-0.17594343423843384,0.01515672355890274,-0.2897948622703552,0.1671338975429535,-0.2540568709373474,0.26939478516578674,-0.13889707624912262,-0.10488799959421158,0.06771022826433182,0.08215539157390594],[-0.17055629193782806,0.16864259541034698,-0.12922044098377228,-0.041296496987342834,0.30097052454948425,-0.0835036039352417,-0.4082026481628418,-0.34744179248809814,0.013883654028177261,-0.06053190678358078],[-0.09693052619695663,-0.20314359664916992,-0.17449040710926056,-0.02417144365608692,-0.005021983757615089,-0.14541198313236237,0.03749676048755646,0.17925477027893066,-0.11149590462446213,0.06445349007844925],[-0.18477675318717957,0.16784562170505524,0.026549581438302994,0.18148353695869446,-0.14192532002925873,-0.3578096926212311,-0.002540179993957281,-0.2782635986804962,-0.021485786885023117,-0.10692945867776871],[0.08875564485788345,-0.22877874970436096,-0.10569582134485245,