{"params":{"desired_samples":16000,"window_size_samples":480,"window_stride_samples":160,"spectrogram_length":98,"fingerprint_width":40,"fingerprint_size":3920,"label_count":4,"sample_rate":16000,"preprocess":"mfcc","average_window_width":-1,"in_repeat":1,"data_url":"https:\/\/storage.googleapis.com\/download.tensorflow.org\/data\/speech_commands_v0.02.tar.gz","data_dir":"tmp\/speech_dataset\/","background_volume":0.1,"background_frequency":0.8,"silence_percentage":10.0,"unknown_percentage":10.0,"time_shift_ms":100.0,"seed":8,"testing_percentage":10,"validation_percentage":10,"clip_duration_ms":1000,"window_size_ms":30.0,"window_stride_ms":10.0,"feature_bin_count":40,"how_many_training_steps":"5,5","eval_step_interval":5,"learning_rate":"0.001,0.0001","batch_size":1,"summaries_dir":"results\/retrain_logs","wanted_words":"yes,no","train_dir":"results\/speech_commands_train","save_step_interval":1000,"start_checkpoint":"","model_architecture":"lsnn","check_nans":false,"quantize":false,"n_hidden":10,"n_layer":1,"dropout_prob":0.0,"print_every":10,"reg":0.001,"n_lif_frac":0.0,"beta":2.0,"tau_adaptation":98,"comment":"","n_thr_spikes":-1,"dampening_factor":0.3,"dt":1.0,"thr":0.01,"thr_min":0.005,"tau":20.0,"refr":2,"n_delay":0,"random_eprop":false,"eprop":false,"avg_spikes":true,"lipschitzness_loss":"kl","beta_lipschitzness":10.0,"step_size_lipschitzness":0.1,"num_steps_lipschitzness":10,"epsilon_lipschitzness":0.01,"use_epsilon_ball":true,"verbosity":20,"optimizer":"adam"},"rng_key":[28457226,2692427827],"theta":{"W_in":[[-0.13514363765716553,-0.09557488560676575,-0.26855093240737915,-0.020374171435832977,0.2870362102985382,-0.018562469631433487,0.3893969655036926,-0.06745737791061401,0.2653752267360687,0.03667773678898811],[-0.09901197999715805,-0.0013954027090221643,0.19410914182662964,-0.1427418291568756,0.14328192174434662,-0.2119489312171936,0.0013218719977885485,-0.368387371301651,0.14967140555381775,-0.37703514099121094],[-0.04461104795336723,-0.24223557114601135,0.12543831765651703,0.22441962361335754,-0.11983125656843185,0.08474007248878479,0.3371503949165344,-0.2520929276943207,0.22339510917663574,-0.20257946848869324],[-0.20376987755298615,0.04017186164855957,0.02734951302409172,0.34793171286582947,-0.1835762858390808,0.009044278413057327,-0.2535117566585541,0.03453268110752106,-0.24333620071411133,0.08494407683610916],[0.2781175374984741,0.20890523493289948,0.1436614841222763,-0.19671310484409332,0.00420890748500824,-0.11436153203248978,0.2187429666519165,-0.16964054107666016,-0.164119690656662,0.3707938492298126],[-0.18801330029964447,-0.0004418774042278528,-0.05962752923369408,-0.274858295917511,-0.0010613709455356002,-0.15310852229595184,0.3347187936306,-0.016233399510383606,0.0033741770312190056,-0.0009956109570339322],[0.14877893030643463,-0.054028481245040894,-0.19116786122322083,-0.18576565384864807,0.17905671894550323,-0.3112381100654602,-0.34502556920051575,-0.3597014844417572,0.25071823596954346,0.17295490205287933],[-0.06912478059530258,-0.2813689112663269,-0.008981864899396896,-0.27533257007598877,0.06566673517227173,0.05010371282696724,-0.29718291759490967,0.060692571103572845,-0.3563866913318634,0.037471555173397064],[-0.024252671748399734,0.17719677090644836,0.29474037885665894,0.08024974912405014,0.17486868798732758,-0.10731920599937439,-0.056988425552845,-0.0856134369969368,-0.17192097008228302,0.13765498995780945],[0.36866825819015503,-0.03424002230167389,0.3105454742908478,0.07401606440544128,0.0536319725215435,-0.20523695647716522,-0.15628452599048615,-0.18027536571025848,-0.16066956520080566,-0.1384221613407135],[0.3478821814060211,-0.037676528096199036,-0.24648120999336243,-0.3027263283729553,0.27428728342056274,0.09069065004587173,-0.29387617111206055,-0.3338925838470459,-0.27281510829925537,0.3036191463470459],[-0.17023827135562897,-0.114174485206604,0.04521820321679115,-0.14628063142299652,-0.04692746326327324,0.37846413254737854,-0.14509716629981995,0.042726580053567886,0.0030861608684062958,-0.02727508172392845],[-0.22586369514465332,0.13167181611061096,0.08999133855104446,-0.10047384351491928,0.1681547611951828,0.027096498757600784,-0.07472342252731323,0.260633647441864,0.11952213197946548,-0.11663047224283218],[-0.18000076711177826,0.1808176189661026,0.19949963688850403,-0.07508927583694458,0.01999835856258869,0.07211019843816757,-0.05430939793586731,-0.342151015996933,0.21543878316879272,-0.33475393056869507],[0.052340589463710785,0.06824612617492676,-0.09029931575059891,0.12401092052459717,-0.10761868208646774,0.3894837200641632,0.011017213575541973,0.05901392549276352,-0.15843920409679413,-0.21894122660160065],[-0.31005144119262695,0.1634906381368637,0.022866206243634224,0.2245100885629654,0.15707048773765564,0.24525493383407593,0.07271313667297363,0.11878485977649689,-0.26026439666748047,0.15627798438072205],[0.25354453921318054,0.21770866215229034,-0.08862973749637604,-0.042954280972480774,-0.027569159865379333,-0.07514072209596634,-0.2918393909931183,-0.1442543864250183,-0.105305016040802,0.32948437333106995],[-0.19097496569156647,0.11091295629739761,0.11333272606134415,-0.12250825762748718,0.038884468376636505,-0.07084977626800537,-0.13374297320842743,-0.31990835070610046,-0.22397004067897797,-0.28180861473083496],[-0.10517557710409164,-0.03434992954134941,-0.296779990196228,0.0902545228600502,0.0827220007777214,-0.3269374370574951,-0.11105976998806,0.21398195624351501,-0.01932465098798275,0.21102066338062286],[-0.030906522646546364,0.140589639544487,0.11582474410533905,0.22940582036972046,0.08889894187450409,-0.06117873266339302,0.15268385410308838,0.032010581344366074,-0.4063357710838318,-0.16214700043201447],[-0.29994213581085205,-0.4161449670791626,0.10826750099658966,0.262639582157135,0.022572580724954605,0.07611221075057983,0.3771113157272339,-0.148484468460083,0.17576541006565094,-0.09665079414844513],[0.11609449237585068,-0.22708755731582642,-0.12302558869123459,0.16790832579135895,-0.10616833716630936,0.051558081060647964,-0.10990668833255768,0.11375603824853897,-0.17227858304977417,-0.27689945697784424],[0.0024537360295653343,0.20619164407253265,0.21935701370239258,0.09302698075771332,-0.3566429913043976,0.0010771185625344515,0.26777589321136475,-0.1287776678800583,0.16100379824638367,0.204494908452034],[-0.03705185651779175,0.05688353627920151,-0.27177783846855164,-0.017189299687743187,-0.36660411953926086,0.24257589876651764,0.08090920001268387,-0.3558947443962097,0.2707690894603729,-0.0705905482172966],[-0.12227103114128113,-0.09247632324695587,0.07232759892940521,0.3886100947856903,-0.016501812264323235,-0.04273241385817528,-0.34797871112823486,-0.02122502774000168,0.09475402534008026,0.008471840992569923],[0.058730170130729675,0.20872147381305695,-0.347969114780426,-0.18257443606853485,0.11435841768980026,-0.0500316247344017,-0.10964278876781464,-0.3494047522544861,-0.3703508675098419,0.263100802898407],[0.22885924577713013,0.1769569218158722,0.16571082174777985,-0.017207127064466476,0.11173690110445023,-0.09961222112178802,0.13519586622714996,0.2734473645687103,0.1011371836066246,-0.16327212750911713],[0.06704134494066238,0.11035920679569244,-0.08204814046621323,-0.05546075105667114,-0.09519939869642258,-0.11679567396640778,-0.3903738558292389,0.3836708068847656,0.20558932423591614,0.011915961280465126],[0.06356242299079895,0.10836867988109589,-0.33782002329826355,0.26771295070648193,0.01806105300784111,0.1818055957555771,-0.017976120114326477,0.17963336408138275,0.23985980451107025,-0.2615335285663605],[-0.11722832918167114,-0.25801029801368713,-0.07935935258865356,0.42103612422943115,-0.21477842330932617,-0.017773572355508804,-0.08001915365457535,-0.12799972295761108,0.21680323779582977,0.3979978859424591],[0.02634432166814804,0.14733199775218964,0.21043433248996735,0.3087954819202423,0.23342834413051605,0.3819825053215027,0.10877374559640884,0.12615081667900085,-0.2020590901374817,-0.20854675769805908],[-0.030224038287997246,0.10484298318624496,-0.14109179377555847,-0.19884002208709717,