{"params":{"desired_samples":16000,"window_size_samples":480,"window_stride_samples":160,"spectrogram_length":98,"fingerprint_width":40,"fingerprint_size":3920,"label_count":4,"sample_rate":16000,"preprocess":"mfcc","average_window_width":-1,"in_repeat":1,"data_url":"https:\/\/storage.googleapis.com\/download.tensorflow.org\/data\/speech_commands_v0.02.tar.gz","data_dir":"tmp\/speech_dataset\/","background_volume":0.1,"background_frequency":0.8,"silence_percentage":10.0,"unknown_percentage":10.0,"time_shift_ms":100.0,"seed":7,"testing_percentage":10,"validation_percentage":10,"clip_duration_ms":1000,"window_size_ms":30.0,"window_stride_ms":10.0,"feature_bin_count":40,"how_many_training_steps":"5,5","eval_step_interval":5,"learning_rate":"0.001,0.0001","batch_size":1,"summaries_dir":"results\/retrain_logs","wanted_words":"yes,no","train_dir":"results\/speech_commands_train","save_step_interval":1000,"start_checkpoint":"","model_architecture":"lsnn","check_nans":false,"quantize":false,"n_hidden":10,"n_layer":1,"dropout_prob":0.0,"print_every":10,"reg":0.001,"n_lif_frac":0.0,"beta":2.0,"tau_adaptation":98,"comment":"","n_thr_spikes":-1,"dampening_factor":0.3,"dt":1.0,"thr":0.01,"thr_min":0.005,"tau":20.0,"refr":2,"n_delay":0,"random_eprop":false,"eprop":false,"avg_spikes":true,"lipschitzness_loss":"kl","beta_lipschitzness":0.001,"step_size_lipschitzness":0.1,"num_steps_lipschitzness":10,"epsilon_lipschitzness":0.01,"use_epsilon_ball":true,"verbosity":20,"optimizer":"adam"},"rng_key":[3621364268,2504296864],"theta":{"W_in":[[0.033601727336645126,-0.12028995901346207,-0.33823123574256897,-0.29290154576301575,0.4066227078437805,-0.23379039764404297,-0.16079875826835632,0.09476987272500992,-0.0006325584836304188,0.05771365389227867],[0.3895139694213867,-0.35809946060180664,-0.11639272421598434,0.2622409164905548,0.191293865442276,0.033810243010520935,0.2335463911294937,-0.13757546246051788,-0.2070702463388443,-0.3871944844722748],[0.1611683964729309,-0.14214374125003815,0.38615140318870544,-0.21196450293064117,-0.030644631013274193,0.45307400822639465,-0.1784256398677826,0.15249304473400116,-0.33375999331474304,0.020140357315540314],[-0.041980188339948654,-0.21562449634075165,0.09551317989826202,0.22470428049564362,-0.05397123098373413,0.15928660333156586,0.11062411218881607,-0.057927150279283524,0.06049453094601631,-0.2798703908920288],[-0.06252118200063705,0.002857586368918419,-0.20231923460960388,-0.05851878970861435,-0.09684651345014572,-0.1345950961112976,0.012630516663193703,-0.26870179176330566,-0.13870783150196075,0.15586066246032715],[0.020763641223311424,0.25351399183273315,-0.057044867426157,0.021535852923989296,0.24431371688842773,-0.13454057276248932,0.1503225713968277,-0.4246121346950531,-0.14140969514846802,0.22909609973430634],[-0.06055484712123871,-0.007410681806504726,0.18441340327262878,0.20815518498420715,-0.17382368445396423,0.3104328513145447,-0.05711847543716431,0.21549582481384277,-0.2643793225288391,-0.28176572918891907],[0.15861648321151733,-0.20903810858726501,0.19010066986083984,-0.07697094976902008,-0.05781254172325134,-0.010242036543786526,0.11354289203882217,-0.29668769240379333,-0.3533174991607666,-0.24323134124279022],[-0.184364914894104,-0.13151702284812927,0.0712321326136589,-0.22137674689292908,0.1978984773159027,0.11458200961351395,0.1738029420375824,-0.19880975782871246,0.03784743696451187,0.05432925373315811],[-0.17899101972579956,0.2981666922569275,-0.11322885751724243,0.2045283019542694,0.18039873242378235,-0.3386680781841278,-0.04239174351096153,-0.26027432084083557,0.08780743926763535,0.2333022952079773],[-0.40007495880126953,0.003773168660700321,-0.1556592583656311,0.40618690848350525,0.24173223972320557,-0.2610757052898407,0.09120260924100876,-0.17901013791561127,-0.0708058699965477,0.20611073076725006],[0.3388843834400177,-0.07534956187009811,-0.018157033249735832,-0.05963677167892456,-0.041794873774051666,-0.08817090094089508,0.19059450924396515,0.19795343279838562,-0.12365257740020752,-0.1439909040927887],[0.0077932546846568584,-0.2138122022151947,0.15500876307487488,0.027519667521119118,0.3397720754146576,0.14096194505691528,0.27114880084991455,0.09666774421930313,-0.09074550122022629,-0.14996615052223206],[-0.05414608493447304,0.2508971095085144,0.04174812138080597,-0.19904083013534546,0.2787252962589264,-0.07685021311044693,-0.08031890541315079,0.19795075058937073,-0.029181700199842453,-0.14024774730205536],[0.302552729845047,-0.16419413685798645,-0.25062212347984314,-0.3458486497402191,0.15567246079444885,0.2482369840145111,0.4010484218597412,0.06206642463803291,0.3503839075565338,0.14055345952510834],[0.34717875719070435,-0.08163668215274811,-0.07673701643943787,0.017867963761091232,0.02775421366095543,0.22540700435638428,0.26836201548576355,-0.03254746273159981,-0.18298296630382538,0.014558447524905205],[-0.27814221382141113,0.20018331706523895,-0.09823383390903473,0.3198077380657196,-0.2923426926136017,0.15041311085224152,0.19912806153297424,0.10378709435462952,-0.09309639036655426,-0.18195118010044098],[0.18411223590373993,-0.03496035560965538,-0.03268035501241684,0.014575911685824394,0.3016485571861267,0.3734031021595001,-0.40846046805381775,0.4221694767475128,0.12249407172203064,0.24148280918598175],[-0.012925468385219574,-0.4099058210849762,-0.03342777490615845,-0.2212095707654953,-0.2533350884914398,0.056982412934303284,0.04457380250096321,-0.23359812796115875,-0.177946075797081,0.44045400619506836],[0.0022414361592382193,-0.06246061623096466,0.34831032156944275,0.2211311161518097,-0.15202626585960388,-0.21547691524028778,0.06912487745285034,-0.22877630591392517,0.11506708711385727,-0.1926395148038864],[-0.2382911890745163,0.2186439484357834,-0.03375369682908058,0.1744127720594406,0.054659608751535416,0.18752241134643555,-0.3914893865585327,0.007442752365022898,0.03715674951672554,-0.12102299928665161],[-0.08760377019643784,-0.27308130264282227,-0.05162347853183746,-0.20136605203151703,0.11648549884557724,-0.3114321529865265,0.10653746128082275,0.3871947228908539,0.2995982766151428,-0.15898174047470093],[-0.3602451682090759,-0.20958085358142853,0.06726326048374176,0.07401266694068909,0.18545788526535034,0.26262834668159485,-0.4194853603839874,0.039177220314741135,0.1572141796350479,0.22390592098236084],[-0.0788503885269165,0.11353801190853119,0.262512743473053,-0.3353693187236786,0.14384669065475464,0.09722239524126053,0.044164739549160004,-0.3713769018650055,0.01235197950154543,0.37602701783180237],[-0.2270875722169876,-0.29822126030921936,0.2190590649843216,0.25424760580062866,0.09236831218004227,-0.06695059686899185,-0.37845489382743835,0.0643974170088768,-0.3461393713951111,0.15978161990642548],[0.13304400444030762,-0.13788805902004242,0.001286572078242898,0.4464442729949951,0.03451348468661308,-0.18236804008483887,-0.012859294191002846,-0.14884643256664276,0.30631232261657715,-0.29025596380233765],[-0.09050733596086502,-0.0966552272439003,0.06422785669565201,0.22482740879058838,-0.37889623641967773,0.16942138969898224,-0.31665244698524475,-0.05908358097076416,0.1222076416015625,-0.4030100703239441],[0.3692915439605713,-0.34176868200302124,-0.06722314655780792,-0.34674909710884094,0.3326859176158905,-0.1391129046678543,-0.19628308713436127,0.1449759602546692,0.034330762922763824,0.10257304459810257],[-0.2642666697502136,-0.14724203944206238,-0.2866765260696411,-0.09637454152107239,-0.1657451093196869,0.07338596880435944,-0.000778051617089659,-0.28960222005844116,0.10346338897943497,-0.006648075766861439],[-0.1369316726922989,-0.03267007693648338,-0.05633368343114853,0.24925324320793152,0.1757751852273941,0.10018182545900345,0.2800770699977875,-0.014748679473996162,-0.3350982666015625,-0.17044410109519958],[0.4255038797855377,-0.042481012642383575,-0.11778738349676132,-0.3002375364303589,-0.1815258115530014,-0.3638051152229309,-0.006546204909682274,-0.03594399243593216,0.24209405481815338,-0.11999667435884476],[-0.1658097356557846,0.14435969293117523,-0.07781306654214859,0.11686922609806061,