{"params":{"desired_samples":16000,"window_size_samples":480,"window_stride_samples":160,"spectrogram_length":98,"fingerprint_width":40,"fingerprint_size":3920,"label_count":4,"sample_rate":16000,"preprocess":"mfcc","average_window_width":-1,"in_repeat":1,"data_url":"https:\/\/storage.googleapis.com\/download.tensorflow.org\/data\/speech_commands_v0.02.tar.gz","data_dir":"tmp\/speech_dataset\/","background_volume":0.1,"background_frequency":0.8,"silence_percentage":10.0,"unknown_percentage":10.0,"time_shift_ms":100.0,"seed":6,"testing_percentage":10,"validation_percentage":10,"clip_duration_ms":1000,"window_size_ms":30.0,"window_stride_ms":10.0,"feature_bin_count":40,"how_many_training_steps":"5,5","eval_step_interval":5,"learning_rate":"0.001,0.0001","batch_size":1,"summaries_dir":"results\/retrain_logs","wanted_words":"yes,no","train_dir":"results\/speech_commands_train","save_step_interval":1000,"start_checkpoint":"","model_architecture":"lsnn","check_nans":false,"quantize":false,"n_hidden":10,"n_layer":1,"dropout_prob":0.0,"print_every":10,"reg":0.001,"n_lif_frac":0.0,"beta":2.0,"tau_adaptation":98,"comment":"","n_thr_spikes":-1,"dampening_factor":0.3,"dt":1.0,"thr":0.01,"thr_min":0.005,"tau":20.0,"refr":2,"n_delay":0,"random_eprop":false,"eprop":false,"avg_spikes":true,"lipschitzness_loss":"kl","beta_lipschitzness":0.0,"step_size_lipschitzness":0.1,"num_steps_lipschitzness":10,"epsilon_lipschitzness":0.01,"use_epsilon_ball":true,"verbosity":20,"optimizer":"adam"},"rng_key":[3419820099,2399401620],"theta":{"W_in":[[-0.14649444818496704,0.020826712250709534,0.28023776412010193,0.05551543086767197,0.014067558571696281,-0.07617273926734924,0.35015276074409485,-0.4376716613769531,0.2838194966316223,0.15799486637115479],[0.08952172100543976,-0.14996495842933655,-0.052649397403001785,0.24352584779262543,0.04226720705628395,-0.11450324952602386,0.0544721856713295,-0.2261151671409607,0.11988778412342072,0.17950783669948578],[-0.3335374593734741,0.0764840841293335,0.44520965218544006,-0.015428736805915833,0.31273993849754333,0.07024025171995163,0.07086973637342453,-0.09051530063152313,-0.05860646814107895,-0.4237799346446991],[-0.09474336355924606,0.081184022128582,-0.25756749510765076,-0.036635059863328934,0.005014726426452398,-0.3616615831851959,-0.18894711136817932,0.11977609246969223,-0.06107329577207565,-0.0701778456568718],[-0.0879412516951561,0.41803520917892456,-0.20325519144535065,0.2356046885251999,-0.1800462007522583,-0.1121763065457344,-0.015601779334247112,0.1029030978679657,0.24285940825939178,-0.06595299392938614],[0.18820346891880035,0.311891108751297,0.1826070100069046,0.23100347816944122,-0.27221766114234924,-0.08899441361427307,-0.31216296553611755,-0.0061001162976026535,-0.15512242913246155,-0.04242044687271118],[-0.11350591480731964,-0.026298021897673607,0.4162313640117645,-0.29409682750701904,-0.05291014909744263,-0.015745043754577637,-0.09302135556936264,-0.38786476850509644,0.047570038586854935,0.3083496689796448],[0.09206335991621017,-0.238675057888031,-0.03885095566511154,-0.10909448564052582,-0.17323414981365204,0.3321886658668518,-0.03216865658760071,-0.0272782351821661,0.3256257474422455,-0.007298151031136513],[0.09045436233282089,0.04571452736854553,0.2584229111671448,-0.17321889102458954,-0.17085762321949005,0.0339258536696434,0.2281002700328827,-0.04454265534877777,-0.12815310060977936,-0.03491825982928276],[0.05711476504802704,0.13767646253108978,0.07246366888284683,0.007076561916619539,0.10531019419431686,0.14501029253005981,0.10822875052690506,0.046179741621017456,0.22444038093090057,0.08679822087287903],[0.387344092130661,-0.10766188055276871,-0.10567259043455124,-0.08023910224437714,0.15714697539806366,0.16447380185127258,-0.0956476628780365,-0.32093343138694763,-0.09694475680589676,0.045636631548404694],[0.1655736267566681,0.11119411140680313,0.1844731718301773,-0.35899296402931213,-0.25135019421577454,0.2165546417236328,-0.053934745490550995,0.18814857304096222,-0.03959666192531586,0.18028709292411804],[-0.10228103399276733,0.3043329119682312,0.15658779442310333,-0.0681539922952652,0.0004079617792740464,-0.023045718669891357,0.3089706003665924,-0.2133636772632599,0.06832951307296753,-0.2322232574224472],[0.0015709394356235862,-0.2653045654296875,-0.2910560965538025,-0.0984756126999855,-0.02762962132692337,0.20035134255886078,0.17720238864421844,0.08802545815706253,0.021303048357367516,0.15800344944000244],[-0.006359381135553122,-0.13858400285243988,0.015346627682447433,0.09979745000600815,0.24006111919879913,0.18661101162433624,-0.2959044873714447,-0.023064380511641502,0.15236224234104156,0.14465707540512085],[-0.11471360176801682,0.02666897140443325,-0.07464419305324554,-0.08997692167758942,0.06879217177629471,-0.3484872877597809,-0.23055508732795715,0.23956899344921112,-0.24434202909469604,-0.22610557079315186],[-0.25072669982910156,-0.2664923071861267,-0.2027626633644104,-0.23912866413593292,0.038807276636362076,0.06175243854522705,-0.18142840266227722,0.19611239433288574,-0.2539147734642029,-0.08438707888126373],[-0.020274154841899872,-0.017708266153931618,-0.003623539349064231,-0.23500914871692657,-0.23479613661766052,-0.21548861265182495,0.18403217196464539,0.15261714160442352,0.23394690454006195,-0.09692671149969101],[0.1216830387711525,0.005222889594733715,-0.06251358240842819,-0.18938720226287842,-0.002488389378413558,0.13659915328025818,0.3753255009651184,0.27183422446250916,-0.04459020122885704,0.027531974017620087],[0.1279747039079666,0.14512766897678375,-0.08427127450704575,-0.1870819479227066,-0.3084102272987366,0.16028928756713867,-0.08090664446353912,0.10009206086397171,0.06438743323087692,-0.224436417222023],[-0.2702943980693817,0.04627261310815811,-0.2904651165008545,0.3803572952747345,-0.002590971300378442,0.10508060455322266,-0.1635434627532959,0.21810612082481384,0.10554724931716919,-0.11341079324483871],[-0.38721325993537903,0.09259893745183945,0.29217469692230225,0.019688241183757782,0.027233248576521873,-0.030134450644254684,-0.13505424559116364,-0.2419843226671219,0.14068037271499634,0.4327215850353241],[0.085943803191185,-0.18109408020973206,0.11903420835733414,0.22627100348472595,-0.04989905655384064,0.10066938400268555,0.18011979758739471,0.038682252168655396,0.057109370827674866,0.07988438755273819],[0.2331993728876114,-0.12765535712242126,-0.049212146550416946,0.20533126592636108,0.23539415001869202,-0.22926563024520874,-0.040839407593011856,0.18776999413967133,-0.05199664831161499,-0.20750655233860016],[0.15384599566459656,-0.007206792011857033,-0.11221721768379211,-0.13253581523895264,-0.4264587461948395,0.0805288776755333,0.2303626537322998,0.11413359642028809,0.052386291325092316,-0.0958641767501831],[0.25046244263648987,-0.11226627975702286,0.1911497712135315,-0.32516932487487793,-0.05144762620329857,0.08456942439079285,0.34592264890670776,0.19700928032398224,-0.06573475152254105,-0.04581857845187187],[0.3499238193035126,-0.002700375858694315,0.2019152045249939,-0.03543361276388168,-0.27889055013656616,-0.17829982936382294,0.384555459022522,0.2967788279056549,0.2214294821023941,0.2866891324520111],[-0.3784664571285248,0.000991353066638112,-0.21075288951396942,-0.3414970636367798,-0.14217303693294525,0.2278200089931488,0.03055194579064846,-0.012163519859313965,-0.17278403043746948,-0.1831001341342926],[-0.07990646362304688,-0.23568245768547058,-0.02090424858033657,-0.12418380379676819,0.07768594473600388,0.02086772210896015,0.2937096953392029,0.1981806457042694,0.25171998143196106,-0.18827959895133972],[-0.2623962163925171,-0.1665215641260147,0.24513781070709229,0.12781712412834167,0.15419426560401917,0.07408637553453445,-0.1363934576511383,-0.1595655381679535,-0.014394327066838741,0.026608040556311607],[0.1221584901213646,-0.06705281138420105,-0.09862474352121353,0.42520201206207275,0.25859951972961426,-0.07945781201124191,0.26239776611328125,0.04789618030190468,-0.3201406002044678,-0.09372062981128693],[-0.027914829552173615,0.19667737185955048,-0.2115255743265152,