{"params":{"desired_samples":16000,"window_size_samples":480,"window_stride_samples":160,"spectrogram_length":98,"fingerprint_width":40,"fingerprint_size":3920,"label_count":4,"sample_rate":16000,"preprocess":"mfcc","average_window_width":-1,"in_repeat":1,"data_url":"https:\/\/storage.googleapis.com\/download.tensorflow.org\/data\/speech_commands_v0.02.tar.gz","data_dir":"tmp\/speech_dataset\/","background_volume":0.1,"background_frequency":0.8,"silence_percentage":10.0,"unknown_percentage":10.0,"time_shift_ms":100.0,"seed":1,"testing_percentage":10,"validation_percentage":10,"clip_duration_ms":1000,"window_size_ms":30.0,"window_stride_ms":10.0,"feature_bin_count":40,"how_many_training_steps":"5,5","eval_step_interval":5,"learning_rate":"0.001,0.0001","batch_size":1,"summaries_dir":"results\/retrain_logs","wanted_words":"yes,no","train_dir":"results\/speech_commands_train","save_step_interval":1000,"start_checkpoint":"","model_architecture":"lsnn","check_nans":false,"quantize":false,"n_hidden":10,"n_layer":1,"dropout_prob":0.0,"print_every":10,"reg":0.001,"n_lif_frac":0.0,"beta":2.0,"tau_adaptation":98,"comment":"","n_thr_spikes":-1,"dampening_factor":0.3,"dt":1.0,"thr":0.01,"thr_min":0.005,"tau":20.0,"refr":2,"n_delay":0,"random_eprop":false,"eprop":false,"avg_spikes":true,"lipschitzness_loss":"kl","beta_lipschitzness":0.0,"step_size_lipschitzness":0.1,"num_steps_lipschitzness":10,"epsilon_lipschitzness":0.01,"use_epsilon_ball":true,"verbosity":20,"optimizer":"adam"},"rng_key":[1591157851,1167654439],"theta":{"W_in":[[0.05627235025167465,-0.18888142704963684,-0.039704982191324234,0.04714968428015709,0.0823054388165474,-0.00008230206731241196,0.03477351367473602,-0.31825751066207886,0.31870150566101074,-0.034459516406059265],[-0.128115713596344,0.08853243291378021,-0.057308997958898544,0.25014838576316833,0.19818876683712006,0.16313986480236053,0.15784583985805511,-0.13579390943050385,0.1529534012079239,-0.1983450949192047],[0.3790040612220764,0.008347338065505028,0.2051764875650406,-0.18432308733463287,-0.0774393230676651,0.12193892896175385,0.3555423617362976,-0.17971667647361755,0.04642157629132271,-0.3091738820075989],[-0.06387394666671753,-0.12489230930805206,0.1235630214214325,0.08567360043525696,-0.027410168200731277,-0.05790054798126221,0.28119099140167236,0.06532371789216995,0.08404495567083359,-0.17906485497951508],[0.16572532057762146,0.17833711206912994,-0.11223241686820984,0.08152779936790466,-0.2882065773010254,-0.17522409558296204,-0.2966160178184509,-0.08295505493879318,0.011073197238147259,0.1554848998785019],[-0.4352215528488159,-0.12792499363422394,-0.319693922996521,0.32667630910873413,0.07206874340772629,-0.13754932582378387,-0.14197972416877747,-0.3302229046821594,0.1731044203042984,0.12331102788448334],[-0.05587240308523178,-0.0326509028673172,0.15414702892303467,-0.29950109124183655,0.34560248255729675,0.146700918674469,0.1215444877743721,-0.0627966821193695,0.12507224082946777,0.1758928894996643],[0.12466581165790558,-0.02961060032248497,0.24985696375370026,-0.3199440538883209,-0.21155501902103424,-0.303337424993515,-0.39167171716690063,-0.1973426640033722,-0.20177346467971802,-0.05876666307449341],[-0.07532615959644318,-0.05219123139977455,0.04620744660496712,-0.3554106056690216,-0.2420438528060913,0.006829199381172657,-0.07573513686656952,-0.09426131844520569,-0.1746251881122589,0.43183469772338867],[-0.18224801123142242,0.007649589329957962,-0.407376229763031,-0.1719857156276703,0.2218443602323532,-0.09595924615859985,-0.10690273344516754,0.41211751103401184,-0.014242950826883316,0.2960583567619324],[0.33791419863700867,-0.15810969471931458,0.269574910402298,-0.10561563819646835,0.3827229142189026,0.3082052171230316,0.20354385673999786,-0.17154105007648468,0.07417362183332443,-0.2991045117378235],[0.12597115337848663,-0.024243304505944252,-0.14041049778461456,0.18649528920650482,0.025596311315894127,0.03257923573255539,0.034743472933769226,-0.043376676738262177,0.10041490942239761,0.23860906064510345],[-0.07331176847219467,0.0033104009926319122,0.1418367475271225,0.028648536652326584,0.31924962997436523,0.007726849988102913,0.10562627762556076,-0.043836288154125214,0.13934999704360962,0.13727056980133057],[0.12955692410469055,-0.16600379347801208,-0.29710841178894043,-0.1684042513370514,-0.3563064932823181,-0.0741872489452362,-0.2277076542377472,-0.09048791229724884,0.14968113601207733,-0.08872997015714645],[-0.2064177542924881,0.07038436084985733,-0.14692014455795288,-0.19395683705806732,0.07713194191455841,-0.1334160715341568,-0.18692786991596222,-0.1610073745250702,0.016722964122891426,0.16838674247264862],[-0.07897070050239563,-0.3983108699321747,0.2633964419364929,0.4357808232307434,0.12345452606678009,0.12854211032390594,0.008380516432225704,0.10885485261678696,-0.022249838337302208,-0.05753922834992409],[0.03674306347966194,-0.2033139020204544,-0.007655875291675329,-0.07870642095804214,-0.16813775897026062,0.21246929466724396,0.4409317374229431,-0.25830164551734924,0.10208386182785034,0.15900349617004395],[0.044296909123659134,0.1429048627614975,0.08691469579935074,-0.09900064766407013,0.1463167816400528,-0.04658186063170433,0.016006140038371086,0.37315285205841064,0.28609398007392883,0.07587970793247223],[-0.09010951220989227,0.24701862037181854,0.3942180275917053,0.12758727371692657,-0.26826074719429016,0.2103474736213684,0.36665230989456177,0.029168829321861267,0.10007870942354202,-0.05716783180832863],[-0.23390862345695496,0.056116558611392975,-0.17316287755966187,0.09098426252603531,0.06568999588489532,-0.27826929092407227,0.16269631683826447,0.244482159614563,0.13829724490642548,0.029644453898072243],[-0.08967180550098419,0.08156004548072815,0.16309818625450134,0.18707586824893951,0.012698832899332047,0.24579179286956787,0.13982224464416504,0.4092915654182434,0.04306391254067421,-0.15723887085914612],[0.43276190757751465,-0.11414913833141327,-0.1621720790863037,0.145247220993042,0.16497106850147247,0.08193927258253098,-0.010427167639136314,-0.21522748470306396,0.003989815711975098,-0.04489992558956146],[0.3582767844200134,-0.2778639793395996,0.06629131734371185,-0.34721094369888306,0.07148580998182297,-0.09873421490192413,-0.12364756315946579,0.23808830976486206,-0.09750454127788544,-0.01721569336950779],[-0.052967388182878494,-0.16335536539554596,-0.03164348006248474,0.0073673599399626255,-0.22863975167274475,-0.26101404428482056,-0.1939602494239807,0.20890428125858307,0.19771568477153778,0.13722282648086548],[-0.10886570811271667,-0.07476703077554703,-0.17372944951057434,0.1919342428445816,0.44100096821784973,0.06597208976745605,-0.3222637176513672,0.30493128299713135,-0.023212146013975143,0.22228886187076569],[0.18850718438625336,-0.12069224566221237,0.12918007373809814,0.1262953281402588,-0.01858237013220787,0.27529481053352356,-0.227365642786026,-0.0150315435603261,-0.19220764935016632,-0.05949505418539047],[0.18588027358055115,-0.0363529771566391,-0.4034835994243622,0.19075284898281097,-0.07763265818357468,-0.09382177144289017,-0.25498172640800476,-0.0543377548456192,0.13894009590148926,0.04052672162652016],[-0.4417121112346649,-0.11383485794067383,0.1277400255203247,-0.43824389576911926,0.11773929744958878,0.3148098886013031,0.051191795617341995,0.09952766448259354,0.04523707181215286,-0.05273948237299919],[-0.14326487481594086,0.1950676143169403,-0.29629307985305786,0.1259309947490692,-0.11305529624223709,-0.07291492819786072,-0.2217360883951187,-0.20258234441280365,0.4153524935245514,0.21562403440475464],[0.04729240760207176,-0.09636306762695312,-0.11406582593917847,0.29160287976264954,-0.1389407068490982,-0.054166797548532486,0.14552733302116394,-0.2478133738040924,-0.05505342409014702,-0.3284000754356384],[-0.040344610810279846,-0.04637344554066658,0.1022355705499649,-0.12390289455652237,-0.17344383895397186,0.030765362083911896,-0.06659308075904846,-0.18263910710811615,0.0827743336558342,-0.3975841701030731],[0.19707922637462616,-0.17987558245658875,-0.11693505197763443,0.03244595602154732,