{"params":{"desired_samples":16000,"window_size_samples":480,"window_stride_samples":160,"spectrogram_length":98,"fingerprint_width":40,"fingerprint_size":3920,"label_count":4,"sample_rate":16000,"preprocess":"mfcc","average_window_width":-1,"in_repeat":1,"data_url":"https:\/\/storage.googleapis.com\/download.tensorflow.org\/data\/speech_commands_v0.02.tar.gz","data_dir":"tmp\/speech_dataset\/","background_volume":0.1,"background_frequency":0.8,"silence_percentage":10.0,"unknown_percentage":10.0,"time_shift_ms":100.0,"seed":9,"testing_percentage":10,"validation_percentage":10,"clip_duration_ms":1000,"window_size_ms":30.0,"window_stride_ms":10.0,"feature_bin_count":40,"how_many_training_steps":"5,5","eval_step_interval":5,"learning_rate":"0.001,0.0001","batch_size":1,"summaries_dir":"results\/retrain_logs","wanted_words":"yes,no","train_dir":"results\/speech_commands_train","save_step_interval":1000,"start_checkpoint":"","model_architecture":"lsnn","check_nans":false,"quantize":false,"n_hidden":10,"n_layer":1,"dropout_prob":0.0,"print_every":10,"reg":0.001,"n_lif_frac":0.0,"beta":2.0,"tau_adaptation":98,"comment":"","n_thr_spikes":-1,"dampening_factor":0.3,"dt":1.0,"thr":0.01,"thr_min":0.005,"tau":20.0,"refr":2,"n_delay":0,"random_eprop":false,"eprop":false,"avg_spikes":true,"lipschitzness_loss":"kl","beta_lipschitzness":1.0,"step_size_lipschitzness":0.1,"num_steps_lipschitzness":10,"epsilon_lipschitzness":0.01,"use_epsilon_ball":true,"verbosity":20,"optimizer":"adam"},"rng_key":[1942305766,3625937489],"theta":{"W_in":[[0.07683471590280533,-0.0034175494220107794,0.2648634910583496,-0.07614410668611526,-0.2698696553707123,-0.008250821381807327,0.2844870090484619,0.2822154462337494,-0.23885998129844666,0.08793489634990692],[0.1677916795015335,0.1899464875459671,0.010634094476699829,-0.14753510057926178,-0.2154613882303238,-0.12572620809078217,-0.1412571221590042,-0.228298157453537,0.1008940041065216,0.03102453611791134],[0.3059645891189575,0.1739588975906372,0.32889410853385925,-0.0038415316957980394,0.36733508110046387,0.015941696241497993,0.10400103032588959,0.21137502789497375,0.3970903754234314,0.11700644344091415],[0.15077245235443115,-0.12670134007930756,0.17956000566482544,-0.0282275453209877,-0.20058904588222504,0.05504293367266655,-0.015047044493258,-0.3338630199432373,-0.06399258971214294,-0.12170200049877167],[0.2875126004219055,-0.3486262261867523,-0.3022262454032898,-0.1994016021490097,0.3184627592563629,-0.11806471645832062,0.0947844535112381,0.31604212522506714,-0.03832291439175606,-0.14666323363780975],[-0.07842899858951569,0.10978692024946213,0.07230687141418457,0.2405584454536438,0.12671595811843872,-0.21420878171920776,0.1864212602376938,0.1397700309753418,-0.0899013876914978,-0.10860870778560638],[-0.23010557889938354,-0.024081340059638023,-0.2975424528121948,0.030206646770238876,0.1838368922472,0.03703506663441658,0.0554470531642437,0.36317265033721924,-0.20976397395133972,0.08647521585226059],[0.0010346133494749665,0.2606337070465088,0.08328042179346085,0.04979974776506424,0.38725170493125916,-0.21488210558891296,0.31408998370170593,-0.31519660353660583,0.24211342632770538,0.4529663622379303],[-0.2809351086616516,-0.030794257298111916,-0.07434118539094925,-0.2911541759967804,0.1380581110715866,0.03615342825651169,0.03178418427705765,0.20824413001537323,0.2500087320804596,0.10647373646497726],[-0.1148265078663826,0.16377337276935577,0.16628560423851013,0.017142554745078087,-0.17393313348293304,-0.3003273606300354,0.0616595596075058,0.24981090426445007,0.3454778790473938,-0.24433214962482452],[-0.07220388203859329,-0.01641768217086792,0.12877210974693298,-0.19235095381736755,0.02023250237107277,-0.14678257703781128,-0.04558352753520012,0.15172892808914185,0.15347535908222198,0.19184111058712006],[0.10354096442461014,-0.1957312673330307,-0.08497307449579239,-0.37185385823249817,0.24537336826324463,-0.2816498279571533,-0.4072708189487457,0.2000979632139206,-0.2855019271373749,-0.3969942629337311],[0.4554249346256256,0.11638391017913818,0.3357137441635132,-0.07580650597810745,0.3858474791049957,-0.08323553204536438,0.0676037073135376,-0.0026010479778051376,0.1463250368833542,0.15447212755680084],[0.1344156712293625,0.003565494902431965,0.11137441545724869,-0.3001437783241272,0.0199435967952013,0.00690420949831605,0.11304119229316711,-0.09521142393350601,0.05702665075659752,-0.44994688034057617],[0.15433458983898163,0.05381057783961296,0.39206087589263916,0.2349037528038025,0.1444575935602188,-0.07876662909984589,0.07608135044574738,-0.020309818908572197,-0.07592654228210449,0.21103832125663757],[0.10443869233131409,0.06470740586519241,-0.3430193066596985,-0.09309553354978561,-0.048226796090602875,-0.2093629539012909,0.24483053386211395,-0.3024808168411255,-0.00927432719618082,-0.20657242834568024],[0.1774769276380539,0.16614392399787903,0.016674643382430077,0.19508084654808044,0.24780447781085968,0.1426449865102768,0.0379987470805645,-0.12386612594127655,-0.3180243968963623,-0.09612631052732468],[0.045918457210063934,0.4145723283290863,-0.09569703042507172,0.23412369191646576,0.04907822236418724,-0.217759370803833,0.30449238419532776,-0.07747375220060349,-0.2730085551738739,-0.10897134989500046],[0.05681031197309494,0.13819356262683868,-0.038167618215084076,-0.21627257764339447,0.2974812984466553,-0.206638902425766,-0.24424497783184052,-0.2417791485786438,0.004133898299187422,0.019516386091709137],[-0.14763322472572327,-0.00419984245672822,0.24458330869674683,0.22910362482070923,-0.0179275069385767,0.08813989162445068,-0.2247086763381958,-0.2425326704978943,0.31630241870880127,0.23678073287010193],[-0.39892566204071045,0.17028869688510895,-0.3644029498100281,-0.013572778552770615,0.07575153559446335,-0.11900410801172256,0.30486953258514404,-0.10743403434753418,-0.19024913012981415,-0.10922425985336304],[-0.2652008533477783,0.23019815981388092,0.13559560477733612,-0.007317391689866781,0.04819926992058754,-0.06577479094266891,-0.17940236628055573,0.005921835545450449,-0.014957633800804615,0.00011933903442695737],[0.011574642732739449,0.37101849913597107,-0.043185703456401825,0.04496966302394867,-0.12765604257583618,-0.05680052191019058,-0.1294803023338318,-0.09568090736865997,0.1205473393201828,0.04918904975056648],[0.06188451126217842,-0.10821641236543655,-0.2665521204471588,-0.06538178026676178,-0.14880415797233582,-0.06808333843946457,-0.32317212224006653,-0.07112444937229156,0.19129449129104614,-0.18677210807800293],[0.42560040950775146,-0.0907437801361084,-0.05409299209713936,-0.2573910057544708,-0.263148695230484,-0.1762264519929886,-0.09355077892541885,-0.2742370069026947,-0.07500380277633667,-0.077782042324543],[-0.1245058998465538,0.24858619272708893,-0.13718943297863007,-0.14095167815685272,0.022816864773631096,0.07764346897602081,0.061349015682935715,-0.10598696023225784,-0.08540021628141403,-0.1845124363899231],[0.14824065566062927,-0.13004377484321594,0.17625680565834045,0.3271885812282562,0.133013516664505,0.019598886370658875,0.10603129118680954,-0.40241172909736633,-0.0960267037153244,0.006251643877476454],[-0.15498532354831696,0.1810605525970459,-0.029222214594483376,0.039359789341688156,0.227079838514328,0.08233384788036346,-0.3743930459022522,0.06549905985593796,0.150042325258255,0.057314202189445496],[0.1787724792957306,-0.011973959393799305,0.13379618525505066,-0.12464827299118042,0.025475524365901947,-0.04209794104099274,0.14620666205883026,-0.021967200562357903,-0.12788048386573792,-0.4022476375102997],[0.3686147630214691,-0.07607370615005493,0.10506807267665863,0.013668480329215527,-0.025966405868530273,-0.450634241104126,-0.34215378761291504,-0.1771133840084076,0.05994819104671478,-0.03900791332125664],[0.01782345212996006,0.254162073135376,-0.2517916262149811,-0.05819840356707573,0.40617483854293823,-0.07859775424003601,0.14490236341953278,-0.0012958984589204192,0.18565483391284943,-0.4526928663253784],[-0.3034282326698303,0.09074418991804123,-0.14474986493587494,-0.21292226016521454,0.16990309953689575,