{"params":{"desired_samples":16000,"window_size_samples":480,"window_stride_samples":160,"spectrogram_length":98,"fingerprint_width":40,"fingerprint_size":3920,"label_count":4,"sample_rate":16000,"preprocess":"mfcc","average_window_width":-1,"in_repeat":1,"data_url":"https:\/\/storage.googleapis.com\/download.tensorflow.org\/data\/speech_commands_v0.02.tar.gz","data_dir":"tmp\/speech_dataset\/","background_volume":0.1,"background_frequency":0.8,"silence_percentage":10.0,"unknown_percentage":10.0,"time_shift_ms":100.0,"seed":5,"testing_percentage":10,"validation_percentage":10,"clip_duration_ms":1000,"window_size_ms":30.0,"window_stride_ms":10.0,"feature_bin_count":40,"how_many_training_steps":"5,5","eval_step_interval":5,"learning_rate":"0.001,0.0001","batch_size":1,"summaries_dir":"results\/retrain_logs","wanted_words":"yes,no","train_dir":"results\/speech_commands_train","save_step_interval":1000,"start_checkpoint":"","model_architecture":"lsnn","check_nans":false,"quantize":false,"n_hidden":10,"n_layer":1,"dropout_prob":0.0,"print_every":10,"reg":0.001,"n_lif_frac":0.0,"beta":2.0,"tau_adaptation":98,"comment":"","n_thr_spikes":-1,"dampening_factor":0.3,"dt":1.0,"thr":0.01,"thr_min":0.005,"tau":20.0,"refr":2,"n_delay":0,"random_eprop":false,"eprop":false,"avg_spikes":true,"lipschitzness_loss":"kl","beta_lipschitzness":10.0,"step_size_lipschitzness":0.1,"num_steps_lipschitzness":10,"epsilon_lipschitzness":0.01,"use_epsilon_ball":true,"verbosity":20,"optimizer":"adam"},"rng_key":[1841151846,868113448],"theta":{"W_in":[[-0.053625404834747314,-0.2753203213214874,0.12020217627286911,-0.28001469373703003,0.2819708585739136,0.01472921296954155,0.036904774606227875,-0.07429429143667221,-0.2215561866760254,-0.4001312851905823],[0.25447261333465576,-0.14800302684307098,-0.2591054141521454,0.03458863124251366,0.011268466711044312,0.10877972096204758,0.1680811494588852,0.0016094548627734184,-0.05235724896192551,-0.02390442229807377],[-0.10362692177295685,-0.10989533364772797,-0.1730819046497345,0.07389642298221588,0.013224891386926174,0.1705959588289261,-0.18634982407093048,0.17444691061973572,-0.3022324740886688,0.1369950920343399],[-0.07175236195325851,-0.2599364221096039,-0.07299080491065979,-0.008158387616276741,-0.00048292233259417117,-0.008547880686819553,-0.2161789983510971,0.16426105797290802,0.015102393925189972,0.18817219138145447],[0.14022259414196014,0.27217063307762146,0.27889958024024963,0.11842932552099228,-0.24678796529769897,-0.030063632875680923,-0.26403480768203735,-0.34512248635292053,-0.43335187435150146,-0.06502686440944672],[0.28011372685432434,-0.40955328941345215,0.1318175047636032,0.10194987803697586,-0.17304538190364838,0.1868920475244522,0.035846561193466187,0.20677705109119415,0.3733988404273987,0.09053434431552887],[0.18144364655017853,-0.05817842856049538,-0.3570597171783447,0.09427081048488617,-0.20089998841285706,0.2581440806388855,0.24911752343177795,0.0702577754855156,-0.2553979754447937,-0.27630874514579773],[0.40267136693000793,-0.010370723903179169,-0.06075341999530792,-0.09069037437438965,0.008909795433282852,0.1388508677482605,-0.06273645907640457,-0.29779917001724243,-0.026534954085946083,0.0735536515712738],[0.11777504533529282,0.30512765049934387,-0.3850039541721344,-0.12786385416984558,-0.023429514840245247,0.07559759169816971,0.11684663593769073,-0.07566898316144943,-0.18436551094055176,0.16716383397579193],[0.0012799977557733655,-0.17333613336086273,0.21311238408088684,0.07700331509113312,0.12621639668941498,-0.09335298091173172,0.09463807195425034,0.32097622752189636,0.23225608468055725,0.28278255462646484],[-0.040970273315906525,-0.26523223519325256,0.1273512840270996,-0.021630819886922836,0.10883916169404984,-0.17109793424606323,0.14724187552928925,-0.015709688887000084,0.1266351342201233,-0.15584075450897217],[-0.09814539551734924,0.08484885096549988,-0.036972615867853165,-0.30530497431755066,-0.29442882537841797,-0.14717146754264832,0.4168485403060913,0.20255707204341888,-0.07373221963644028,0.12351372838020325],[-0.2692820429801941,0.1907993108034134,0.09226635843515396,-0.42215830087661743,0.12149413675069809,-0.4376269280910492,0.020761890336871147,0.3749704957008362,0.013907326385378838,0.2928697168827057],[-0.06587380915880203,-0.2348465621471405,0.2772601544857025,-0.3719223737716675,0.05346598103642464,-0.1304284930229187,-0.023141823709011078,-0.09583006799221039,-0.12939037382602692,-0.10011506825685501],[-0.14481733739376068,-0.030993519350886345,0.025058478116989136,-0.4231434762477875,0.23038870096206665,0.046965934336185455,0.19057375192642212,0.29706037044525146,0.21063104271888733,-0.0800999253988266],[-0.21315421164035797,0.045547809451818466,0.09604981541633606,-0.12275867164134979,-0.06017999351024628,-0.1936495453119278,0.2574860751628876,-0.254997193813324,0.29065391421318054,-0.10909770429134369],[0.38627710938453674,0.00022394847474060953,-0.2205083966255188,-0.04765994846820831,0.12209227681159973,-0.10769611597061157,-0.3169829547405243,0.08218003064393997,-0.2290775626897812,0.0348941870033741],[0.15082451701164246,0.1113584041595459,0.16423094272613525,0.025111593306064606,0.3050993084907532,0.018167804926633835,-0.20430871844291687,0.15957027673721313,0.05959836766123772,-0.24364104866981506],[-0.029509879648685455,0.13656102120876312,0.04102484881877899,0.23435452580451965,0.09974676370620728,0.3133947253227234,-0.010655634105205536,-0.24821984767913818,0.02302839607000351,0.22437132894992828],[0.37605908513069153,0.23028908669948578,0.07705159485340118,0.14482471346855164,0.015073367394506931,0.008012279868125916,-0.10148108005523682,0.1293119490146637,-0.06890059262514114,0.013051308691501617],[-0.07064874470233917,-0.20922017097473145,0.4082217812538147,-0.22593969106674194,-0.1532372087240219,-0.008931322023272514,0.36444324254989624,-0.14266487956047058,-0.3429359793663025,-0.07808323949575424],[0.00488551938906312,-0.3022861182689667,-0.07734525203704834,0.3255491256713867,-0.15415909886360168,0.24740971624851227,-0.3234991431236267,-0.11767973005771637,0.025327421724796295,-0.19245655834674835],[0.3536768853664398,-0.29778262972831726,-0.35825687646865845,-0.09651193022727966,-0.18176019191741943,-0.0026996235828846693,-0.015025838278234005,-0.1204545721411705,-0.30788153409957886,0.057952433824539185],[0.07008654624223709,0.3788433372974396,0.12884165346622467,-0.04425470158457756,0.3175569176673889,0.3644753098487854,0.3290824592113495,-0.0010760544100776315,0.05361790955066681,0.22290360927581787],[-0.10312970727682114,-0.15686771273612976,0.052809569984674454,-0.03169140964746475,0.06058686599135399,0.04802335053682327,0.15795867145061493,-0.2513357400894165,-0.25481799244880676,-0.16497628390789032],[0.37856724858283997,0.4057978391647339,0.10338802635669708,-0.08550845086574554,-0.17125874757766724,-0.03405846655368805,0.029450347647070885,-0.07002609968185425,0.06702958047389984,0.16299691796302795],[0.20491459965705872,0.33498167991638184,0.1212410032749176,-0.21055461466312408,0.0848473384976387,-0.043621812015771866,0.12477286905050278,0.0492713488638401,0.14394158124923706,-0.0433846116065979],[-0.10635360330343246,0.1440192013978958,0.0790138989686966,-0.11227715760469437,0.15123379230499268,0.026111451908946037,-0.2867947518825531,-0.030496148392558098,0.019673962146043777,-0.18145006895065308],[0.18190450966358185,0.22249841690063477,0.15754063427448273,-0.23870092630386353,0.29553094506263733,0.2550557553768158,-0.04046344757080078,-0.021091625094413757,-0.30084842443466187,0.22939518094062805],[-0.2155514806509018,0.26884695887565613,0.23604677617549896,0.02486969158053398,0.22692206501960754,-0.1495499461889267,-0.029647884890437126,0.14628106355667114,-0.15102604031562805,0.14819541573524475],[0.3212621212005615,0.21319261193275452,0.07598990201950073,-0.11262945085763931,0.1096869558095932,0.32366979122161865,0.3310767412185669,-0.19115252792835236,-0.08691197633743286,0.38530662655830383],[-0.06373269855976105,-0.0271897055208683,0.15869469940662384,