{"params":{"desired_samples":16000,"window_size_samples":480,"window_stride_samples":160,"spectrogram_length":98,"fingerprint_width":40,"fingerprint_size":3920,"label_count":4,"sample_rate":16000,"preprocess":"mfcc","average_window_width":-1,"in_repeat":1,"data_url":"https:\/\/storage.googleapis.com\/download.tensorflow.org\/data\/speech_commands_v0.02.tar.gz","data_dir":"tmp\/speech_dataset\/","background_volume":0.1,"background_frequency":0.8,"silence_percentage":10.0,"unknown_percentage":10.0,"time_shift_ms":100.0,"seed":2,"testing_percentage":10,"validation_percentage":10,"clip_duration_ms":1000,"window_size_ms":30.0,"window_stride_ms":10.0,"feature_bin_count":40,"how_many_training_steps":"5,5","eval_step_interval":5,"learning_rate":"0.001,0.0001","batch_size":1,"summaries_dir":"results\/retrain_logs","wanted_words":"yes,no","train_dir":"results\/speech_commands_train","save_step_interval":1000,"start_checkpoint":"","model_architecture":"lsnn","check_nans":false,"quantize":false,"n_hidden":10,"n_layer":1,"dropout_prob":0.0,"print_every":10,"reg":0.001,"n_lif_frac":0.0,"beta":2.0,"tau_adaptation":98,"comment":"","n_thr_spikes":-1,"dampening_factor":0.3,"dt":1.0,"thr":0.01,"thr_min":0.005,"tau":20.0,"refr":2,"n_delay":0,"random_eprop":false,"eprop":false,"avg_spikes":true,"lipschitzness_loss":"kl","beta_lipschitzness":0.1,"step_size_lipschitzness":0.1,"num_steps_lipschitzness":10,"epsilon_lipschitzness":0.01,"use_epsilon_ball":true,"verbosity":20,"optimizer":"adam"},"rng_key":[1768663324,2502910401],"theta":{"W_in":[[0.020077157765626907,0.2584431767463684,-0.17222385108470917,0.2941799461841583,-0.37461942434310913,0.33848336338996887,0.20576311647891998,-0.20929650962352753,-0.19613784551620483,0.27418053150177],[-0.026293037459254265,-0.39042776823043823,-0.08633951842784882,0.18692532181739807,0.004806477576494217,0.35558417439460754,0.028979593887925148,0.05021943897008896,0.12001002579927444,0.2014796882867813],[0.08073917031288147,0.047572921961545944,-0.05196833238005638,0.14802701771259308,0.02939329855144024,0.2809719741344452,0.2945641577243805,-0.41018322110176086,-0.18361395597457886,-0.37739133834838867],[-0.23869386315345764,0.1697821468114853,0.43465346097946167,-0.22030694782733917,0.1099155843257904,-0.107511006295681,0.17143645882606506,0.1670367568731308,-0.08791834861040115,-0.0969332829117775],[-0.12125010788440704,0.1206626296043396,-0.00781421922147274,0.3732965588569641,0.213835209608078,-0.16825440526008606,-0.11722961068153381,-0.4239014685153961,0.21558137238025665,-0.19375601410865784],[-0.2838200628757477,0.2301274538040161,0.0375799685716629,-0.16997398436069489,-0.05250193178653717,-0.3658299744129181,0.3198794722557068,-0.0917770117521286,0.00005621032323688269,-0.09887757152318954],[-0.16902662813663483,0.41299110651016235,-0.3056303858757019,0.2092772126197815,-0.3346470296382904,0.03301117196679115,-0.2947627007961273,-0.008378666825592518,0.16944637894630432,-0.11711667478084564],[0.03620392084121704,-0.19766290485858917,-0.12623949348926544,0.2273121476173401,0.2335296869277954,0.13878022134304047,0.011422247625887394,-0.0681626945734024,-0.10344643890857697,0.10074383020401001],[0.11626787483692169,0.18076388537883759,-0.1973276287317276,-0.14984238147735596,-0.26146742701530457,0.03083639405667782,-0.09179653972387314,-0.11313097923994064,0.10439127683639526,-0.26992225646972656],[-0.42790013551712036,-0.17839109897613525,-0.25572535395622253,-0.30208417773246765,-0.25798848271369934,0.019694263115525246,0.3049672245979309,-0.08429821580648422,-0.2106807827949524,-0.030512379482388496],[-0.38631975650787354,0.2508408725261688,-0.09577721357345581,-0.018424762412905693,-0.3703552782535553,0.36880800127983093,0.28109487891197205,-0.20753641426563263,0.07119234651327133,0.34559565782546997],[0.07418902963399887,-0.30164623260498047,0.03841810300946236,-0.09639592468738556,-0.050339020788669586,-0.09165860712528229,0.02829829230904579,-0.09727364778518677,0.32843899726867676,-0.13086563348770142],[-0.05670895054936409,-0.23068229854106903,0.1566397249698639,-0.24212728440761566,-0.07662573456764221,-0.15635253489017487,-0.2583417594432831,0.26638633012771606,-0.11063253879547119,-0.00300987483933568],[0.037138864398002625,-0.07764118909835815,-0.09813536703586578,-0.1387694925069809,0.06612954288721085,-0.04053853452205658,-0.15514695644378662,-0.06401357799768448,-0.3013262152671814,-0.13234232366085052],[-0.27824944257736206,0.2931077778339386,-0.044852133840322495,-0.10745732486248016,0.06011244282126427,-0.15650524199008942,-0.06571449339389801,-0.23315799236297607,0.034038886427879333,0.04044722393155098],[0.022365959361195564,-0.0658106654882431,-0.06268014013767242,0.2527247667312622,-0.20166684687137604,-0.4193515479564667,-0.024959353730082512,-0.23989787697792053,-0.2584151327610016,-0.42361074686050415],[0.039314497262239456,0.11777181923389435,0.2808903157711029,0.009737649001181126,-0.1559908539056778,0.09252206981182098,-0.03174274414777756,0.2698853015899658,-0.031380992382764816,-0.0704982727766037],[0.03910764679312706,-0.03457609564065933,0.0949055403470993,0.4154895842075348,-0.19538216292858124,0.16823247075080872,0.015506012365221977,0.07943051308393478,-0.17680315673351288,-0.07979270070791245],[-0.10270956158638,0.3019011318683624,-0.1958894282579422,-0.1413438469171524,-0.11005599051713943,-0.15556621551513672,0.004481220617890358,-0.41603949666023254,0.2605411112308502,-0.18517346680164337],[0.054361481219530106,0.06744248420000076,-0.12387923151254654,-0.30263084173202515,-0.04904384911060333,-0.11032816022634506,-0.3344055116176605,0.07864779233932495,-0.3317405879497528,-0.16863510012626648],[0.08166489750146866,-0.101485975086689,0.021508777514100075,-0.13109073042869568,0.22958378493785858,0.19823384284973145,-0.028812596574425697,-0.0731310322880745,0.11402514576911926,-0.02276032604277134],[0.1674264818429947,-0.10298773646354675,-0.06778490543365479,-0.16977842152118683,0.16124983131885529,-0.14428138732910156,0.21580754220485687,0.3238528072834015,0.3550596237182617,-0.2241511046886444],[-0.07811938226222992,-0.05635576322674751,0.2762572467327118,0.3134564459323883,0.02187851257622242,-0.003439319785684347,-0.04903366044163704,-0.19951938092708588,-0.14279524981975555,0.12940284609794617],[0.11840075999498367,-0.029420938342809677,0.09182144701480865,0.27299124002456665,0.38103771209716797,0.1497908979654312,0.10314944386482239,-0.32907626032829285,0.06503124535083771,-0.0063814157620072365],[0.15061306953430176,-0.2788022756576538,0.19676633179187775,0.05931292101740837,0.053937092423439026,-0.2549048066139221,-0.011656645685434341,0.15635374188423157,-0.02226538397371769,-0.24813418090343475],[0.007966329343616962,-0.17105557024478912,-0.3407769501209259,0.2936573028564453,0.34211012721061707,-0.1140814796090126,0.17403018474578857,-0.18994194269180298,-0.33586081862449646,-0.09482588618993759],[-0.28867030143737793,0.06632710993289948,0.33909693360328674,-0.1448976844549179,-0.05420198291540146,-0.22375334799289703,-0.13235779106616974,-0.1706549972295761,0.08083725720643997,-0.1008531004190445],[0.15487022697925568,0.13915492594242096,-0.27226337790489197,-0.08911706507205963,-0.15547318756580353,0.29538294672966003,-0.043492391705513,-0.05691738799214363,-0.20039381086826324,-0.17987051606178284],[0.015219039283692837,-0.2859291136264801,0.3230815529823303,0.2826869785785675,0.2742050290107727,0.1105864942073822,0.12171366065740585,0.10563509911298752,-0.004573180805891752,0.09337198734283447],[0.2370329201221466,-0.04328024387359619,0.3145615756511688,-0.14182250201702118,-0.192325159907341,-0.07788488268852234,0.05953820422291756,-0.07256165146827698,0.06318958103656769,0.2123030722141266],[0.11877785623073578,0.09735602140426636,-0.3526233434677124,-0.3065037131309509,-0.1099952980875969,0.15542028844356537,0.32247427105903625,-0.22163331508636475,0.09952480345964432,0.2662445902824402],[-0.08441939949989319,-0.2905256748199463,-0.3303338289260864,-0.12562580406665802,