{"params":{"desired_samples":16000,"window_size_samples":480,"window_stride_samples":160,"spectrogram_length":98,"fingerprint_width":40,"fingerprint_size":3920,"label_count":4,"sample_rate":16000,"preprocess":"mfcc","average_window_width":-1,"in_repeat":1,"data_url":"https:\/\/storage.googleapis.com\/download.tensorflow.org\/data\/speech_commands_v0.02.tar.gz","data_dir":"tmp\/speech_dataset\/","background_volume":0.1,"background_frequency":0.8,"silence_percentage":10.0,"unknown_percentage":10.0,"time_shift_ms":100.0,"seed":5,"testing_percentage":10,"validation_percentage":10,"clip_duration_ms":1000,"window_size_ms":30.0,"window_stride_ms":10.0,"feature_bin_count":40,"how_many_training_steps":"5,5","eval_step_interval":5,"learning_rate":"0.001,0.0001","batch_size":1,"summaries_dir":"results\/retrain_logs","wanted_words":"yes,no","train_dir":"results\/speech_commands_train","save_step_interval":1000,"start_checkpoint":"","model_architecture":"lsnn","check_nans":false,"quantize":false,"n_hidden":10,"n_layer":1,"dropout_prob":0.0,"print_every":10,"reg":0.001,"n_lif_frac":0.0,"beta":2.0,"tau_adaptation":98,"comment":"","n_thr_spikes":-1,"dampening_factor":0.3,"dt":1.0,"thr":0.01,"thr_min":0.005,"tau":20.0,"refr":2,"n_delay":0,"random_eprop":false,"eprop":false,"avg_spikes":true,"lipschitzness_loss":"kl","beta_lipschitzness":0.1,"step_size_lipschitzness":0.1,"num_steps_lipschitzness":10,"epsilon_lipschitzness":0.01,"use_epsilon_ball":true,"verbosity":20,"optimizer":"adam"},"rng_key":[1841151846,868113448],"theta":{"W_in":[[-0.057017602026462555,-0.2754713296890259,0.12020324915647507,-0.2803025543689728,0.28179842233657837,0.013203486800193787,0.03673567995429039,-0.07534869760274887,-0.22174105048179626,-0.40025594830513],[0.25833064317703247,-0.14326365292072296,-0.25914961099624634,0.03525780141353607,0.011699267663061619,0.10937996953725815,0.16806092858314514,0.00141964852809906,-0.05227547138929367,-0.024015847593545914],[-0.0985834002494812,-0.10742055624723434,-0.1731017678976059,0.07452303916215897,0.013699252158403397,0.17171427607536316,-0.18653374910354614,0.17513012886047363,-0.302106112241745,0.136984720826149],[-0.07169309258460999,-0.2623533308506012,-0.07300584763288498,-0.008666145615279675,-0.00021449783525895327,-0.008522176183760166,-0.21619324386119843,0.16397349536418915,0.014813374727964401,0.18833737075328827],[0.1372416913509369,0.26941168308258057,0.27890628576278687,0.11792808026075363,-0.24719098210334778,-0.030208883807063103,-0.26378896832466125,-0.3452148735523224,-0.4333387613296509,-0.06486330926418304],[0.28496286273002625,-0.4068433940410614,0.13179466128349304,0.10311376303434372,-0.17323297262191772,0.18706409633159637,0.036011889576911926,0.20685632526874542,0.37356433272361755,0.09059669077396393],[0.17701299488544464,-0.05830627307295799,-0.3570788502693176,0.0934750959277153,-0.20046551525592804,0.25756269693374634,0.24952420592308044,0.06999464333057404,-0.2555096447467804,-0.2760732173919678],[0.39747580885887146,-0.013534240424633026,-0.060780804604291916,-0.09066899865865707,0.009252752177417278,0.13880600035190582,-0.06284841150045395,-0.29871639609336853,-0.026406453922390938,0.07346514612436295],[0.11304358392953873,0.3019171357154846,-0.38496485352516174,-0.12829697132110596,-0.023631542921066284,0.07604841887950897,0.11704246699810028,-0.07586649805307388,-0.18443334102630615,0.16736239194869995],[0.0032464144751429558,-0.17546446621418,0.21311333775520325,0.07710974663496017,0.12587782740592957,-0.09341607242822647,0.09512747824192047,0.32139042019844055,0.23222176730632782,0.2827145755290985],[-0.03878296911716461,-0.26536792516708374,0.12736248970031738,-0.021686363965272903,0.10842502862215042,-0.17069514095783234,0.14708496630191803,-0.015365997329354286,0.12661142647266388,-0.15662196278572083],[-0.0948602482676506,0.08767348527908325,-0.03697798773646355,-0.3041214942932129,-0.2947697341442108,-0.1469210684299469,0.4170851409435272,0.20237013697624207,-0.07361757755279541,0.12375600636005402],[-0.2729284465312958,0.18721817433834076,0.09225275367498398,-0.4237825572490692,0.12161920219659805,-0.4373044967651367,0.02089807391166687,0.37521055340766907,0.013804781250655651,0.29302021861076355],[-0.07005058974027634,-0.23825125396251678,0.27724167704582214,-0.37328284978866577,0.053525276482105255,-0.13050279021263123,-0.022851519286632538,-0.09556169807910919,-0.12947076559066772,-0.09972517937421799],[-0.14756157994270325,-0.030866989865899086,0.025061117485165596,-0.4236384332180023,0.2300470769405365,0.04689992219209671,0.19120606780052185,0.296939492225647,0.21066568791866302,-0.07931889593601227],[-0.20974746346473694,0.044569969177246094,0.09602608531713486,-0.12284039705991745,-0.06047613173723221,-0.1936536580324173,0.2576233148574829,-0.25527307391166687,0.2902573049068451,-0.10870937258005142],[0.3895094692707062,0.002476332476362586,-0.22050626575946808,-0.047537870705127716,0.12195999920368195,-0.10811872035264969,-0.31731903553009033,0.08184882998466492,-0.22903543710708618,0.03427485004067421],[0.1543390452861786,0.11141369491815567,0.16422808170318604,0.024275515228509903,0.304680198431015,0.0182481799274683,-0.20424562692642212,0.15977522730827332,0.05951760709285736,-0.2436055988073349],[-0.02555512823164463,0.13867589831352234,0.04101359471678734,0.23492856323719025,0.09929223358631134,0.3137568533420563,-0.010743622668087482,-0.24766755104064941,0.023037154227495193,0.22416506707668304],[0.3722718358039856,0.22801394760608673,0.0770501047372818,0.1440058946609497,0.015055689960718155,0.007669063284993172,-0.10209570080041885,0.12909728288650513,-0.06894097477197647,0.012777997180819511],[-0.06629635393619537,-0.2072051465511322,0.4082790017127991,-0.22556574642658234,-0.15353363752365112,-0.008980361744761467,0.3642970323562622,-0.14205358922481537,-0.3428647816181183,-0.07846416532993317],[0.01100770104676485,-0.30002325773239136,-0.07732392847537994,0.3258014917373657,-0.15388469398021698,0.24792766571044922,-0.32363858819007874,-0.11691880226135254,0.025451980531215668,-0.19334185123443604],[0.35763460397720337,-0.29552900791168213,-0.3583109676837921,-0.09639766812324524,-0.1820327639579773,-0.0021588129457086325,-0.014838668517768383,-0.1196969598531723,-0.3078235685825348,0.0580829493701458],[0.07332389801740646,0.3787946105003357,0.12881962954998016,-0.04422188922762871,0.31728264689445496,0.3648974597454071,0.3291345536708832,-0.000882375577930361,0.05361767113208771,0.22285184264183044],[-0.10482925176620483,-0.15679679811000824,0.052807167172431946,-0.03199469670653343,0.0609571672976017,0.048393797129392624,0.15846775472164154,-0.2514806091785431,-0.25485917925834656,-0.16479739546775818],[0.37588831782341003,0.4035987854003906,0.10339806973934174,-0.08593060821294785,-0.17168386280536652,-0.03430402651429176,0.028381222859025,-0.0704863965511322,0.06691750884056091,0.1628829389810562],[0.19992312788963318,0.3327389657497406,0.12125598639249802,-0.2109411507844925,0.08445994555950165,-0.044414639472961426,0.12468519061803818,0.04834756627678871,0.1440071016550064,-0.04356350377202034],[-0.11035997420549393,0.14410340785980225,0.07899113744497299,-0.11257864534854889,0.15083086490631104,0.026174847036600113,-0.2865654230117798,-0.030959315598011017,0.019622009247541428,-0.18077713251113892],[0.18005773425102234,0.22016553580760956,0.15751752257347107,-0.23915305733680725,0.29577118158340454,0.25482597947120667,-0.040204018354415894,-0.021535687148571014,-0.3008117079734802,0.22950248420238495],[-0.21115849912166595,0.2709578275680542,0.23604555428028107,0.024674400687217712,0.22691555321216583,-0.14927558600902557,-0.03012104146182537,0.1460178643465042,-0.15092532336711884,0.14816826581954956],[0.3169819712638855,0.21103554964065552,0.0759274885058403,-0.11306239664554596,0.10926199704408646,0.3236875832080841,0.33060386776924133,-0.1922139823436737,-0.08695846050977707,0.3849823474884033],[-0.06692329794168472,-0.02708861231803894,0.15864808857440948,