{"params":{"desired_samples":16000,"window_size_samples":480,"window_stride_samples":160,"spectrogram_length":98,"fingerprint_width":40,"fingerprint_size":3920,"label_count":4,"sample_rate":16000,"preprocess":"mfcc","average_window_width":-1,"in_repeat":1,"data_url":"https:\/\/storage.googleapis.com\/download.tensorflow.org\/data\/speech_commands_v0.02.tar.gz","data_dir":"tmp\/speech_dataset\/","background_volume":0.1,"background_frequency":0.8,"silence_percentage":10.0,"unknown_percentage":10.0,"time_shift_ms":100.0,"seed":2,"testing_percentage":10,"validation_percentage":10,"clip_duration_ms":1000,"window_size_ms":30.0,"window_stride_ms":10.0,"feature_bin_count":40,"how_many_training_steps":"5,5","eval_step_interval":5,"learning_rate":"0.001,0.0001","batch_size":1,"summaries_dir":"results\/retrain_logs","wanted_words":"yes,no","train_dir":"results\/speech_commands_train","save_step_interval":1000,"start_checkpoint":"","model_architecture":"lsnn","check_nans":false,"quantize":false,"n_hidden":10,"n_layer":1,"dropout_prob":0.0,"print_every":10,"reg":0.001,"n_lif_frac":0.0,"beta":2.0,"tau_adaptation":98,"comment":"","n_thr_spikes":-1,"dampening_factor":0.3,"dt":1.0,"thr":0.01,"thr_min":0.005,"tau":20.0,"refr":2,"n_delay":0,"random_eprop":false,"eprop":false,"avg_spikes":true,"lipschitzness_loss":"kl","beta_lipschitzness":1.0,"step_size_lipschitzness":0.1,"num_steps_lipschitzness":10,"epsilon_lipschitzness":0.01,"use_epsilon_ball":true,"verbosity":20,"optimizer":"adam"},"rng_key":[1768663324,2502910401],"theta":{"W_in":[[0.0200857724994421,0.25844329595565796,-0.17177259922027588,0.2941955327987671,-0.374612033367157,0.33848533034324646,0.20576196908950806,-0.2091565877199173,-0.19601592421531677,0.2741806209087372],[-0.026287809014320374,-0.39040622115135193,-0.08644140511751175,0.18693241477012634,0.004810446407645941,0.35556232929229736,0.028997043147683144,0.05018799379467964,0.12006453424692154,0.2014794498682022],[0.08072278648614883,0.04756934940814972,-0.05215044692158699,0.14802186191082,0.029390491545200348,0.2809284031391144,0.29454997181892395,-0.41056305170059204,-0.18365232646465302,-0.3773913085460663],[-0.23868811130523682,0.16978909075260162,0.43473219871520996,-0.2203444391489029,0.10992814600467682,-0.10756253451108932,0.1714807003736496,0.16690438985824585,-0.08788421005010605,-0.09693405032157898],[-0.12124358862638474,0.120675228536129,-0.008018582127988338,0.37326744198799133,0.21382805705070496,-0.1682395488023758,-0.11722473055124283,-0.42388683557510376,0.21554948389530182,-0.1937577724456787],[-0.28381139039993286,0.230142280459404,0.037574995309114456,-0.16998159885406494,-0.0524977445602417,-0.36575213074684143,0.31987783312797546,-0.09189657866954803,0.00004132465255679563,-0.09887781739234924],[-0.16902218759059906,0.41299036145210266,-0.306003212928772,0.20926369726657867,-0.33464449644088745,0.03304792940616608,-0.2947608232498169,-0.008516374044120312,0.16938410699367523,-0.11711864918470383],[0.036213237792253494,-0.19763627648353577,-0.12617462873458862,0.22731171548366547,0.23351873457431793,0.13879188895225525,0.011424071155488491,-0.06795970350503922,-0.10343798249959946,0.10074438899755478],[0.11625299602746964,0.18076471984386444,-0.19736626744270325,-0.1498316526412964,-0.26148104667663574,0.03081173449754715,-0.09179835766553879,-0.11290906369686127,0.1043563112616539,-0.26992088556289673],[-0.4279003143310547,-0.178395614027977,-0.2560947835445404,-0.3020644783973694,-0.25798726081848145,0.0196343082934618,0.30496224761009216,-0.08442510664463043,-0.21073319017887115,-0.03051166795194149],[-0.3863268792629242,0.2508262097835541,-0.0959574356675148,-0.018413105979561806,-0.3703637421131134,0.3687305450439453,0.2810954451560974,-0.20782378315925598,0.07114695757627487,0.3455960750579834],[0.07419770210981369,-0.3016192317008972,0.03825562074780464,-0.09640923142433167,-0.05033748969435692,-0.09158172458410263,0.028304608538746834,-0.0972098782658577,0.3284395635128021,-0.130865216255188],[-0.056710656732320786,-0.23064616322517395,0.15651704370975494,-0.2421247363090515,-0.07662305235862732,-0.15658867359161377,-0.2583297789096832,0.2661484181880951,-0.11066481471061707,-0.003009731648489833],[0.037133753299713135,-0.07764751464128494,-0.09825202822685242,-0.13876578211784363,0.06611934304237366,-0.04052877426147461,-0.15517961978912354,-0.0639752745628357,-0.30134278535842896,-0.13234122097492218],[-0.2782629728317261,0.2931084632873535,-0.04498354718089104,-0.10742714256048203,0.06011408194899559,-0.15652067959308624,-0.06571375578641891,-0.23317675292491913,0.03393631428480148,0.04044673219323158],[0.022360432893037796,-0.06581296771764755,-0.06277420371770859,0.2527194619178772,-0.20167304575443268,-0.41939201951026917,-0.024966003373265266,-0.23980769515037537,-0.25844475626945496,-0.42360919713974],[0.03931779786944389,0.11777611076831818,0.2807818651199341,0.00974623579531908,-0.15598052740097046,0.0925266444683075,-0.03174291551113129,0.26989272236824036,-0.031456802040338516,-0.07049790769815445],[0.039106957614421844,-0.034574124962091446,0.09495483338832855,0.415495365858078,-0.19539199769496918,0.16817671060562134,0.015506087802350521,0.07950076460838318,-0.17681685090065002,-0.07979189604520798],[-0.10270919650793076,0.3019087612628937,-0.1959739327430725,-0.1413794755935669,-0.11006540805101395,-0.15550826489925385,0.004483201541006565,-0.4160176217556,0.2605212926864624,-0.18517382442951202],[0.05436192452907562,0.0674348846077919,-0.12367092072963715,-0.3026364743709564,-0.0490400530397892,-0.11036950349807739,-0.33440905809402466,0.07860881090164185,-0.3317236006259918,-0.1686355322599411],[0.08165532350540161,-0.10148540884256363,0.02169971913099289,-0.1310994178056717,0.22958672046661377,0.19818636775016785,-0.028811676427721977,-0.07313864678144455,0.11403153836727142,-0.02276049554347992],[0.1674182265996933,-0.10298885405063629,-0.06769177317619324,-0.169783815741539,0.16124574840068817,-0.14435362815856934,0.21580645442008972,0.3238702714443207,0.35523268580436707,-0.2241508662700653],[-0.07813100516796112,-0.056358665227890015,0.2761949300765991,0.313444048166275,0.021874925121665,-0.0034799878485500813,-0.04903573915362358,-0.1995527744293213,-0.142745241522789,0.12940280139446259],[0.11839891225099564,-0.029417123645544052,0.09220181405544281,0.27299490571022034,0.3810339868068695,0.14977627992630005,0.10314445942640305,-0.3289852738380432,0.06513242423534393,-0.006380175705999136],[0.1506073921918869,-0.2787979543209076,0.1971188485622406,0.05931597575545311,0.053934965282678604,-0.25493913888931274,-0.011660760268568993,0.15640246868133545,-0.022167060524225235,-0.2481330782175064],[0.007959989830851555,-0.17105215787887573,-0.34104058146476746,0.29365473985671997,0.3421098291873932,-0.11407008022069931,0.17404046654701233,-0.19017590582370758,-0.3359088897705078,-0.09482503682374954],[-0.28866124153137207,0.06633277982473373,0.33894097805023193,-0.14490753412246704,-0.054201554507017136,-0.22371962666511536,-0.1323542445898056,-0.1704413741827011,0.08084789663553238,-0.10085215419530869],[0.1548730581998825,0.13915856182575226,-0.2723312973976135,-0.08913358300924301,-0.15547321736812592,0.2954069972038269,-0.04350042715668678,-0.0574876070022583,-0.20041552186012268,-0.1798696368932724],[0.015212008729577065,-0.2859390377998352,0.3233289122581482,0.28268247842788696,0.2742004096508026,0.11067233234643936,0.12171189486980438,0.10579954087734222,-0.004574361722916365,0.0933719202876091],[0.23703326284885406,-0.043286941945552826,0.3145766854286194,-0.14183075726032257,-0.19231612980365753,-0.0778735801577568,0.0595325268805027,-0.072637639939785,0.06319047510623932,0.2123018354177475],[0.11879052966833115,0.09736233204603195,-0.35226690769195557,-0.3064999580383301,-0.10999076068401337,0.15541234612464905,0.3224877417087555,-0.22150489687919617,0.09963670372962952,0.2662425935268402],[-0.08439893275499344,-0.29051855206489563,-0.3299914598464966,-0.12561991810798645,