{"params":{"desired_samples":16000,"window_size_samples":480,"window_stride_samples":160,"spectrogram_length":98,"fingerprint_width":40,"fingerprint_size":3920,"label_count":4,"sample_rate":16000,"preprocess":"mfcc","average_window_width":-1,"in_repeat":1,"data_url":"https:\/\/storage.googleapis.com\/download.tensorflow.org\/data\/speech_commands_v0.02.tar.gz","data_dir":"tmp\/speech_dataset\/","background_volume":0.1,"background_frequency":0.8,"silence_percentage":10.0,"unknown_percentage":10.0,"time_shift_ms":100.0,"seed":0,"testing_percentage":10,"validation_percentage":10,"clip_duration_ms":1000,"window_size_ms":30.0,"window_stride_ms":10.0,"feature_bin_count":40,"how_many_training_steps":"5,5","eval_step_interval":5,"learning_rate":"0.001,0.0001","batch_size":1,"summaries_dir":"results\/retrain_logs","wanted_words":"yes,no","train_dir":"results\/speech_commands_train","save_step_interval":1000,"start_checkpoint":"","model_architecture":"lsnn","check_nans":false,"quantize":false,"n_hidden":10,"n_layer":1,"dropout_prob":0.0,"print_every":10,"reg":0.001,"n_lif_frac":0.0,"beta":2.0,"tau_adaptation":98,"comment":"","n_thr_spikes":-1,"dampening_factor":0.3,"dt":1.0,"thr":0.01,"thr_min":0.005,"tau":20.0,"refr":2,"n_delay":0,"random_eprop":false,"eprop":false,"avg_spikes":true,"lipschitzness_loss":"kl","beta_lipschitzness":0.0,"step_size_lipschitzness":0.1,"num_steps_lipschitzness":10,"epsilon_lipschitzness":0.01,"use_epsilon_ball":true,"verbosity":20,"optimizer":"adam"},"rng_key":[1284709333,4248490789],"theta":{"W_in":[[-0.32690346240997314,-0.041613779962062836,0.12060749530792236,-0.017050694674253464,-0.340230256319046,0.22315269708633423,0.04960881918668747,-0.22983744740486145,-0.07960662245750427,0.06615801900625229],[-0.23529867827892303,0.27756214141845703,-0.09724839776754379,-0.4018649756908417,0.009318736381828785,-0.06907252222299576,0.08273182064294815,-0.1913163661956787,0.22521843016147614,-0.13692666590213776],[0.1598634123802185,-0.09730257838964462,-0.23534728586673737,-0.0004433333524502814,-0.22749923169612885,0.17935751378536224,0.22978155314922333,-0.38124561309814453,0.16922982037067413,-0.07987122982740402],[-0.34409868717193604,-0.07680937647819519,-0.13409961760044098,-0.37853920459747314,-0.010261406190693378,0.07612001150846481,-0.09962357580661774,-0.22274981439113617,0.3035566806793213,0.043592438101768494],[-0.21225178241729736,0.22482919692993164,-0.24631741642951965,0.13712078332901,-0.22832290828227997,0.13760456442832947,0.035923805087804794,0.07847657054662704,0.09317966550588608,0.006959889084100723],[-0.2845010757446289,0.374223530292511,0.10145598649978638,-0.15438872575759888,0.061592016369104385,0.20906318724155426,-0.2714225947856903,-0.11433058232069016,-0.1828889399766922,0.23874904215335846],[-0.32420915365219116,0.16713947057724,0.40028542280197144,-0.2630941867828369,0.21575972437858582,0.054472651332616806,0.17174574732780457,0.11947817355394363,-0.019749615341424942,-0.006938863079994917],[0.06605594605207443,0.05223290994763374,-0.04410067945718765,0.14140397310256958,-0.028421014547348022,-0.06225759536027908,-0.10993850976228714,0.050797417759895325,-0.007022007368505001,-0.10243560373783112],[0.10309925675392151,0.27308082580566406,-0.17789846658706665,-0.17705664038658142,0.21816059947013855,0.2467997670173645,-0.154878631234169,-0.14602059125900269,0.2724978029727936,0.05065333470702171],[0.3666689991950989,-0.27331337332725525,-0.25704675912857056,-0.24039649963378906,0.11521448940038681,0.12094072997570038,-0.06035556644201279,0.06381512433290482,0.0529295951128006,-0.2933439612388611],[0.014816380105912685,-0.007324558217078447,-0.28685420751571655,0.32082661986351013,0.06768500059843063,-0.13338331878185272,0.07033739238977432,-0.3928297758102417,0.30456671118736267,0.13596591353416443],[-0.05363934859633446,0.21104171872138977,0.17750900983810425,-0.07955964654684067,-0.16548480093479156,-0.10285923629999161,-0.12345906347036362,-0.3793703019618988,0.20799852907657623,-0.02974587120115757],[-0.017201535403728485,0.05768240615725517,-0.4316096007823944,0.15788570046424866,-0.0905451700091362,0.050670523196458817,-0.3410254418849945,0.02037937194108963,0.3903442323207855,-0.16527698934078217],[0.11347834020853043,-0.23897235095500946,-0.2424173504114151,0.0681694746017456,0.1676151603460312,-0.2129945009946823,0.18545886874198914,0.20771373808383942,-0.02513829804956913,-0.07385347038507462],[0.19744902849197388,0.029002178460359573,-0.4243521988391876,-0.27053362131118774,-0.27012091875076294,-0.2775474190711975,-0.052023883908987045,0.027741892263293266,0.07121524214744568,0.34002357721328735],[0.001201594015583396,0.1137404814362526,0.09937841445207596,0.08295538276433945,0.1723681539297104,-0.22081425786018372,0.05764622613787651,0.03017805889248848,0.4084424376487732,-0.01014910452067852],[-0.022705035284161568,-0.05289606377482414,-0.03951001912355423,-0.12268417328596115,-0.24221083521842957,0.22852124273777008,0.10166327655315399,-0.2841799557209015,0.31512412428855896,-0.0727076455950737],[0.21545277535915375,0.02754586935043335,-0.04750903695821762,-0.20678439736366272,0.2700764536857605,0.2467271387577057,-0.01651632785797119,0.21366389095783234,-0.13586369156837463,-0.24049924314022064],[-0.07055403292179108,0.03869558870792389,-0.14201447367668152,-0.0017688566586002707,-0.1366673856973648,-0.03986302763223648,0.36878645420074463,0.2535281181335449,-0.31271880865097046,-0.23480500280857086],[0.017911436036229134,-0.1469721645116806,0.02240825444459915,0.030705716460943222,-0.29407018423080444,0.2002488374710083,0.2713303565979004,-0.27949652075767517,-0.1519734412431717,0.38244888186454773],[0.006588338874280453,-0.1663731336593628,0.21772466599941254,0.10257575660943985,0.20130878686904907,-0.23439869284629822,0.22482015192508698,0.017263170331716537,-0.3286166489124298,0.19450722634792328],[-0.001777256140485406,0.19163621962070465,-0.08376584202051163,-0.327670693397522,-0.05334038659930229,0.3955230116844177,0.07130631804466248,0.24469712376594543,-0.09428942948579788,0.204435333609581],[-0.34360361099243164,-0.2045232057571411,0.03377930074930191,-0.014738556928932667,-0.37776878476142883,-0.20326124131679535,-0.1408850997686386,0.023444175720214844,-0.03820543363690376,-0.14960336685180664],[-0.049568574875593185,-0.13113293051719666,-0.0005574855022132397,-0.260938435792923,0.037046030163764954,-0.21978522837162018,0.0019154850160703063,0.20869077742099762,0.14115232229232788,0.07857246696949005],[-0.21683047711849213,-0.3032448887825012,-0.0197895634919405,0.3599076271057129,-0.07371841371059418,-0.09980621933937073,0.29423850774765015,-0.1888851523399353,0.3204265534877777,0.3975561559200287],[0.3449991047382355,0.11753041297197342,0.41983941197395325,-0.2950364053249359,-0.021829446777701378,0.22923563420772552,-0.24932929873466492,-0.0206333938986063,-0.11773773282766342,0.24573533236980438],[-0.364474892616272,0.1683340072631836,-0.109043650329113,-0.04876541346311569,-0.11430390924215317,0.09178426861763,-0.454354465007782,-0.11939415335655212,-0.1545897275209427,-0.07021310180425644],[-0.17594341933727264,0.015156818553805351,-0.2897948622703552,0.1671338677406311,-0.2540568709373474,0.26939478516578674,-0.13889706134796143,-0.1048879623413086,0.06771023571491241,0.08215539157390594],[-0.17055626213550568,0.16864261031150818,-0.12922024726867676,-0.04129651188850403,0.30097052454948425,-0.0835036039352417,-0.4082026481628418,-0.34744173288345337,0.013883660547435284,-0.06053190678358078],[-0.09693053364753723,-0.20314346253871918,-0.17449040710926056,-0.024171452969312668,-0.00502199400216341,-0.14541198313236237,0.03749676048755646,0.17925472557544708,-0.11149590462446213,0.06445349007844925],[-0.18477675318717957,0.16784575581550598,0.026549581438302994,0.18148352205753326,-0.14192529022693634,-0.3578096926212311,-0.0025401804596185684,-0.2782635986804962,-0.02148578315973282,-0.1069294661283493],[0.08875574171543121,-0.22877877950668335,-0.10569582134485245,