{"params":{"desired_samples":16000,"window_size_samples":480,"window_stride_samples":160,"spectrogram_length":98,"fingerprint_width":40,"fingerprint_size":3920,"label_count":4,"sample_rate":16000,"preprocess":"mfcc","average_window_width":-1,"in_repeat":1,"data_url":"https:\/\/storage.googleapis.com\/download.tensorflow.org\/data\/speech_commands_v0.02.tar.gz","data_dir":"tmp\/speech_dataset\/","background_volume":0.1,"background_frequency":0.8,"silence_percentage":10.0,"unknown_percentage":10.0,"time_shift_ms":100.0,"seed":8,"testing_percentage":10,"validation_percentage":10,"clip_duration_ms":1000,"window_size_ms":30.0,"window_stride_ms":10.0,"feature_bin_count":40,"how_many_training_steps":"5,5","eval_step_interval":5,"learning_rate":"0.001,0.0001","batch_size":1,"summaries_dir":"results\/retrain_logs","wanted_words":"yes,no","train_dir":"results\/speech_commands_train","save_step_interval":1000,"start_checkpoint":"","model_architecture":"lsnn","check_nans":false,"quantize":false,"n_hidden":10,"n_layer":1,"dropout_prob":0.0,"print_every":10,"reg":0.001,"n_lif_frac":0.0,"beta":2.0,"tau_adaptation":98,"comment":"","n_thr_spikes":-1,"dampening_factor":0.3,"dt":1.0,"thr":0.01,"thr_min":0.005,"tau":20.0,"refr":2,"n_delay":0,"random_eprop":false,"eprop":false,"avg_spikes":true,"lipschitzness_loss":"kl","beta_lipschitzness":0.01,"step_size_lipschitzness":0.1,"num_steps_lipschitzness":10,"epsilon_lipschitzness":0.01,"use_epsilon_ball":true,"verbosity":20,"optimizer":"adam"},"rng_key":[28457226,2692427827],"theta":{"W_in":[[-0.13535454869270325,-0.09611044079065323,-0.2695418894290924,-0.0228850319981575,0.28703388571739197,-0.01863124407827854,0.3917366564273834,-0.06788750737905502,0.2653752267360687,0.0366283617913723],[-0.0989159569144249,-0.001045818324200809,0.1947774440050125,-0.14227168262004852,0.14327096939086914,-0.21209821105003357,0.0036643121857196093,-0.3676454424858093,0.14967140555381775,-0.37709230184555054],[-0.04491489753127098,-0.24259795248508453,0.1251935064792633,0.22580116987228394,-0.11982754617929459,0.08504293859004974,0.3347967863082886,-0.2520155608654022,0.22339512407779694,-0.20242774486541748],[-0.20360781252384186,0.040995121002197266,0.02711796760559082,0.34731540083885193,-0.18357966840267181,0.009055071510374546,-0.2535107433795929,0.03428217023611069,-0.24333620071411133,0.08492440730333328],[0.27786514163017273,0.20978839695453644,0.1435198187828064,-0.1962975412607193,0.004209943115711212,-0.11429529637098312,0.216375470161438,-0.16946950554847717,-0.16411970555782318,0.37088173627853394],[-0.18765978515148163,0.00039826668216846883,-0.05938677117228508,-0.27519434690475464,-0.001069558085873723,-0.15307332575321198,0.3346746563911438,-0.01665479876101017,0.0033741677179932594,-0.0010599760571494699],[0.1489764004945755,-0.052099864929914474,-0.19147039949893951,-0.1872471272945404,0.17905189096927643,-0.31130945682525635,-0.34744468331336975,-0.3596847355365753,0.25071820616722107,0.17300744354724884],[-0.06898429244756699,-0.2809183895587921,-0.008284213952720165,-0.27328768372535706,0.06565790623426437,0.0502718910574913,-0.2971671223640442,0.061067987233400345,-0.356386661529541,0.03758036717772484],[-0.02357538789510727,0.17756614089012146,0.29379770159721375,0.08104570209980011,0.17488090693950653,-0.10778994113206863,-0.05942023545503616,-0.08298536390066147,-0.1719209849834442,0.13759441673755646],[0.36867755651474,-0.03397471830248833,0.31014448404312134,0.073558010160923,0.05364120751619339,-0.20551596581935883,-0.15865270793437958,-0.17968153953552246,-0.16066958010196686,-0.1384442150592804],[0.34823620319366455,-0.03729705139994621,-0.24633727967739105,-0.30097633600234985,0.27429574728012085,0.09073487669229507,-0.2962115406990051,-0.33281201124191284,-0.27281513810157776,0.3036472797393799],[-0.17024779319763184,-0.11390694230794907,0.04481130465865135,-0.14650774002075195,-0.04691460728645325,0.37839362025260925,-0.14509591460227966,0.04249659180641174,0.003086199751123786,-0.027399782091379166],[-0.22571435570716858,0.13201531767845154,0.08991644531488419,-0.10033519566059113,0.16816893219947815,0.027095753699541092,-0.07705949246883392,0.2597361207008362,0.11952211707830429,-0.11665042489767075],[-0.1801101565361023,0.18061164021492004,0.19900530576705933,-0.07779236137866974,0.02000713162124157,0.07192611694335938,-0.05664479732513428,-0.34262990951538086,0.21543876826763153,-0.33481934666633606],[0.05238178372383118,0.06818093359470367,-0.09093964099884033,0.12189909815788269,-0.1076214388012886,0.38954317569732666,0.013359151780605316,0.05902532488107681,-0.15843917429447174,-0.21889089047908783],[-0.31015264987945557,0.16106098890304565,0.022113747894763947,0.22366778552532196,0.1570727378129959,0.24547679722309113,0.07271910458803177,0.1186421811580658,-0.26026442646980286,0.15629690885543823],[0.2535230815410614,0.21668493747711182,-0.08939220756292343,-0.04941301792860031,-0.027569713070988655,-0.07542888820171356,-0.2895042598247528,-0.14427296817302704,-0.10530490428209305,0.3294428288936615],[-0.19101682305335999,0.11086368560791016,0.11241089552640915,-0.12725505232810974,0.038899052888154984,-0.07119082659482956,-0.13609819114208221,-0.3198734223842621,-0.22397007048130035,-0.2816482484340668],[-0.1050911545753479,-0.034934308379888535,-0.2975419759750366,0.09086491912603378,0.08271913230419159,-0.3271006941795349,-0.10873838514089584,0.2141561657190323,-0.01932459883391857,0.21102574467658997],[-0.03081406094133854,0.141160249710083,0.11759142577648163,0.22925817966461182,0.08889415115118027,-0.06136017292737961,0.15031470358371735,0.0318877138197422,-0.4063357710838318,-0.16208261251449585],[-0.29974839091300964,-0.41534775495529175,0.10890278965234756,0.2650975286960602,0.022567950189113617,0.07619693875312805,0.3794371485710144,-0.14833992719650269,0.17576557397842407,-0.09665878862142563],[0.11623376607894897,-0.22666321694850922,-0.12221284210681915,0.16788654029369354,-0.10616569966077805,0.05128791555762291,-0.1122281476855278,0.11422687023878098,-0.17227865755558014,-0.2768568694591522],[0.0025196815840899944,0.20666339993476868,0.22009208798408508,0.09543562680482864,-0.3566407561302185,0.001480759703554213,0.2677783668041229,-0.12861637771129608,0.1610039472579956,0.20448854565620422],[-0.03715215623378754,0.05681278184056282,-0.2722482979297638,-0.017270706593990326,-0.366605669260025,0.24252945184707642,0.08089973777532578,-0.35653749108314514,0.270768940448761,-0.07071399688720703],[-0.12229125201702118,-0.09205078333616257,0.07170768082141876,0.3877672255039215,-0.01649722456932068,-0.04302502050995827,-0.3479403853416443,-0.02116335928440094,0.09475351870059967,0.00847390666604042],[0.05899786576628685,0.209293931722641,-0.34892407059669495,-0.18217569589614868,0.11436846852302551,-0.050275616347789764,-0.1119711697101593,-0.3494075536727905,-0.3703509271144867,0.26312947273254395],[0.22875702381134033,0.1790248304605484,0.16643843054771423,-0.016662945970892906,0.111741803586483,-0.09967955946922302,0.13523420691490173,0.27342671155929565,0.10113722831010818,-0.1632484793663025],[0.06705623120069504,0.11043313145637512,-0.08195237815380096,-0.05536448583006859,-0.09519576281309128,-0.11694435775279999,-0.390351802110672,0.3847590684890747,0.2055893987417221,0.011964509263634682],[0.06381412595510483,0.1085967868566513,-0.33779507875442505,0.26664575934410095,0.01805374212563038,0.18139123916625977,-0.015624377876520157,0.17975910007953644,0.23985983431339264,-0.2615615129470825],[-0.11721266806125641,-0.2582022249698639,-0.07988470792770386,0.41994714736938477,-0.21478994190692902,-0.018008405342698097,-0.07765607535839081,-0.12800592184066772,0.21680347621440887,0.39801380038261414],[0.026291146874427795,0.1466921716928482,0.21048662066459656,0.3089396059513092,0.23341669142246246,0.3818037807941437,0.11114716529846191,0.12626223266124725,-0.2020590603351593,-0.2085539698600769],[-0.03036932274699211,0.10445042699575424,-0.14182567596435547,-0.20140522718429565,