{"params":{"desired_samples":16000,"window_size_samples":480,"window_stride_samples":160,"spectrogram_length":98,"fingerprint_width":40,"fingerprint_size":3920,"label_count":4,"sample_rate":16000,"preprocess":"mfcc","average_window_width":-1,"in_repeat":1,"data_url":"https:\/\/storage.googleapis.com\/download.tensorflow.org\/data\/speech_commands_v0.02.tar.gz","data_dir":"tmp\/speech_dataset\/","background_volume":0.1,"background_frequency":0.8,"silence_percentage":10.0,"unknown_percentage":10.0,"time_shift_ms":100.0,"seed":7,"testing_percentage":10,"validation_percentage":10,"clip_duration_ms":1000,"window_size_ms":30.0,"window_stride_ms":10.0,"feature_bin_count":40,"how_many_training_steps":"5,5","eval_step_interval":5,"learning_rate":"0.001,0.0001","batch_size":1,"summaries_dir":"results\/retrain_logs","wanted_words":"yes,no","train_dir":"results\/speech_commands_train","save_step_interval":1000,"start_checkpoint":"","model_architecture":"lsnn","check_nans":false,"quantize":false,"n_hidden":10,"n_layer":1,"dropout_prob":0.0,"print_every":10,"reg":0.001,"n_lif_frac":0.0,"beta":2.0,"tau_adaptation":98,"comment":"","n_thr_spikes":-1,"dampening_factor":0.3,"dt":1.0,"thr":0.01,"thr_min":0.005,"tau":20.0,"refr":2,"n_delay":0,"random_eprop":false,"eprop":false,"avg_spikes":true,"lipschitzness_loss":"kl","beta_lipschitzness":1.0,"step_size_lipschitzness":0.1,"num_steps_lipschitzness":10,"epsilon_lipschitzness":0.01,"use_epsilon_ball":true,"verbosity":20,"optimizer":"adam"},"rng_key":[3621364268,2504296864],"theta":{"W_in":[[0.03363930433988571,-0.12027399986982346,-0.3382253646850586,-0.29289722442626953,0.40661749243736267,-0.2338031828403473,-0.16078385710716248,0.09478376060724258,-0.0006190295680426061,0.05775207653641701],[0.38949209451675415,-0.35811954736709595,-0.11639517545700073,0.2622414529323578,0.1912970244884491,0.03380893915891647,0.2335536628961563,-0.1375860571861267,-0.20709162950515747,-0.3871108889579773],[0.1611444354057312,-0.14215679466724396,0.38614898920059204,-0.21197612583637238,-0.030644459649920464,0.4530772268772125,-0.17843610048294067,0.1524430215358734,-0.333861380815506,0.020132098346948624],[-0.0419764406979084,-0.21561937034130096,0.09551176428794861,0.22470693290233612,-0.05397181585431099,0.1592901349067688,0.11063361167907715,-0.05790829285979271,0.06043381243944168,-0.279819518327713],[-0.06251820921897888,0.0028634262271225452,-0.2023184597492218,-0.058505021035671234,-0.09684643894433975,-0.13457933068275452,0.012611700221896172,-0.26868772506713867,-0.138710618019104,0.15587317943572998],[0.020753081887960434,0.2535233199596405,-0.05704545974731445,0.0215600598603487,0.24431133270263672,-0.1345101147890091,0.1503256857395172,-0.42464080452919006,-0.14140963554382324,0.22911128401756287],[-0.06055750325322151,-0.0074006179347634315,0.18441084027290344,0.20816469192504883,-0.17382346093654633,0.31046342849731445,-0.05711871013045311,0.2155078649520874,-0.2644575834274292,-0.2821456789970398],[0.1585966944694519,-0.20902451872825623,0.19009847939014435,-0.07697957754135132,-0.05780975893139839,-0.010253308340907097,0.11355562508106232,-0.29668304324150085,-0.3533472418785095,-0.24322685599327087],[-0.1843845099210739,-0.13150028884410858,0.07123496383428574,-0.2213752567768097,0.1978941410779953,0.1145661249756813,0.1738099753856659,-0.19877399504184723,0.037900377064943314,0.0543159656226635],[-0.17901580035686493,0.29817014932632446,-0.11323094367980957,0.2045498788356781,0.18040017783641815,-0.33864662051200867,-0.04238925501704216,-0.2602929174900055,0.0877339169383049,0.23330433666706085],[-0.4000513553619385,0.0037615445908159018,-0.1556585729122162,0.4061776399612427,0.24173083901405334,-0.2611359655857086,0.09119413793087006,-0.17898677289485931,-0.0707147866487503,0.2060880959033966],[0.3389394283294678,-0.07534150034189224,-0.01815318875014782,-0.05963895842432976,-0.04179619252681732,-0.08817549794912338,0.1906040608882904,0.19793526828289032,-0.12362521886825562,-0.14396505057811737],[0.007803016807883978,-0.2138129472732544,0.15500511229038239,0.027523983269929886,0.3397749662399292,0.14100541174411774,0.27114343643188477,0.09668352454900742,-0.09092984348535538,-0.14990027248859406],[-0.05414737015962601,0.25089165568351746,0.041746851056814194,-0.19904524087905884,0.27873072028160095,-0.07687373459339142,-0.08031530678272247,0.19790440797805786,-0.029168330132961273,-0.1402137577533722],[0.30254843831062317,-0.1641816943883896,-0.25062304735183716,-0.34584739804267883,0.15567165613174438,0.248234823346138,0.4010421335697174,0.062082961201667786,0.35043877363204956,0.14055229723453522],[0.34712114930152893,-0.08164262771606445,-0.07673291116952896,0.01787928305566311,0.027756446972489357,0.22544683516025543,0.2683568000793457,-0.03255119547247887,-0.18280678987503052,0.014579986222088337],[-0.2781716287136078,0.20017662644386292,-0.09823313355445862,0.3198157846927643,-0.2923416197299957,0.15042991936206818,0.19912423193454742,0.10378450900316238,-0.09313085675239563,-0.18194159865379333],[0.18409223854541779,-0.03495068475604057,-0.032682884484529495,0.014582609757781029,0.3016497492790222,0.37340986728668213,-0.4084690809249878,0.4221523404121399,0.1225271224975586,0.24145478010177612],[-0.012906964868307114,-0.40991559624671936,-0.033427853137254715,-0.22120536863803864,-0.2533367872238159,0.05698695033788681,0.0445738285779953,-0.2336059808731079,-0.17805610597133636,0.4404236376285553],[0.002239827997982502,-0.06249525398015976,0.3483107388019562,0.22112372517585754,-0.15202687680721283,-0.21546752750873566,0.06911199539899826,-0.22880198061466217,0.1150188148021698,-0.19266308844089508],[-0.238302081823349,0.2186281383037567,-0.03375444561243057,0.17441968619823456,0.05465959012508392,0.187536358833313,-0.391501784324646,0.007402078714221716,0.037088312208652496,-0.121022529900074],[-0.08757415413856506,-0.2730898857116699,-0.05162448436021805,-0.20136670768260956,0.11648587882518768,-0.3114457428455353,0.10653133690357208,0.3871966004371643,0.2996477484703064,-0.158932626247406],[-0.36023232340812683,-0.20958586037158966,0.06726300716400146,0.07405057549476624,0.185461163520813,0.26263609528541565,-0.4194915294647217,0.039126262068748474,0.15712635219097137,0.22388842701911926],[-0.07881812006235123,0.11354029178619385,0.26251330971717834,-0.33537885546684265,0.14384734630584717,0.09720971435308456,0.04416904225945473,-0.3713671565055847,0.012396635487675667,0.3760491609573364],[-0.2270582765340805,-0.2982027232646942,0.21906261146068573,0.2542552649974823,0.09236568212509155,-0.06693866103887558,-0.3784567713737488,0.06441433727741241,-0.34614741802215576,0.15975117683410645],[0.13304543495178223,-0.13788850605487823,0.0012884939787909389,0.4464453160762787,0.03451186418533325,-0.18236225843429565,-0.012846224941313267,-0.14884088933467865,0.3064168393611908,-0.29024553298950195],[-0.09050507098436356,-0.09665317088365555,0.06422945857048035,0.22482961416244507,-0.37889987230300903,0.16938500106334686,-0.3166371285915375,-0.05907633900642395,0.1222732663154602,-0.40296581387519836],[0.36929595470428467,-0.34173646569252014,-0.06722310930490494,-0.3467511236667633,0.332681268453598,-0.13912437856197357,-0.19628086686134338,0.144901841878891,0.03447365760803223,0.10256122052669525],[-0.26426637172698975,-0.14723920822143555,-0.28667715191841125,-0.09635835886001587,-0.1657492071390152,0.07342257350683212,-0.0007860170444473624,-0.2895999848842621,0.10341563075780869,-0.00662453705444932],[-0.13692522048950195,-0.03266643360257149,-0.05633355677127838,0.24925316870212555,0.1757754534482956,0.10017956793308258,0.2800799310207367,-0.01474742777645588,-0.3350335359573364,-0.1704738885164261],[0.4255228340625763,-0.04247284680604935,-0.11778447777032852,-0.3002411425113678,-0.18152864277362823,-0.3638429641723633,-0.006527959834784269,-0.03593270108103752,0.24216346442699432,-0.12000060081481934],[-0.16579341888427734,0.14438579976558685,-0.07781120389699936,0.11687009036540985,-0.29438742995262146,