{"params":{"desired_samples":16000,"window_size_samples":480,"window_stride_samples":160,"spectrogram_length":98,"fingerprint_width":40,"fingerprint_size":3920,"label_count":4,"sample_rate":16000,"preprocess":"mfcc","average_window_width":-1,"in_repeat":1,"data_url":"https:\/\/storage.googleapis.com\/download.tensorflow.org\/data\/speech_commands_v0.02.tar.gz","data_dir":"tmp\/speech_dataset\/","background_volume":0.1,"background_frequency":0.8,"silence_percentage":10.0,"unknown_percentage":10.0,"time_shift_ms":100.0,"seed":3,"testing_percentage":10,"validation_percentage":10,"clip_duration_ms":1000,"window_size_ms":30.0,"window_stride_ms":10.0,"feature_bin_count":40,"how_many_training_steps":"5,5","eval_step_interval":5,"learning_rate":"0.001,0.0001","batch_size":1,"summaries_dir":"results\/retrain_logs","wanted_words":"yes,no","train_dir":"results\/speech_commands_train","save_step_interval":1000,"start_checkpoint":"","model_architecture":"lsnn","check_nans":false,"quantize":false,"n_hidden":10,"n_layer":1,"dropout_prob":0.0,"print_every":10,"reg":0.001,"n_lif_frac":0.0,"beta":2.0,"tau_adaptation":98,"comment":"","n_thr_spikes":-1,"dampening_factor":0.3,"dt":1.0,"thr":0.01,"thr_min":0.005,"tau":20.0,"refr":2,"n_delay":0,"random_eprop":false,"eprop":false,"avg_spikes":true,"lipschitzness_loss":"kl","beta_lipschitzness":10.0,"step_size_lipschitzness":0.1,"num_steps_lipschitzness":10,"epsilon_lipschitzness":0.01,"use_epsilon_ball":true,"verbosity":20,"optimizer":"adam"},"rng_key":[2329852776,2611471310],"theta":{"W_in":[[-0.1778971552848816,0.008291722275316715,-0.32753074169158936,0.21217361092567444,-0.1416904181241989,0.18265117704868317,-0.23421598970890045,0.1623709499835968,-0.031601112335920334,-0.03670750558376312],[-0.09924418479204178,-0.2839622497558594,0.08796268701553345,-0.07165640592575073,0.03791845589876175,0.19713085889816284,-0.04353367164731026,0.03576590493321419,0.0726393386721611,-0.40632033348083496],[-0.1300819218158722,0.12048710882663727,0.23711474239826202,0.19492466747760773,-0.3697736859321594,0.08426260948181152,-0.006713370326906443,-0.21784266829490662,0.26086464524269104,0.12096134573221207],[0.07747308164834976,0.10403670370578766,-0.05041829124093056,0.07542161643505096,0.07757163047790527,-0.12845829129219055,0.05174979567527771,-0.07326690107584,0.03708001598715782,-0.10530665516853333],[0.14408116042613983,0.08294092863798141,-0.09330002963542938,0.04045433923602104,0.3574399948120117,0.0008986394386738539,-0.03125213831663132,0.26931190490722656,-0.08515988290309906,0.38635602593421936],[0.19983428716659546,-0.3293667137622833,-0.16429387032985687,-0.21443018317222595,-0.04566312953829765,-0.06296799331903458,-0.08272666484117508,0.3639748692512512,0.37827426195144653,0.05908365175127983],[-0.24298235774040222,0.2247963547706604,-0.12027240544557571,-0.17633900046348572,0.3337368071079254,0.3835350275039673,-0.018948236480355263,0.3119792640209198,0.18003830313682556,0.10909133404493332],[0.24014660716056824,0.023276548832654953,-0.12125089019536972,0.05068196728825569,0.2486935406923294,0.03292720764875412,0.007075292989611626,-0.2776622176170349,-0.0498458594083786,-0.43448320031166077],[-0.17501506209373474,0.36069661378860474,-0.1352904886007309,-0.16695083677768707,-0.10748142749071121,0.25649675726890564,-0.02417103946208954,-0.18846213817596436,0.054997049272060394,0.26278746128082275],[0.2758207619190216,-0.09930916130542755,-0.13811276853084564,0.03116816096007824,-0.07598109543323517,-0.39978379011154175,-0.07530573755502701,0.16440793871879578,-0.1695636510848999,-0.15124765038490295],[-0.055555954575538635,-0.089891217648983,-0.4435114860534668,0.1853618621826172,-0.2410316914319992,0.33021724224090576,-0.04596493020653725,0.19085751473903656,-0.11533263325691223,-0.3694712519645691],[0.0006394201191142201,0.031640809029340744,0.3273811638355255,0.24593356251716614,-0.13891127705574036,0.12877687811851501,-0.35507872700691223,0.12205181270837784,-0.36188384890556335,-0.15751270949840546],[-0.10217880457639694,-0.031318120658397675,-0.06147007644176483,-0.14250484108924866,0.0006008127238601446,0.10796347260475159,0.13628773391246796,0.23257780075073242,-0.32292306423187256,0.01828581467270851],[-0.24592891335487366,0.25766122341156006,0.0019945697858929634,-0.0005212149117141962,-0.0757225900888443,0.11006683111190796,0.24521926045417786,0.36654338240623474,-0.17981797456741333,0.14077973365783691],[0.041983090341091156,-0.27384400367736816,-0.3208799958229065,-0.0431172251701355,-0.23771809041500092,0.18192671239376068,-0.07208915799856186,0.10693557560443878,-0.015329509973526001,0.09479741752147675],[-0.2000928670167923,-0.053017038851976395,0.4001639485359192,-0.05700899288058281,0.3547273874282837,-0.15994644165039062,-0.09257706254720688,0.05741278827190399,-0.17929892241954803,-0.27702438831329346],[-0.3729151785373688,-0.287969172000885,0.3272961378097534,-0.1280641108751297,0.2569679319858551,0.30145642161369324,0.1449052095413208,0.08446203172206879,-0.0808846578001976,-0.16488564014434814],[0.03425048664212227,0.14662417769432068,0.15101800858974457,-0.32990312576293945,0.0873272642493248,0.11595623195171356,-0.0996171310544014,-0.16668109595775604,-0.23594267666339874,0.11618412286043167],[0.01380485575646162,0.09665433317422867,-0.015404774807393551,-0.157678484916687,0.00892351008951664,-0.20593670010566711,-0.08438578993082047,0.1589442491531372,-0.07367724180221558,-0.06919986009597778],[-0.1396673321723938,-0.030347337946295738,-0.14812080562114716,-0.020822837948799133,0.09967639297246933,-0.4172092080116272,-0.09835416078567505,-0.12079902738332748,0.048809364438056946,-0.206956148147583],[-0.10455669462680817,0.25912895798683167,0.0332225002348423,-0.3517521619796753,0.0929885283112526,0.06988634914159775,0.02235262468457222,-0.19446654617786407,-0.3020489811897278,-0.14942137897014618],[0.12131331861019135,-0.007005589082837105,-0.25437572598457336,0.13813839852809906,0.15849687159061432,0.4005163311958313,-0.2262062281370163,0.07521749287843704,-0.2892061471939087,0.18665030598640442],[0.19041971862316132,0.08143263310194016,-0.2886175513267517,0.2184990793466568,0.05706935375928879,-0.08666734397411346,0.2707151472568512,0.09783706814050674,0.027258917689323425,-0.003324233228340745],[-0.15697883069515228,-0.33641740679740906,0.3087556064128876,0.060903292149305344,0.2256099283695221,-0.13623300194740295,-0.17748971283435822,0.09371847659349442,0.14162220060825348,0.1962863951921463],[0.03644856810569763,0.23475520312786102,-0.18151554465293884,0.0643024742603302,-0.26125338673591614,0.16125380992889404,0.1001877561211586,-0.10121553391218185,-0.3851025104522705,0.3175807595252991],[0.05959419161081314,0.2452889233827591,0.09188653528690338,0.021038884297013283,-0.004100770223885775,-0.15219886600971222,0.018065983429551125,-0.20237068831920624,-0.0755162164568901,-0.22033996880054474],[-0.14344413578510284,0.17452262341976166,0.3897876739501953,0.1446019858121872,-0.3431561589241028,-0.06806199252605438,0.34930235147476196,-0.0596269816160202,0.32899200916290283,-0.34817153215408325],[0.018228372558951378,0.1116514578461647,0.009129613637924194,-0.21839532256126404,-0.24931125342845917,-0.170645073056221,0.05401141569018364,0.01940157823264599,-0.01819365844130516,0.11584684252738953],[-0.06671056896448135,-0.08048336207866669,0.23864591121673584,0.02898678556084633,-0.042729027569293976,-0.29476913809776306,-0.13749149441719055,-0.09829511493444443,0.19016572833061218,-0.20310771465301514],[0.13896076381206512,0.29342252016067505,0.15215536952018738,-0.022955723106861115,0.34437838196754456,-0.19497831165790558,-0.2391349822282791,0.19150008261203766,0.06950607150793076,-0.36116084456443787],[0.1532929688692093,-0.012558954767882824,0.34980201721191406,-0.11144057661294937,-0.2690297067165375,-0.028338966891169548,-0.22622935473918915,0.03091644123196602,-0.01261064037680626,0.12132347375154495],[-0.028838159516453743,0.07978780567646027,0.02377801202237606,