{"params":{"desired_samples":16000,"window_size_samples":480,"window_stride_samples":160,"spectrogram_length":98,"fingerprint_width":40,"fingerprint_size":3920,"label_count":4,"sample_rate":16000,"preprocess":"mfcc","average_window_width":-1,"in_repeat":1,"data_url":"https:\/\/storage.googleapis.com\/download.tensorflow.org\/data\/speech_commands_v0.02.tar.gz","data_dir":"tmp\/speech_dataset\/","background_volume":0.1,"background_frequency":0.8,"silence_percentage":10.0,"unknown_percentage":10.0,"time_shift_ms":100.0,"seed":5,"testing_percentage":10,"validation_percentage":10,"clip_duration_ms":1000,"window_size_ms":30.0,"window_stride_ms":10.0,"feature_bin_count":40,"how_many_training_steps":"5,5","eval_step_interval":5,"learning_rate":"0.001,0.0001","batch_size":1,"summaries_dir":"results\/retrain_logs","wanted_words":"yes,no","train_dir":"results\/speech_commands_train","save_step_interval":1000,"start_checkpoint":"","model_architecture":"lsnn","check_nans":false,"quantize":false,"n_hidden":10,"n_layer":1,"dropout_prob":0.0,"print_every":10,"reg":0.001,"n_lif_frac":0.0,"beta":2.0,"tau_adaptation":98,"comment":"","n_thr_spikes":-1,"dampening_factor":0.3,"dt":1.0,"thr":0.01,"thr_min":0.005,"tau":20.0,"refr":2,"n_delay":0,"random_eprop":false,"eprop":false,"avg_spikes":true,"lipschitzness_loss":"kl","beta_lipschitzness":0.01,"step_size_lipschitzness":0.1,"num_steps_lipschitzness":10,"epsilon_lipschitzness":0.01,"use_epsilon_ball":true,"verbosity":20,"optimizer":"adam"},"rng_key":[1841151846,868113448],"theta":{"W_in":[[-0.05702119320631027,-0.27547234296798706,0.12020323425531387,-0.2803068459033966,0.2817985415458679,0.013192547485232353,0.03673280403017998,-0.07535823434591293,-0.22174374759197235,-0.4002588093280792],[0.25835105776786804,-0.14325135946273804,-0.2591501474380493,0.03530048951506615,0.01169919315725565,0.10938439518213272,0.16806241869926453,0.0014176296535879374,-0.052273835986852646,-0.02401748299598694],[-0.09857484698295593,-0.10741724073886871,-0.17310185730457306,0.07453594356775284,0.013698969967663288,0.171725332736969,-0.18653331696987152,0.17513491213321686,-0.30210429430007935,0.13698478043079376],[-0.07169313728809357,-0.2623577415943146,-0.07300598174333572,-0.00867230910807848,-0.00021401116100605577,-0.00852145068347454,-0.2161943018436432,0.16397123038768768,0.014807607978582382,0.18834012746810913],[0.13721278309822083,0.26940828561782837,0.27890637516975403,0.11790404468774796,-0.24719102680683136,-0.030210116878151894,-0.2637864649295807,-0.3452160954475403,-0.43333789706230164,-0.06486096233129501],[0.2849629521369934,-0.40683871507644653,0.13179445266723633,0.10313055664300919,-0.1732335090637207,0.18706460297107697,0.03601286560297012,0.20685608685016632,0.37356775999069214,0.09059760719537735],[0.1770036369562149,-0.05830733850598335,-0.3570789396762848,0.09345404803752899,-0.20046570897102356,0.25755801796913147,0.2495243102312088,0.06999543309211731,-0.25551140308380127,-0.2760697305202484],[0.397470623254776,-0.013538810424506664,-0.06078097224235535,-0.09069181978702545,0.009253180585801601,0.13880695402622223,-0.06284858286380768,-0.2987237572669983,-0.026404181495308876,0.07346367090940475],[0.11303122341632843,0.3019169569015503,-0.3849644362926483,-0.1283007711172104,-0.02363177016377449,0.07605218142271042,0.11704370379447937,-0.07586801052093506,-0.18443405628204346,0.16736549139022827],[0.0032488135620951653,-0.17546553909778595,0.21311335265636444,0.07711133360862732,0.1258779913187027,-0.09341718256473541,0.0951307937502861,0.3213944733142853,0.23222172260284424,0.2827163636684418],[-0.038782380521297455,-0.26536887884140015,0.12736259400844574,-0.021687276661396027,0.10842526704072952,-0.17069029808044434,0.1470879316329956,-0.0153636010363698,0.12661144137382507,-0.1566482037305832],[-0.09484697133302689,0.08768118172883987,-0.03697800263762474,-0.3040950894355774,-0.2947697341442108,-0.14691908657550812,0.4170871376991272,0.20236840844154358,-0.0736154168844223,0.1237606480717659],[-0.27294817566871643,0.18721114099025726,0.09225274622440338,-0.4238470792770386,0.1216185912489891,-0.4373008906841278,0.02090158686041832,0.3752112090587616,0.013803997077047825,0.29302242398262024],[-0.07006310671567917,-0.23825304210186005,0.2772415578365326,-0.37333908677101135,0.05352465435862541,-0.130501389503479,-0.022849973291158676,-0.09555849432945251,-0.12947192788124084,-0.09971921145915985],[-0.14756539463996887,-0.030866198241710663,0.025061149150133133,-0.42364609241485596,0.2300472855567932,0.0468960702419281,0.19121336936950684,0.29693785309791565,0.2106662392616272,-0.07930223643779755],[-0.20973284542560577,0.04454668238759041,0.09602584689855576,-0.12283980846405029,-0.06047631427645683,-0.19365710020065308,0.2576232850551605,-0.2552759051322937,0.2902524471282959,-0.10870186984539032],[0.3895185887813568,0.002478734590113163,-0.22050626575946808,-0.04753272607922554,0.12196041643619537,-0.1081249788403511,-0.31732121109962463,0.08184495568275452,-0.2290346771478653,0.03424934297800064],[0.15434959530830383,0.11141413450241089,0.16422805190086365,0.024253614246845245,0.3046799600124359,0.018245045095682144,-0.2042439877986908,0.15977545082569122,0.059516556560993195,-0.2436109483242035],[-0.02554377168416977,0.13867679238319397,0.04101355001330376,0.23494064807891846,0.09929239749908447,0.31375882029533386,-0.01074528880417347,-0.24766287207603455,0.023037223145365715,0.22416211664676666],[0.3722529113292694,0.22801163792610168,0.0770501047372818,0.14399246871471405,0.015055342577397823,0.0076660215854644775,-0.10209419578313828,0.12909451127052307,-0.06894134730100632,0.012771009467542171],[-0.06629166007041931,-0.20720449090003967,0.408279687166214,-0.2255602478981018,-0.15353438258171082,-0.008980736136436462,0.3642948865890503,-0.14204591512680054,-0.34286409616470337,-0.07846929132938385],[0.011012433096766472,-0.3000209629535675,-0.07732371240854263,0.32580962777137756,-0.15388423204421997,0.24793413281440735,-0.32363808155059814,-0.11691190302371979,0.02545367181301117,-0.19336006045341492],[0.35763803124427795,-0.2955274283885956,-0.35831135511398315,-0.09639448672533035,-0.18203400075435638,-0.0021516073029488325,-0.014837371185421944,-0.119688980281353,-0.3078221380710602,0.058090850710868835],[0.07332576811313629,0.37879377603530884,0.12881946563720703,-0.04422057792544365,0.3172820508480072,0.36490488052368164,0.3291335999965668,-0.0008800388895906508,0.05361795052886009,0.22285756468772888],[-0.10483543574810028,-0.15679605305194855,0.05280715599656105,-0.031999435275793076,0.060957979410886765,0.0484013631939888,0.1584785133600235,-0.2514811158180237,-0.25485959649086,-0.1647941917181015],[0.37587496638298035,0.40359750390052795,0.1033981591463089,-0.0859387069940567,-0.1716841608285904,-0.03430536761879921,0.02837337739765644,-0.07049073278903961,0.06691552698612213,0.16287757456302643],[0.19991669058799744,0.3327373266220093,0.12125612050294876,-0.21095246076583862,0.08445887267589569,-0.044421907514333725,0.12468446046113968,0.04833800345659256,0.1440083086490631,-0.0435667484998703],[-0.1103675365447998,0.14410381019115448,0.07899094372987747,-0.1125834584236145,0.1508304625749588,0.026176491752266884,-0.2865675091743469,-0.0309649296104908,0.01962149329483509,-0.1807655394077301],[0.18004615604877472,0.22016295790672302,0.15751734375953674,-0.23916509747505188,0.2957713305950165,0.25482332706451416,-0.04020139202475548,-0.021540947258472443,-0.30081015825271606,0.22950391471385956],[-0.21116365492343903,0.2709593176841736,0.23604556918144226,0.024668896570801735,0.226914644241333,-0.1492748260498047,-0.030120428651571274,0.14601241052150726,-0.15092314779758453,0.14816145598888397],[0.3169752359390259,0.21103434264659882,0.07592684030532837,-0.11307132989168167,0.10926185548305511,0.3236866593360901,0.3306002914905548,-0.19222545623779297,-0.0869591161608696,0.38497593998908997],[-0.0669260323047638,-0.02708658017218113,0.1586475670337677,0.10563080757856369,