{"params":{"desired_samples":16000,"window_size_samples":480,"window_stride_samples":160,"spectrogram_length":98,"fingerprint_width":40,"fingerprint_size":3920,"label_count":4,"sample_rate":16000,"preprocess":"mfcc","average_window_width":-1,"in_repeat":1,"data_url":"https:\/\/storage.googleapis.com\/download.tensorflow.org\/data\/speech_commands_v0.02.tar.gz","data_dir":"tmp\/speech_dataset\/","background_volume":0.1,"background_frequency":0.8,"silence_percentage":10.0,"unknown_percentage":10.0,"time_shift_ms":100.0,"seed":4,"testing_percentage":10,"validation_percentage":10,"clip_duration_ms":1000,"window_size_ms":30.0,"window_stride_ms":10.0,"feature_bin_count":40,"how_many_training_steps":"5,5","eval_step_interval":5,"learning_rate":"0.001,0.0001","batch_size":1,"summaries_dir":"results\/retrain_logs","wanted_words":"yes,no","train_dir":"results\/speech_commands_train","save_step_interval":1000,"start_checkpoint":"","model_architecture":"lsnn","check_nans":false,"quantize":false,"n_hidden":10,"n_layer":1,"dropout_prob":0.0,"print_every":10,"reg":0.001,"n_lif_frac":0.0,"beta":2.0,"tau_adaptation":98,"comment":"","n_thr_spikes":-1,"dampening_factor":0.3,"dt":1.0,"thr":0.01,"thr_min":0.005,"tau":20.0,"refr":2,"n_delay":0,"random_eprop":false,"eprop":false,"avg_spikes":true,"lipschitzness_loss":"kl","beta_lipschitzness":0.001,"step_size_lipschitzness":0.1,"num_steps_lipschitzness":10,"epsilon_lipschitzness":0.01,"use_epsilon_ball":true,"verbosity":20,"optimizer":"adam"},"rng_key":[20842899,3723019338],"theta":{"W_in":[[-0.10345449298620224,-0.1019710972905159,-0.1546318680047989,0.22635821998119354,-0.3500734567642212,-0.3559550344944,-0.30743125081062317,0.02929111197590828,-0.040859922766685486,-0.0411154143512249],[-0.12988579273223877,0.06743871420621872,0.30124300718307495,-0.10963845252990723,0.016953863203525543,-0.14333288371562958,-0.1594902127981186,0.0840672105550766,-0.010950556956231594,-0.06235908344388008],[-0.17157305777072906,-0.04418054223060608,-0.3955933451652527,0.39974257349967957,0.05721181258559227,0.18674206733703613,0.02725163847208023,0.28372105956077576,0.15417160093784332,0.3190016448497772],[0.16649512946605682,0.06513595581054688,0.1330416351556778,-0.024691134691238403,0.20969927310943604,0.047710031270980835,-0.22728076577186584,0.13629527390003204,0.046980250626802444,0.16599798202514648],[-0.22336138784885406,-0.2351730763912201,0.3093528747558594,-0.06935436278581619,-0.11924106627702713,-0.0789518654346466,-0.0015241956571117043,0.4368065893650055,0.03710571303963661,-0.2672002613544464],[-0.009165704250335693,-0.38250404596328735,-0.18215219676494598,0.1845119297504425,0.24383100867271423,-0.09943234920501709,-0.03224588930606842,-0.2030501812696457,0.006517691072076559,0.2038583606481552],[-0.048126235604286194,-0.13147017359733582,-0.03884856775403023,0.32261723279953003,-0.2334856241941452,0.22929954528808594,0.31659209728240967,-0.4428349733352661,0.03603027015924454,0.33370015025138855],[0.26119112968444824,0.045665331184864044,-0.00262594991363585,0.05699737370014191,0.2447517365217209,-0.23137100040912628,0.11646982282400131,-0.21343661844730377,-0.038465145975351334,0.2541499733924866],[-0.10995089262723923,0.4000186026096344,-0.19185853004455566,0.1666034609079361,-0.014731783419847488,0.05264268442988396,0.12032611668109894,0.1963970959186554,0.020422248169779778,0.09025061130523682],[0.0738554522395134,-0.2302778959274292,-0.18854358792304993,0.40538594126701355,-0.011883203871548176,-0.07049673050642014,-0.1019396260380745,-0.062163058668375015,0.009440341033041477,-0.13998882472515106],[0.1522209495306015,0.1949155330657959,0.13091811537742615,0.2301306575536728,-0.2723842263221741,0.12694917619228363,-0.36637645959854126,-0.03444439917802811,0.19679296016693115,0.1937110424041748],[-0.2849789261817932,0.11056140810251236,0.21857941150665283,0.29657959938049316,0.10013985633850098,-0.008639520965516567,-0.33137911558151245,-0.4559183418750763,0.08070019632577896,-0.301599383354187],[0.10925635695457458,-0.08340781182050705,0.09934101998806,-0.30685362219810486,0.10539849102497101,-0.041521474719047546,0.27461525797843933,0.28221166133880615,0.20468813180923462,-0.2437155842781067],[-0.11544398963451385,-0.11427976191043854,-0.16331779956817627,0.1043298989534378,-0.09791164845228195,0.018339037895202637,0.417793869972229,0.08345949649810791,-0.01041470468044281,0.031253110617399216],[0.16818085312843323,-0.17048577964305878,0.06459823995828629,-0.3393125832080841,-0.13040922582149506,-0.22405603528022766,-0.09531159698963165,0.01800335943698883,-0.07692641764879227,0.1227908730506897],[0.29373592138290405,0.15527112782001495,0.19122853875160217,0.27647799253463745,-0.17518381774425507,0.09063228964805603,-0.04828226938843727,0.22867907583713531,-0.19341494143009186,-0.384793221950531],[0.2112690657377243,-0.3026524484157562,-0.16964960098266602,-0.38712865114212036,-0.2644898593425751,0.304013729095459,0.06427430361509323,-0.37613019347190857,0.20072215795516968,-0.449054092168808],[-0.0481753796339035,-0.10077004134654999,-0.12018369883298874,-0.21306006610393524,-0.17531971633434296,-0.22743363678455353,0.13003717362880707,-0.26785698533058167,0.23402947187423706,0.22155795991420746],[-0.057350993156433105,-0.01596716046333313,-0.24781852960586548,-0.2424362748861313,-0.30114415287971497,-0.16863016784191132,-0.36892715096473694,0.09551948308944702,-0.09844756126403809,0.09942568093538284],[0.04327184706926346,-0.06951861083507538,-0.21210943162441254,0.02655351348221302,-0.13782891631126404,0.30476903915405273,-0.07026715576648712,0.06494169682264328,0.051123373210430145,0.4401096999645233],[-0.06903376430273056,0.036862388253211975,-0.17927920818328857,0.20282503962516785,0.242322638630867,0.4343649744987488,-0.2746574580669403,-0.43078354001045227,0.3363919258117676,0.15607419610023499],[0.09018369764089584,0.20011982321739197,-0.005381537601351738,0.07365602999925613,-0.08628445863723755,0.176815003156662,0.020634910091757774,-0.1517544984817505,0.02806326188147068,0.13418899476528168],[0.07523398846387863,-0.05112343281507492,-0.27874985337257385,0.2230733335018158,-0.15613318979740143,0.1557798981666565,-0.14851953089237213,-0.2191266417503357,0.006353309843689203,-0.19743870198726654],[-0.13182653486728668,0.21672572195529938,0.15160010755062103,-0.01159061212092638,-0.4084485173225403,-0.1800120323896408,0.07594453543424606,0.08486730605363846,-0.1840147078037262,-0.04956021159887314],[0.23696336150169373,0.08828673511743546,0.10771071165800095,-0.2016933560371399,0.022995522245764732,-0.2348635047674179,0.11693566292524338,-0.2776930034160614,-0.15339453518390656,-0.0703134536743164],[0.2760113477706909,0.18989157676696777,-0.00256535061635077,0.11451352387666702,-0.18297092616558075,-0.06289491057395935,-0.04888741672039032,0.08435335755348206,0.056746114045381546,-0.2957034409046173],[0.0165229681879282,-0.17089460790157318,-0.19256402552127838,0.002453911816701293,-0.22061826288700104,0.25994616746902466,0.08683720976114273,-0.42128968238830566,0.08247913420200348,-0.00270534073933959],[-0.38351571559906006,-0.16206975281238556,-0.02344503626227379,0.006344936788082123,0.259400874376297,-0.30559924244880676,0.14388331770896912,-0.2456376701593399,0.19403232634067535,0.11768171191215515],[-0.2536444067955017,0.040909260511398315,0.18368180096149445,-0.1841937005519867,0.23752500116825104,-0.2824774980545044,0.3011186420917511,0.18299409747123718,-0.07273965328931808,-0.10110823065042496],[0.024189870804548264,0.14485232532024384,0.08424188941717148,0.07221429795026779,-0.18662387132644653,0.3581719696521759,-0.2551305592060089,-0.02780686505138874,-0.41096049547195435,0.02420745976269245],[-0.3966943919658661,-0.12335480749607086,-0.04260988160967827,-0.0898037999868393,0.3238530457019806,0.20933611690998077,-0.186170294880867,-0.21917718648910522,0.11884351074695587,0.14928388595581055],[-0.145948588848114,-0.1367979198694229,0.3603672981262207,-0.061614420264959335,