{"params":{"desired_samples":16000,"window_size_samples":480,"window_stride_samples":160,"spectrogram_length":98,"fingerprint_width":40,"fingerprint_size":3920,"label_count":4,"sample_rate":16000,"preprocess":"mfcc","average_window_width":-1,"in_repeat":1,"data_url":"https:\/\/storage.googleapis.com\/download.tensorflow.org\/data\/speech_commands_v0.02.tar.gz","data_dir":"tmp\/speech_dataset\/","background_volume":0.1,"background_frequency":0.8,"silence_percentage":10.0,"unknown_percentage":10.0,"time_shift_ms":100.0,"seed":2,"testing_percentage":10,"validation_percentage":10,"clip_duration_ms":1000,"window_size_ms":30.0,"window_stride_ms":10.0,"feature_bin_count":40,"how_many_training_steps":"5,5","eval_step_interval":5,"learning_rate":"0.001,0.0001","batch_size":1,"summaries_dir":"results\/retrain_logs","wanted_words":"yes,no","train_dir":"results\/speech_commands_train","save_step_interval":1000,"start_checkpoint":"","model_architecture":"lsnn","check_nans":false,"quantize":false,"n_hidden":10,"n_layer":1,"dropout_prob":0.0,"print_every":10,"reg":0.001,"n_lif_frac":0.0,"beta":2.0,"tau_adaptation":98,"comment":"","n_thr_spikes":-1,"dampening_factor":0.3,"dt":1.0,"thr":0.01,"thr_min":0.005,"tau":20.0,"refr":2,"n_delay":0,"random_eprop":false,"eprop":false,"avg_spikes":true,"lipschitzness_loss":"kl","beta_lipschitzness":10.0,"step_size_lipschitzness":0.1,"num_steps_lipschitzness":10,"epsilon_lipschitzness":0.01,"use_epsilon_ball":true,"verbosity":20,"optimizer":"adam"},"rng_key":[1768663324,2502910401],"theta":{"W_in":[[0.020166348665952682,0.2584913969039917,-0.16877731680870056,0.29424726963043213,-0.3745634853839874,0.338501900434494,0.20574937760829926,-0.20674993097782135,-0.1951657086610794,0.2741822600364685],[-0.02623566798865795,-0.390217125415802,-0.08404602855443954,0.18696948885917664,0.004831512924283743,0.35539886355400085,0.029020560905337334,0.04974618926644325,0.12175614386796951,0.20147626101970673],[0.08056347817182541,0.04753647744655609,-0.053485605865716934,0.14800310134887695,0.029365207999944687,0.2807005047798157,0.2944706976413727,-0.4126858413219452,-0.18393799662590027,-0.3773888647556305],[-0.23861080408096313,0.1698218137025833,0.435533344745636,-0.22043848037719727,0.11003042012453079,-0.10755345970392227,0.17162396013736725,0.16654884815216064,-0.08760588616132736,-0.09694256633520126],[-0.12119574844837189,0.120664082467556,-0.00906385388225317,0.37317079305648804,0.21374496817588806,-0.16810615360736847,-0.11719721555709839,-0.425433874130249,0.21525165438652039,-0.19377724826335907],[-0.2837040424346924,0.23025691509246826,0.03750484809279442,-0.17002201080322266,-0.052464064210653305,-0.3655211627483368,0.3198751211166382,-0.09113650023937225,-0.00008838981011649594,-0.09888065606355667],[-0.16899119317531586,0.41316863894462585,-0.3077127933502197,0.2092057764530182,-0.33462876081466675,0.03332187235355377,-0.294754296541214,-0.01173913199454546,0.16894681751728058,-0.11714223772287369],[0.03630880266427994,-0.19745638966560364,-0.1258295774459839,0.22730652987957,0.23340214788913727,0.1388992816209793,0.011426245793700218,-0.06714030355215073,-0.1033710390329361,0.1007506400346756],[0.11609093844890594,0.18077582120895386,-0.19806820154190063,-0.1497660130262375,-0.2615945339202881,0.030613867565989494,-0.09182542562484741,-0.11241600662469864,0.10406483709812164,-0.2699058949947357],[-0.4278959631919861,-0.17839397490024567,-0.2574950158596039,-0.30193814635276794,-0.25797605514526367,0.01927316188812256,0.3049251139163971,-0.08802293241024017,-0.2110961228609085,-0.03050299920141697],[-0.3864124119281769,0.250667005777359,-0.09726546704769135,-0.01835642009973526,-0.37042704224586487,0.36849457025527954,0.2810870110988617,-0.20987874269485474,0.07082642614841461,0.3456006348133087],[0.07431762665510178,-0.30153825879096985,0.03824608400464058,-0.09647231549024582,-0.05034301429986954,-0.09134495258331299,0.028324859216809273,-0.09877344220876694,0.3284386694431305,-0.13086137175559998],[-0.056737545877695084,-0.23086895048618317,0.15580178797245026,-0.2421809434890747,-0.07660071551799774,-0.15682952105998993,-0.25831273198127747,0.2646942436695099,-0.11091723293066025,-0.003008179133757949],[0.037092745304107666,-0.07770328223705292,-0.09920093417167664,-0.1381763368844986,0.0660453513264656,-0.04048583284020424,-0.15518517792224884,-0.06412523239850998,-0.3014710247516632,-0.13232721388339996],[-0.2784533202648163,0.2931213080883026,-0.04652088135480881,-0.10717607289552689,0.06012387573719025,-0.15664200484752655,-0.06567554920911789,-0.23377686738967896,0.033031925559043884,0.040440335869789124],[0.022313052788376808,-0.06583965569734573,-0.06361175328493118,0.25269344449043274,-0.2017270177602768,-0.4196035861968994,-0.025012172758579254,-0.23979124426841736,-0.2587079107761383,-0.4235902726650238],[0.03936329483985901,0.11777296662330627,0.2789243757724762,0.009790519252419472,-0.1558864861726761,0.09256739169359207,-0.03169097378849983,0.26960599422454834,-0.03204194828867912,-0.07049471139907837],[0.03908539190888405,-0.03456225246191025,0.09461755305528641,0.41553995013237,-0.1954614222049713,0.16782088577747345,0.01550097856670618,0.08035394549369812,-0.1770673543214798,-0.07978322356939316],[-0.10271602123975754,0.3019554316997528,-0.19629524648189545,-0.1414099782705307,-0.11015260964632034,-0.15539449453353882,0.004473963752388954,-0.41595444083213806,0.2603495419025421,-0.18517819046974182],[0.05435679107904434,0.06736686080694199,-0.12274880707263947,-0.3026621639728546,-0.049008771777153015,-0.11039794981479645,-0.33441948890686035,0.07994354516267776,-0.33164122700691223,-0.1686398983001709],[0.08156996965408325,-0.1015157476067543,0.022344103083014488,-0.13114537298679352,0.2296176552772522,0.19795770943164825,-0.028827695176005363,-0.07229205965995789,0.11402522772550583,-0.02276088483631611],[0.16734853386878967,-0.10320532321929932,-0.06438125669956207,-0.1698036640882492,0.161213219165802,-0.14464406669139862,0.21577496826648712,0.3241664171218872,0.35725682973861694,-0.2241477519273758],[-0.07825694978237152,-0.056410208344459534,0.2772372364997864,0.31339845061302185,0.021850457414984703,-0.0036956770345568657,-0.049068205058574677,-0.19999563694000244,-0.14159302413463593,0.12940314412117004],[0.11838611960411072,-0.029386458918452263,0.09462843090295792,0.27303367853164673,0.3810097277164459,0.14966511726379395,0.10309246927499771,-0.32721033692359924,0.06581677496433258,-0.006364892702549696],[0.15056706964969635,-0.27875667810440063,0.199142187833786,0.059337470680475235,0.05392194166779518,-0.2551712095737457,-0.01169847697019577,0.1590326428413391,-0.02075856924057007,-0.24811944365501404],[0.007909304462373257,-0.17103135585784912,-0.342315673828125,0.29363584518432617,0.34210872650146484,-0.11400050669908524,0.17388056218624115,-0.19294489920139313,-0.3362525701522827,-0.0948181077837944],[-0.28857186436653137,0.0663963183760643,0.3386991620063782,-0.14501464366912842,-0.05419629439711571,-0.2236611694097519,-0.13235880434513092,-0.17219527065753937,0.08098100125789642,-0.10084113478660583],[0.15490633249282837,0.13918624818325043,-0.272746205329895,-0.0893155112862587,-0.1554735153913498,0.2954995930194855,-0.0435914508998394,-0.05920766666531563,-0.20060014724731445,-0.1798597276210785],[0.015153268352150917,-0.28610971570014954,0.3239330053329468,0.2826288044452667,0.2741595506668091,0.11065873503684998,0.12169661372900009,0.10799440741539001,-0.004618262406438589,0.09337148815393448],[0.23702497780323029,-0.043984778225421906,0.3144505023956299,-0.14202415943145752,-0.19223372638225555,-0.07775154709815979,0.05957551300525665,-0.07264988124370575,0.06324324011802673,0.21228612959384918],[0.11889858543872833,0.09741644561290741,-0.3496968150138855,-0.30649346113204956,-0.10996214300394058,0.15535329282283783,0.3225867450237274,-0.21946798264980316,0.10059157013893127,0.2662157714366913],[-0.0841958299279213,-0.29044947028160095,-0.3264496326446533,-0.12560191750526428,