{"params":{"desired_samples":16000,"window_size_samples":480,"window_stride_samples":160,"spectrogram_length":98,"fingerprint_width":40,"fingerprint_size":3920,"label_count":4,"sample_rate":16000,"preprocess":"mfcc","average_window_width":-1,"in_repeat":1,"data_url":"https:\/\/storage.googleapis.com\/download.tensorflow.org\/data\/speech_commands_v0.02.tar.gz","data_dir":"tmp\/speech_dataset\/","background_volume":0.1,"background_frequency":0.8,"silence_percentage":10.0,"unknown_percentage":10.0,"time_shift_ms":100.0,"seed":7,"testing_percentage":10,"validation_percentage":10,"clip_duration_ms":1000,"window_size_ms":30.0,"window_stride_ms":10.0,"feature_bin_count":40,"how_many_training_steps":"5,5","eval_step_interval":5,"learning_rate":"0.001,0.0001","batch_size":1,"summaries_dir":"results\/retrain_logs","wanted_words":"yes,no","train_dir":"results\/speech_commands_train","save_step_interval":1000,"start_checkpoint":"","model_architecture":"lsnn","check_nans":false,"quantize":false,"n_hidden":10,"n_layer":1,"dropout_prob":0.0,"print_every":10,"reg":0.001,"n_lif_frac":0.0,"beta":2.0,"tau_adaptation":98,"comment":"","n_thr_spikes":-1,"dampening_factor":0.3,"dt":1.0,"thr":0.01,"thr_min":0.005,"tau":20.0,"refr":2,"n_delay":0,"random_eprop":false,"eprop":false,"avg_spikes":true,"lipschitzness_loss":"kl","beta_lipschitzness":10.0,"step_size_lipschitzness":0.1,"num_steps_lipschitzness":10,"epsilon_lipschitzness":0.01,"use_epsilon_ball":true,"verbosity":20,"optimizer":"adam"},"rng_key":[3621364268,2504296864],"theta":{"W_in":[[0.033942811191082,-0.12010218948125839,-0.3381612002849579,-0.2928495705127716,0.4065863788127899,-0.23380644619464874,-0.1606420874595642,0.09485644847154617,0.0023273658007383347,0.05795332044363022],[0.3893115520477295,-0.35834476351737976,-0.11642275005578995,0.2622430920600891,0.1913139522075653,0.03377051651477814,0.2336369752883911,-0.1376820206642151,-0.20668180286884308,-0.38664212822914124],[0.1608925312757492,-0.1423005908727646,0.38611704111099243,-0.21208608150482178,-0.03064967505633831,0.45306921005249023,-0.17854918539524078,0.15204645693302155,-0.3337149918079376,0.020129380747675896],[-0.042022913694381714,-0.21556657552719116,0.09549490362405777,0.22473298013210297,-0.0539713092148304,0.15938176214694977,0.11070866137742996,-0.05779356509447098,0.05921487137675285,-0.279512882232666],[-0.06254315376281738,0.002884264336898923,-0.20230911672115326,-0.05837174877524376,-0.09683368355035782,-0.13426807522773743,0.012391883879899979,-0.2686016261577606,-0.13953183591365814,0.15594294667243958],[0.020514298230409622,0.2536049783229828,-0.057055290788412094,0.02181156538426876,0.2442844808101654,-0.13396486639976501,0.15035150945186615,-0.42956286668777466,-0.14013130962848663,0.22920480370521545],[-0.06057341769337654,-0.007299637421965599,0.18438772857189178,0.2082708477973938,-0.17381581664085388,0.31106019020080566,-0.05713144317269325,0.21565744280815125,-0.2669127583503723,-0.2823595702648163],[0.15846838057041168,-0.20888665318489075,0.19006425142288208,-0.07706029713153839,-0.05777894705533981,-0.010288815945386887,0.1137026846408844,-0.2966715097427368,-0.3504808843135834,-0.24320656061172485],[-0.1845543384552002,-0.13131225109100342,0.07126549631357193,-0.2213440090417862,0.19785788655281067,0.1145438551902771,0.1738908588886261,-0.19821520149707794,0.037464551627635956,0.054224878549575806],[-0.1793171763420105,0.29818370938301086,-0.11324949562549591,0.20478296279907227,0.1804131418466568,-0.3383263051509857,-0.04236840084195137,-0.26065826416015625,0.0880294144153595,0.23332864046096802],[-0.39973410964012146,0.003651232458651066,-0.15565182268619537,0.40607959032058716,0.2417210191488266,-0.26179859042167664,0.09112200886011124,-0.17887812852859497,-0.07028178125619888,0.20593953132629395],[0.3392767906188965,-0.07525940984487534,-0.018109219148755074,-0.05966724455356598,-0.04181883484125137,-0.0882507711648941,0.19070005416870117,0.19778725504875183,-0.11762585490942001,-0.14380759000778198],[0.007837331853806973,-0.21382920444011688,0.1549607515335083,0.02757077105343342,0.3397996127605438,0.1417965292930603,0.2710912227630615,0.0965251550078392,-0.09147139638662338,-0.1498364359140396],[-0.054132383316755295,0.2508542835712433,0.04173889011144638,-0.19910791516304016,0.27876225113868713,-0.07732117176055908,-0.08028225600719452,0.19742532074451447,-0.02965627610683441,-0.1400154083967209],[0.30255576968193054,-0.16405996680259705,-0.25063082575798035,-0.3458366096019745,0.1556766927242279,0.24820543825626373,0.40095874667167664,0.06224871054291725,0.3519785702228546,0.1405889093875885],[0.3466365933418274,-0.08169256895780563,-0.07668179273605347,0.018013276159763336,0.027771787717938423,0.22601385414600372,0.2683224380016327,-0.03254985436797142,-0.18183840811252594,0.014708416536450386],[-0.27838134765625,0.2001037746667862,-0.09822475910186768,0.3198854327201843,-0.292339026927948,0.15069594979286194,0.19907711446285248,0.10385940968990326,-0.09328168630599976,-0.1818878948688507],[0.18399681150913239,-0.03486047685146332,-0.032712459564208984,0.01464113499969244,0.3016536235809326,0.37339386343955994,-0.4085598886013031,0.4216919541358948,0.1218792274594307,0.2412784844636917],[-0.012830832041800022,-0.41002127528190613,-0.033427949994802475,-0.2211405485868454,-0.2533385753631592,0.05715273693203926,0.044573839753866196,-0.2336747944355011,-0.1795392483472824,0.4402802884578705],[0.0022588411811739206,-0.06282614171504974,0.34831297397613525,0.22100284695625305,-0.15203583240509033,-0.21543189883232117,0.06792040169239044,-0.2291269153356552,0.1117580309510231,-0.1928073614835739],[-0.23836664855480194,0.21847431361675262,-0.03376380354166031,0.1744910180568695,0.0546567477285862,0.18762341141700745,-0.39161643385887146,0.0069012148305773735,0.03584222495555878,-0.12101341038942337],[-0.08729446679353714,-0.2731655240058899,-0.05164124444127083,-0.20136529207229614,0.11649487167596817,-0.3115295171737671,0.10647257417440414,0.386952668428421,0.29915228486061096,-0.1585860550403595],[-0.3599197566509247,-0.20963218808174133,0.0672636479139328,0.07455231249332428,0.18548285961151123,0.2627648115158081,-0.419547975063324,0.03865396976470947,0.15456128120422363,0.22369498014450073],[-0.07850208878517151,0.11357183754444122,0.2625272274017334,-0.3354926109313965,0.14385657012462616,0.0969812422990799,0.044212110340595245,-0.3774242103099823,0.012171891517937183,0.3761523365974426],[-0.22666962444782257,-0.29802796244621277,0.21909980475902557,0.25433486700057983,0.0923427864909172,-0.0670078694820404,-0.378501832485199,0.06448867917060852,-0.3464384078979492,0.15967755019664764],[0.13306282460689545,-0.1379028707742691,0.0013068522093817592,0.44646406173706055,0.03449415788054466,-0.18219541013240814,-0.012716790661215782,-0.1488189995288849,0.30664336681365967,-0.2902749478816986],[-0.09057548642158508,-0.09663952887058258,0.06425299495458603,0.22485487163066864,-0.37892597913742065,0.1690593808889389,-0.3164803981781006,-0.058779820799827576,0.12530718743801117,-0.40273332595825195],[0.36925631761550903,-0.3414281904697418,-0.06721922755241394,-0.3467746675014496,0.3326514959335327,-0.13920901715755463,-0.19626563787460327,0.14539965987205505,0.035880766808986664,0.10242223739624023],[-0.26429346203804016,-0.14723201096057892,-0.2866828739643097,-0.09622495621442795,-0.1657855361700058,0.07396422326564789,-0.000885827699676156,-0.28918156027793884,0.10300152748823166,-0.003314166096970439],[-0.1369016170501709,-0.0326034277677536,-0.05632944777607918,0.24924825131893158,0.17578110098838806,0.10015273839235306,0.2801112234592438,-0.014726990833878517,-0.3354216516017914,-0.17063742876052856],[0.42564159631729126,-0.04242495447397232,-0.11775626242160797,-0.30028244853019714,-0.1815459430217743,-0.36424893140792847,-0.006346116773784161,-0.0358264334499836,0.2442939430475235,-0.12002667039632797],[-0.16567815840244293,0.14467154443264008,-0.07779201120138168,0.11687721312046051,-0.2943924069404602,