{"params":{"desired_samples":16000,"window_size_samples":480,"window_stride_samples":160,"spectrogram_length":98,"fingerprint_width":40,"fingerprint_size":3920,"label_count":4,"sample_rate":16000,"preprocess":"mfcc","average_window_width":-1,"in_repeat":1,"data_url":"https:\/\/storage.googleapis.com\/download.tensorflow.org\/data\/speech_commands_v0.02.tar.gz","data_dir":"tmp\/speech_dataset\/","background_volume":0.1,"background_frequency":0.8,"silence_percentage":10.0,"unknown_percentage":10.0,"time_shift_ms":100.0,"seed":4,"testing_percentage":10,"validation_percentage":10,"clip_duration_ms":1000,"window_size_ms":30.0,"window_stride_ms":10.0,"feature_bin_count":40,"how_many_training_steps":"5,5","eval_step_interval":5,"learning_rate":"0.001,0.0001","batch_size":1,"summaries_dir":"results\/retrain_logs","wanted_words":"yes,no","train_dir":"results\/speech_commands_train","save_step_interval":1000,"start_checkpoint":"","model_architecture":"lsnn","check_nans":false,"quantize":false,"n_hidden":10,"n_layer":1,"dropout_prob":0.0,"print_every":10,"reg":0.001,"n_lif_frac":0.0,"beta":2.0,"tau_adaptation":98,"comment":"","n_thr_spikes":-1,"dampening_factor":0.3,"dt":1.0,"thr":0.01,"thr_min":0.005,"tau":20.0,"refr":2,"n_delay":0,"random_eprop":false,"eprop":false,"avg_spikes":true,"lipschitzness_loss":"kl","beta_lipschitzness":1.0,"step_size_lipschitzness":0.1,"num_steps_lipschitzness":10,"epsilon_lipschitzness":0.01,"use_epsilon_ball":true,"verbosity":20,"optimizer":"adam"},"rng_key":[20842899,3723019338],"theta":{"W_in":[[-0.10345020145177841,-0.10196418315172195,-0.15450812876224518,0.22631621360778809,-0.3500697910785675,-0.3559451103210449,-0.3074119985103607,0.0293201245367527,-0.040842752903699875,-0.04102139174938202],[-0.12989522516727448,0.06741508841514587,0.30128857493400574,-0.11015161126852036,0.01694347709417343,-0.14334243535995483,-0.1594935953617096,0.08400671929121017,-0.010908834636211395,-0.06241479516029358],[-0.1715719997882843,-0.04417920857667923,-0.3961130678653717,0.3997131288051605,0.05721333250403404,0.18673966825008392,0.02725088782608509,0.2837144136428833,0.15415461361408234,0.3189733922481537],[0.16649344563484192,0.06514538824558258,0.1333559900522232,-0.02450222708284855,0.2096843272447586,0.047715168446302414,-0.22726845741271973,0.136307492852211,0.04702778160572052,0.16614097356796265],[-0.22336764633655548,-0.23519377410411835,0.3097124397754669,-0.06936843693256378,-0.11925854533910751,-0.07895621657371521,-0.0015288861468434334,0.43679431080818176,0.03713274747133255,-0.2672378718852997],[-0.009171761572360992,-0.38251230120658875,-0.18155407905578613,0.1847171187400818,0.24385769665241241,-0.09943831712007523,-0.032248370349407196,-0.20306487381458282,0.006553001701831818,0.20386631786823273],[-0.04808250442147255,-0.13148264586925507,-0.03861512616276741,0.32268327474594116,-0.23349632322788239,0.229310542345047,0.31660130620002747,-0.44273993372917175,0.036035388708114624,0.33383065462112427],[0.26119735836982727,0.045680172741413116,-0.002438125666230917,0.057283658534288406,0.24475722014904022,-0.23135429620742798,0.11648949235677719,-0.21337758004665375,-0.03849363327026367,0.25406530499458313],[-0.10994876176118851,0.40000900626182556,-0.19230344891548157,0.16626964509487152,-0.014713705517351627,0.052636511623859406,0.12032406777143478,0.19637727737426758,0.02037496492266655,0.09027867764234543],[0.07385838031768799,-0.23031051456928253,-0.18914267420768738,0.4053365886211395,-0.01195342093706131,-0.07049302756786346,-0.10193469375371933,-0.06215353310108185,0.009413964115083218,-0.1400122195482254],[0.15222863852977753,0.19494426250457764,0.13058406114578247,0.23017141222953796,-0.272392213344574,0.12695425748825073,-0.36637037992477417,-0.03442661464214325,0.1967822164297104,0.19371403753757477],[-0.28498420119285583,0.11052898317575455,0.21868325769901276,0.29655784368515015,0.10012391209602356,-0.00863406527787447,-0.331373929977417,-0.45593950152397156,0.08071646839380264,-0.3017171621322632],[0.1092609390616417,-0.08338604867458344,0.09969212114810944,-0.3062881827354431,0.10538942366838455,-0.041516900062561035,0.2746181786060333,0.2822308838367462,0.20472180843353271,-0.2437260001897812],[-0.11545061320066452,-0.11620467156171799,-0.16309355199337006,0.10428407043218613,-0.09794691950082779,0.018328819423913956,0.41778436303138733,0.08343195170164108,-0.010397793725132942,0.03127177432179451],[0.16817565262317657,-0.1705070585012436,0.06505630910396576,-0.3392302095890045,-0.1304740160703659,-0.22406454384326935,-0.09532492607831955,0.017968222498893738,-0.07691288739442825,0.12257585674524307],[0.2937373220920563,0.15527749061584473,0.1911463439464569,0.276527464389801,-0.17518551647663116,0.09064798802137375,-0.04825291782617569,0.22869336605072021,-0.1934250146150589,-0.38455066084861755],[0.2112756222486496,-0.30262160301208496,-0.16970355808734894,-0.3872283101081848,-0.26448193192481995,0.30402079224586487,0.06427804380655289,-0.3761047422885895,0.2006995677947998,-0.4488915801048279],[-0.04816487431526184,-0.10074663907289505,-0.12025012820959091,-0.2129925936460495,-0.17529119551181793,-0.22742822766304016,0.13003356754779816,-0.2678350508213043,0.23398412764072418,0.2215825468301773],[-0.05736119672656059,-0.016010675579309464,-0.24806217849254608,-0.24275746941566467,-0.3011237382888794,-0.1686408519744873,-0.36893710494041443,0.09549888223409653,-0.09846437722444534,0.09943214803934097],[0.04327147454023361,-0.06951002031564713,-0.21199680864810944,0.026577316224575043,-0.13779544830322266,0.30476585030555725,-0.07026924192905426,0.06493272632360458,0.051175545901060104,0.44017067551612854],[-0.06902172416448593,0.036898285150527954,-0.17957167327404022,0.2030838578939438,0.24235029518604279,0.4343665540218353,-0.2746528089046478,-0.43073928356170654,0.33640405535697937,0.1563839316368103],[0.09018347412347794,0.20015601813793182,-0.005594320595264435,0.07383845001459122,-0.08628003299236298,0.1768295168876648,0.020656855776906013,-0.1517287790775299,0.02800985425710678,0.13418126106262207],[0.07524190843105316,-0.051106881350278854,-0.27904894948005676,0.22327223420143127,-0.15600930154323578,0.15578371286392212,-0.14853250980377197,-0.21909113228321075,0.006330388598144054,-0.19732031226158142],[-0.13180896639823914,0.21676792204380035,0.1516357809305191,-0.011331332847476006,-0.4084446430206299,-0.1800069808959961,0.07594515383243561,0.08489550650119781,-0.18403202295303345,-0.04943345487117767],[0.23696351051330566,0.08827535808086395,0.10729574412107468,-0.20151975750923157,0.022987060248851776,-0.23486341536045074,0.11693275719881058,-0.27769166231155396,-0.1533821076154709,-0.07033760845661163],[0.27601194381713867,0.189899742603302,-0.002612658776342869,0.11478235572576523,-0.18297116458415985,-0.06288556009531021,-0.048883069306612015,0.08433877676725388,0.0567278191447258,-0.2955913841724396],[0.016521958634257317,-0.1709098219871521,-0.19255992770195007,0.002408508211374283,-0.22060224413871765,0.25994810461997986,0.08684466779232025,-0.4212955832481384,0.08248132467269897,-0.004153570160269737],[-0.38351768255233765,-0.1620408296585083,-0.024146901443600655,0.006590701639652252,0.2594637870788574,-0.3055827021598816,0.14388443529605865,-0.24561338126659393,0.19402694702148438,0.11771169304847717],[-0.2536866366863251,0.0408981554210186,0.18309374153614044,-0.18464581668376923,0.237534761428833,-0.28249016404151917,0.30110275745391846,0.1829536408185959,-0.07273789495229721,-0.1011318489909172],[0.024189535528421402,0.1448616236448288,0.08427699655294418,0.0727277621626854,-0.1866345852613449,0.3581925332546234,-0.2551134526729584,-0.02779712900519371,-0.4109606146812439,0.024205027148127556],[-0.3966725766658783,-0.12333913147449493,-0.042627979069948196,-0.08962684869766235,0.32388171553611755,0.20935490727424622,-0.18615633249282837,-0.2191343903541565,0.11885660141706467,0.14936406910419464],[-0.14594052731990814,-0.13678714632987976,0.3604896366596222,-0.06099260598421097,