{"params":{"desired_samples":16000,"window_size_samples":480,"window_stride_samples":160,"spectrogram_length":98,"fingerprint_width":40,"fingerprint_size":3920,"label_count":4,"sample_rate":16000,"preprocess":"mfcc","average_window_width":-1,"in_repeat":1,"data_url":"https:\/\/storage.googleapis.com\/download.tensorflow.org\/data\/speech_commands_v0.02.tar.gz","data_dir":"tmp\/speech_dataset\/","background_volume":0.1,"background_frequency":0.8,"silence_percentage":10.0,"unknown_percentage":10.0,"time_shift_ms":100.0,"seed":0,"testing_percentage":10,"validation_percentage":10,"clip_duration_ms":1000,"window_size_ms":30.0,"window_stride_ms":10.0,"feature_bin_count":40,"how_many_training_steps":"5,5","eval_step_interval":5,"learning_rate":"0.001,0.0001","batch_size":1,"summaries_dir":"results\/retrain_logs","wanted_words":"yes,no","train_dir":"results\/speech_commands_train","save_step_interval":1000,"start_checkpoint":"","model_architecture":"lsnn","check_nans":false,"quantize":false,"n_hidden":10,"n_layer":1,"dropout_prob":0.0,"print_every":10,"reg":0.001,"n_lif_frac":0.0,"beta":2.0,"tau_adaptation":98,"comment":"","n_thr_spikes":-1,"dampening_factor":0.3,"dt":1.0,"thr":0.01,"thr_min":0.005,"tau":20.0,"refr":2,"n_delay":0,"random_eprop":false,"eprop":false,"avg_spikes":true,"lipschitzness_loss":"kl","beta_lipschitzness":0.1,"step_size_lipschitzness":0.1,"num_steps_lipschitzness":10,"epsilon_lipschitzness":0.01,"use_epsilon_ball":true,"verbosity":20,"optimizer":"adam"},"rng_key":[430256779,3169208126],"theta":{"W_in":[[-0.32689473032951355,-0.041609987616539,0.12060749530792236,-0.017048370093107224,-0.3402295708656311,0.22315269708633423,0.04960909113287926,-0.22983452677726746,-0.0796060562133789,0.06615801900625229],[-0.23529978096485138,0.2775636911392212,-0.09724839776754379,-0.40186479687690735,0.009318258613348007,-0.06907282769680023,0.08273188769817352,-0.1913159340620041,0.2252196967601776,-0.13692666590213776],[0.15985949337482452,-0.09731024503707886,-0.23534728586673737,-0.0004455296148080379,-0.22749918699264526,0.17935751378536224,0.22978104650974274,-0.38124799728393555,0.16922728717327118,-0.07987122982740402],[-0.3440977931022644,-0.07680857926607132,-0.13409872353076935,-0.37854060530662537,-0.010261808522045612,0.07612001150846481,-0.09962323307991028,-0.22274915874004364,0.3035558760166168,0.043592438101768494],[-0.21224650740623474,0.22482919692993164,-0.24631741642951965,0.1371225118637085,-0.22832272946834564,0.13760456442832947,0.03592434898018837,0.07847843319177628,0.09318441152572632,0.006959889084100723],[-0.28451454639434814,0.3742204010486603,0.10145600885152817,-0.15438969433307648,0.06158947944641113,0.20906317234039307,-0.27142250537872314,-0.11433395743370056,-0.18288977444171906,0.23874904215335846],[-0.32421326637268066,0.1671331226825714,0.4002853035926819,-0.26309481263160706,0.2157595008611679,0.05447263643145561,0.17174528539180756,0.11947827786207199,-0.019752398133277893,-0.006938863545656204],[0.06606023013591766,0.052236251533031464,-0.04410067945718765,0.1414032131433487,-0.028420772403478622,-0.06225759536027908,-0.10993808507919312,0.05079715698957443,-0.007023326586931944,-0.10243560373783112],[0.1031016856431961,0.2730884253978729,-0.17789846658706665,-0.17705678939819336,0.21816113591194153,0.2467997670173645,-0.15487858653068542,-0.14602117240428925,0.27250441908836365,0.050653327256441116],[0.36667364835739136,-0.2733133137226105,-0.25704675912857056,-0.2403961569070816,0.11521533876657486,0.12094072997570038,-0.06035236269235611,0.06381562352180481,0.05292876437306404,-0.2933439612388611],[0.014811067841947079,-0.007327455561608076,-0.28685420751571655,0.3208264410495758,0.06768502295017242,-0.13338331878185272,0.07033681869506836,-0.39283284544944763,0.3045658767223358,0.13596591353416443],[-0.053641099482774734,0.21103535592556,0.17750899493694305,-0.07955971360206604,-0.16548429429531097,-0.10285928100347519,-0.12345953285694122,-0.3793719708919525,0.20799916982650757,-0.02974587120115757],[-0.017208442091941833,0.057686109095811844,-0.4316100478172302,0.15788748860359192,-0.0905461385846138,0.050670523196458817,-0.3410259485244751,0.020379872992634773,0.39034342765808105,-0.16527698934078217],[0.11348298192024231,-0.23896406590938568,-0.24241703748703003,0.068170927464962,0.16761551797389984,-0.2129945009946823,0.18545925617218018,0.20771437883377075,-0.02513807825744152,-0.07385347038507462],[0.19744940102100372,0.029005754739046097,-0.42435213923454285,-0.2705345153808594,-0.2701207995414734,-0.2775474190711975,-0.05202414095401764,0.027741553261876106,0.07121492922306061,0.34002357721328735],[0.0011886991560459137,0.11374235153198242,0.0993785560131073,0.08295435458421707,0.17236849665641785,-0.2208120971918106,0.0576464869081974,0.030175693333148956,0.40844112634658813,-0.01014910452067852],[-0.022691277787089348,-0.05289221182465553,-0.03951001912355423,-0.1226821169257164,-0.24220718443393707,0.22852125763893127,0.10166339576244354,-0.28417617082595825,0.3151250183582306,-0.0727076455950737],[0.2154468148946762,0.027545850723981857,-0.04750918969511986,-0.20678460597991943,0.27007630467414856,0.2467271238565445,-0.016516994684934616,0.2136612832546234,-0.13586479425430298,-0.24049924314022064],[-0.0705498531460762,0.038684744387865067,-0.14201463758945465,-0.0017678594449535012,-0.13666653633117676,-0.03986302763223648,0.3687857389450073,0.2535269260406494,-0.3127179443836212,-0.23480500280857086],[0.01790950447320938,-0.14698836207389832,0.022408252581954002,0.03070184960961342,-0.2940703332424164,0.2002488374710083,0.2713305652141571,-0.27949488162994385,-0.15197522938251495,0.38244888186454773],[0.006586858071386814,-0.16638267040252686,0.21772466599941254,0.10257391631603241,0.20130860805511475,-0.23439869284629822,0.22481891512870789,0.017262976616621017,-0.3286172151565552,0.19450722634792328],[-0.0017806446412578225,0.19163459539413452,-0.08376584202051163,-0.32766932249069214,-0.053340740501880646,0.3955230116844177,0.07130295783281326,0.24469518661499023,-0.09429175406694412,0.204435333609581],[-0.34360089898109436,-0.2045220285654068,0.03377928584814072,-0.014737224206328392,-0.3777672052383423,-0.20326124131679535,-0.1408853381872177,0.023444266989827156,-0.038204796612262726,-0.14960336685180664],[-0.04957154765725136,-0.13114243745803833,-0.0005574814276769757,-0.26094114780426025,0.03704645857214928,-0.21978524327278137,0.0019155400805175304,0.20869164168834686,0.1411525011062622,0.07857246696949005],[-0.21682870388031006,-0.30324867367744446,-0.019789576530456543,0.35990995168685913,-0.07371894270181656,-0.09980621933937073,0.29423844814300537,-0.18888279795646667,0.32042741775512695,0.3975561559200287],[0.34499645233154297,0.11752250045537949,0.41983938217163086,-0.29503491520881653,-0.021829960867762566,0.22923563420772552,-0.24932967126369476,-0.02063705213367939,-0.1177324429154396,0.24573533236980438],[-0.3644741475582123,0.1683230847120285,-0.109043650329113,-0.04876470938324928,-0.11430330574512482,0.09178426861763,-0.45435547828674316,-0.11939696222543716,-0.15459193289279938,-0.07021310180425644],[-0.17594440281391144,0.015147421509027481,-0.2897948622703552,0.16713562607765198,-0.2540564239025116,0.26939478516578674,-0.13889887928962708,-0.10489074885845184,0.06771041452884674,0.08215539157390594],[-0.1705603152513504,0.16864106059074402,-0.12927550077438354,-0.04129470884799957,0.30097007751464844,-0.08350364118814468,-0.40820473432540894,-0.3474488854408264,0.013883051462471485,-0.06053190678358078],[-0.09692873805761337,-0.2031569927930832,-0.17449046671390533,-0.02417030744254589,-0.005020977929234505,-0.14541198313236237,0.03749650716781616,0.17925789952278137,-0.11149567365646362,0.06445349007844925],[-0.18477700650691986,0.16783232986927032,0.026549557223916054,0.18148359656333923,-0.14192813634872437,-0.3578096926212311,-0.002539988374337554,-0.2782630920410156,-0.021485937759280205,-0.10692919045686722],[0.08874677866697311,-0.2287784367799759,