{"params":{"desired_samples":16000,"window_size_samples":480,"window_stride_samples":160,"spectrogram_length":98,"fingerprint_width":40,"fingerprint_size":3920,"label_count":4,"sample_rate":16000,"preprocess":"mfcc","average_window_width":-1,"in_repeat":1,"data_url":"https:\/\/storage.googleapis.com\/download.tensorflow.org\/data\/speech_commands_v0.02.tar.gz","data_dir":"tmp\/speech_dataset\/","background_volume":0.1,"background_frequency":0.8,"silence_percentage":10.0,"unknown_percentage":10.0,"time_shift_ms":100.0,"seed":8,"testing_percentage":10,"validation_percentage":10,"clip_duration_ms":1000,"window_size_ms":30.0,"window_stride_ms":10.0,"feature_bin_count":40,"how_many_training_steps":"5,5","eval_step_interval":5,"learning_rate":"0.001,0.0001","batch_size":1,"summaries_dir":"results\/retrain_logs","wanted_words":"yes,no","train_dir":"results\/speech_commands_train","save_step_interval":1000,"start_checkpoint":"","model_architecture":"lsnn","check_nans":false,"quantize":false,"n_hidden":10,"n_layer":1,"dropout_prob":0.0,"print_every":10,"reg":0.001,"n_lif_frac":0.0,"beta":2.0,"tau_adaptation":98,"comment":"","n_thr_spikes":-1,"dampening_factor":0.3,"dt":1.0,"thr":0.01,"thr_min":0.005,"tau":20.0,"refr":2,"n_delay":0,"random_eprop":false,"eprop":false,"avg_spikes":true,"lipschitzness_loss":"kl","beta_lipschitzness":0.0,"step_size_lipschitzness":0.1,"num_steps_lipschitzness":10,"epsilon_lipschitzness":0.01,"use_epsilon_ball":true,"verbosity":20,"optimizer":"adam"},"rng_key":[4240224204,3407156280],"theta":{"W_in":[[-0.13535484671592712,-0.09611116349697113,-0.26954278349876404,-0.022887440398335457,0.28703388571739197,-0.018631333485245705,0.3917366862297058,-0.06788834184408188,0.2653752267360687,0.03662819042801857],[-0.09891583770513535,-0.0010455403244122863,0.19477799534797668,-0.14227041602134705,0.14327095448970795,-0.2120983898639679,0.003664333838969469,-0.3676438331604004,0.14967140555381775,-0.37709248065948486],[-0.044915229082107544,-0.242598295211792,0.1251932829618454,0.22580313682556152,-0.11982754617929459,0.0850432813167572,0.3347967863082886,-0.25201547145843506,0.22339512407779694,-0.2024274617433548],[-0.20360754430294037,0.04099615663290024,0.027117418125271797,0.34731483459472656,-0.183579683303833,0.009055044502019882,-0.2535107433795929,0.03428179398179054,-0.24333620071411133,0.08492441475391388],[0.27786487340927124,0.2097894549369812,0.14351975917816162,-0.19629700481891632,0.004209944047033787,-0.11429519206285477,0.2163754254579544,-0.16946923732757568,-0.16411970555782318,0.3708811104297638],[-0.18765924870967865,0.000399271200876683,-0.05938645452260971,-0.2751956880092621,-0.0010695650707930326,-0.1530732959508896,0.33467456698417664,-0.01665523089468479,0.0033741677179932594,-0.0010606336873024702],[0.1489766240119934,-0.05209970474243164,-0.1914709061384201,-0.18724863231182098,0.17905189096927643,-0.3113095164299011,-0.34744468331336975,-0.3596847355365753,0.25071820616722107,0.17300808429718018],[-0.06898411363363266,-0.280917763710022,-0.008283603936433792,-0.27328619360923767,0.06565789878368378,0.05027209222316742,-0.2971669137477875,0.06106863170862198,-0.356386661529541,0.03758116811513901],[-0.02357419580221176,0.17756664752960205,0.2937965989112854,0.08104903995990753,0.17488092184066772,-0.1077904999256134,-0.059420209378004074,-0.08298350870609283,-0.1719209849834442,0.1375942826271057],[0.36867755651474,-0.03397439792752266,0.31014421582221985,0.07355907559394836,0.05364121496677399,-0.20551632344722748,-0.15865270793437958,-0.1796804815530777,-0.16066958010196686,-0.13844451308250427],[0.34823691844940186,-0.03729658201336861,-0.2463371455669403,-0.30097535252571106,0.27429574728012085,0.09073492884635925,-0.296211838722229,-0.33281007409095764,-0.27281513810157776,0.30364730954170227],[-0.17024780809879303,-0.11390651762485504,0.044810593128204346,-0.14650823175907135,-0.04691459611058235,0.3783935308456421,-0.14509591460227966,0.04249655455350876,0.003086199751123786,-0.027400720864534378],[-0.22571422159671783,0.13201572000980377,0.08991636335849762,-0.1003369688987732,0.16816893219947815,0.0270957313477993,-0.0770595371723175,0.25973501801490784,0.11952211707830429,-0.11665072292089462],[-0.18011026084423065,0.18061140179634094,0.19900494813919067,-0.07779669016599655,0.020007139071822166,0.07192593067884445,-0.05664481595158577,-0.34263110160827637,0.21543876826763153,-0.334819495677948],[0.05238181725144386,0.06818141043186188,-0.09094055742025375,0.1218985766172409,-0.1076214388012886,0.38954320549964905,0.013359174132347107,0.059025343507528305,-0.15843917429447174,-0.21889057755470276],[-0.3101528584957123,0.16105087101459503,0.022113099694252014,0.223666250705719,0.1570727378129959,0.24547699093818665,0.07271913439035416,0.11864198744297028,-0.26026442646980286,0.15629686415195465],[0.2535230219364166,0.21668122708797455,-0.08939286321401596,-0.04941479489207268,-0.027569713070988655,-0.07542914152145386,-0.2895042598247528,-0.14427301287651062,-0.10530490428209305,0.3294425904750824],[-0.19101689755916595,0.11086318641901016,0.11240997910499573,-0.1272599995136261,0.03889906033873558,-0.0711912289261818,-0.1360982060432434,-0.3198733925819397,-0.22397007048130035,-0.28164780139923096],[-0.10509110242128372,-0.03493526205420494,-0.29754266142845154,0.09086546301841736,0.08271913230419159,-0.32710081338882446,-0.10873837769031525,0.21415649354457855,-0.01932459883391857,0.2110256403684616],[-0.030813952907919884,0.14116112887859344,0.11759131401777267,0.22925743460655212,0.08889415115118027,-0.06136035919189453,0.15031467378139496,0.031887494027614594,-0.4063357710838318,-0.1620822697877884],[-0.29974818229675293,-0.4153466820716858,0.10890331864356995,0.26510441303253174,0.02256794646382332,0.07619702816009521,0.3794371485710144,-0.14833961427211761,0.17576557397842407,-0.09665889292955399],[0.11623397469520569,-0.2266625165939331,-0.12221208959817886,0.16788853704929352,-0.10616569966077805,0.05128760635852814,-0.1122281476855278,0.11422762274742126,-0.17227865755558014,-0.2768566906452179],[0.002519836649298668,0.20666420459747314,0.2200930416584015,0.09543649107217789,-0.3566407561302185,0.0014810616848990321,0.2677783668041229,-0.1286160945892334,0.1610039472579956,0.20448876917362213],[-0.03715229779481888,0.05681261792778969,-0.27224865555763245,-0.017270803451538086,-0.366605669260025,0.24252936244010925,0.08089970052242279,-0.35653913021087646,0.270768940448761,-0.07071446627378464],[-0.12229132652282715,-0.09205139428377151,0.0717070996761322,0.38776686787605286,-0.01649722084403038,-0.04302535206079483,-0.347939670085907,-0.02116328477859497,0.09475351870059967,0.008474078960716724],[0.05899811163544655,0.20929326117038727,-0.34892502427101135,-0.18217504024505615,0.11436847597360611,-0.05027595907449722,-0.1119711771607399,-0.34940749406814575,-0.3703509271144867,0.26312947273254395],[0.2287568747997284,0.17902818322181702,0.1664392650127411,-0.016662733629345894,0.111741803586483,-0.09967965632677078,0.1352342963218689,0.27342668175697327,0.10113722831010818,-0.16324828565120697],[0.06705625355243683,0.11043324321508408,-0.08195231109857559,-0.055362142622470856,-0.09519576281309128,-0.11694454401731491,-0.3903515040874481,0.3847619295120239,0.2055893987417221,0.011964954435825348],[0.06381449848413467,0.10859566181898117,-0.33779510855674744,0.2666454017162323,0.018053734675049782,0.18139083683490753,-0.015624302439391613,0.17975927889347076,0.23985983431339264,-0.2615616023540497],[-0.1172126904129982,-0.25820279121398926,-0.07988519221544266,0.41994670033454895,-0.2147899568080902,-0.01800859533250332,-0.07765603065490723,-0.12800590693950653,0.21680347621440887,0.3980138897895813],[0.02629105933010578,0.1466912031173706,0.21048688888549805,0.3089398145675659,0.23341669142246246,0.38180363178253174,0.11114732921123505,0.12626241147518158,-0.2020590603351593,-0.20855404436588287],[-0.030369509011507034,0.1044498160481453,-0.1418263167142868,-0.2014065980911255,