{"params":{"desired_samples":16000,"window_size_samples":480,"window_stride_samples":160,"spectrogram_length":98,"fingerprint_width":40,"fingerprint_size":3920,"label_count":4,"sample_rate":16000,"preprocess":"mfcc","average_window_width":-1,"in_repeat":1,"data_url":"https:\/\/storage.googleapis.com\/download.tensorflow.org\/data\/speech_commands_v0.02.tar.gz","data_dir":"tmp\/speech_dataset\/","background_volume":0.1,"background_frequency":0.8,"silence_percentage":10.0,"unknown_percentage":10.0,"time_shift_ms":100.0,"seed":3,"testing_percentage":10,"validation_percentage":10,"clip_duration_ms":1000,"window_size_ms":30.0,"window_stride_ms":10.0,"feature_bin_count":40,"how_many_training_steps":"5,5","eval_step_interval":5,"learning_rate":"0.001,0.0001","batch_size":1,"summaries_dir":"results\/retrain_logs","wanted_words":"yes,no","train_dir":"results\/speech_commands_train","save_step_interval":1000,"start_checkpoint":"","model_architecture":"lsnn","check_nans":false,"quantize":false,"n_hidden":10,"n_layer":1,"dropout_prob":0.0,"print_every":10,"reg":0.001,"n_lif_frac":0.0,"beta":2.0,"tau_adaptation":98,"comment":"","n_thr_spikes":-1,"dampening_factor":0.3,"dt":1.0,"thr":0.01,"thr_min":0.005,"tau":20.0,"refr":2,"n_delay":0,"random_eprop":false,"eprop":false,"avg_spikes":true,"lipschitzness_loss":"kl","beta_lipschitzness":0.1,"step_size_lipschitzness":0.1,"num_steps_lipschitzness":10,"epsilon_lipschitzness":0.01,"use_epsilon_ball":true,"verbosity":20,"optimizer":"adam"},"rng_key":[2329852776,2611471310],"theta":{"W_in":[[-0.17889410257339478,0.007461154367774725,-0.3276911675930023,0.21157312393188477,-0.14183202385902405,0.18265116214752197,-0.23524430394172668,0.1623709499835968,-0.03387036919593811,-0.03742993250489235],[-0.09920823574066162,-0.2847822606563568,0.08778854459524155,-0.07105690985918045,0.037939444184303284,0.19713094830513,-0.04335527494549751,0.03576590493321419,0.07051000744104385,-0.4061606228351593],[-0.12917345762252808,0.12107012420892715,0.2370801568031311,0.1955241560935974,-0.36966508626937866,0.08426263928413391,-0.005712337326258421,-0.21784266829490662,0.26167669892311096,0.12193433940410614],[0.07791290432214737,0.10446146875619888,-0.05040031298995018,0.0754254162311554,0.07741036266088486,-0.1284584105014801,0.05253629386425018,-0.07326690107584,0.0371476411819458,-0.1048930212855339],[0.14478304982185364,0.08345083147287369,-0.09321673214435577,0.03986580669879913,0.3574109971523285,0.0008985466556623578,-0.030200062319636345,0.26931190490722656,-0.08303635567426682,0.3870700001716614],[0.19982099533081055,-0.3298114538192749,-0.16407108306884766,-0.21502014994621277,-0.04581771418452263,-0.06296806037425995,-0.08311599493026733,0.3639748692512512,0.378926157951355,0.05926625430583954],[-0.24241319298744202,0.2255159169435501,-0.12010461837053299,-0.176936075091362,0.333676278591156,0.3835350573062897,-0.01802091859281063,0.3119792640209198,0.18023589253425598,0.10980678349733353],[0.2403056025505066,0.023210832849144936,-0.12122318148612976,0.05068637803196907,0.2486323118209839,0.032927244901657104,0.007871175184845924,-0.2776622176170349,-0.04968641325831413,-0.43503859639167786],[-0.1748141348361969,0.3601776957511902,-0.13530169427394867,-0.16752628982067108,-0.10745179653167725,0.2564968764781952,-0.02431543357670307,-0.18846213817596436,0.05554705485701561,0.26294049620628357],[0.27564480900764465,-0.09819810837507248,-0.13816523551940918,0.031758278608322144,-0.07600363343954086,-0.39978379011154175,-0.07517392933368683,0.16440793871879578,-0.1696462631225586,-0.15137742459774017],[-0.05521083250641823,-0.08882757276296616,-0.44357478618621826,0.1859608292579651,-0.24090176820755005,0.3302173316478729,-0.045881859958171844,0.19085751473903656,-0.11528881639242172,-0.3689265251159668],[0.0005787148838862777,0.031618569046258926,0.32712486386299133,0.24653106927871704,-0.1389201432466507,0.12877698242664337,-0.35513836145401,0.12205181270837784,-0.36266690492630005,-0.15728673338890076],[-0.1019001305103302,-0.03067666105926037,-0.06173265352845192,-0.1430923342704773,0.0007190753822214901,0.10796342045068741,0.1363166719675064,0.23257780075073242,-0.32297536730766296,0.019071148708462715],[-0.24589625000953674,0.25837060809135437,0.0016974653117358685,-0.0011151132639497519,-0.07571084052324295,0.11006690561771393,0.24509799480438232,0.36654338240623474,-0.17996038496494293,0.14096638560295105],[0.042251817882061005,-0.2733912467956543,-0.3212176263332367,-0.043711766600608826,-0.2376224547624588,0.18192680180072784,-0.07170848548412323,0.10693557560443878,-0.015719227492809296,0.09502431005239487],[-0.2001883089542389,-0.05322445556521416,0.40005773305892944,-0.05701068788766861,0.3547261655330658,-0.15994636714458466,-0.09271341562271118,0.05741278827190399,-0.17996430397033691,-0.2778300344944],[-0.37289440631866455,-0.2875373959541321,0.3270513415336609,-0.12806499004364014,0.2569813132286072,0.30145642161369324,0.145210862159729,0.08446203172206879,-0.08103156089782715,-0.16471421718597412],[0.03391937166452408,0.14696334302425385,0.1508784294128418,-0.3305009603500366,0.08731167763471603,0.11595557630062103,-0.09993725270032883,-0.16668109595775604,-0.23603913187980652,0.11442456394433975],[0.01377641037106514,0.09747552126646042,-0.015374446287751198,-0.15826383233070374,0.008998469449579716,-0.20593683421611786,-0.08462083339691162,0.1589442491531372,-0.07336235791444778,-0.07041464745998383],[-0.13941873610019684,-0.03044702671468258,-0.14803101122379303,-0.02023462951183319,0.0997476652264595,-0.4172092378139496,-0.09807528555393219,-0.12079902738332748,0.0489792637526989,-0.20730744302272797],[-0.10428528487682343,0.25917088985443115,0.0333365872502327,-0.3511548638343811,0.0930790901184082,0.0698869377374649,0.02264818549156189,-0.19446654617786407,-0.3017618656158447,-0.1495032012462616],[0.12157077342271805,-0.0073063066229224205,-0.254255473613739,0.13763312995433807,0.15859244763851166,0.4005163609981537,-0.22595563530921936,0.07521749287843704,-0.2869906425476074,0.18689097464084625],[0.19058161973953247,0.08123783767223358,-0.28847891092300415,0.21850286424160004,0.057038240134716034,-0.08666759729385376,0.2708580493927002,0.09783706814050674,0.027306849136948586,-0.004010324832051992],[-0.15634092688560486,-0.3367147147655487,0.3088778555393219,0.06089826300740242,0.2256045937538147,-0.13623298704624176,-0.17660096287727356,0.09371847659349442,0.14170688390731812,0.19674554467201233],[0.03689238056540489,0.23363125324249268,-0.18147069215774536,0.06426992267370224,-0.2612653374671936,0.16125372052192688,0.10070085525512695,-0.10121553391218185,-0.38515788316726685,0.3180061876773834],[0.060441236943006516,0.2447378784418106,0.09199481457471848,0.021040350198745728,-0.004040487576276064,-0.15219861268997192,0.01913885585963726,-0.20237068831920624,-0.07528918236494064,-0.219325989484787],[-0.14339174330234528,0.17248433828353882,0.38972362875938416,0.14400546252727509,-0.34316468238830566,-0.06806202232837677,0.3493427336215973,-0.0596269816160202,0.3291172385215759,-0.34815651178359985],[0.018361490219831467,0.11171437054872513,0.00908670574426651,-0.21840007603168488,-0.24914264678955078,-0.17064519226551056,0.05376691371202469,0.01940157823264599,-0.01800752431154251,0.11547304689884186],[-0.06671623140573502,-0.08073131740093231,0.23874661326408386,0.028918378055095673,-0.04270545020699501,-0.29476895928382874,-0.13755811750888824,-0.09829511493444443,0.19058474898338318,-0.20325414836406708],[0.1388990879058838,0.2939795255661011,0.15196633338928223,-0.022945461794734,0.34456518292427063,-0.19497869908809662,-0.2391931712627411,0.19150008261203766,0.06917862594127655,-0.3605234920978546],[0.15297406911849976,-0.012947013601660728,0.34962475299835205,-0.11087892949581146,-0.2691354751586914,-0.028338856995105743,-0.22633947432041168,0.03091644123196602,-0.013307390734553337,0.12137342989444733],[-0.029801251366734505,0.07865027338266373,0.023592667654156685,-0.2000177800655365,