{"params":{"desired_samples":16000,"window_size_samples":480,"window_stride_samples":160,"spectrogram_length":98,"fingerprint_width":40,"fingerprint_size":3920,"label_count":4,"sample_rate":16000,"preprocess":"mfcc","average_window_width":-1,"in_repeat":1,"data_url":"https:\/\/storage.googleapis.com\/download.tensorflow.org\/data\/speech_commands_v0.02.tar.gz","data_dir":"tmp\/speech_dataset\/","background_volume":0.1,"background_frequency":0.8,"silence_percentage":10.0,"unknown_percentage":10.0,"time_shift_ms":100.0,"seed":4,"testing_percentage":10,"validation_percentage":10,"clip_duration_ms":1000,"window_size_ms":30.0,"window_stride_ms":10.0,"feature_bin_count":40,"how_many_training_steps":"5,5","eval_step_interval":5,"learning_rate":"0.001,0.0001","batch_size":1,"summaries_dir":"results\/retrain_logs","wanted_words":"yes,no","train_dir":"results\/speech_commands_train","save_step_interval":1000,"start_checkpoint":"","model_architecture":"lsnn","check_nans":false,"quantize":false,"n_hidden":10,"n_layer":1,"dropout_prob":0.0,"print_every":10,"reg":0.001,"n_lif_frac":0.0,"beta":2.0,"tau_adaptation":98,"comment":"","n_thr_spikes":-1,"dampening_factor":0.3,"dt":1.0,"thr":0.01,"thr_min":0.005,"tau":20.0,"refr":2,"n_delay":0,"random_eprop":false,"eprop":false,"avg_spikes":true,"lipschitzness_loss":"kl","beta_lipschitzness":0.1,"step_size_lipschitzness":0.1,"num_steps_lipschitzness":10,"epsilon_lipschitzness":0.01,"use_epsilon_ball":true,"verbosity":20,"optimizer":"adam"},"rng_key":[20842899,3723019338],"theta":{"W_in":[[-0.10345407575368881,-0.10197044163942337,-0.15461410582065582,0.22635431587696075,-0.3500731289386749,-0.35595405101776123,-0.30742931365966797,0.029293838888406754,-0.04085807502269745,-0.04110777750611305],[-0.1298867017030716,0.06743644177913666,0.3012479543685913,-0.10969354212284088,0.01695285178720951,-0.1433338224887848,-0.15949052572250366,0.08406128734350204,-0.010946182534098625,-0.062364157289266586],[-0.17157293856143951,-0.044180404394865036,-0.3956773281097412,0.39973974227905273,0.057212043553590775,0.18674181401729584,0.027251560240983963,0.2837204039096832,0.15416978299617767,0.31899920105934143],[0.16649498045444489,0.0651368573307991,0.13308146595954895,-0.024668777361512184,0.20969776809215546,0.04771052300930023,-0.22727949917316437,0.13629646599292755,0.046985313296318054,0.1660081446170807],[-0.223361998796463,-0.2351752668619156,0.3093954026699066,-0.06935568898916245,-0.11924273520708084,-0.07895229011774063,-0.001524663995951414,0.4368054270744324,0.03710854426026344,-0.2672045826911926],[-0.009166303090751171,-0.3825048506259918,-0.1820698231458664,0.18453752994537354,0.24383343756198883,-0.09943294525146484,-0.03224610909819603,-0.20305156707763672,0.0065213702619075775,0.20385827124118805],[-0.048121970146894455,-0.13147176802158356,-0.038825951516628265,0.3226233720779419,-0.23348665237426758,0.2293006330728531,0.3165929913520813,-0.44282543659210205,0.03603082150220871,0.333710253238678],[0.2611916959285736,0.0456666573882103,-0.0026030002627521753,0.05702395364642143,0.24475225806236267,-0.23136936128139496,0.1164717748761177,-0.21343094110488892,-0.03846810385584831,0.2541421949863434],[-0.10995068401098251,0.40001770853996277,-0.1919081211090088,0.166571706533432,-0.014730092138051987,0.052642080932855606,0.12032590806484222,0.1963951736688614,0.020417358726263046,0.09025336056947708],[0.07385573536157608,-0.23028098046779633,-0.18862324953079224,0.40538114309310913,-0.011889641173183918,-0.07049637287855148,-0.1019391342997551,-0.062162142246961594,0.009437489323318005,-0.13999073207378387],[0.1522217094898224,0.19491828978061676,0.13087262213230133,0.23013447225093842,-0.27238497138023376,0.12694968283176422,-0.3663759231567383,-0.03444262221455574,0.1967916637659073,0.19371181726455688],[-0.2849794328212738,0.11055830121040344,0.2185906171798706,0.2965776026248932,0.10013826936483383,-0.008639008738100529,-0.3313785791397095,-0.4559204876422882,0.08070188015699387,-0.3016112148761749],[0.1092568039894104,-0.0834057629108429,0.09938487410545349,-0.3067868947982788,0.10539761930704117,-0.04152103140950203,0.2746155261993408,0.28221356868743896,0.20469164848327637,-0.24371640384197235],[-0.11544463783502579,-0.11428425461053848,-0.16328246891498566,0.10432542115449905,-0.09791507571935654,0.018338020890951157,0.4177929162979126,0.08345678448677063,-0.01041286438703537,0.03125441446900368],[0.16818034648895264,-0.17048779129981995,0.0646442398428917,-0.33930501341819763,-0.1304154247045517,-0.22405686974525452,-0.0953129380941391,0.017999939620494843,-0.07692500203847885,0.12277155369520187],[0.293736070394516,0.1552717238664627,0.1912199854850769,0.27648282051086426,-0.17518465220928192,0.09063387662172318,-0.04827939346432686,0.22868070006370544,-0.19341598451137543,-0.3847736120223999],[0.21126972138881683,-0.30264949798583984,-0.16965557634830475,-0.38713890314102173,-0.2644890248775482,0.30401450395584106,0.06427464634180069,-0.3761276602745056,0.20071981847286224,-0.4490415155887604],[-0.048174336552619934,-0.10076797753572464,-0.12019796669483185,-0.213053360581398,-0.1753169745206833,-0.22743307054042816,0.13003677129745483,-0.26785483956336975,0.23402464389801025,0.22156041860580444],[-0.05735199525952339,-0.015971152111887932,-0.24784664809703827,-0.24246665835380554,-0.3011423349380493,-0.16863122582435608,-0.36892810463905334,0.09551716595888138,-0.09844933450222015,0.09942638874053955],[0.043271809816360474,-0.06951780617237091,-0.21210499107837677,0.026555804535746574,-0.13782578706741333,0.30476871132850647,-0.07026734203100204,0.06494083255529404,0.051128845661878586,0.44011518359184265],[-0.06903257966041565,0.03686566650867462,-0.1793125569820404,0.20286963880062103,0.2423253208398819,0.4343651831150055,-0.2746570408344269,-0.4307788610458374,0.33639323711395264,0.1561015546321869],[0.09018366038799286,0.2001231610774994,-0.005401791073381901,0.0736774206161499,-0.08628402650356293,0.1768164336681366,0.020637094974517822,-0.15175193548202515,0.028057707473635674,0.13418933749198914],[0.07523477077484131,-0.05112189054489136,-0.2787614166736603,0.22309176623821259,-0.15612271428108215,0.15578027069568634,-0.14852085709571838,-0.2191232442855835,0.006350918207317591,-0.1974284052848816],[-0.13182476162910461,0.21672962605953217,0.15161146223545074,-0.011544551700353622,-0.40844812989234924,-0.18001149594783783,0.07594457268714905,0.08487022668123245,-0.18401652574539185,-0.0495489127933979],[0.2369633913040161,0.0882856622338295,0.10765928775072098,-0.20167744159698486,0.0229947566986084,-0.2348635047674179,0.1169353798031807,-0.27769288420677185,-0.1533932387828827,-0.0703154057264328],[0.2760114073753357,0.18989406526088715,-0.0025708023458719254,0.11453836411237717,-0.18297089636325836,-0.06289395689964294,-0.04888700693845749,0.08435207605361938,0.056744202971458435,-0.2956918478012085],[0.016522865742444992,-0.1708960384130478,-0.19256368279457092,0.0023945567663758993,-0.22061674296855927,0.259946346282959,0.08683796972036362,-0.42129018902778625,0.08247937262058258,-0.0029079734813421965],[-0.3835159242153168,-0.16206713020801544,-0.023490918800234795,0.00638181297108531,0.2594069540500641,-0.30559760332107544,0.14388342201709747,-0.24563530087471008,0.19403167068958282,0.11768507212400436],[-0.2536485493183136,0.04090840369462967,0.18363413214683533,-0.1842408925294876,0.23752593994140625,-0.2824787199497223,0.30111706256866455,0.18299029767513275,-0.07273956388235092,-0.10111011564731598],[0.024189835414290428,0.14485323429107666,0.08424592763185501,0.07227282226085663,-0.1866249293088913,0.35817399621009827,-0.2551288604736328,-0.02780590020120144,-0.41096046566963196,0.02420700341463089],[-0.39669230580329895,-0.12335354834794998,-0.042611561715602875,-0.08978336304426193,0.32385578751564026,0.2093380242586136,-0.18616896867752075,-0.21917295455932617,0.1188448816537857,0.14929023385047913],[-0.14594778418540955,-0.1367969512939453,0.3603876829147339,-0.06152988225221634,