{"params":{"desired_samples":16000,"window_size_samples":480,"window_stride_samples":160,"spectrogram_length":98,"fingerprint_width":40,"fingerprint_size":3920,"label_count":4,"sample_rate":16000,"preprocess":"mfcc","average_window_width":-1,"in_repeat":1,"data_url":"https:\/\/storage.googleapis.com\/download.tensorflow.org\/data\/speech_commands_v0.02.tar.gz","data_dir":"tmp\/speech_dataset\/","background_volume":0.1,"background_frequency":0.8,"silence_percentage":10.0,"unknown_percentage":10.0,"time_shift_ms":100.0,"seed":7,"testing_percentage":10,"validation_percentage":10,"clip_duration_ms":1000,"window_size_ms":30.0,"window_stride_ms":10.0,"feature_bin_count":40,"how_many_training_steps":"5,5","eval_step_interval":5,"learning_rate":"0.001,0.0001","batch_size":1,"summaries_dir":"results\/retrain_logs","wanted_words":"yes,no","train_dir":"results\/speech_commands_train","save_step_interval":1000,"start_checkpoint":"","model_architecture":"lsnn","check_nans":false,"quantize":false,"n_hidden":10,"n_layer":1,"dropout_prob":0.0,"print_every":10,"reg":0.001,"n_lif_frac":0.0,"beta":2.0,"tau_adaptation":98,"comment":"","n_thr_spikes":-1,"dampening_factor":0.3,"dt":1.0,"thr":0.01,"thr_min":0.005,"tau":20.0,"refr":2,"n_delay":0,"random_eprop":false,"eprop":false,"avg_spikes":true,"lipschitzness_loss":"kl","beta_lipschitzness":0.0,"step_size_lipschitzness":0.1,"num_steps_lipschitzness":10,"epsilon_lipschitzness":0.01,"use_epsilon_ball":true,"verbosity":20,"optimizer":"adam"},"rng_key":[912013217,2427394321],"theta":{"W_in":[[0.033601708710193634,-0.12028996646404266,-0.33823123574256897,-0.29290154576301575,0.4066227674484253,-0.23379038274288177,-0.16079875826835632,0.09476987272500992,-0.0006325703579932451,0.05771360546350479],[0.3895139992237091,-0.35809946060180664,-0.11639272421598434,0.2622409164905548,0.191293865442276,0.033810243010520935,0.23354637622833252,-0.13757546246051788,-0.2070702314376831,-0.38719454407691956],[0.1611684113740921,-0.14214371144771576,0.38615140318870544,-0.2119644731283188,-0.030644629150629044,0.45307400822639465,-0.1784256100654602,0.15249308943748474,-0.3337599039077759,0.02014036662876606],[-0.041980210691690445,-0.21562448143959045,0.09551317989826202,0.2247042953968048,-0.05397123098373413,0.15928660333156586,0.11062410473823547,-0.05792717635631561,0.06049458682537079,-0.2798704206943512],[-0.06252118200063705,0.0028575798496603966,-0.20231923460960388,-0.05851881206035614,-0.09684651345014572,-0.1345950961112976,0.01263053435832262,-0.26870179176330566,-0.13870783150196075,0.15586066246032715],[0.020763641223311424,0.25351399183273315,-0.0570448637008667,0.021535828709602356,0.24431371688842773,-0.1345406025648117,0.1503225713968277,-0.4246121346950531,-0.14140969514846802,0.22909609973430634],[-0.06055483594536781,-0.00741069158539176,0.18441340327262878,0.20815518498420715,-0.17382368445396423,0.3104327917098999,-0.05711847543716431,0.21549582481384277,-0.2643792927265167,-0.281764954328537],[0.15861649811267853,-0.20903810858726501,0.19010066986083984,-0.07697094231843948,-0.05781254544854164,-0.01024202723056078,0.11354289203882217,-0.29668769240379333,-0.3533174693584442,-0.24323132634162903],[-0.18436488509178162,-0.13151703774929047,0.0712321326136589,-0.22137674689292908,0.1978984922170639,0.11458202451467514,0.1738029420375824,-0.19880978763103485,0.03784738481044769,0.054329268634319305],[-0.17899100482463837,0.2981666922569275,-0.11322885751724243,0.20452828705310822,0.18039873242378235,-0.3386680781841278,-0.042391739785671234,-0.26027432084083557,0.08780752867460251,0.2333022952079773],[-0.4000749886035919,0.003773181000724435,-0.1556592583656311,0.40618690848350525,0.24173223972320557,-0.2610756456851959,0.09120261669158936,-0.17901015281677246,-0.07080594450235367,0.20611076056957245],[0.33888429403305054,-0.07534956932067871,-0.01815703883767128,-0.05963677167892456,-0.04179486632347107,-0.08817090094089508,0.19059447944164276,0.1979534775018692,-0.1236526146531105,-0.14399094879627228],[0.007793254218995571,-0.2138122022151947,0.15500877797603607,0.02751966565847397,0.3397720754146576,0.1409619003534317,0.27114880084991455,0.09666774421930313,-0.09074532985687256,-0.1499662697315216],[-0.05414610356092453,0.2508971095085144,0.04174812138080597,-0.19904081523418427,0.278725266456604,-0.07685019820928574,-0.08031890541315079,0.1979508101940155,-0.029181720688939095,-0.14024780690670013],[0.3025527596473694,-0.16419416666030884,-0.25062212347984314,-0.3458486497402191,0.15567247569561005,0.24823695421218872,0.4010484218597412,0.06206640601158142,0.35038381814956665,0.14055347442626953],[0.3471789062023163,-0.08163665980100632,-0.07673701643943787,0.01786794885993004,0.02775420807301998,0.2254069596529007,0.26836204528808594,-0.03254746273159981,-0.1829831451177597,0.014558425173163414],[-0.27814221382141113,0.20018331706523895,-0.09823383390903473,0.3198077380657196,-0.2923426926136017,0.15041311085224152,0.19912806153297424,0.10378709435462952,-0.09309635311365128,-0.18195119500160217],[0.18411226570606232,-0.03496036306023598,-0.03268035501241684,0.014575906097888947,0.3016485571861267,0.37340307235717773,-0.40846046805381775,0.4221694767475128,0.12249404191970825,0.24148282408714294],[-0.012925499118864536,-0.4099058210849762,-0.03342777490615845,-0.2212095707654953,-0.2533350884914398,0.056982412934303284,0.04457379877567291,-0.23359812796115875,-0.17794594168663025,0.44045406579971313],[0.0022414252161979675,-0.06246059015393257,0.34831032156944275,0.2211311161518097,-0.15202626585960388,-0.21547693014144897,0.06912487745285034,-0.22877629101276398,0.11506711691617966,-0.1926395148038864],[-0.2382911890745163,0.21864396333694458,-0.03375369682908058,0.1744127720594406,0.054659608751535416,0.18752239644527435,-0.3914893865585327,0.007442789152264595,0.03715682774782181,-0.12102299928665161],[-0.08760382980108261,-0.27308130264282227,-0.051623474806547165,-0.20136605203151703,0.11648550629615784,-0.3114321529865265,0.10653746873140335,0.3871947228908539,0.29959818720817566,-0.1589817851781845],[-0.3602451682090759,-0.20958085358142853,0.06726326793432236,0.0740126296877861,0.18545788526535034,0.26262834668159485,-0.4194853603839874,0.039177265018224716,0.1572142392396927,0.22390593588352203],[-0.07885044068098068,0.11353800445795059,0.262512743473053,-0.3353693187236786,0.14384669065475464,0.09722241759300232,0.044164739549160004,-0.3713769018650055,0.01235193107277155,0.37602701783180237],[-0.2270875871181488,-0.29822126030921936,0.2190590649843216,0.25424760580062866,0.09236831218004227,-0.06695061922073364,-0.37845486402511597,0.0643974170088768,-0.3461393713951111,0.15978164970874786],[0.1330440193414688,-0.13788805902004242,0.0012865704484283924,0.4464442729949951,0.03451348468661308,-0.18236806988716125,-0.012859305366873741,-0.14884643256664276,0.3063121438026428,-0.29025599360466003],[-0.09050732851028442,-0.0966552272439003,0.06422784924507141,0.22482740879058838,-0.37889623641967773,0.16942144930362701,-0.31665244698524475,-0.05908358469605446,0.12220758199691772,-0.4030101001262665],[0.3692915439605713,-0.34176871180534363,-0.06722314655780792,-0.34674909710884094,0.3326859176158905,-0.13911288976669312,-0.19628308713436127,0.14497682452201843,0.03433065116405487,0.10257305204868317],[-0.2642666697502136,-0.14724203944206238,-0.2866765260696411,-0.09637456387281418,-0.1657451093196869,0.07338593900203705,-0.0007780439336784184,-0.28960222005844116,0.10346343368291855,-0.006648097652941942],[-0.13693170249462128,-0.03267008066177368,-0.05633368343114853,0.24925324320793152,0.1757751852273941,0.10018182545900345,0.2800770699977875,-0.014748680405318737,-0.3350983262062073,-0.170444056391716],[0.42550384998321533,-0.04248102009296417,-0.11778738349676132,-0.3002375662326813,-0.1815257966518402,-0.36380505561828613,-0.0065462226048111916,-0.035944003611803055,0.24209396541118622,-0.11999665200710297],[-0.165809765458107,0.14435966312885284,-0.07781306654214859,0.11686921864748001,