{"params":{"desired_samples":16000,"window_size_samples":480,"window_stride_samples":160,"spectrogram_length":98,"fingerprint_width":40,"fingerprint_size":3920,"label_count":4,"sample_rate":16000,"preprocess":"mfcc","average_window_width":-1,"in_repeat":1,"data_url":"https:\/\/storage.googleapis.com\/download.tensorflow.org\/data\/speech_commands_v0.02.tar.gz","data_dir":"tmp\/speech_dataset\/","background_volume":0.1,"background_frequency":0.8,"silence_percentage":10.0,"unknown_percentage":10.0,"time_shift_ms":100.0,"seed":5,"testing_percentage":10,"validation_percentage":10,"clip_duration_ms":1000,"window_size_ms":30.0,"window_stride_ms":10.0,"feature_bin_count":40,"how_many_training_steps":"5,5","eval_step_interval":5,"learning_rate":"0.001,0.0001","batch_size":1,"summaries_dir":"results\/retrain_logs","wanted_words":"yes,no","train_dir":"results\/speech_commands_train","save_step_interval":1000,"start_checkpoint":"","model_architecture":"lsnn","check_nans":false,"quantize":false,"n_hidden":10,"n_layer":1,"dropout_prob":0.0,"print_every":10,"reg":0.001,"n_lif_frac":0.0,"beta":2.0,"tau_adaptation":98,"comment":"","n_thr_spikes":-1,"dampening_factor":0.3,"dt":1.0,"thr":0.01,"thr_min":0.005,"tau":20.0,"refr":2,"n_delay":0,"random_eprop":false,"eprop":false,"avg_spikes":true,"lipschitzness_loss":"kl","beta_lipschitzness":1.0,"step_size_lipschitzness":0.1,"num_steps_lipschitzness":10,"epsilon_lipschitzness":0.01,"use_epsilon_ball":true,"verbosity":20,"optimizer":"adam"},"rng_key":[1841151846,868113448],"theta":{"W_in":[[-0.05697762966156006,-0.275460809469223,0.12020350992679596,-0.28026190400123596,0.28179672360420227,0.01331815030425787,0.03676022216677666,-0.0752536877989769,-0.2217143028974533,-0.4002307653427124],[0.2580844461917877,-0.14339624345302582,-0.25914469361305237,0.034976717084646225,0.011700690723955631,0.10933294147253036,0.16804838180541992,0.0014397199265658855,-0.05229102075099945,-0.024000322446227074],[-0.09868177771568298,-0.10745604336261749,-0.1731007844209671,0.0744049921631813,0.013704214245080948,0.17159858345985413,-0.18653562664985657,0.17508156597614288,-0.30212458968162537,0.13698425889015198],[-0.07169263064861298,-0.2603279650211334,-0.07300449162721634,-0.008609985932707787,-0.00022085735690779984,-0.008530830033123493,-0.2161843478679657,0.16399632394313812,0.014867392368614674,0.18831086158752441],[0.1375744491815567,0.2694469094276428,0.2789057493209839,0.11811524629592896,-0.24719052016735077,-0.030197251588106155,-0.2638169527053833,-0.3452017307281494,-0.4333462417125702,-0.06488551944494247],[0.2849542200565338,-0.40689292550086975,0.13179656863212585,0.10295185446739197,-0.1732233762741089,0.18705695867538452,0.03600092977285385,0.20685835182666779,0.3735322058200836,0.09058839082717896],[0.17709723114967346,-0.0582968145608902,-0.3570774495601654,0.09365260601043701,-0.20046253502368927,0.25761255621910095,0.24952280521392822,0.06998886913061142,-0.2554934620857239,-0.27610570192337036],[0.39754846692085266,-0.013482539914548397,-0.06077910214662552,-0.09050361067056656,0.009246851317584515,0.1387927085161209,-0.06284472346305847,-0.2986409664154053,-0.02642764151096344,0.0734792947769165],[0.11319294571876526,0.30191758275032043,-0.3849686086177826,-0.12827953696250916,-0.023627640679478645,0.0760050043463707,0.11702936887741089,-0.07585099339485168,-0.18442775309085846,0.16733285784721375],[0.003218534169718623,-0.17545419931411743,0.2131131887435913,0.0770948976278305,0.12587475776672363,-0.09340430051088333,0.09509313851594925,0.32135072350502014,0.23222239315509796,0.2827115058898926],[-0.03879014030098915,-0.2653583586215973,0.12736165523529053,-0.021677516400814056,0.10842101275920868,-0.17074771225452423,0.14705783128738403,-0.015389334410429,0.12661097943782806,-0.15641102194786072],[-0.09500596672296524,0.0875958576798439,-0.036977618932724,-0.30436795949935913,-0.29476964473724365,-0.14694076776504517,0.41706332564353943,0.20238666236400604,-0.07363788038492203,0.12371352314949036],[-0.2726644277572632,0.18729789555072784,0.09225314110517502,-0.42333266139030457,0.12163211405277252,-0.43734392523765564,0.02086651138961315,0.37520453333854675,0.013812565244734287,0.29299917817115784],[-0.06989869475364685,-0.23823103308677673,0.2772428095340729,-0.3728964626789093,0.053535111248493195,-0.1305112987756729,-0.022865384817123413,-0.09559407830238342,-0.12945975363254547,-0.09978190809488297],[-0.1475203037261963,-0.030873380601406097,0.02506078965961933,-0.4235670864582062,0.230042964220047,0.0469396747648716,0.19113779067993164,0.2969568967819214,0.21066085994243622,-0.07946962118148804],[-0.20991086959838867,0.04479732736945152,0.09602838009595871,-0.12284298241138458,-0.060469336807727814,-0.1936173141002655,0.25762248039245605,-0.2552451193332672,0.2903019189834595,-0.10877788811922073],[0.3894077241420746,0.0024471767246723175,-0.22050614655017853,-0.04756244644522667,0.12195140868425369,-0.10805054008960724,-0.31730222702026367,0.08188538253307343,-0.22904250025749207,0.03447343036532402],[0.1542176902294159,0.11140906810760498,0.16422826051712036,0.024469899013638496,0.30468475818634033,0.018280113115906715,-0.20426218211650848,0.15977166593074799,0.05952809005975723,-0.24357640743255615],[-0.025686107575893402,0.13866807520389557,0.04101439192891121,0.2348201721906662,0.09928891807794571,0.3137395679950714,-0.010730242356657982,-0.24771547317504883,0.02303728275001049,0.22419361770153046],[0.37251347303390503,0.22803837060928345,0.07705007493495941,0.1441335529088974,0.015061438083648682,0.007698726374655962,-0.10211233049631119,0.12912432849407196,-0.06893724948167801,0.012839516624808311],[-0.06635300070047379,-0.20720931887626648,0.40827232599258423,-0.22561673820018768,-0.15351901948451996,-0.008975598029792309,0.3643109202384949,-0.14212854206562042,-0.34287041425704956,-0.07841482758522034],[0.010950504802167416,-0.3000454306602478,-0.07732616364955902,0.3257591426372528,-0.15389466285705566,0.2478591352701187,-0.3236507177352905,-0.11698891967535019,0.025436121970415115,-0.19317717850208282],[0.35759690403938293,-0.2955469787120819,-0.358306884765625,-0.09641943126916885,-0.1820109784603119,-0.002235002350062132,-0.01485591009259224,-0.11977445334196091,-0.30783629417419434,0.05802067741751671],[0.07330241799354553,0.37880104780197144,0.12882107496261597,-0.04423107951879501,0.317295640707016,0.36482226848602295,0.32913902401924133,-0.0009044031612575054,0.05361520126461983,0.22281788289546967],[-0.1047608032822609,-0.15680502355098724,0.05280726030468941,-0.03195333480834961,0.060941897332668304,0.048314616084098816,0.1583925187587738,-0.25147294998168945,-0.25485536456108093,-0.16482774913311005],[0.376040518283844,0.40361425280570984,0.10339721292257309,-0.08586784452199936,-0.17167776823043823,-0.03429017215967178,0.02845277264714241,-0.07044361531734467,0.06693622469902039,0.1629263311624527],[0.19999797642230988,0.3327544331550598,0.12125422805547714,-0.2108437418937683,0.08447869122028351,-0.04434119164943695,0.12468373775482178,0.04844320937991142,0.1439955234527588,-0.043533362448215485],[-0.11027710139751434,0.1440981775522232,0.07899320870637894,-0.11253633350133896,0.150838702917099,0.026157725602388382,-0.286548376083374,-0.030904831364750862,0.01962718553841114,-0.18088635802268982],[0.18017703294754028,0.22019115090370178,0.15751920640468597,-0.23904822766780853,0.2957683801651001,0.25485098361968994,-0.04023133963346481,-0.021481938660144806,-0.3008256256580353,0.22948922216892242],[-0.21111926436424255,0.2709355056285858,0.2360457181930542,0.024713819846510887,0.22693094611167908,-0.14928288757801056,-0.0301223061978817,0.14607004821300507,-0.15094807744026184,0.14822128415107727],[0.31706321239471436,0.2110476791858673,0.07593399286270142,-0.11298250406980515,0.10926498472690582,0.32369089126586914,0.33063775300979614,-0.19209995865821838,-0.08695173263549805,0.3850415349006653],[-0.0668933093547821,-0.027102598920464516,0.15865309536457062,0.10566677898168564,