{"params":{"desired_samples":16000,"window_size_samples":480,"window_stride_samples":160,"spectrogram_length":98,"fingerprint_width":40,"fingerprint_size":3920,"label_count":4,"sample_rate":16000,"preprocess":"mfcc","average_window_width":-1,"in_repeat":1,"data_url":"https:\/\/storage.googleapis.com\/download.tensorflow.org\/data\/speech_commands_v0.02.tar.gz","data_dir":"tmp\/speech_dataset\/","background_volume":0.1,"background_frequency":0.8,"silence_percentage":10.0,"unknown_percentage":10.0,"time_shift_ms":100.0,"seed":3,"testing_percentage":10,"validation_percentage":10,"clip_duration_ms":1000,"window_size_ms":30.0,"window_stride_ms":10.0,"feature_bin_count":40,"how_many_training_steps":"5,5","eval_step_interval":5,"learning_rate":"0.001,0.0001","batch_size":1,"summaries_dir":"results\/retrain_logs","wanted_words":"yes,no","train_dir":"results\/speech_commands_train","save_step_interval":1000,"start_checkpoint":"","model_architecture":"lsnn","check_nans":false,"quantize":false,"n_hidden":10,"n_layer":1,"dropout_prob":0.0,"print_every":10,"reg":0.001,"n_lif_frac":0.0,"beta":2.0,"tau_adaptation":98,"comment":"","n_thr_spikes":-1,"dampening_factor":0.3,"dt":1.0,"thr":0.01,"thr_min":0.005,"tau":20.0,"refr":2,"n_delay":0,"random_eprop":false,"eprop":false,"avg_spikes":true,"lipschitzness_loss":"kl","beta_lipschitzness":0.001,"step_size_lipschitzness":0.1,"num_steps_lipschitzness":10,"epsilon_lipschitzness":0.01,"use_epsilon_ball":true,"verbosity":20,"optimizer":"adam"},"rng_key":[2329852776,2611471310],"theta":{"W_in":[[-0.17890691757202148,0.007433929480612278,-0.32769304513931274,0.21157312393188477,-0.14183351397514343,0.18265116214752197,-0.23525270819664001,0.1623709499835968,-0.03387317806482315,-0.03743436932563782],[-0.09920579195022583,-0.2847983241081238,0.08778681606054306,-0.07105690985918045,0.03794069215655327,0.19713094830513,-0.0433550588786602,0.03576590493321419,0.07050930708646774,-0.40616071224212646],[-0.1291654407978058,0.12108207494020462,0.2370804101228714,0.1955241560935974,-0.3696626126766205,0.08426263928413391,-0.005700354930013418,-0.21784266829490662,0.261686772108078,0.1219463050365448],[0.07791797071695328,0.10447441786527634,-0.050399765372276306,0.0754254162311554,0.07740933448076248,-0.1284584105014801,0.05254444479942322,-0.07326690107584,0.03714930638670921,-0.10488761216402054],[0.1447899341583252,0.08345939218997955,-0.09321542829275131,0.039865802973508835,0.35741060972213745,0.0008985459571704268,-0.03018791414797306,0.26931190490722656,-0.08303496241569519,0.38707801699638367],[0.19982078671455383,-0.32981911301612854,-0.16406813263893127,-0.21502014994621277,-0.04582028463482857,-0.06296806037425995,-0.08312108367681503,0.3639748692512512,0.3789355456829071,0.0592711940407753],[-0.24240800738334656,0.22553189098834991,-0.12010250985622406,-0.176936075091362,0.33367621898651123,0.3835350573062897,-0.018009526655077934,0.3119792640209198,0.18023918569087982,0.10981562733650208],[0.24030794203281403,0.023189788684248924,-0.12122287601232529,0.05068637803196907,0.24862967431545258,0.032927244901657104,0.007879111915826797,-0.2776622176170349,-0.04968469217419624,-0.43504074215888977],[-0.17481185495853424,0.36015355587005615,-0.1353023797273636,-0.16752628982067108,-0.10745259374380112,0.2564968764781952,-0.024316934868693352,-0.18846213817596436,0.0555516742169857,0.26294219493865967],[0.27564290165901184,-0.09815819561481476,-0.13816575706005096,0.031758278608322144,-0.07600212097167969,-0.39978379011154175,-0.07517239451408386,0.16440793871879578,-0.16964556276798248,-0.15137869119644165],[-0.055206049233675,-0.08880064636468887,-0.44357532262802124,0.18596084415912628,-0.24089811742305756,0.3302173316478729,-0.045882005244493484,0.19085751473903656,-0.11528724431991577,-0.36892572045326233],[0.0005790314171463251,0.03161435201764107,0.3271217346191406,0.24653108417987823,-0.13892047107219696,0.12877698242664337,-0.3551388680934906,0.12205181270837784,-0.3626691401004791,-0.15728607773780823],[-0.10189645737409592,-0.030672330409288406,-0.06173541769385338,-0.1430923342704773,0.0007221733103506267,0.10796342045068741,0.13631543517112732,0.23257780075073242,-0.3229760229587555,0.019077595323324203],[-0.245894655585289,0.25837787985801697,0.0016941779758781195,-0.001115114544518292,-0.07570910453796387,0.11006690561771393,0.24509449303150177,0.36654338240623474,-0.17996202409267426,0.14096520841121674],[0.04225502908229828,-0.273393452167511,-0.32122141122817993,-0.043711788952350616,-0.23762096464633942,0.18192680180072784,-0.07170567661523819,0.10693557560443878,-0.01572074182331562,0.09502505511045456],[-0.20018841326236725,-0.05323411151766777,0.40005579590797424,-0.05701069161295891,0.3547244369983673,-0.15994636714458466,-0.09271655231714249,0.05741278827190399,-0.17997480928897858,-0.2778397798538208],[-0.37289267778396606,-0.2875409424304962,0.32704880833625793,-0.12806499004364014,0.2569803297519684,0.30145642161369324,0.14521253108978271,0.08446203172206879,-0.0810328871011734,-0.16471299529075623],[0.033914703875780106,0.14696244895458221,0.15087687969207764,-0.330500990152359,0.08731003105640411,0.11595556885004044,-0.0999402329325676,-0.16668109595775604,-0.23604243993759155,0.11441369354724884],[0.013774890452623367,0.09752311557531357,-0.015374262817203999,-0.15826383233070374,0.008997950702905655,-0.20593683421611786,-0.08462341129779816,0.1589442491531372,-0.07336205244064331,-0.0704185888171196],[-0.13941653072834015,-0.030426878482103348,-0.14803016185760498,-0.02023462764918804,0.09974656254053116,-0.4172092378139496,-0.09807287156581879,-0.12079902738332748,0.048979926854372025,-0.20730748772621155],[-0.10428294539451599,0.25918272137641907,0.03333771973848343,-0.3511548638343811,0.09307853877544403,0.0698869526386261,0.02265077270567417,-0.19446654617786407,-0.3017611503601074,-0.1495017558336258],[0.12157361954450607,-0.0072846380062401295,-0.2542543411254883,0.13763302564620972,0.15859250724315643,0.4005163609981537,-0.22595393657684326,0.07521749287843704,-0.2869899272918701,0.18689250946044922],[0.1905822902917862,0.08123879134654999,-0.28847768902778625,0.21850286424160004,0.057037487626075745,-0.08666759729385376,0.27085915207862854,0.09783706814050674,0.02730620838701725,-0.00401325011625886],[-0.15633390843868256,-0.3367147445678711,0.3088792562484741,0.06089826300740242,0.2256045788526535,-0.13623298704624176,-0.17659205198287964,0.09371847659349442,0.14170829951763153,0.19674882292747498],[0.03689902648329735,0.2336094081401825,-0.18147020041942596,0.06426992267370224,-0.26126545667648315,0.16125372052192688,0.10070465505123138,-0.10121553391218185,-0.385158509016037,0.3180093765258789],[0.060450777411460876,0.2447289079427719,0.09199610352516174,0.021040355786681175,-0.00403962004929781,-0.15219861268997192,0.019148636609315872,-0.20237068831920624,-0.07528720796108246,-0.21931633353233337],[-0.14339232444763184,0.17244477570056915,0.38972288370132446,0.1440054327249527,-0.34316569566726685,-0.06806202232837677,0.3493437170982361,-0.0596269816160202,0.3291164040565491,-0.34815511107444763],[0.018362747505307198,0.1117149144411087,0.009086105972528458,-0.21840007603168488,-0.24914118647575378,-0.17064519226551056,0.05376370996236801,0.01940157823264599,-0.018008405342698097,0.11547116190195084],[-0.06671690195798874,-0.08073138445615768,0.23874755203723907,0.02891307882964611,-0.04270685836672783,-0.29476895928382874,-0.13755685091018677,-0.09829511493444443,0.19058747589588165,-0.20325343310832977],[0.13889889419078827,0.29397907853126526,0.15196436643600464,-0.022945456206798553,0.34456852078437805,-0.19497869908809662,-0.23919498920440674,0.19150008261203766,0.06917873024940491,-0.36052146553993225],[0.15297137200832367,-0.012960641644895077,0.34962302446365356,-0.11087892204523087,-0.2691352367401123,-0.028338853269815445,-0.22634084522724152,0.03091644123196602,-0.013312263414263725,0.12137165665626526],[-0.02981254644691944,0.07861759513616562,0.02359062060713768,