{"params":{"desired_samples":16000,"window_size_samples":480,"window_stride_samples":160,"spectrogram_length":98,"fingerprint_width":40,"fingerprint_size":3920,"label_count":4,"sample_rate":16000,"preprocess":"mfcc","average_window_width":-1,"in_repeat":1,"data_url":"https:\/\/storage.googleapis.com\/download.tensorflow.org\/data\/speech_commands_v0.02.tar.gz","data_dir":"tmp\/speech_dataset\/","background_volume":0.1,"background_frequency":0.8,"silence_percentage":10.0,"unknown_percentage":10.0,"time_shift_ms":100.0,"seed":5,"testing_percentage":10,"validation_percentage":10,"clip_duration_ms":1000,"window_size_ms":30.0,"window_stride_ms":10.0,"feature_bin_count":40,"how_many_training_steps":"5,5","eval_step_interval":5,"learning_rate":"0.001,0.0001","batch_size":1,"summaries_dir":"results\/retrain_logs","wanted_words":"yes,no","train_dir":"results\/speech_commands_train","save_step_interval":1000,"start_checkpoint":"","model_architecture":"lsnn","check_nans":false,"quantize":false,"n_hidden":10,"n_layer":1,"dropout_prob":0.0,"print_every":10,"reg":0.001,"n_lif_frac":0.0,"beta":2.0,"tau_adaptation":98,"comment":"","n_thr_spikes":-1,"dampening_factor":0.3,"dt":1.0,"thr":0.01,"thr_min":0.005,"tau":20.0,"refr":2,"n_delay":0,"random_eprop":false,"eprop":false,"avg_spikes":true,"lipschitzness_loss":"kl","beta_lipschitzness":0.001,"step_size_lipschitzness":0.1,"num_steps_lipschitzness":10,"epsilon_lipschitzness":0.01,"use_epsilon_ball":true,"verbosity":20,"optimizer":"adam"},"rng_key":[1841151846,868113448],"theta":{"W_in":[[-0.057021547108888626,-0.2754724323749542,0.12020322680473328,-0.2803072929382324,0.2817985415458679,0.013191454112529755,0.036732517182826996,-0.07535919547080994,-0.22174403071403503,-0.4002590775489807],[0.25835302472114563,-0.14325016736984253,-0.2591501474380493,0.03530498966574669,0.011699184775352478,0.10938482731580734,0.16806256771087646,0.001417427440173924,-0.052273668348789215,-0.02401764690876007],[-0.09857401996850967,-0.10741692036390305,-0.17310185730457306,0.0745372474193573,0.01369894202798605,0.17172643542289734,-0.18653327226638794,0.17513537406921387,-0.302104115486145,0.13698478043079376],[-0.07169313728809357,-0.262358158826828,-0.07300599664449692,-0.008672935888171196,-0.0002139624411938712,-0.008521378971636295,-0.21619442105293274,0.16397099196910858,0.014807027764618397,0.18834039568901062],[0.13720998167991638,0.26940789818763733,0.27890637516975403,0.11790157854557037,-0.24719102680683136,-0.030210239812731743,-0.2637861669063568,-0.3452162444591522,-0.4333377778530121,-0.06486073136329651],[0.2849629521369934,-0.40683820843696594,0.13179443776607513,0.1031322255730629,-0.17323356866836548,0.18706464767456055,0.03601296991109848,0.20685608685016632,0.3735681176185608,0.09059769660234451],[0.1770026832818985,-0.058307450264692307,-0.35707899928092957,0.09345190972089767,-0.20046572387218475,0.25755754113197327,0.2495243400335312,0.06999552994966507,-0.25551164150238037,-0.2760694921016693],[0.3974702060222626,-0.013539263047277927,-0.06078099459409714,-0.09069417417049408,0.009253224357962608,0.138807013630867,-0.06284860521554947,-0.2987244725227356,-0.02640395052731037,0.07346349954605103],[0.11303000897169113,0.3019169867038727,-0.3849644064903259,-0.1283012479543686,-0.02363179437816143,0.07605255395174026,0.11704381555318832,-0.0758681669831276,-0.18443411588668823,0.16736583411693573],[0.0032490503508597612,-0.1754656434059143,0.21311335265636444,0.07711149007081985,0.1258780062198639,-0.09341728687286377,0.09513111412525177,0.32139480113983154,0.23222172260284424,0.28271663188934326],[-0.03878232091665268,-0.26536887884140015,0.12736259400844574,-0.021687369793653488,0.10842528939247131,-0.17068980634212494,0.14708822965621948,-0.015363359823822975,0.12661145627498627,-0.15665091574192047],[-0.09484566748142242,0.08768194168806076,-0.03697800636291504,-0.3040924072265625,-0.2947697341442108,-0.1469189077615738,0.4170873165130615,0.20236827433109283,-0.0736151933670044,0.12376110255718231],[-0.27295011281967163,0.18721042573451996,0.09225274622440338,-0.4238537549972534,0.12161853164434433,-0.4373004734516144,0.020901933312416077,0.37521132826805115,0.013803919777274132,0.29302260279655457],[-0.07006433606147766,-0.23825323581695557,0.2772415280342102,-0.3733449876308441,0.053524598479270935,-0.13050125539302826,-0.022849824279546738,-0.09555818140506744,-0.1294720470905304,-0.0997186079621315],[-0.14756576716899872,-0.030866120010614395,0.02506115287542343,-0.4236468970775604,0.2300473004579544,0.04689568653702736,0.19121411442756653,0.29693758487701416,0.21066628396511078,-0.07930055260658264],[-0.20973140001296997,0.044544339179992676,0.09602583199739456,-0.12283974885940552,-0.06047632917761803,-0.19365742802619934,0.2576233148574829,-0.2552761733531952,0.2902519404888153,-0.10870110243558884],[0.38951948285102844,0.002478972775861621,-0.22050626575946808,-0.04753213748335838,0.12196046113967896,-0.10812559723854065,-0.31732141971588135,0.08184457570314407,-0.22903460264205933,0.03424671292304993],[0.1543506532907486,0.11141418665647507,0.16422805190086365,0.02425139956176281,0.3046799302101135,0.018244730308651924,-0.20424379408359528,0.15977545082569122,0.05951645225286484,-0.24361151456832886],[-0.025542648509144783,0.13867691159248352,0.04101354628801346,0.23494188487529755,0.09929240494966507,0.3137589395046234,-0.010745452716946602,-0.24766239523887634,0.023037228733301163,0.2241617739200592],[0.37225106358528137,0.22801139950752258,0.0770501047372818,0.1439911425113678,0.015055307187139988,0.007665715645998716,-0.10209403932094574,0.12909424304962158,-0.0689413994550705,0.012770300731062889],[-0.0662911981344223,-0.2072044163942337,0.40827977657318115,-0.22555969655513763,-0.15353445708751678,-0.008980771526694298,0.36429470777511597,-0.14204514026641846,-0.3428640365600586,-0.07846981287002563],[0.01101289689540863,-0.3000207841396332,-0.07732369005680084,0.32581061124801636,-0.1538841873407364,0.24793477356433868,-0.32363805174827576,-0.11691121757030487,0.0254538431763649,-0.19336190819740295],[0.3576383888721466,-0.29552727937698364,-0.35831135511398315,-0.0963941216468811,-0.18203414976596832,-0.0021508887875825167,-0.014837236143648624,-0.11968817561864853,-0.30782198905944824,0.0580916702747345],[0.07332593947649002,0.3787936866283417,0.12881945073604584,-0.044220440089702606,0.31728196144104004,0.3649056553840637,0.329133540391922,-0.0008798041963018477,0.05361797660589218,0.22285816073417664],[-0.10483606159687042,-0.15679596364498138,0.05280715599656105,-0.031999919563531876,0.06095806509256363,0.048402126878499985,0.15847961604595184,-0.25148120522499084,-0.2548596262931824,-0.16479386389255524],[0.3758736550807953,0.4035973846912384,0.1033981665968895,-0.08593956381082535,-0.17168420553207397,-0.03430550545454025,0.02837260253727436,-0.07049117237329483,0.06691533327102661,0.16287699341773987],[0.1999160498380661,0.33273711800575256,0.12125612795352936,-0.21095360815525055,0.08445876836776733,-0.044422637671232224,0.1246843934059143,0.048337046056985855,0.14400845766067505,-0.043567076325416565],[-0.11036829650402069,0.14410386979579926,0.07899092137813568,-0.1125839501619339,0.1508304327726364,0.026176657527685165,-0.28656768798828125,-0.030965495854616165,0.01962144300341606,-0.1807643473148346],[0.1800450086593628,0.22016270458698273,0.15751732885837555,-0.23916633427143097,0.2957713305950165,0.25482314825057983,-0.040201134979724884,-0.021541470661759377,-0.3008100092411041,0.2295040637254715],[-0.21116416156291962,0.2709594666957855,0.23604556918144226,0.024668313562870026,0.22691458463668823,-0.14927473664283752,-0.03012036718428135,0.1460118591785431,-0.15092292428016663,0.14816075563430786],[0.3169744908809662,0.21103423833847046,0.075926773250103,-0.11307224631309509,0.10926183313131332,0.3236865997314453,0.33059993386268616,-0.1922266036272049,-0.08695919811725616,0.38497528433799744],[-0.06692630052566528,-0.02708636224269867,0.15864750742912292,