{"params":{"desired_samples":16000,"window_size_samples":480,"window_stride_samples":160,"spectrogram_length":98,"fingerprint_width":40,"fingerprint_size":3920,"label_count":4,"sample_rate":16000,"preprocess":"mfcc","average_window_width":-1,"in_repeat":1,"data_url":"https:\/\/storage.googleapis.com\/download.tensorflow.org\/data\/speech_commands_v0.02.tar.gz","data_dir":"tmp\/speech_dataset\/","background_volume":0.1,"background_frequency":0.8,"silence_percentage":10.0,"unknown_percentage":10.0,"time_shift_ms":100.0,"seed":3,"testing_percentage":10,"validation_percentage":10,"clip_duration_ms":1000,"window_size_ms":30.0,"window_stride_ms":10.0,"feature_bin_count":40,"how_many_training_steps":"5,5","eval_step_interval":5,"learning_rate":"0.001,0.0001","batch_size":1,"summaries_dir":"results\/retrain_logs","wanted_words":"yes,no","train_dir":"results\/speech_commands_train","save_step_interval":1000,"start_checkpoint":"","model_architecture":"lsnn","check_nans":false,"quantize":false,"n_hidden":10,"n_layer":1,"dropout_prob":0.0,"print_every":10,"reg":0.001,"n_lif_frac":0.0,"beta":2.0,"tau_adaptation":98,"comment":"","n_thr_spikes":-1,"dampening_factor":0.3,"dt":1.0,"thr":0.01,"thr_min":0.005,"tau":20.0,"refr":2,"n_delay":0,"random_eprop":false,"eprop":false,"avg_spikes":true,"lipschitzness_loss":"kl","beta_lipschitzness":1.0,"step_size_lipschitzness":0.1,"num_steps_lipschitzness":10,"epsilon_lipschitzness":0.01,"use_epsilon_ball":true,"verbosity":20,"optimizer":"adam"},"rng_key":[2329852776,2611471310],"theta":{"W_in":[[-0.17878082394599915,0.007634101901203394,-0.32767507433891296,0.21157312393188477,-0.14182409644126892,0.18265116214752197,-0.23516011238098145,0.1623709499835968,-0.03379547968506813,-0.03739158436655998],[-0.09922661632299423,-0.2846505641937256,0.08780544996261597,-0.07105693221092224,0.03792779520153999,0.1971309334039688,-0.043352242559194565,0.03576590493321419,0.07053086161613464,-0.40615954995155334],[-0.1292465776205063,0.12096613645553589,0.23707930743694305,0.1955241560935974,-0.3696880042552948,0.08426263928413391,-0.005823510233312845,-0.21784266829490662,0.26160895824432373,0.12182343006134033],[0.07786725461483002,0.10432039201259613,-0.050405170768499374,0.0754254162311554,0.07741905003786087,-0.1284583956003189,0.052475105971097946,-0.07326690107584,0.037129126489162445,-0.10494548082351685],[0.14472047984600067,0.08338308334350586,-0.09322907775640488,0.039865829050540924,0.35740742087364197,0.0008985515451058745,-0.030302932485938072,0.26931190490722656,-0.08299968391656876,0.38699257373809814],[0.19982168078422546,-0.3297809660434723,-0.16409891843795776,-0.21502013504505157,-0.04580451548099518,-0.06296805292367935,-0.08308791369199753,0.3639748692512512,0.37891846895217896,0.05922603979706764],[-0.24246083199977875,0.22537583112716675,-0.12012284249067307,-0.176936075091362,0.33367517590522766,0.3835350573062897,-0.018116742372512817,0.3119792640209198,0.18024423718452454,0.10972677171230316],[0.24028736352920532,0.023371988907456398,-0.12122597545385361,0.05068635568022728,0.24866025149822235,0.032927241176366806,0.007797703612595797,-0.2776622176170349,-0.04976402968168259,-0.4350135028362274],[-0.17483767867088318,0.3603489398956299,-0.13529552519321442,-0.16752617061138153,-0.10743758827447891,0.2564968466758728,-0.024320701137185097,-0.18846213817596436,0.055336643010377884,0.26292237639427185],[0.2756636142730713,-0.09850472211837769,-0.13816025853157043,0.03175827115774155,-0.07601521164178848,-0.39978379011154175,-0.0751701220870018,0.16440793871879578,-0.1696673482656479,-0.15136602520942688],[-0.05525241047143936,-0.08901861310005188,-0.4435681104660034,0.1859608143568039,-0.24092993140220642,0.3302173316478729,-0.045886557549238205,0.19085751473903656,-0.11534052342176437,-0.3689388930797577],[0.000577780301682651,0.03164791315793991,0.3271504342556,0.24653102457523346,-0.13891950249671936,0.12877698242664337,-0.3551318049430847,0.12205181270837784,-0.36263367533683777,-0.15729473531246185],[-0.10193321108818054,-0.03071781061589718,-0.061708398163318634,-0.1430922895669937,0.0006887924973852932,0.10796342045068741,0.13632124662399292,0.23257780075073242,-0.3229547441005707,0.019007639959454536],[-0.24591124057769775,0.2583044767379761,0.0017263434128835797,-0.0011150981299579144,-0.0757271945476532,0.11006690561771393,0.2451184242963791,0.36654338240623474,-0.17995570600032806,0.14096826314926147],[0.04222416505217552,-0.2733962833881378,-0.3211847245693207,-0.04371147230267525,-0.2376430183649063,0.18192680180072784,-0.07171973586082458,0.10693557560443878,-0.015566149726510048,0.09501595050096512],[-0.20018590986728668,-0.05315948650240898,0.4000736176967621,-0.05701066553592682,0.3547391891479492,-0.15994638204574585,-0.09265397489070892,0.05741278827190399,-0.17985451221466064,-0.2777380049228668],[-0.37291011214256287,-0.2875317335128784,0.3270736634731293,-0.12806491553783417,0.2569882869720459,0.30145642161369324,0.1452179253101349,0.08446203172206879,-0.08100257813930511,-0.16472913324832916],[0.03396036475896835,0.14699043333530426,0.1508921980857849,-0.33050093054771423,0.08732438087463379,0.11595560610294342,-0.09988794475793839,-0.16668109595775604,-0.23597759008407593,0.11452387273311615],[0.013781984336674213,0.09712094813585281,-0.015376045368611813,-0.15826380252838135,0.009003867395222187,-0.20593681931495667,-0.08460396528244019,0.1589442491531372,-0.07338210940361023,-0.07037724554538727],[-0.139439657330513,-0.030551433563232422,-0.1480388045310974,-0.020234689116477966,0.0997563898563385,-0.4172092378139496,-0.09809552878141403,-0.12079902738332748,0.0489816814661026,-0.20730482041835785],[-0.10430978983640671,0.25907525420188904,0.033326275646686554,-0.3511548638343811,0.09308453649282455,0.06988691538572311,0.02262609824538231,-0.19446654617786407,-0.3017846941947937,-0.14951199293136597],[0.12154242396354675,-0.007466842420399189,-0.25426608324050903,0.1376345306634903,0.15859591960906982,0.4005163609981537,-0.2259698063135147,0.07521749287843704,-0.2870595455169678,0.18687736988067627],[0.1905742734670639,0.08124128729104996,-0.2884902358055115,0.21850283443927765,0.057051099836826324,-0.08666757494211197,0.2708384096622467,0.09783706814050674,0.02719845063984394,-0.003984355367720127],[-0.15640489757061005,-0.33671045303344727,0.30886489152908325,0.0608983114361763,0.22560498118400574,-0.13623298704624176,-0.17669519782066345,0.09371847659349442,0.1416684091091156,0.1967078596353531],[0.03683610260486603,0.23381488025188446,-0.18147563934326172,0.06426994502544403,-0.26126983761787415,0.16125375032424927,0.1006588414311409,-0.10121553391218185,-0.3850783109664917,0.31797167658805847],[0.06035172566771507,0.24482940137386322,0.0919840857386589,0.02104027569293976,-0.0040448931977152824,-0.15219862759113312,0.019035451114177704,-0.20237068831920624,-0.07533925771713257,-0.2194087654352188],[-0.14338801801204681,0.17276307940483093,0.38972949981689453,0.14400553703308105,-0.343158096075058,-0.06806202232837677,0.34933894872665405,-0.0596269816160202,0.32917702198028564,-0.34816551208496094],[0.01834998093545437,0.11174372583627701,0.00909198448061943,-0.21840007603168488,-0.24914945662021637,-0.17064519226551056,0.053789421916007996,0.01940157823264599,-0.018060563132166862,0.1154932975769043],[-0.06670450419187546,-0.08073115348815918,0.23873724043369293,0.02894977666437626,-0.04269642010331154,-0.2947689890861511,-0.1375550925731659,-0.09829511493444443,0.19062696397304535,-0.2032596319913864],[0.13889683783054352,0.2939615547657013,0.15198445320129395,-0.02294549159705639,0.34453001618385315,-0.19497869908809662,-0.23917974531650543,0.19150008261203766,0.06924508512020111,-0.36054301261901855],[0.1529935747385025,-0.012843684293329716,0.3496403098106384,-0.11087905615568161,-0.2691403329372406,-0.028338858857750893,-0.22631123661994934,0.03091644123196602,-0.013248609378933907,0.12138774245977402],[-0.02970009669661522,0.07891686260700226,0.023610534146428108,