{"params":{"desired_samples":16000,"window_size_samples":480,"window_stride_samples":160,"spectrogram_length":98,"fingerprint_width":40,"fingerprint_size":3920,"label_count":4,"sample_rate":16000,"preprocess":"mfcc","average_window_width":-1,"in_repeat":1,"data_url":"https:\/\/storage.googleapis.com\/download.tensorflow.org\/data\/speech_commands_v0.02.tar.gz","data_dir":"tmp\/speech_dataset\/","background_volume":0.1,"background_frequency":0.8,"silence_percentage":10.0,"unknown_percentage":10.0,"time_shift_ms":100.0,"seed":4,"testing_percentage":10,"validation_percentage":10,"clip_duration_ms":1000,"window_size_ms":30.0,"window_stride_ms":10.0,"feature_bin_count":40,"how_many_training_steps":"5,5","eval_step_interval":5,"learning_rate":"0.001,0.0001","batch_size":1,"summaries_dir":"results\/retrain_logs","wanted_words":"yes,no","train_dir":"results\/speech_commands_train","save_step_interval":1000,"start_checkpoint":"","model_architecture":"lsnn","check_nans":false,"quantize":false,"n_hidden":10,"n_layer":1,"dropout_prob":0.0,"print_every":10,"reg":0.001,"n_lif_frac":0.0,"beta":2.0,"tau_adaptation":98,"comment":"","n_thr_spikes":-1,"dampening_factor":0.3,"dt":1.0,"thr":0.01,"thr_min":0.005,"tau":20.0,"refr":2,"n_delay":0,"random_eprop":false,"eprop":false,"avg_spikes":true,"lipschitzness_loss":"kl","beta_lipschitzness":10.0,"step_size_lipschitzness":0.1,"num_steps_lipschitzness":10,"epsilon_lipschitzness":0.01,"use_epsilon_ball":true,"verbosity":20,"optimizer":"adam"},"rng_key":[20842899,3723019338],"theta":{"W_in":[[-0.10340934991836548,-0.10188303887844086,-0.15453311800956726,0.22582565248012543,-0.35001906752586365,-0.35584762692451477,-0.30728867650032043,0.029735691845417023,-0.0407627709209919,-0.03520170971751213],[-0.12997789680957794,0.06720426678657532,0.30153393745422363,-0.11064942181110382,0.016845522448420525,-0.1433955878019333,-0.15953408181667328,0.0818001851439476,-0.010658319108188152,-0.06497260183095932],[-0.17155732214450836,-0.0441872738301754,-0.3957884609699249,0.39947035908699036,0.056787244975566864,0.18672271072864532,0.027252649888396263,0.2835948169231415,0.15406832098960876,0.3143891394138336],[0.16648708283901215,0.06518196314573288,0.13369067013263702,-0.024469781666994095,0.20957235991954803,0.047809142619371414,-0.22716698050498962,0.13637346029281616,0.04725422337651253,0.17113178968429565],[-0.22342723608016968,-0.23221994936466217,0.31018421053886414,-0.0695735514163971,-0.11951012909412384,-0.07898471504449844,-0.0015549871604889631,0.43667617440223694,0.037331294268369675,-0.2675108313560486],[-0.009211859665811062,-0.38258644938468933,-0.18123097717761993,0.1847139447927475,0.24641014635562897,-0.09948259592056274,-0.032276421785354614,-0.20316506922245026,0.006783515214920044,0.2084696888923645],[-0.04771190136671066,-0.1309775710105896,-0.037348516285419464,0.3233223855495453,-0.2336650937795639,0.22939421236515045,0.31667402386665344,-0.44242358207702637,0.03607065975666046,0.33990198373794556],[0.2612559497356415,0.045873213559389114,-0.0020786223467439413,0.05798569321632385,0.24480727314949036,-0.23121796548366547,0.11660932749509811,-0.21288488805294037,-0.03868258371949196,0.2522813677787781],[-0.1099303662776947,0.4000151753425598,-0.19334018230438232,0.16561225056648254,-0.014362342655658722,0.052600059658288956,0.12029949575662613,0.1962035894393921,0.020097920671105385,0.09359600394964218],[0.0738954246044159,-0.23102609813213348,-0.1898617148399353,0.4050792455673218,-0.015401004813611507,-0.0704832598567009,-0.1018996611237526,-0.06202145665884018,0.009278013370931149,-0.14338302612304688],[0.15227268636226654,0.19514237344264984,0.13047786056995392,0.23067720234394073,-0.2724568247795105,0.1269805133342743,-0.366279661655426,-0.034284256398677826,0.19677910208702087,0.18946847319602966],[-0.2850196063518524,0.11026441305875778,0.21902227401733398,0.29629141092300415,0.10000230371952057,-0.008577391505241394,-0.3313661813735962,-0.45606380701065063,0.08084098249673843,-0.2962835729122162],[0.10932978987693787,-0.08320430666208267,0.10031092911958694,-0.3058549165725708,0.10528718680143356,-0.041497524827718735,0.2746577858924866,0.28239426016807556,0.2048932909965515,-0.24621029198169708],[-0.11549709737300873,-0.11658016592264175,-0.16261053085327148,0.10402724146842957,-0.09834083169698715,0.018251733854413033,0.4177091717720032,0.08326388895511627,-0.01031243335455656,0.03375321254134178],[0.16815057396888733,-0.17080752551555634,0.0664716586470604,-0.33853229880332947,-0.13140429556369781,-0.22414401173591614,-0.0954228937625885,0.02021198719739914,-0.07687798887491226,0.11969015747308731],[0.2937578558921814,0.15527530014514923,0.19068393111228943,0.2767750322818756,-0.17124183475971222,0.09078200161457062,-0.04803096130490303,0.22871284186840057,-0.19349324703216553,-0.38028469681739807],[0.21133950352668762,-0.3022213280200958,-0.16988466680049896,-0.38741669058799744,-0.2648552656173706,0.3040633201599121,0.06434421986341476,-0.37574371695518494,0.20053446292877197,-0.4542986750602722],[-0.048075251281261444,-0.10050426423549652,-0.12044906616210938,-0.2127598524093628,-0.17498676478862762,-0.22742679715156555,0.13002991676330566,-0.2677502930164337,0.23380304872989655,0.21700644493103027],[-0.057446084916591644,-0.016514813527464867,-0.24863086640834808,-0.24342869222164154,-0.29847946763038635,-0.16870273649692535,-0.36903879046440125,0.09547264128923416,-0.09853485971689224,0.10264020413160324],[0.04331766068935394,-0.06940020620822906,-0.2107873409986496,0.026780351996421814,-0.13715356588363647,0.30471211671829224,-0.07028137892484665,0.06489238888025284,0.051417089998722076,0.44340211153030396],[-0.06889783591032028,0.037329114973545074,-0.18025976419448853,0.2029770314693451,0.24268189072608948,0.4343414902687073,-0.2746044099330902,-0.4306686520576477,0.33645373582839966,0.15972985327243805],[0.09016061574220657,0.20047464966773987,-0.006492695305496454,0.07386711984872818,-0.08625641465187073,0.17692415416240692,0.020793581381440163,-0.15154539048671722,0.027700098231434822,0.1320684552192688],[0.07530765980482101,-0.05096226930618286,-0.2797750234603882,0.2240312248468399,-0.15367820858955383,0.15571235120296478,-0.14860421419143677,-0.2194569706916809,0.006235227454453707,-0.19271919131278992],[-0.13171672821044922,0.21730339527130127,0.14994226396083832,-0.011449472047388554,-0.40839406847953796,-0.1799774020910263,0.0759703740477562,0.08508457988500595,-0.18416236340999603,-0.044922538101673126],[0.23698045313358307,0.08614957332611084,0.10706675052642822,-0.2007518708705902,0.022759856656193733,-0.23486745357513428,0.11688962578773499,-0.2774580419063568,-0.1533171683549881,-0.07325835525989532],[0.2760063409805298,0.1880393624305725,-0.0028532096184790134,0.11550161242485046,-0.18309462070465088,-0.06283198297023773,-0.04883166030049324,0.08478323370218277,0.05662453547120094,-0.2952525317668915],[0.016524864360690117,-0.17104852199554443,-0.1906578540802002,0.0026644079480320215,-0.2203812152147293,0.259941041469574,0.08689916133880615,-0.42207762598991394,0.08248995989561081,-0.003889820771291852],[-0.383552610874176,-0.16177308559417725,-0.026782801374793053,0.006510429549962282,0.2601298987865448,-0.30557572841644287,0.14389175176620483,-0.24572063982486725,0.19411051273345947,0.12013084441423416],[-0.254070520401001,0.040404122322797775,0.18198461830615997,-0.18522484600543976,0.23767487704753876,-0.2825741171836853,0.30097606778144836,0.18244102597236633,-0.07267078012228012,-0.1056167483329773],[0.02418980374932289,0.14498727023601532,0.0843818336725235,0.07323455065488815,-0.18872827291488647,0.3583047091960907,-0.2549906075000763,-0.027804333716630936,-0.41096967458724976,0.02254956215620041],[-0.3964853584766388,-0.1224369928240776,-0.04273323342204094,-0.08958141505718231,0.3243361711502075,0.20946505665779114,-0.18602868914604187,-0.219132661819458,0.1189396008849144,0.15340353548526764],[-0.14585533738136292,-0.13665133714675903,0.36059144139289856,