{"params":{"desired_samples":16000,"window_size_samples":480,"window_stride_samples":160,"spectrogram_length":98,"fingerprint_width":40,"fingerprint_size":3920,"label_count":4,"sample_rate":16000,"preprocess":"mfcc","average_window_width":-1,"in_repeat":1,"data_url":"https:\/\/storage.googleapis.com\/download.tensorflow.org\/data\/speech_commands_v0.02.tar.gz","data_dir":"tmp\/speech_dataset\/","background_volume":0.1,"background_frequency":0.8,"silence_percentage":10.0,"unknown_percentage":10.0,"time_shift_ms":100.0,"seed":4,"testing_percentage":10,"validation_percentage":10,"clip_duration_ms":1000,"window_size_ms":30.0,"window_stride_ms":10.0,"feature_bin_count":40,"how_many_training_steps":"5,5","eval_step_interval":5,"learning_rate":"0.001,0.0001","batch_size":1,"summaries_dir":"results\/retrain_logs","wanted_words":"yes,no","train_dir":"results\/speech_commands_train","save_step_interval":1000,"start_checkpoint":"","model_architecture":"lsnn","check_nans":false,"quantize":false,"n_hidden":10,"n_layer":1,"dropout_prob":0.0,"print_every":10,"reg":0.001,"n_lif_frac":0.0,"beta":2.0,"tau_adaptation":98,"comment":"","n_thr_spikes":-1,"dampening_factor":0.3,"dt":1.0,"thr":0.01,"thr_min":0.005,"tau":20.0,"refr":2,"n_delay":0,"random_eprop":false,"eprop":false,"avg_spikes":true,"lipschitzness_loss":"kl","beta_lipschitzness":0.0,"step_size_lipschitzness":0.1,"num_steps_lipschitzness":10,"epsilon_lipschitzness":0.01,"use_epsilon_ball":true,"verbosity":20,"optimizer":"adam"},"rng_key":[1558173411,560376438],"theta":{"W_in":[[-0.10345448553562164,-0.1019711047410965,-0.1546320617198944,0.22635826468467712,-0.3500734567642212,-0.3559550344944,-0.30743125081062317,0.02929108403623104,-0.04085993766784668,-0.04111549258232117],[-0.12988577783107758,0.06743874400854111,0.30124300718307495,-0.10963790118694305,0.01695387437939644,-0.14333286881446838,-0.1594902127981186,0.08406727015972137,-0.01095060259103775,-0.0623590312898159],[-0.17157305777072906,-0.04418054595589638,-0.39559245109558105,0.39974260330200195,0.05721181631088257,0.18674205243587494,0.02725163847208023,0.28372105956077576,0.15417161583900452,0.3190016746520996],[0.16649514436721802,0.06513595581054688,0.13304124772548676,-0.02469136193394661,0.20969928801059723,0.04771002009510994,-0.22728079557418823,0.13629525899887085,0.046980198472738266,0.16599787771701813],[-0.22336138784885406,-0.2351730763912201,0.30935242772102356,-0.0693543553352356,-0.11924104392528534,-0.0789518654346466,-0.0015241910004988313,0.4368066191673279,0.037105683237314224,-0.26720020174980164],[-0.009165698662400246,-0.38250401616096497,-0.18215303122997284,0.1845116764307022,0.24383097887039185,-0.09943234175443649,-0.03224588930606842,-0.2030501663684845,0.0065176538191735744,0.2038583606481552],[-0.04812627658247948,-0.13147015869617462,-0.038848791271448135,0.32261720299720764,-0.2334856241941452,0.22929953038692474,0.31659209728240967,-0.4428350627422333,0.03603026643395424,0.3337000608444214],[0.26119112968444824,0.04566532000899315,-0.002626187400892377,0.056997109204530716,0.2447517216205597,-0.23137103021144867,0.11646980047225952,-0.21343666315078735,-0.03846511244773865,0.25415006279945374],[-0.10995089262723923,0.4000186026096344,-0.19185803830623627,0.16660378873348236,-0.014731800183653831,0.052642691880464554,0.12032611668109894,0.19639712572097778,0.020422296598553658,0.09025057405233383],[0.0738554447889328,-0.230277881026268,-0.18854278326034546,0.4053860008716583,-0.011883139610290527,-0.07049673795700073,-0.10193963348865509,-0.06216306611895561,0.009440370835363865,-0.13998880982398987],[0.1522209495306015,0.1949155032634735,0.13091857731342316,0.2301306277513504,-0.2723842263221741,0.12694917619228363,-0.36637645959854126,-0.0344444140791893,0.19679297506809235,0.19371101260185242],[-0.2849788963794708,0.11056143790483475,0.21857929229736328,0.29657962918281555,0.10013987123966217,-0.008639526553452015,-0.33137911558151245,-0.4559183120727539,0.08070016652345657,-0.30159926414489746],[0.10925635695457458,-0.08340783417224884,0.09934056550264359,-0.3068542778491974,0.1053984984755516,-0.041521478444337845,0.27461525797843933,0.28221166133880615,0.20468810200691223,-0.2437155693769455],[-0.11544398218393326,-0.11427970975637436,-0.16331815719604492,0.10432995110750198,-0.09791161119937897,0.018339047208428383,0.417793869972229,0.08345954120159149,-0.010414723306894302,0.03125309571623802],[0.16818086802959442,-0.1704857498407364,0.06459778547286987,-0.33931267261505127,-0.13040918111801147,-0.22405603528022766,-0.09531158953905106,0.018003392964601517,-0.07692643254995346,0.12279107421636581],[0.29373592138290405,0.15527111291885376,0.19122864305973053,0.2764779329299927,-0.17518381774425507,0.09063228219747543,-0.04828229546546936,0.22867906093597412,-0.19341492652893066,-0.3847934305667877],[0.2112690657377243,-0.3026524782180786,-0.16964952647686005,-0.3871285617351532,-0.2644898295402527,0.3040136992931366,0.06427429616451263,-0.37613022327423096,0.20072218775749207,-0.44905421137809753],[-0.0481753870844841,-0.10077005624771118,-0.12018352746963501,-0.2130601406097412,-0.17531976103782654,-0.22743363678455353,0.13003717362880707,-0.26785701513290405,0.23402951657772064,0.22155794501304626],[-0.05735098570585251,-0.015967121347784996,-0.2478182464838028,-0.2424359768629074,-0.30114415287971497,-0.16863015294075012,-0.36892715096473694,0.09551950544118881,-0.0984475389122963,0.09942567348480225],[0.04327184706926346,-0.06951861828565598,-0.2121094912290573,0.02655349299311638,-0.13782896101474762,0.3047690689563751,-0.07026714831590652,0.06494170427322388,0.05112331733107567,0.44010964035987854],[-0.06903376430273056,0.03686235472559929,-0.1792788803577423,0.20282456278800964,0.2423226237297058,0.4343649744987488,-0.2746574580669403,-0.43078359961509705,0.3363919258117676,0.1560738980770111],[0.09018369764089584,0.20011979341506958,-0.005381335038691759,0.07365580648183823,-0.08628446608781815,0.176815003156662,0.020634889602661133,-0.15175452828407288,0.028063317760825157,0.13418900966644287],[0.07523398101329803,-0.051123447716236115,-0.2787497639656067,0.22307315468788147,-0.1561332792043686,0.1557798981666565,-0.14851951599121094,-0.21912668645381927,0.006353333592414856,-0.1974387913942337],[-0.13182654976844788,0.2167256772518158,0.15160000324249268,-0.011591094546020031,-0.4084485173225403,-0.1800120323896408,0.07594452798366547,0.08486726880073547,-0.184014692902565,-0.04956032335758209],[0.23696337640285492,0.08828675001859665,0.10771124064922333,-0.20169350504875183,0.02299552783370018,-0.2348635047674179,0.11693567782640457,-0.2776930034160614,-0.15339453518390656,-0.07031343132257462],[0.2760113477706909,0.18989154696464539,-0.0025652945041656494,0.11451327800750732,-0.18297092616558075,-0.06289491802453995,-0.04888741672039032,0.08435336500406265,0.05674612894654274,-0.29570358991622925],[0.01652296632528305,-0.170894593000412,-0.19256402552127838,0.0024549588561058044,-0.22061829268932343,0.2599461078643799,0.08683720231056213,-0.4212896525859833,0.08247913420200348,-0.0027039796113967896],[-0.38351571559906006,-0.16206978261470795,-0.02344459854066372,0.0063445535488426685,0.25940078496932983,-0.30559924244880676,0.14388331770896912,-0.2456376999616623,0.19403232634067535,0.11768167465925217],[-0.2536443769931793,0.04090926796197891,0.18368226289749146,-0.1841932237148285,0.23752497136592865,-0.2824775278568268,0.3011186420917511,0.18299415707588196,-0.07273965328931808,-0.10110820829868317],[0.024189870804548264,0.14485232532024384,0.0842418521642685,0.07221371680498123,-0.18662387132644653,0.3581719398498535,-0.2551305890083313,-0.027806876227259636,-0.41096049547195435,0.0242074653506279],[-0.3966944217681885,-0.12335482239723206,-0.042609866708517075,-0.08980400860309601,0.3238530457019806,0.20933610200881958,-0.1861703097820282,-0.2191772311925888,0.11884349584579468,0.14928382635116577],[-0.145948588848114,-0.1367979347705841,0.3603670299053192,-0.06161526218056679,