{"params":{"desired_samples":16000,"window_size_samples":480,"window_stride_samples":160,"spectrogram_length":98,"fingerprint_width":40,"fingerprint_size":3920,"label_count":4,"sample_rate":16000,"preprocess":"mfcc","average_window_width":-1,"in_repeat":1,"data_url":"https:\/\/storage.googleapis.com\/download.tensorflow.org\/data\/speech_commands_v0.02.tar.gz","data_dir":"tmp\/speech_dataset\/","background_volume":0.1,"background_frequency":0.8,"silence_percentage":10.0,"unknown_percentage":10.0,"time_shift_ms":100.0,"seed":1,"testing_percentage":10,"validation_percentage":10,"clip_duration_ms":1000,"window_size_ms":30.0,"window_stride_ms":10.0,"feature_bin_count":40,"how_many_training_steps":"5,5","eval_step_interval":5,"learning_rate":"0.001,0.0001","batch_size":1,"summaries_dir":"results\/retrain_logs","wanted_words":"yes,no","train_dir":"results\/speech_commands_train","save_step_interval":1000,"start_checkpoint":"","model_architecture":"lsnn","check_nans":false,"quantize":false,"n_hidden":10,"n_layer":1,"dropout_prob":0.0,"print_every":10,"reg":0.001,"n_lif_frac":0.0,"beta":2.0,"tau_adaptation":98,"comment":"","n_thr_spikes":-1,"dampening_factor":0.3,"dt":1.0,"thr":0.01,"thr_min":0.005,"tau":20.0,"refr":2,"n_delay":0,"random_eprop":false,"eprop":false,"avg_spikes":true,"lipschitzness_loss":"kl","beta_lipschitzness":10.0,"step_size_lipschitzness":0.1,"num_steps_lipschitzness":10,"epsilon_lipschitzness":0.01,"use_epsilon_ball":true,"verbosity":20,"optimizer":"adam"},"rng_key":[1765360252,3775483500],"theta":{"W_in":[[0.05636027827858925,-0.1882796734571457,-0.039042044430971146,0.04729701206088066,0.08427372574806213,-0.00003349343751324341,0.034939538687467575,-0.3176240622997284,0.3186994791030884,-0.033807795494794846],[-0.12891675531864166,0.08861295878887177,-0.05702953413128853,0.25010040402412415,0.1974741518497467,0.16313546895980835,0.15795385837554932,-0.13560274243354797,0.15295298397541046,-0.1980474889278412],[0.3789312541484833,0.00831608660519123,0.205159530043602,-0.18433335423469543,-0.07806623727083206,0.12191193550825119,0.35529273748397827,-0.1797182559967041,0.04641895368695259,-0.30905064940452576],[-0.06379000842571259,-0.12452460080385208,0.12361207604408264,0.08571530878543854,-0.026774195954203606,-0.057900622487068176,0.28134530782699585,0.06538509577512741,0.08404604345560074,-0.17894186079502106],[0.16548191010951996,0.17829829454421997,-0.11220454424619675,0.08149734139442444,-0.28892961144447327,-0.17518486082553864,-0.29621416330337524,-0.0826788991689682,0.011074536480009556,0.15798094868659973],[-0.4348342716693878,-0.12751713395118713,-0.31929296255111694,0.32659879326820374,0.07241715490818024,-0.13752244412899017,-0.14147338271141052,-0.3299776613712311,0.17310647666454315,0.12348790466785431],[-0.055836159735918045,-0.032300107181072235,0.15419171750545502,-0.299397349357605,0.34613245725631714,0.14668463170528412,0.12188446521759033,-0.061983104795217514,0.12508225440979004,0.175909623503685],[0.12382329255342484,-0.03046785481274128,0.24943526089191437,-0.31997257471084595,-0.2121705710887909,-0.30334773659706116,-0.39164766669273376,-0.19796021282672882,-0.2017769068479538,-0.059459056705236435],[-0.07686147093772888,-0.05210977420210838,0.04630307853221893,-0.35547879338264465,-0.2435823678970337,0.006816997192800045,-0.07543022930622101,-0.0939931645989418,-0.17462016642093658,0.43192315101623535],[-0.18121473491191864,0.008422749117016792,-0.4069700241088867,-0.17200972139835358,0.22200623154640198,-0.09596706181764603,-0.10668984055519104,0.41219377517700195,-0.01423692237585783,0.2965099513530731],[0.3378118574619293,-0.1584339588880539,0.26946982741355896,-0.10565298795700073,0.3826237618923187,0.30819374322891235,0.2034958302974701,-0.1716809719800949,0.07416929304599762,-0.2996464669704437],[0.12621106207370758,-0.024397283792495728,-0.1406031847000122,0.18651613593101501,0.0259683970361948,0.03258541598916054,0.03511065989732742,-0.043061498552560806,0.1004190668463707,0.238448828458786],[-0.07225870341062546,0.003180949715897441,0.14177444577217102,0.02868611179292202,0.3197711408138275,0.007686314173042774,0.10556289553642273,-0.04398113116621971,0.13937397301197052,0.1372171938419342],[0.12962985038757324,-0.16597381234169006,-0.2970980405807495,-0.16840630769729614,-0.3560011386871338,-0.07420635968446732,-0.22745351493358612,-0.09043484181165695,0.14968402683734894,-0.08837410062551498],[-0.20649507641792297,0.07005012780427933,-0.14709767699241638,-0.19422847032546997,0.07656128704547882,-0.13340245187282562,-0.18706996738910675,-0.1611999124288559,0.01671259105205536,0.1679592728614807],[-0.07898600399494171,-0.39803484082221985,0.26326078176498413,0.43580684065818787,0.12302219867706299,0.1288142204284668,0.007950754836201668,0.109601691365242,-0.022210339084267616,-0.05791962146759033],[0.03669464588165283,-0.20357103645801544,-0.007605578284710646,-0.07869172096252441,-0.16795754432678223,0.21241351962089539,0.4411278963088989,-0.25805211067199707,0.10208113491535187,0.1591099202632904],[0.04421602189540863,0.1431121528148651,0.08739684522151947,-0.09904035925865173,0.14497193694114685,-0.04658649489283562,0.015758367255330086,0.3735070526599884,0.2861531376838684,0.07545455545186996],[-0.090077705681324,0.24742865562438965,0.3949534296989441,0.1275550276041031,-0.26779019832611084,0.2103549987077713,0.36669111251831055,0.03105824813246727,0.10515051335096359,-0.05725104361772537],[-0.23423507809638977,0.05605177581310272,-0.17320342361927032,0.0909370481967926,0.06509111821651459,-0.27827680110931396,0.16273163259029388,0.2443910539150238,0.1382942944765091,0.029719116166234016],[-0.0898997113108635,0.08153329789638519,0.16305841505527496,0.1870756894350052,0.012554868124425411,0.24576692283153534,0.13989214599132538,0.4093071520328522,0.04305693134665489,-0.15733405947685242],[0.4324456751346588,-0.11415009200572968,-0.16216272115707397,0.14525657892227173,0.16432057321071625,0.08193331211805344,-0.010460914112627506,-0.21506096422672272,0.00395029503852129,-0.04509488865733147],[0.35784029960632324,-0.2778279185295105,0.06644785404205322,-0.34719568490982056,0.07112676650285721,-0.0987597405910492,-0.12363408505916595,0.23794613778591156,-0.09761238843202591,-0.017647037282586098],[-0.05259372293949127,-0.16289640963077545,-0.03132079914212227,0.007380302995443344,-0.22696946561336517,-0.2578656077384949,-0.1939428597688675,0.20884846150875092,0.19627292454242706,0.13747638463974],[-0.10918541252613068,-0.0744704008102417,-0.17348140478134155,0.19187474250793457,0.4396674633026123,0.06604928523302078,-0.3220632076263428,0.3050592839717865,-0.023201875388622284,0.22279061377048492],[0.18882322311401367,-0.12066254019737244,0.1291496306657791,0.12632273137569427,-0.01793496496975422,0.27531808614730835,-0.22740699350833893,-0.015046723186969757,-0.19220122694969177,-0.05977403745055199],[0.18484506011009216,-0.036548979580402374,-0.4037395417690277,0.19080090522766113,-0.07893148064613342,-0.09380935877561569,-0.25460708141326904,-0.054437436163425446,0.13896544277668,0.040543001145124435],[-0.4372231364250183,-0.11401122808456421,0.12760955095291138,-0.4382469058036804,0.11819879710674286,0.31476378440856934,0.051234472543001175,0.09935524314641953,0.045250363647937775,-0.05291048809885979],[-0.14284886419773102,0.19528748095035553,-0.29643622040748596,0.1259530782699585,-0.11178680509328842,-0.0728633776307106,-0.2215341478586197,-0.20270368456840515,0.4202243983745575,0.21571259200572968],[0.04739478975534439,-0.09651641547679901,-0.11424426734447479,0.29155123233795166,-0.1401692032814026,-0.054153427481651306,0.1454920917749405,-0.24796955287456512,-0.05504539608955383,-0.3279654085636139],[-0.0402386449277401,-0.04588724672794342,0.10280123353004456,-0.12386902421712875,-0.17285723984241486,0.03078279457986355,-0.06613519042730331,-0.18221114575862885,0.08278735727071762,-0.396820604801178],[0.19719809293746948,-0.1791049838066101,-0.11645559966564178,0.0324774868786335,