{"params":{"desired_samples":16000,"window_size_samples":480,"window_stride_samples":160,"spectrogram_length":98,"fingerprint_width":40,"fingerprint_size":3920,"label_count":4,"sample_rate":16000,"preprocess":"mfcc","average_window_width":-1,"in_repeat":1,"data_url":"https:\/\/storage.googleapis.com\/download.tensorflow.org\/data\/speech_commands_v0.02.tar.gz","data_dir":"tmp\/speech_dataset\/","background_volume":0.1,"background_frequency":0.8,"silence_percentage":10.0,"unknown_percentage":10.0,"time_shift_ms":100.0,"seed":6,"testing_percentage":10,"validation_percentage":10,"clip_duration_ms":1000,"window_size_ms":30.0,"window_stride_ms":10.0,"feature_bin_count":40,"how_many_training_steps":"5,5","eval_step_interval":5,"learning_rate":"0.001,0.0001","batch_size":1,"summaries_dir":"results\/retrain_logs","wanted_words":"yes,no","train_dir":"results\/speech_commands_train","save_step_interval":1000,"start_checkpoint":"","model_architecture":"lsnn","check_nans":false,"quantize":false,"n_hidden":10,"n_layer":1,"dropout_prob":0.0,"print_every":10,"reg":0.001,"n_lif_frac":0.0,"beta":2.0,"tau_adaptation":98,"comment":"","n_thr_spikes":-1,"dampening_factor":0.3,"dt":1.0,"thr":0.01,"thr_min":0.005,"tau":20.0,"refr":2,"n_delay":0,"random_eprop":false,"eprop":false,"avg_spikes":true,"lipschitzness_loss":"kl","beta_lipschitzness":10.0,"step_size_lipschitzness":0.1,"num_steps_lipschitzness":10,"epsilon_lipschitzness":0.01,"use_epsilon_ball":true,"verbosity":20,"optimizer":"adam"},"rng_key":[930198267,3563709847],"theta":{"W_in":[[-0.14595936238765717,0.021030787378549576,0.28024619817733765,0.05573653802275658,0.01439820509403944,-0.07377622276544571,0.34926965832710266,-0.4376615285873413,0.283825546503067,0.15799476206302643],[0.0896277129650116,-0.1495964080095291,-0.05237801745533943,0.2434530407190323,0.04267845302820206,-0.11394069343805313,0.054375968873500824,-0.22615282237529755,0.11989885568618774,0.17950788140296936],[-0.33407488465309143,0.07645425945520401,0.44466620683670044,-0.015507722273468971,0.3126097321510315,0.06789643317461014,0.06890551745891571,-0.09051930159330368,-0.0585753433406353,-0.42378026247024536],[-0.0945926308631897,0.08121565729379654,-0.2573350965976715,-0.03660570830106735,0.0051259552128612995,-0.36138007044792175,-0.19197465479373932,0.11955058574676514,-0.06106271967291832,-0.07017839699983597],[-0.08756349235773087,0.41792550683021545,-0.20334473252296448,0.23529201745986938,-0.18023164570331573,-0.11269832402467728,-0.015650572255253792,0.10291639715433121,0.2428608238697052,-0.0659533143043518],[0.18833856284618378,0.31184351444244385,0.18264850974082947,0.2309461385011673,-0.2729359269142151,-0.08653699606657028,-0.3116236925125122,-0.006100726313889027,-0.15511716902256012,-0.042422130703926086],[-0.11408372223377228,-0.02640361152589321,0.4161870777606964,-0.29410624504089355,-0.05323729291558266,-0.015278574079275131,-0.09247767925262451,-0.3879189193248749,0.047533806413412094,0.30834993720054626],[0.09131082892417908,-0.23882152140140533,-0.039113517850637436,-0.10903886705636978,-0.17348356544971466,0.3327292501926422,-0.03254012018442154,-0.027325529605150223,0.3256325125694275,-0.007297780364751816],[0.09006340801715851,0.045661427080631256,0.2586052715778351,-0.17286616563796997,-0.17097541689872742,0.036210302263498306,0.2284497618675232,-0.044594909995794296,-0.12818224728107452,-0.03491777926683426],[0.057498712092638016,0.13792411983013153,0.07235176861286163,0.007106663193553686,0.10539782792329788,0.14884166419506073,0.10888230800628662,0.04619048163294792,0.22445037961006165,0.08679760992527008],[0.38691461086273193,-0.10778402537107468,-0.10605663806200027,-0.08027727901935577,0.15667270123958588,0.16441914439201355,-0.09534791857004166,-0.32101255655288696,-0.09698087722063065,0.04563712328672409],[0.16584640741348267,0.11163812130689621,0.18432743847370148,-0.3590147793292999,-0.25095900893211365,0.2188986837863922,-0.05220130458474159,0.18817026913166046,-0.03958940878510475,0.18028542399406433],[-0.1027805358171463,0.3042965233325958,0.1569375991821289,-0.06827762722969055,0.0003756344085559249,-0.019716951996088028,0.31098899245262146,-0.21336624026298523,0.06830944865942001,-0.232221782207489],[0.0011524332221597433,-0.2655662000179291,-0.2914770245552063,-0.09856610745191574,-0.02766854129731655,0.19885434210300446,0.17479869723320007,0.08804146945476532,0.021318597719073296,0.1580006629228592],[-0.006472370587289333,-0.13884444534778595,0.015061348676681519,0.0999954417347908,0.23957382142543793,0.18369941413402557,-0.29572051763534546,-0.022984839975833893,0.15231436491012573,0.14465391635894775],[-0.11470569670200348,0.026748714968562126,-0.07465356588363647,-0.09012892097234726,0.06868346780538559,-0.34773772954940796,-0.23070116341114044,0.23955492675304413,-0.24433362483978271,-0.22610388696193695],[-0.25110748410224915,-0.2664391100406647,-0.2022659331560135,-0.2390943020582199,0.03869793936610222,0.06283356249332428,-0.17976196110248566,0.19618207216262817,-0.25391051173210144,-0.08440104126930237],[-0.02409827522933483,-0.01759818196296692,-0.004415739793330431,-0.2348499298095703,-0.23507821559906006,-0.21775922179222107,0.18389306962490082,0.15254825353622437,0.23392271995544434,-0.09692567586898804],[0.12156908214092255,0.00530444597825408,-0.06421633809804916,-0.1894802749156952,-0.002614086726680398,0.13847681879997253,0.3741685450077057,0.27157318592071533,-0.04456024989485741,0.027546046301722527],[0.12787407636642456,0.14519283175468445,-0.08418609946966171,-0.1873236447572708,-0.3084200620651245,0.16224204003810883,-0.0801522508263588,0.10008242726325989,0.06438536196947098,-0.22443443536758423],[-0.2703101933002472,0.046063367277383804,-0.2912241220474243,0.3805409073829651,-0.002957472577691078,0.10527685284614563,-0.16410113871097565,0.21814268827438354,0.10556499660015106,-0.1134125143289566],[-0.3869745135307312,0.09289953112602234,0.2921975553035736,0.019609671086072922,0.0270487442612648,-0.031611353158950806,-0.13447457551956177,-0.2420068234205246,0.1406511515378952,0.43272337317466736],[0.08577913790941238,-0.1812366396188736,0.11893456429243088,0.22619926929473877,-0.05000854656100273,0.10004100948572159,0.1811511218547821,0.03866465017199516,0.057086747139692307,0.07988829910755157],[0.2328624576330185,-0.1274983435869217,-0.04927561432123184,0.2051081657409668,0.23518367111682892,-0.2292502522468567,-0.040816791355609894,0.18769067525863647,-0.052002787590026855,-0.20750555396080017],[0.15329976379871368,-0.007076569367200136,-0.11207009106874466,-0.13248728215694427,-0.4266783893108368,0.08140884339809418,0.23033161461353302,0.11420644819736481,0.0523897223174572,-0.09586341679096222],[0.25001221895217896,-0.11272455751895905,0.1911560297012329,-0.32519930601119995,-0.05163862928748131,0.08242489397525787,0.3451409935951233,0.19699887931346893,-0.06573813408613205,-0.04581701010465622],[0.3498396575450897,-0.00277355476282537,0.20207704603672028,-0.03535691648721695,-0.2789500057697296,-0.1756574660539627,0.38394978642463684,0.29677361249923706,0.22146567702293396,0.2866876423358917],[-0.37837111949920654,0.0010588665027171373,-0.2119680792093277,-0.3414830267429352,-0.14210739731788635,0.22814154624938965,0.030101493000984192,-0.012154951691627502,-0.17277558147907257,-0.18310242891311646],[-0.07952498644590378,-0.23572127521038055,-0.02103697881102562,-0.12432990223169327,0.07758878916501999,0.02090453915297985,0.29453131556510925,0.19831809401512146,0.25172358751296997,-0.1882810741662979],[-0.26285219192504883,-0.16668151319026947,0.24427692592144012,0.12774474918842316,0.15399415791034698,0.07403066754341125,-0.13700410723686218,-0.15956896543502808,-0.014410956762731075,0.02661057375371456],[0.12233951687812805,-0.06713838875293732,-0.09868263453245163,0.42502638697624207,0.25839903950691223,-0.07578908652067184,0.26274606585502625,0.04790249466896057,-0.3201523423194885,-0.09372326731681824],[-0.027523409575223923,0.1968054473400116,