{"params":{"desired_samples":16000,"window_size_samples":480,"window_stride_samples":160,"spectrogram_length":98,"fingerprint_width":40,"fingerprint_size":3920,"label_count":4,"sample_rate":16000,"preprocess":"mfcc","average_window_width":-1,"in_repeat":1,"data_url":"https:\/\/storage.googleapis.com\/download.tensorflow.org\/data\/speech_commands_v0.02.tar.gz","data_dir":"tmp\/speech_dataset\/","background_volume":0.1,"background_frequency":0.8,"silence_percentage":10.0,"unknown_percentage":10.0,"time_shift_ms":100.0,"seed":8,"testing_percentage":10,"validation_percentage":10,"clip_duration_ms":1000,"window_size_ms":30.0,"window_stride_ms":10.0,"feature_bin_count":40,"how_many_training_steps":"5,5","eval_step_interval":5,"learning_rate":"0.001,0.0001","batch_size":1,"summaries_dir":"results\/retrain_logs","wanted_words":"yes,no","train_dir":"results\/speech_commands_train","save_step_interval":1000,"start_checkpoint":"","model_architecture":"lsnn","check_nans":false,"quantize":false,"n_hidden":10,"n_layer":1,"dropout_prob":0.0,"print_every":10,"reg":0.001,"n_lif_frac":0.0,"beta":2.0,"tau_adaptation":98,"comment":"","n_thr_spikes":-1,"dampening_factor":0.3,"dt":1.0,"thr":0.01,"thr_min":0.005,"tau":20.0,"refr":2,"n_delay":0,"random_eprop":false,"eprop":false,"avg_spikes":true,"lipschitzness_loss":"kl","beta_lipschitzness":0.001,"step_size_lipschitzness":0.1,"num_steps_lipschitzness":10,"epsilon_lipschitzness":0.01,"use_epsilon_ball":true,"verbosity":20,"optimizer":"adam"},"rng_key":[28457226,2692427827],"theta":{"W_in":[[-0.13535480201244354,-0.09611108899116516,-0.2695426940917969,-0.022887200117111206,0.28703388571739197,-0.018631326034665108,0.3917366862297058,-0.06788824498653412,0.2653752267360687,0.03662820905447006],[-0.09891585260629654,-0.001045568031258881,0.19477792084217072,-0.1422705501317978,0.14327095448970795,-0.2120983600616455,0.003664331277832389,-0.36764398217201233,0.14967140555381775,-0.3770924508571625],[-0.044915199279785156,-0.24259823560714722,0.1251932978630066,0.2258029282093048,-0.11982754617929459,0.08504323661327362,0.3347967863082886,-0.25201547145843506,0.22339512407779694,-0.20242749154567719],[-0.20360755920410156,0.04099605232477188,0.027117474004626274,0.34731489419937134,-0.183579683303833,0.00905504822731018,-0.2535107433795929,0.03428182750940323,-0.24333620071411133,0.08492441475391388],[0.27786487340927124,0.20978935062885284,0.14351977407932281,-0.1962970495223999,0.004209944047033787,-0.11429520696401596,0.2163754403591156,-0.16946925222873688,-0.16411970555782318,0.37088117003440857],[-0.18765930831432343,0.0003991702978964895,-0.0593864805996418,-0.27519553899765015,-0.0010695642558857799,-0.1530732959508896,0.334674596786499,-0.016655191779136658,0.0033741674851626158,-0.0010605677962303162],[0.14897659420967102,-0.05209972336888313,-0.19147084653377533,-0.18724848330020905,0.17905189096927643,-0.3113095164299011,-0.34744468331336975,-0.3596847355365753,0.25071820616722107,0.1730080246925354],[-0.06898412108421326,-0.28091782331466675,-0.008283664472401142,-0.2732863426208496,0.06565789878368378,0.05027207359671593,-0.29716694355010986,0.06106856092810631,-0.356386661529541,0.03758108988404274],[-0.023574313148856163,0.17756658792495728,0.29379668831825256,0.08104871213436127,0.17488090693950653,-0.10779044777154922,-0.059420209378004074,-0.08298368752002716,-0.1719209849834442,0.1375942975282669],[0.36867755651474,-0.033974431455135345,0.31014424562454224,0.07355897128582001,0.05364121124148369,-0.2055162787437439,-0.15865270793437958,-0.17968058586120605,-0.16066958010196686,-0.1384444683790207],[0.3482368588447571,-0.03729662299156189,-0.2463371455669403,-0.3009754419326782,0.27429574728012085,0.09073492884635925,-0.2962118089199066,-0.33281028270721436,-0.27281513810157776,0.30364730954170227],[-0.17024779319763184,-0.11390655487775803,0.044810667634010315,-0.14650818705558777,-0.04691459611058235,0.3783935308456421,-0.14509591460227966,0.042496562004089355,0.0030861999839544296,-0.027400627732276917],[-0.22571423649787903,0.1320156753063202,0.08991638571023941,-0.10033679753541946,0.16816893219947815,0.02709573321044445,-0.07705952227115631,0.259735107421875,0.11952211707830429,-0.11665068566799164],[-0.18011026084423065,0.18061141669750214,0.19900497794151306,-0.07779625058174133,0.020007137209177017,0.07192593812942505,-0.05664481222629547,-0.3426309823989868,0.21543876826763153,-0.334819495677948],[0.05238181725144386,0.0681813657283783,-0.090940460562706,0.12189862132072449,-0.1076214388012886,0.38954320549964905,0.013359170407056808,0.059025347232818604,-0.15843917429447174,-0.21889060735702515],[-0.3101527988910675,0.1610518842935562,0.022113164886832237,0.22366639971733093,0.1570727378129959,0.24547696113586426,0.07271912693977356,0.11864200979471207,-0.26026442646980286,0.15629687905311584],[0.2535230219364166,0.2166815996170044,-0.08939279615879059,-0.04941461980342865,-0.027569713070988655,-0.07542911916971207,-0.2895042598247528,-0.14427301287651062,-0.10530490428209305,0.3294426202774048],[-0.19101689755916595,0.11086323857307434,0.11241008341312408,-0.1272595226764679,0.03889906033873558,-0.07119118422269821,-0.1360982060432434,-0.3198733925819397,-0.22397007048130035,-0.28164786100387573],[-0.10509110987186432,-0.03493516519665718,-0.2975425720214844,0.09086540341377258,0.08271913230419159,-0.32710081338882446,-0.10873837769031525,0.21415646374225616,-0.01932459883391857,0.211025670170784],[-0.03081396408379078,0.14116103947162628,0.11759132891893387,0.2292575240135193,0.08889415115118027,-0.06136033684015274,0.15031468868255615,0.031887516379356384,-0.4063357710838318,-0.16208231449127197],[-0.29974818229675293,-0.41534680128097534,0.10890327394008636,0.2651037275791168,0.02256794646382332,0.07619702070951462,0.3794371485710144,-0.1483396589756012,0.17576557397842407,-0.09665888547897339],[0.1162339523434639,-0.22666257619857788,-0.12221216410398483,0.1678883284330368,-0.10616569966077805,0.051287632435560226,-0.1122281476855278,0.1142275482416153,-0.17227865755558014,-0.2768567204475403],[0.0025198208168148994,0.20666413009166718,0.22009296715259552,0.09543641656637192,-0.3566407561302185,0.001481031533330679,0.2677783668041229,-0.1286161094903946,0.1610039472579956,0.20448872447013855],[-0.037152279168367386,0.05681263282895088,-0.27224865555763245,-0.01727079413831234,-0.366605669260025,0.24252936244010925,0.08089970052242279,-0.3565389811992645,0.270768940448761,-0.07071441411972046],[-0.12229131162166595,-0.09205132722854614,0.07170715183019638,0.38776689767837524,-0.01649722270667553,-0.043025314807891846,-0.34793975949287415,-0.021163292229175568,0.09475351870059967,0.008474061265587807],[0.05899808928370476,0.20929333567619324,-0.3489249348640442,-0.18217509984970093,0.11436847597360611,-0.05027592554688454,-0.1119711771607399,-0.34940749406814575,-0.3703509271144867,0.26312947273254395],[0.22875690460205078,0.17902785539627075,0.16643919050693512,-0.016662754118442535,0.111741803586483,-0.09967964887619019,0.1352342963218689,0.27342671155929565,0.10113722831010818,-0.16324830055236816],[0.06705623865127563,0.11043323576450348,-0.08195231109857559,-0.05536237731575966,-0.09519576281309128,-0.11694452166557312,-0.3903515636920929,0.38476166129112244,0.2055893987417221,0.011964909732341766],[0.06381446123123169,0.10859577357769012,-0.33779507875442505,0.2666454613208771,0.01805373653769493,0.1813908815383911,-0.01562430988997221,0.17975926399230957,0.23985983431339264,-0.2615615725517273],[-0.1172126904129982,-0.2582027316093445,-0.07988514006137848,0.4199467599391937,-0.2147899568080902,-0.018008576706051826,-0.07765603810548782,-0.12800592184066772,0.21680347621440887,0.3980138599872589],[0.026291068643331528,0.14669129252433777,0.21048685908317566,0.3089398443698883,0.23341669142246246,0.38180363178253174,0.11114731431007385,0.12626241147518158,-0.2020590603351593,-0.20855402946472168],[-0.030369490385055542,0.10444988310337067,-0.14182624220848083,-0.20140646398067474,