{"params":{"desired_samples":16000,"window_size_samples":480,"window_stride_samples":160,"spectrogram_length":98,"fingerprint_width":40,"fingerprint_size":3920,"label_count":4,"sample_rate":16000,"preprocess":"mfcc","average_window_width":-1,"in_repeat":1,"data_url":"https:\/\/storage.googleapis.com\/download.tensorflow.org\/data\/speech_commands_v0.02.tar.gz","data_dir":"tmp\/speech_dataset\/","background_volume":0.1,"background_frequency":0.8,"silence_percentage":10.0,"unknown_percentage":10.0,"time_shift_ms":100.0,"seed":2,"testing_percentage":10,"validation_percentage":10,"clip_duration_ms":1000,"window_size_ms":30.0,"window_stride_ms":10.0,"feature_bin_count":40,"how_many_training_steps":"5,5","eval_step_interval":5,"learning_rate":"0.001,0.0001","batch_size":1,"summaries_dir":"results\/retrain_logs","wanted_words":"yes,no","train_dir":"results\/speech_commands_train","save_step_interval":1000,"start_checkpoint":"","model_architecture":"lsnn","check_nans":false,"quantize":false,"n_hidden":10,"n_layer":1,"dropout_prob":0.0,"print_every":10,"reg":0.001,"n_lif_frac":0.0,"beta":2.0,"tau_adaptation":98,"comment":"","n_thr_spikes":-1,"dampening_factor":0.3,"dt":1.0,"thr":0.01,"thr_min":0.005,"tau":20.0,"refr":2,"n_delay":0,"random_eprop":false,"eprop":false,"avg_spikes":true,"lipschitzness_loss":"kl","beta_lipschitzness":0.0,"step_size_lipschitzness":0.1,"num_steps_lipschitzness":10,"epsilon_lipschitzness":0.01,"use_epsilon_ball":true,"verbosity":20,"optimizer":"adam"},"rng_key":[3830055949,3530127351],"theta":{"W_in":[[0.020076308399438858,0.2584432065486908,-0.17227354645729065,0.29417797923088074,-0.3746202290058136,0.33848312497138977,0.20576322078704834,-0.20931105315685272,-0.19615183770656586,0.2741805613040924],[-0.026293639093637466,-0.39043018221855164,-0.08632822334766388,0.18692438304424286,0.004806096665561199,0.3555867075920105,0.028977656736969948,0.05022279918193817,0.12000541388988495,0.2014797329902649],[0.08074090629816055,0.047573335468769073,-0.05194748938083649,0.14802774786949158,0.029393626376986504,0.2809771001338959,0.29456570744514465,-0.4101388454437256,-0.18360956013202667,-0.37739139795303345],[-0.2386944442987442,0.16978152096271515,0.4346451163291931,-0.22030407190322876,0.1099141389131546,-0.10750339180231094,0.17143157124519348,0.16705188155174255,-0.08792217820882797,-0.09693320095539093],[-0.12125078588724136,0.12066132575273514,-0.0077904630452394485,0.3733002245426178,0.21383588016033173,-0.168256014585495,-0.11723019182682037,-0.4239027798175812,0.21558493375778198,-0.19375582039356232],[-0.28382110595703125,0.23012582957744598,0.037578001618385315,-0.16997310519218445,-0.05250242352485657,-0.3658396005630493,0.3198797106742859,-0.0917615070939064,0.000057873559853760526,-0.09887751936912537],[-0.1690271496772766,0.4129912257194519,-0.30558642745018005,0.2092786580324173,-0.33464735746383667,0.03300771117210388,-0.2947629690170288,-0.00836519617587328,0.16945360600948334,-0.11711645126342773],[0.03620300814509392,-0.19766585528850555,-0.12624719738960266,0.22731216251850128,0.23353096842765808,0.1387789249420166,0.01142204087227583,-0.06818703562021255,-0.10344744473695755,0.10074378550052643],[0.11626946926116943,0.18076379597187042,-0.19732418656349182,-0.14984361827373505,-0.2614658772945404,0.030839113518595695,-0.09179631620645523,-0.11315761506557465,0.10439515113830566,-0.2699223458766937],[-0.427900105714798,-0.17839056253433228,-0.25567761063575745,-0.3020862638950348,-0.25798869132995605,0.019700724631547928,0.3049677908420563,-0.08428670465946198,-0.2106747031211853,-0.030512459576129913],[-0.38631895184516907,0.25084251165390015,-0.09575670212507248,-0.018425945192575455,-0.3703543543815613,0.3688178062438965,0.2810947895050049,-0.20750482380390167,0.07119756937026978,0.3455956280231476],[0.07418812066316605,-0.3016488254070282,0.038440968841314316,-0.09639447182416916,-0.0503392368555069,-0.09166859835386276,0.02829757146537304,-0.09728137403726578,0.32843875885009766,-0.1308656930923462],[-0.05670877918601036,-0.23068642616271973,0.15665364265441895,-0.2421286404132843,-0.07662604004144669,-0.1563223898410797,-0.25834307074546814,0.2664129436016083,-0.11062874644994736,-0.0030098911374807358],[0.03713933378458023,-0.07764045894145966,-0.09812383353710175,-0.13876932859420776,0.06613066792488098,-0.040539711713790894,-0.15514348447322845,-0.06401798129081726,-0.3013242483139038,-0.13234248757362366],[-0.2782478630542755,0.2931077182292938,-0.044837892055511475,-0.10746072232723236,0.06011224538087845,-0.15650349855422974,-0.06571455299854279,-0.23315614461898804,0.03405027836561203,0.04044727981090546],[0.022366607561707497,-0.06581038236618042,-0.06267010420560837,0.2527253329753876,-0.20166611671447754,-0.419346421957016,-0.024958599358797073,-0.23990854620933533,-0.2584117352962494,-0.4236109256744385],[0.039314109832048416,0.11777135729789734,0.2808974087238312,0.009736602194607258,-0.1559920459985733,0.09252158552408218,-0.03174271434545517,0.2698846757411957,-0.031372323632240295,-0.07049831748008728],[0.03910775110125542,-0.034576304256916046,0.09489939361810684,0.41548895835876465,-0.1953810453414917,0.1682385802268982,0.015506017953157425,0.07942310720682144,-0.17680181562900543,-0.07979276776313782],[-0.1027095764875412,0.30190032720565796,-0.19587834179401398,-0.14133889973163605,-0.11005488783121109,-0.15557356178760529,0.004480996634811163,-0.4160410761833191,0.2605433762073517,-0.1851734220981598],[0.0543614998459816,0.06744329631328583,-0.12390635907649994,-0.3026300370693207,-0.04904430732131004,-0.11032218486070633,-0.33440515398979187,0.0786522924900055,-0.33174243569374084,-0.1686350554227829],[0.08166591823101044,-0.10148603469133377,0.021485378965735435,-0.1310896873474121,0.22958342730998993,0.19823940098285675,-0.028812697157263756,-0.07312962412834167,0.11402440816164017,-0.02276030369102955],[0.16742746531963348,-0.1029876247048378,-0.06779514998197556,-0.16977770626544952,0.16125021874904633,-0.14427201449871063,0.21580763161182404,0.3238508999347687,0.35504207015037537,-0.2241511195898056],[-0.07811811566352844,-0.056355420500040054,0.27626392245292664,0.31345805525779724,0.021878913044929504,-0.0034345737658441067,-0.049033425748348236,-0.1995159089565277,-0.1427995264530182,0.12940286099910736],[0.11840102821588516,-0.029421381652355194,0.091779924929142,0.2729908227920532,0.3810381293296814,0.14979249238967896,0.10315000265836716,-0.32908540964126587,0.06501945108175278,-0.00638155359774828],[0.1506137102842331,-0.278802752494812,0.19672036170959473,0.05931255593895912,0.05393733084201813,-0.2549009323120117,-0.011656171642243862,0.15634939074516296,-0.02227501943707466,-0.2481343150138855],[0.007966962642967701,-0.17105597257614136,-0.3407451808452606,0.2936576008796692,0.34211018681526184,-0.11408282816410065,0.17402900755405426,-0.18991850316524506,-0.3358553647994995,-0.09482599049806595],[-0.2886713445186615,0.06632647663354874,0.33911821246147156,-0.14489659667015076,-0.054202012717723846,-0.22375759482383728,-0.13235819339752197,-0.17072071135044098,0.08083675801753998,-0.10085321962833405],[0.1548699140548706,0.13915447890758514,-0.27225396037101746,-0.08911509811878204,-0.15547317266464233,0.295380175113678,-0.04349135234951973,-0.05684560537338257,-0.20039118826389313,-0.17987065017223358],[0.015219742432236671,-0.2859278917312622,0.323050856590271,0.2826875150203705,0.2742055356502533,0.11056918650865555,0.12171386927366257,0.10561831295490265,-0.004573361948132515,0.09337199479341507],[0.2370329648256302,-0.04327952116727829,0.314559668302536,-0.14182177186012268,-0.19232621788978577,-0.07788606733083725,0.059538938105106354,-0.07255122065544128,0.0631895661354065,0.2123032510280609],[0.11877647787332535,0.09735528379678726,-0.3526626229286194,-0.3065042197704315,-0.10999581962823868,0.155421182513237,0.32247281074523926,-0.2216470092535019,0.09951219707727432,0.26624488830566406],[-0.08442161977291107,-0.29052650928497314,-0.33037087321281433,