{"params":{"desired_samples":16000,"window_size_samples":480,"window_stride_samples":160,"spectrogram_length":98,"fingerprint_width":40,"fingerprint_size":3920,"label_count":4,"sample_rate":16000,"preprocess":"mfcc","average_window_width":-1,"in_repeat":1,"data_url":"https:\/\/storage.googleapis.com\/download.tensorflow.org\/data\/speech_commands_v0.02.tar.gz","data_dir":"tmp\/speech_dataset\/","background_volume":0.1,"background_frequency":0.8,"silence_percentage":10.0,"unknown_percentage":10.0,"time_shift_ms":100.0,"seed":0,"testing_percentage":10,"validation_percentage":10,"clip_duration_ms":1000,"window_size_ms":30.0,"window_stride_ms":10.0,"feature_bin_count":40,"how_many_training_steps":"5,5","eval_step_interval":5,"learning_rate":"0.001,0.0001","batch_size":1,"summaries_dir":"results\/retrain_logs","wanted_words":"yes,no","train_dir":"results\/speech_commands_train","save_step_interval":1000,"start_checkpoint":"","model_architecture":"lsnn","check_nans":false,"quantize":false,"n_hidden":10,"n_layer":1,"dropout_prob":0.0,"print_every":10,"reg":0.001,"n_lif_frac":0.0,"beta":2.0,"tau_adaptation":98,"comment":"","n_thr_spikes":-1,"dampening_factor":0.3,"dt":1.0,"thr":0.01,"thr_min":0.005,"tau":20.0,"refr":2,"n_delay":0,"random_eprop":false,"eprop":false,"avg_spikes":true,"lipschitzness_loss":"kl","beta_lipschitzness":1.0,"step_size_lipschitzness":0.1,"num_steps_lipschitzness":10,"epsilon_lipschitzness":0.01,"use_epsilon_ball":true,"verbosity":20,"optimizer":"adam"},"rng_key":[430256779,3169208126],"theta":{"W_in":[[-0.3268130421638489,-0.04157837852835655,0.12060750275850296,-0.017028188332915306,-0.3402230441570282,0.22315271198749542,0.04961228743195534,-0.22980938851833344,-0.07960087805986404,0.06615801900625229],[-0.23531052470207214,0.27757686376571655,-0.0972483679652214,-0.4018624722957611,0.009313843213021755,-0.06907880306243896,0.08273239433765411,-0.19131162762641907,0.22523133456707,-0.13692666590213776],[0.1598246842622757,-0.09737153351306915,-0.23534737527370453,-0.0004653541254810989,-0.22749878466129303,0.17935749888420105,0.22977517545223236,-0.3812694847583771,0.16920329630374908,-0.07987123727798462],[-0.34408822655677795,-0.07682181894779205,-0.13169310986995697,-0.3785535991191864,-0.01026555523276329,0.0761200413107872,-0.0996185690164566,-0.22274449467658997,0.30354923009872437,0.043592438101768494],[-0.2121981531381607,0.22481955587863922,-0.24631738662719727,0.13713762164115906,-0.2283209264278412,0.13760456442832947,0.036023132503032684,0.0784953162074089,0.09322711825370789,0.006959889084100723],[-0.28464874625205994,0.374193400144577,0.10145621746778488,-0.15439817309379578,0.061565641313791275,0.20906314253807068,-0.27142199873924255,-0.11436397582292557,-0.1828974336385727,0.23874898254871368],[-0.32424911856651306,0.1670786738395691,0.4002847969532013,-0.2631005346775055,0.21575745940208435,0.054472487419843674,0.17174078524112701,0.11947879195213318,-0.019779114052653313,-0.006938866805285215],[0.06610111147165298,0.05225837603211403,-0.04410068318247795,0.1413966417312622,-0.028418438509106636,-0.0622575543820858,-0.10993378609418869,0.05079464986920357,-0.007036319933831692,-0.10243560373783112],[0.10312507301568985,0.27315449714660645,-0.1778985559940338,-0.17705810070037842,0.2181662619113922,0.2467997670173645,-0.1548781543970108,-0.1460263431072235,0.27256470918655396,0.050653304904699326],[0.3667169213294983,-0.27331244945526123,-0.25704672932624817,-0.24039317667484283,0.11522325873374939,0.1209406927227974,-0.06034644693136215,0.0638205036520958,0.05292114242911339,-0.2933439612388611],[0.014763766899704933,-0.007350628729909658,-0.28685423731803894,0.32082515954971313,0.06768527626991272,-0.13338345289230347,0.07033040374517441,-0.39286094903945923,0.3045581877231598,0.13596591353416443],[-0.05365857854485512,0.2109840363264084,0.1775089055299759,-0.07956019788980484,-0.1654796600341797,-0.10285972058773041,-0.12346427887678146,-0.37938663363456726,0.20800462365150452,-0.02974587306380272],[-0.017275460064411163,0.057718709111213684,-0.43161702156066895,0.15790361166000366,-0.09055525064468384,0.05067051202058792,-0.34103235602378845,0.020384259521961212,0.3903364837169647,-0.16527698934078217],[0.1135273426771164,-0.2388928383588791,-0.24239271879196167,0.06818360090255737,0.1676187962293625,-0.2129945009946823,0.18546254932880402,0.20772002637386322,-0.02513611689209938,-0.07385344803333282],[0.19745399057865143,0.029034113511443138,-0.42435160279273987,-0.2705424129962921,-0.270119309425354,-0.2775473892688751,-0.052027568221092224,0.027738582342863083,0.07121215015649796,0.34002357721328735],[0.0010580335510894656,0.11375786364078522,0.09937947243452072,0.08294542878866196,0.17237208783626556,-0.22080422937870026,0.05764944478869438,0.030154649168252945,0.4084292948246002,-0.01014910638332367],[-0.022553905844688416,-0.052860308438539505,-0.03950999677181244,-0.12266436219215393,-0.24217306077480316,0.22852157056331635,0.10166483372449875,-0.28414326906204224,0.31513309478759766,-0.0727076455950737],[0.21539314091205597,0.027545692399144173,-0.0475119911134243,-0.2067863494157791,0.27007463574409485,0.2467271238565445,-0.016523879021406174,0.21363763511180878,-0.13587473332881927,-0.24049925804138184],[-0.0705108791589737,0.038595881313085556,-0.14201708137989044,-0.0017588671762496233,-0.13665851950645447,-0.03986305743455887,0.3687867224216461,0.25351661443710327,-0.3127096891403198,-0.23480500280857086],[0.017888326197862625,-0.14710566401481628,0.02240823023021221,0.03066645748913288,-0.29407158493995667,0.2002488076686859,0.271330863237381,-0.27948081493377686,-0.15199169516563416,0.38244888186454773],[0.0065720477141439915,-0.1664588749408722,0.21772463619709015,0.10255797207355499,0.20130689442157745,-0.2343987226486206,0.22480662167072296,0.01726137474179268,-0.328622430562973,0.19450721144676208],[-0.0018151262775063515,0.1916331648826599,-0.08376587182283401,-0.32765695452690125,-0.05334409326314926,0.39552298188209534,0.07128274440765381,0.24467810988426208,-0.09434957802295685,0.204435333609581],[-0.3435758352279663,-0.20451147854328156,0.03377915918827057,-0.014725332148373127,-0.3777524530887604,-0.20326125621795654,-0.14088793098926544,0.02344549633562565,-0.038199059665203094,-0.14960338175296783],[-0.04960467666387558,-0.131221204996109,-0.0005574424285441637,-0.2609650790691376,0.03705042973160744,-0.21978525817394257,0.0019163219258189201,0.20869943499565125,0.14115415513515472,0.07857246696949005],[-0.21681508421897888,-0.30327948927879333,-0.0197896771132946,0.35993096232414246,-0.0737239345908165,-0.09980623424053192,0.29423803091049194,-0.18886157870292664,0.3204353153705597,0.3975561559200287],[0.3449704051017761,0.11743158102035522,0.41983920335769653,-0.29502084851264954,-0.021834982559084892,0.22923560440540314,-0.24933366477489471,-0.02066812850534916,-0.11768433451652527,0.24573533236980438],[-0.3644658029079437,0.168223038315773,-0.10904359072446823,-0.048758503049612045,-0.11429747939109802,0.09178423136472702,-0.4543708860874176,-0.11942145228385925,-0.15461209416389465,-0.07021310180425644],[-0.17595306038856506,0.01506871823221445,-0.2897949814796448,0.16715070605278015,-0.2540522515773773,0.26939475536346436,-0.13891646265983582,-0.10491547733545303,0.06771217286586761,0.08215539157390594],[-0.17060963809490204,0.16863538324832916,-0.13159893453121185,-0.041278332471847534,0.3009658753871918,-0.0835038349032402,-0.40822672843933105,-0.3475111722946167,0.013877549208700657,-0.06053191050887108],[-0.09691216051578522,-0.203260600566864,-0.1744908094406128,-0.02416032925248146,-0.005011389032006264,-0.14541201293468475,0.037493929266929626,0.17928679287433624,-0.1114937886595726,0.06445349007844925],[-0.18476364016532898,0.1677199900150299,0.02654929645359516,0.18148386478424072,-0.14195778965950012,-0.3578096628189087,-0.002537893131375313,-0.2782590091228485,-0.02148726023733616,-0.10692713409662247],[0.08868129551410675,-0.22877629101276398,-0.10569571703672409,