{"params":{"desired_samples":16000,"window_size_samples":480,"window_stride_samples":160,"spectrogram_length":98,"fingerprint_width":40,"fingerprint_size":3920,"label_count":4,"sample_rate":16000,"preprocess":"mfcc","average_window_width":-1,"in_repeat":1,"data_url":"https:\/\/storage.googleapis.com\/download.tensorflow.org\/data\/speech_commands_v0.02.tar.gz","data_dir":"tmp\/speech_dataset\/","background_volume":0.1,"background_frequency":0.8,"silence_percentage":10.0,"unknown_percentage":10.0,"time_shift_ms":100.0,"seed":9,"testing_percentage":10,"validation_percentage":10,"clip_duration_ms":1000,"window_size_ms":30.0,"window_stride_ms":10.0,"feature_bin_count":40,"how_many_training_steps":"5,5","eval_step_interval":5,"learning_rate":"0.001,0.0001","batch_size":1,"summaries_dir":"results\/retrain_logs","wanted_words":"yes,no","train_dir":"results\/speech_commands_train","save_step_interval":1000,"start_checkpoint":"","model_architecture":"lsnn","check_nans":false,"quantize":false,"n_hidden":10,"n_layer":1,"dropout_prob":0.0,"print_every":10,"reg":0.001,"n_lif_frac":0.0,"beta":2.0,"tau_adaptation":98,"comment":"","n_thr_spikes":-1,"dampening_factor":0.3,"dt":1.0,"thr":0.01,"thr_min":0.005,"tau":20.0,"refr":2,"n_delay":0,"random_eprop":false,"eprop":false,"avg_spikes":true,"lipschitzness_loss":"kl","beta_lipschitzness":0.001,"step_size_lipschitzness":0.1,"num_steps_lipschitzness":10,"epsilon_lipschitzness":0.01,"use_epsilon_ball":true,"verbosity":20,"optimizer":"adam"},"rng_key":[1942305766,3625937489],"theta":{"W_in":[[0.07668621838092804,-0.0035181930288672447,0.26377013325691223,-0.07627987116575241,-0.26993119716644287,-0.008367327973246574,0.2821061313152313,0.2822154462337494,-0.23904256522655487,0.08793456107378006],[0.16887520253658295,0.1899617463350296,0.009546615183353424,-0.14758306741714478,-0.21548528969287872,-0.12569409608840942,-0.14365516602993011,-0.228298157453537,0.10076708346605301,0.03102453425526619],[0.30644214153289795,0.17403344810009003,0.3300175666809082,-0.0037442536558955908,0.36740216612815857,0.01607058383524418,0.10640831291675568,0.21137502789497375,0.39719831943511963,0.11700644344091415],[0.1513535976409912,-0.12659677863121033,0.18065334856510162,-0.02818634733557701,-0.2005145400762558,0.05508452653884888,-0.01264413446187973,-0.3338630199432373,-0.0639248713850975,-0.12170200049877167],[0.28688108921051025,-0.3486339747905731,-0.3032304346561432,-0.1994495987892151,0.3184342682361603,-0.11828755587339401,0.09242690354585648,0.31604212522506714,-0.03837882727384567,-0.14666323363780975],[-0.07791412621736526,0.1098446473479271,0.07305898517370224,0.24063585698604584,0.12672480940818787,-0.21405239403247833,0.18875472247600555,0.1397700309753418,-0.08987358212471008,-0.1086086630821228],[-0.23151592910289764,-0.02405339851975441,-0.2967227101325989,0.03023518994450569,0.18385007977485657,0.03708154335618019,0.05545882135629654,0.36317265033721924,-0.209751158952713,0.08647521585226059],[0.00008075071673374623,0.26065853238105774,0.08429072052240372,0.04985630139708519,0.3872809410095215,-0.21484443545341492,0.3164801001548767,-0.31519660353660583,0.24215111136436462,0.4529663622379303],[-0.2803940773010254,-0.03081553615629673,-0.0746089518070221,-0.2912028729915619,0.13805651664733887,0.03607514873147011,0.03155006095767021,0.20824413001537323,0.24995097517967224,0.10647384822368622],[-0.11525324732065201,0.16374826431274414,0.16541816294193268,0.017114536836743355,-0.1739567369222641,-0.3003648519515991,0.05936587601900101,0.24981090426445007,0.34546345472335815,-0.24433214962482452],[-0.0739162340760231,-0.016447709873318672,0.12930859625339508,-0.19230669736862183,0.020253051072359085,-0.14678938686847687,-0.04577503353357315,0.15172892808914185,0.1535109430551529,0.19184134900569916],[0.10196322202682495,-0.19572694599628448,-0.08595040440559387,-0.3718995451927185,0.24534223973751068,-0.2816251814365387,-0.4096505343914032,0.2000979632139206,-0.28576233983039856,-0.3969942629337311],[0.45398572087287903,0.11638596653938293,0.3366332948207855,-0.0758238434791565,0.38587629795074463,-0.08322740346193314,0.06997866928577423,-0.0026010479778051376,0.1466892808675766,0.15447212755680084],[0.13326649367809296,0.003569685621187091,0.11222898215055466,-0.3002396821975708,0.019947566092014313,0.006894862744957209,0.11539541929960251,-0.09521142393350601,0.05682815611362457,-0.44994688034057617],[0.15589143335819244,0.053811389952898026,0.39120644330978394,0.23491270840168,0.14443008601665497,-0.07875363528728485,0.0737222209572792,-0.020309818908572197,-0.07573051750659943,0.21103830635547638],[0.10595737397670746,0.06471741944551468,-0.34360140562057495,-0.09307335317134857,-0.0482148751616478,-0.2093609720468521,0.24489831924438477,-0.3024808168411255,-0.00964790303260088,-0.2065725177526474],[0.17907634377479553,0.16617780923843384,0.016082700341939926,0.19512659311294556,0.24780972301959991,0.1427217274904251,0.03796762973070145,-0.12386612594127655,-0.31770434975624084,-0.09612632542848587],[0.04739285632967949,0.4146389961242676,-0.0962645560503006,0.23413076996803284,0.04909191280603409,-0.217667818069458,0.30444803833961487,-0.07747375220060349,-0.2728498578071594,-0.10897137224674225],[0.05540463328361511,0.1382845938205719,-0.03863734006881714,-0.2162848562002182,0.29744502902030945,-0.206556037068367,-0.24653774499893188,-0.2417791485786438,0.004172312095761299,0.019516345113515854],[-0.14917351305484772,-0.00418373616412282,0.24527885019779205,0.22913996875286102,-0.017916804179549217,0.08829560875892639,-0.2240404337644577,-0.2425326704978943,0.31636226177215576,0.2367808073759079],[-0.39663946628570557,0.1702905297279358,-0.3641040027141571,-0.01355946809053421,0.07577965408563614,-0.11895609647035599,0.3040299713611603,-0.10743403434753418,-0.19056479632854462,-0.10922419279813766],[-0.2664065659046173,0.23012210428714752,0.13529469072818756,-0.0073141916655004025,0.04817540943622589,-0.06574609130620956,-0.17916706204414368,0.005921835545450449,-0.015026438981294632,0.00011935053043998778],[0.010089365765452385,0.3710247278213501,-0.043441545218229294,0.04495938867330551,-0.12753655016422272,-0.05667371675372124,-0.13167427480220795,-0.09568090736865997,0.12060558050870895,0.04918905720114708],[0.06089605391025543,-0.10828322172164917,-0.2669052183628082,-0.06547750532627106,-0.14880868792533875,-0.06819559633731842,-0.3253036439418793,-0.07112444937229156,0.1912287324666977,-0.18677213788032532],[0.4239075183868408,-0.09074941277503967,-0.05342884361743927,-0.25734424591064453,-0.2631455361843109,-0.17624270915985107,-0.09121466428041458,-0.2742370069026947,-0.074943408370018,-0.077782042324543],[-0.1262887418270111,0.2486179769039154,-0.136543869972229,-0.14094127714633942,0.02282124012708664,0.07766688615083694,0.06352821737527847,-0.10598696023225784,-0.08541577309370041,-0.18451236188411713],[0.14631499350070953,-0.13005290925502777,0.1766383796930313,0.32701894640922546,0.13301946222782135,0.019555484876036644,0.10615165531635284,-0.40241172909736633,-0.09610480070114136,0.006251873914152384],[-0.15342551469802856,0.18106602132320404,-0.029823198914527893,0.039417095482349396,0.2270089089870453,0.08227404952049255,-0.37666311860084534,0.06549905985593796,0.14990197122097015,0.05731416493654251],[0.1764015108346939,-0.011909552849829197,0.1336260735988617,-0.12459343671798706,0.02549835853278637,-0.04211730509996414,0.14743635058403015,-0.021967200562357903,-0.12778031826019287,-0.40224775671958923],[0.3667517900466919,-0.07606027275323868,0.10516723245382309,0.013721843250095844,-0.025943610817193985,-0.4506438672542572,-0.3399944305419922,-0.1771133840084076,0.05997545272111893,-0.039007872343063354],[0.01604807749390602,0.2541385889053345,-0.2517859935760498,-0.0582624115049839,0.4061756134033203,-0.07868476957082748,0.1435837596654892,-0.0012958984589204192,0.18561652302742004,-0.4526926875114441],[-0.30494824051856995,0.09070853143930435,-0.14537177979946136,-0.2130744457244873,