{"params":{"desired_samples":16000,"window_size_samples":480,"window_stride_samples":160,"spectrogram_length":98,"fingerprint_width":40,"fingerprint_size":3920,"label_count":4,"sample_rate":16000,"preprocess":"mfcc","average_window_width":-1,"in_repeat":1,"data_url":"https:\/\/storage.googleapis.com\/download.tensorflow.org\/data\/speech_commands_v0.02.tar.gz","data_dir":"tmp\/speech_dataset\/","background_volume":0.1,"background_frequency":0.8,"silence_percentage":10.0,"unknown_percentage":10.0,"time_shift_ms":100.0,"seed":6,"testing_percentage":10,"validation_percentage":10,"clip_duration_ms":1000,"window_size_ms":30.0,"window_stride_ms":10.0,"feature_bin_count":40,"how_many_training_steps":"5,5","eval_step_interval":5,"learning_rate":"0.001,0.0001","batch_size":1,"summaries_dir":"results\/retrain_logs","wanted_words":"yes,no","train_dir":"results\/speech_commands_train","save_step_interval":1000,"start_checkpoint":"","model_architecture":"lsnn","check_nans":false,"quantize":false,"n_hidden":10,"n_layer":1,"dropout_prob":0.0,"print_every":10,"reg":0.001,"n_lif_frac":0.0,"beta":2.0,"tau_adaptation":98,"comment":"","n_thr_spikes":-1,"dampening_factor":0.3,"dt":1.0,"thr":0.01,"thr_min":0.005,"tau":20.0,"refr":2,"n_delay":0,"random_eprop":false,"eprop":false,"avg_spikes":true,"lipschitzness_loss":"kl","beta_lipschitzness":1.0,"step_size_lipschitzness":0.1,"num_steps_lipschitzness":10,"epsilon_lipschitzness":0.01,"use_epsilon_ball":true,"verbosity":20,"optimizer":"adam"},"rng_key":[930198267,3563709847],"theta":{"W_in":[[-0.14644236862659454,0.02085203118622303,0.28023818135261536,0.05553016811609268,0.014088684692978859,-0.07566406577825546,0.35004109144210815,-0.4376704692840576,0.2838200628757477,0.1579948514699936],[0.08953172713518143,-0.1499389261007309,-0.052617814391851425,0.2435246855020523,0.04229305312037468,-0.11454396694898605,0.05446229130029678,-0.22611859440803528,0.11988870799541473,0.17950783669948578],[-0.33358749747276306,0.0764625295996666,0.44511574506759644,-0.015429249033331871,0.31272605061531067,0.06947784125804901,0.07064604759216309,-0.09051628410816193,-0.058603882789611816,-0.4237799644470215],[-0.09472871571779251,0.0811849981546402,-0.2575201690196991,-0.03663650155067444,0.00501238415017724,-0.36179882287979126,-0.18908503651618958,0.11974881589412689,-0.06107242405414581,-0.07017792016267776],[-0.08793038874864578,0.4180172383785248,-0.20326672494411469,0.2355925291776657,-0.1800544261932373,-0.1121981292963028,-0.015606552362442017,0.10290367901325226,0.24285951256752014,-0.06595303118228912],[0.18821026384830475,0.31188395619392395,0.18261443078517914,0.23101238906383514,-0.2722853720188141,-0.08865499496459961,-0.3120487630367279,-0.006097930017858744,-0.15512198209762573,-0.042420644313097],[-0.11355321109294891,-0.026310518383979797,0.4162255823612213,-0.2940990626811981,-0.05297519639134407,-0.015667129307985306,-0.09296824038028717,-0.3878733813762665,0.047566961497068405,0.3083496689796448],[0.09200983494520187,-0.23869335651397705,-0.03889259696006775,-0.10909945517778397,-0.17329011857509613,0.3321153521537781,-0.03220853582024574,-0.027285216376185417,0.32562631368637085,-0.007298108655959368],[0.09042084217071533,0.04570864140987396,0.25844621658325195,-0.17319229245185852,-0.1708623766899109,0.03413749113678932,0.2281333953142166,-0.04455028846859932,-0.12815557420253754,-0.034918200224637985],[0.05714566260576248,0.13768969476222992,0.07245055586099625,0.007078264374285936,0.10531487315893173,0.14537733793258667,0.10844879597425461,0.04618017375469208,0.22444123029708862,0.08679813891649246],[0.3873029947280884,-0.10767485946416855,-0.10572344809770584,-0.0802256315946579,0.15711691975593567,0.16428564488887787,-0.09561795741319656,-0.32094085216522217,-0.09694782644510269,0.04563669115304947],[0.16560295224189758,0.111229807138443,0.18444311618804932,-0.3589935898780823,-0.2512916922569275,0.21667806804180145,-0.05322820693254471,0.18815317749977112,-0.039596058428287506,0.18028689920902252],[-0.10232182592153549,0.3043283224105835,0.15663988888263702,-0.06815492361783981,0.0004141157551202923,-0.021437302231788635,0.3092898428440094,-0.21336276829242706,0.06832785159349442,-0.23222309350967407],[0.0015321294777095318,-0.26532772183418274,-0.2911677062511444,-0.09848704189062119,-0.027632173150777817,0.20001812279224396,0.17714671790599823,0.08802678436040878,0.021304350346326828,0.15800313651561737],[-0.006367275957018137,-0.13860805332660675,0.015305371955037117,0.09983346611261368,0.24006392061710358,0.18642380833625793,-0.2958824336528778,-0.023054592311382294,0.152358278632164,0.1446567177772522],[-0.11471165716648102,0.02667357586324215,-0.07464543730020523,-0.08999649435281754,0.06878455728292465,-0.3482934236526489,-0.23057064414024353,0.23956812918186188,-0.24434134364128113,-0.22610537707805634],[-0.250754714012146,-0.2664971947669983,-0.20266184210777283,-0.23913054168224335,0.03879088908433914,0.0622214637696743,-0.18039967119693756,0.19611740112304688,-0.25391438603401184,-0.08438870310783386],[-0.020367823541164398,-0.017709799110889435,-0.003750261152163148,-0.2350083440542221,-0.23479144275188446,-0.21573162078857422,0.18401841819286346,0.15261013805866241,0.2339448183774948,-0.09692659974098206],[0.12166929244995117,0.005218650680035353,-0.06280418485403061,-0.18939679861068726,-0.0024940050207078457,0.1375439614057541,0.3753069341182709,0.2718048095703125,-0.044587649405002594,0.02753361128270626],[0.12795820832252502,0.14512690901756287,-0.08425933122634888,-0.18708956241607666,-0.3083608150482178,0.16227661073207855,-0.08083827793598175,0.10009035468101501,0.0643872544169426,-0.2244361788034439],[-0.2703019380569458,0.046250998973846436,-0.2905614972114563,0.38037756085395813,-0.0026163323782384396,0.10525333136320114,-0.16359148919582367,0.21810978651046753,0.10554876178503036,-0.11341099441051483],[-0.387203186750412,0.09262955188751221,0.2921788692474365,0.01967584155499935,0.027218712493777275,-0.030737794935703278,-0.1349988579750061,-0.2419867068529129,0.14067791402339935,0.4327218234539032],[0.08592425286769867,-0.18111002445220947,0.11901296675205231,0.22626936435699463,-0.049901802092790604,0.10074066370725632,0.18021142482757568,0.03867865726351738,0.057107456028461456,0.0798848494887352],[0.23317401111125946,-0.12764686346054077,-0.049220576882362366,0.2052985280752182,0.2353825569152832,-0.22945179045200348,-0.040837179869413376,0.18776008486747742,-0.051997169852256775,-0.2075064331293106],[0.15380972623825073,-0.0072021191008389,-0.11219875514507294,-0.13255071640014648,-0.4263940751552582,0.08052317053079605,0.2303595393896103,0.11414067447185516,0.052386581897735596,-0.09586409479379654],[0.25041913986206055,-0.11230713874101639,0.19113725423812866,-0.32516565918922424,-0.05147087574005127,0.08434835076332092,0.34578898549079895,0.19700725376605988,-0.06573506444692612,-0.04581839591264725],[0.34991276264190674,-0.0027099763974547386,0.2019355446100235,-0.03542362153530121,-0.27889907360076904,-0.17761744558811188,0.3844931125640869,0.29678091406822205,0.22143247723579407,0.2866889536380768],[-0.37846219539642334,0.0009965841891244054,-0.21095621585845947,-0.3414870500564575,-0.14215601980686188,0.2264782041311264,0.030514204874634743,-0.012158355675637722,-0.17278330028057098,-0.1831003874540329],[-0.07989653199911118,-0.2356870472431183,-0.02092336118221283,-0.12417995929718018,0.07768990099430084,0.021006105467677116,0.29383841156959534,0.19819913804531097,0.2517203092575073,-0.18827976286411285],[-0.26243656873703003,-0.16654224693775177,0.24483010172843933,0.12781263887882233,0.15418094396591187,0.07392122596502304,-0.13645359873771667,-0.15956659615039825,-0.014395770616829395,0.026608336716890335],[0.12216727435588837,-0.06706167757511139,-0.09863212704658508,0.42521461844444275,0.2586138844490051,-0.07920726388692856,0.26243725419044495,0.04789754003286362,-0.32014158368110657,-0.093720942735672],[-0.02788499742746353,0.196689173579216,-0.21151868999004364,