{"params":{"desired_samples":16000,"window_size_samples":480,"window_stride_samples":160,"spectrogram_length":98,"fingerprint_width":40,"fingerprint_size":3920,"label_count":4,"sample_rate":16000,"preprocess":"mfcc","average_window_width":-1,"in_repeat":1,"data_url":"https:\/\/storage.googleapis.com\/download.tensorflow.org\/data\/speech_commands_v0.02.tar.gz","data_dir":"tmp\/speech_dataset\/","background_volume":0.1,"background_frequency":0.8,"silence_percentage":10.0,"unknown_percentage":10.0,"time_shift_ms":100.0,"seed":4,"testing_percentage":10,"validation_percentage":10,"clip_duration_ms":1000,"window_size_ms":30.0,"window_stride_ms":10.0,"feature_bin_count":40,"how_many_training_steps":"5,5","eval_step_interval":5,"learning_rate":"0.001,0.0001","batch_size":1,"summaries_dir":"results\/retrain_logs","wanted_words":"yes,no","train_dir":"results\/speech_commands_train","save_step_interval":1000,"start_checkpoint":"","model_architecture":"lsnn","check_nans":false,"quantize":false,"n_hidden":10,"n_layer":1,"dropout_prob":0.0,"print_every":10,"reg":0.001,"n_lif_frac":0.0,"beta":2.0,"tau_adaptation":98,"comment":"","n_thr_spikes":-1,"dampening_factor":0.3,"dt":1.0,"thr":0.01,"thr_min":0.005,"tau":20.0,"refr":2,"n_delay":0,"random_eprop":false,"eprop":false,"avg_spikes":true,"lipschitzness_loss":"kl","beta_lipschitzness":0.01,"step_size_lipschitzness":0.1,"num_steps_lipschitzness":10,"epsilon_lipschitzness":0.01,"use_epsilon_ball":true,"verbosity":20,"optimizer":"adam"},"rng_key":[20842899,3723019338],"theta":{"W_in":[[-0.10345445573329926,-0.10197103768587112,-0.15463019907474518,0.22635787725448608,-0.3500734269618988,-0.35595497488975525,-0.30743107199668884,0.029291357845067978,-0.04085974767804146,-0.04111473262310028],[-0.12988586723804474,0.0674385130405426,0.30124348402023315,-0.10964335501194,0.01695377379655838,-0.14333297312259674,-0.15949024260044098,0.08406667411327362,-0.010950157418847084,-0.06235954165458679],[-0.17157304286956787,-0.044180531054735184,-0.39560121297836304,0.39974233508110046,0.05721183866262436,0.18674202263355255,0.027251631021499634,0.2837209701538086,0.1541714370250702,0.3190014362335205],[0.16649512946605682,0.06513603776693344,0.13304536044597626,-0.0246890801936388,0.2096991240978241,0.04771006852388382,-0.2272806614637375,0.1362953782081604,0.04698072001338005,0.16599887609481812],[-0.22336146235466003,-0.2351732701063156,0.3093567490577698,-0.06935448199510574,-0.11924121528863907,-0.07895190268754959,-0.0015242383815348148,0.4368065297603607,0.03710596635937691,-0.26720064878463745],[-0.009165758267045021,-0.38250410556793213,-0.1821446716785431,0.18451431393623352,0.24383120238780975,-0.09943240880966187,-0.03224591165781021,-0.20305030047893524,0.0065180277451872826,0.20385834574699402],[-0.048125848174095154,-0.13147030770778656,-0.038846518844366074,0.3226177990436554,-0.23348571360111237,0.2292996495962143,0.31659218668937683,-0.4428340792655945,0.036030322313308716,0.3337010443210602],[0.261191189289093,0.045665450394153595,-0.0026238206773996353,0.056999754160642624,0.24475176632404327,-0.23137085139751434,0.11647000163793564,-0.213436096906662,-0.03846541419625282,0.25414928793907166],[-0.10995087772607803,0.40001851320266724,-0.1918630748987198,0.16660061478614807,-0.014731631614267826,0.05264262855052948,0.12032609432935715,0.19639693200588226,0.020421801134943962,0.09025084972381592],[0.07385548204183578,-0.23027819395065308,-0.1885509490966797,0.4053855240345001,-0.011883785016834736,-0.07049670070409775,-0.10193958133459091,-0.06216297298669815,0.009440080262720585,-0.1399889886379242],[0.15222100913524628,0.194915771484375,0.13091392815113068,0.23013101518154144,-0.27238428592681885,0.12694920599460602,-0.3663763999938965,-0.03444423899054527,0.1967928260564804,0.19371111690998077],[-0.284978985786438,0.11056112498044968,0.2185804396867752,0.29657942056655884,0.10013970732688904,-0.008639474399387836,-0.3313790559768677,-0.4559185206890106,0.0807003453373909,-0.30160045623779297],[0.10925639420747757,-0.08340763300657272,0.09934511035680771,-0.3068476617336273,0.10539840906858444,-0.04152143746614456,0.27461525797843933,0.28221186995506287,0.20468847453594208,-0.24371565878391266],[-0.11544404178857803,-0.11428014189004898,-0.16331440210342407,0.10432948917150497,-0.09791195392608643,0.018338942900300026,0.41779375076293945,0.08345925807952881,-0.01041453517973423,0.03125322237610817],[0.16818080842494965,-0.1704859733581543,0.06460241228342056,-0.3393118977546692,-0.1304098218679428,-0.22405610978603363,-0.0953117161989212,0.01800304651260376,-0.07692629098892212,0.12278912961483002],[0.29373595118522644,0.15527118742465973,0.1912277638912201,0.27647843956947327,-0.17518392205238342,0.09063243865966797,-0.04828200489282608,0.22867922484874725,-0.19341503083705902,-0.38479146361351013],[0.21126912534236908,-0.3026522099971771,-0.169650137424469,-0.38712960481643677,-0.2644897699356079,0.30401378870010376,0.06427432596683502,-0.37612995505332947,0.20072196424007416,-0.44905295968055725],[-0.04817528277635574,-0.10076984763145447,-0.12018513679504395,-0.2130594551563263,-0.17531947791576385,-0.22743357717990875,0.1300371140241623,-0.26785677671432495,0.23402903974056244,0.22155818343162537],[-0.05735108628869057,-0.01596752181649208,-0.24782110750675201,-0.24243900179862976,-0.30114397406578064,-0.16863025724887848,-0.3689272403717041,0.09551926702260971,-0.09844772517681122,0.09942574054002762],[0.04327184334397316,-0.06951852887868881,-0.2121090590953827,0.026553722098469734,-0.13782863318920135,0.30476900935173035,-0.07026716321706772,0.06494162231683731,0.05112387612462044,0.4401102066040039],[-0.0690336674451828,0.036862682551145554,-0.1792822927236557,0.20282922685146332,0.2423228919506073,0.43436500430107117,-0.2746574282646179,-0.43078315258026123,0.33639204502105713,0.15607663989067078],[0.09018370509147644,0.20012015104293823,-0.005383359733968973,0.07365799695253372,-0.08628442883491516,0.17681512236595154,0.02063511125743389,-0.15175427496433258,0.02806275524199009,0.13418905436992645],[0.0752340629696846,-0.05112329125404358,-0.27875080704689026,0.2230749875307083,-0.15613222122192383,0.15577992796897888,-0.14851965010166168,-0.21912634372711182,0.006353091448545456,-0.19743777811527252],[-0.13182638585567474,0.21672606468200684,0.1516011357307434,-0.011586269363760948,-0.4084484577178955,-0.18001197278499603,0.07594453543424606,0.08486756682395935,-0.18401487171649933,-0.04955919831991196],[0.23696336150169373,0.0882866382598877,0.10770595073699951,-0.2016919106245041,0.02299545146524906,-0.2348635047674179,0.11693564802408218,-0.277692973613739,-0.153394415974617,-0.07031362503767014],[0.2760113775730133,0.18989180028438568,-0.0025658549275249243,0.1145157441496849,-0.18297094106674194,-0.06289482116699219,-0.04888737574219704,0.0843532457947731,0.05674593895673752,-0.29570242762565613],[0.016522957012057304,-0.17089475691318512,-0.192563995718956,0.0024450107011944056,-0.2206181436777115,0.25994613766670227,0.0868372842669487,-0.42128971219062805,0.08247915655374527,-0.002718015108257532],[-0.38351574540138245,-0.16206951439380646,-0.02344897761940956,0.006348372902721167,0.2594014108181,-0.30559906363487244,0.1438833326101303,-0.245637446641922,0.19403225183486938,0.11768202483654022],[-0.25364479422569275,0.04090918228030205,0.18367761373519897,-0.18419793248176575,0.2375250905752182,-0.28247761726379395,0.30111849308013916,0.18299376964569092,-0.07273965328931808,-0.10110839456319809],[0.024189867079257965,0.144852414727211,0.08424226939678192,0.07221953570842743,-0.1866239756345749,0.35817214846611023,-0.2551303803920746,-0.027806777507066727,-0.41096052527427673,0.02420741878449917],[-0.39669424295425415,-0.1233547031879425,-0.042610034346580505,-0.08980192244052887,0.3238533139228821,0.2093362957239151,-0.18617017567157745,-0.21917679905891418,0.11884362250566483,0.1492844521999359],[-0.14594849944114685,-0.13679783046245575,0.3603692650794983,-0.06160680949687958,