{"params":{"desired_samples":16000,"window_size_samples":480,"window_stride_samples":160,"spectrogram_length":98,"fingerprint_width":40,"fingerprint_size":3920,"label_count":4,"sample_rate":16000,"preprocess":"mfcc","average_window_width":-1,"in_repeat":1,"data_url":"https:\/\/storage.googleapis.com\/download.tensorflow.org\/data\/speech_commands_v0.02.tar.gz","data_dir":"tmp\/speech_dataset\/","background_volume":0.1,"background_frequency":0.8,"silence_percentage":10.0,"unknown_percentage":10.0,"time_shift_ms":100.0,"seed":9,"testing_percentage":10,"validation_percentage":10,"clip_duration_ms":1000,"window_size_ms":30.0,"window_stride_ms":10.0,"feature_bin_count":40,"how_many_training_steps":"5,5","eval_step_interval":5,"learning_rate":"0.001,0.0001","batch_size":1,"summaries_dir":"results\/retrain_logs","wanted_words":"yes,no","train_dir":"results\/speech_commands_train","save_step_interval":1000,"start_checkpoint":"","model_architecture":"lsnn","check_nans":false,"quantize":false,"n_hidden":10,"n_layer":1,"dropout_prob":0.0,"print_every":10,"reg":0.001,"n_lif_frac":0.0,"beta":2.0,"tau_adaptation":98,"comment":"","n_thr_spikes":-1,"dampening_factor":0.3,"dt":1.0,"thr":0.01,"thr_min":0.005,"tau":20.0,"refr":2,"n_delay":0,"random_eprop":false,"eprop":false,"avg_spikes":true,"lipschitzness_loss":"kl","beta_lipschitzness":0.0,"step_size_lipschitzness":0.1,"num_steps_lipschitzness":10,"epsilon_lipschitzness":0.01,"use_epsilon_ball":true,"verbosity":20,"optimizer":"adam"},"rng_key":[1670344745,2668310698],"theta":{"W_in":[[0.07502226531505585,-0.003519128542393446,0.26375681161880493,-0.0762801393866539,-0.26992863416671753,-0.00836701039224863,0.2821052074432373,0.2822154462337494,-0.23904593288898468,0.08793454617261887],[0.1704292595386505,0.18996348977088928,0.009534206241369247,-0.1475827842950821,-0.21548618376255035,-0.12569382786750793,-0.1436552256345749,-0.228298157453537,0.10076897591352463,0.03102453425526619],[0.30801016092300415,0.1740342676639557,0.33004024624824524,-0.0037440515588968992,0.3674001395702362,0.01607080176472664,0.10640833526849747,0.21137502789497375,0.3971997797489166,0.11700644344091415],[0.15262216329574585,-0.12659794092178345,0.18066667020320892,-0.028186537325382233,-0.20051173865795135,0.0550854355096817,-0.012644103728234768,-0.3338630199432373,-0.06392925977706909,-0.12170200049877167],[0.2855336666107178,-0.3486338257789612,-0.30323663353919983,-0.19944944977760315,0.3184354603290558,-0.11828912794589996,0.09242690354585648,0.31604212522506714,-0.03837854415178299,-0.14666323363780975],[-0.07658569514751434,0.10984164476394653,0.07306099683046341,0.24063493311405182,0.12672971189022064,-0.21405266225337982,0.1887550950050354,0.1397700309753418,-0.08987651020288467,-0.1086086705327034],[-0.23282700777053833,-0.02405322715640068,-0.29672011733055115,0.030235299840569496,0.1838487684726715,0.037081871181726456,0.05545880272984505,0.36317265033721924,-0.20975075662136078,0.08647521585226059],[-0.000940489349886775,0.2606584429740906,0.08429718017578125,0.049856070429086685,0.387281596660614,-0.21484406292438507,0.3164801597595215,-0.31519660353660583,0.24215015769004822,0.4529663622379303],[-0.2792282998561859,-0.03081720881164074,-0.07460929453372955,-0.29120346903800964,0.13805730640888214,0.03607562556862831,0.03154413774609566,0.20824413001537323,0.24995028972625732,0.10647382587194443],[-0.11662282794713974,0.16374889016151428,0.16541503369808197,0.017114853486418724,-0.17395751178264618,-0.30036550760269165,0.059365857392549515,0.24981090426445007,0.3454640805721283,-0.24433214962482452],[-0.07496203482151031,-0.016451429575681686,0.12930956482887268,-0.19230623543262482,0.02025173045694828,-0.1467895656824112,-0.045778788626194,0.15172892808914185,0.15350916981697083,0.19184137880802155],[0.10185171663761139,-0.19572541117668152,-0.08595570921897888,-0.37189981341362,0.24534237384796143,-0.2816251516342163,-0.409650593996048,0.2000979632139206,-0.28576400876045227,-0.3969942629337311],[0.4537152647972107,0.11638593673706055,0.3366372287273407,-0.07582373917102814,0.38586944341659546,-0.0832269936800003,0.069978728890419,-0.0026010479778051376,0.14669492840766907,0.15447212755680084],[0.13243193924427032,0.0035674027167260647,0.11223195493221283,-0.30024027824401855,0.019946347922086716,0.006896051112562418,0.11539550125598907,-0.09521142393350601,0.056824807077646255,-0.44994688034057617],[0.1559687852859497,0.05381305515766144,0.39120346307754517,0.23491334915161133,0.14443019032478333,-0.07875455170869827,0.07372213900089264,-0.020309818908572197,-0.0757259875535965,0.21103832125663757],[0.10636956989765167,0.06471922993659973,-0.3436025381088257,-0.09307347983121872,-0.04821426048874855,-0.20936253666877747,0.24489867687225342,-0.3024808168411255,-0.0096451286226511,-0.2065725177526474],[0.1794114112854004,0.1661822646856308,0.01608153060078621,0.19512678682804108,0.24781137704849243,0.14272154867649078,0.03796769678592682,-0.12386612594127655,-0.3177054822444916,-0.09612632542848587],[0.04796943813562393,0.4146461486816406,-0.09626562893390656,0.23413075506687164,0.049092743545770645,-0.2176690548658371,0.30444806814193726,-0.07747375220060349,-0.272847443819046,-0.10897136479616165],[0.05492958053946495,0.1383015662431717,-0.03863811120390892,-0.21628443896770477,0.2974434196949005,-0.20655667781829834,-0.24653856456279755,-0.2417791485786438,0.00417483551427722,0.01951635256409645],[-0.14941348135471344,-0.004180375020951033,0.24528050422668457,0.22913992404937744,-0.017918143421411514,0.08829718083143234,-0.2240404188632965,-0.2425326704978943,0.31636565923690796,0.2367808073759079],[-0.3966332674026489,0.17029501497745514,-0.36410361528396606,-0.013559482991695404,0.07577910274267197,-0.11895611882209778,0.3040260374546051,-0.10743403434753418,-0.19056443870067596,-0.10922417789697647],[-0.26700666546821594,0.23012994229793549,0.13529428839683533,-0.007313430309295654,0.04817475751042366,-0.06574654579162598,-0.17916527390480042,0.005921835545450449,-0.015023075975477695,0.00011936271039303392],[0.009683624841272831,0.37103036046028137,-0.04344187304377556,0.04495954141020775,-0.12753763794898987,-0.05667479336261749,-0.1316746175289154,-0.09568090736865997,0.1206078752875328,0.049189064651727676],[0.060060374438762665,-0.10828100889921188,-0.2669057548046112,-0.06547675281763077,-0.14881454408168793,-0.06819553673267365,-0.3253054618835449,-0.07112444937229156,0.19123324751853943,-0.18677213788032532],[0.42301425337791443,-0.09074973315000534,-0.053427353501319885,-0.25734445452690125,-0.2631438970565796,-0.17624247074127197,-0.09121439605951309,-0.2742370069026947,-0.07494469732046127,-0.077782042324543],[-0.12729409337043762,0.24861687421798706,-0.13654246926307678,-0.14094170928001404,0.022822437807917595,0.07766762375831604,0.06352826952934265,-0.10598696023225784,-0.08541695028543472,-0.18451237678527832],[0.14591477811336517,-0.13005416095256805,0.17663893103599548,0.3270181715488434,0.13301901519298553,0.01955658197402954,0.10615158826112747,-0.40241172909736633,-0.09610705077648163,0.006251847371459007],[-0.15320417284965515,0.18106374144554138,-0.029824404045939445,0.03941754996776581,0.22700843214988708,0.08227423578500748,-0.37666332721710205,0.06549905985593796,0.14990390837192535,0.05731417238712311],[0.1760760396718979,-0.01191641204059124,0.13362587988376617,-0.12459281831979752,0.025497067719697952,-0.04211706295609474,0.14743861556053162,-0.021967200562357903,-0.1277812272310257,-0.40224775671958923],[0.36648744344711304,-0.07605639100074768,0.10516733676195145,0.013724966906011105,-0.025949638336896896,-0.45064371824264526,-0.3399924039840698,-0.1771133840084076,0.05997983366250992,-0.03900788724422455],[0.015349031426012516,0.2541385591030121,-0.2517859935760498,-0.05826245993375778,0.4061747193336487,-0.07868429273366928,0.1435570865869522,-0.0012958984589204192,0.1856166422367096,-0.4526926577091217],[-0.30537089705467224,0.0907077044248581,-0.14537307620048523,