{"params":{"desired_samples":16000,"window_size_samples":480,"window_stride_samples":160,"spectrogram_length":98,"fingerprint_width":40,"fingerprint_size":3920,"label_count":4,"sample_rate":16000,"preprocess":"mfcc","average_window_width":-1,"in_repeat":1,"data_url":"https:\/\/storage.googleapis.com\/download.tensorflow.org\/data\/speech_commands_v0.02.tar.gz","data_dir":"tmp\/speech_dataset\/","background_volume":0.1,"background_frequency":0.8,"silence_percentage":10.0,"unknown_percentage":10.0,"time_shift_ms":100.0,"seed":3,"testing_percentage":10,"validation_percentage":10,"clip_duration_ms":1000,"window_size_ms":30.0,"window_stride_ms":10.0,"feature_bin_count":40,"how_many_training_steps":"5,5","eval_step_interval":5,"learning_rate":"0.001,0.0001","batch_size":1,"summaries_dir":"results\/retrain_logs","wanted_words":"yes,no","train_dir":"results\/speech_commands_train","save_step_interval":1000,"start_checkpoint":"","model_architecture":"lsnn","check_nans":false,"quantize":false,"n_hidden":10,"n_layer":1,"dropout_prob":0.0,"print_every":10,"reg":0.001,"n_lif_frac":0.0,"beta":2.0,"tau_adaptation":98,"comment":"","n_thr_spikes":-1,"dampening_factor":0.3,"dt":1.0,"thr":0.01,"thr_min":0.005,"tau":20.0,"refr":2,"n_delay":0,"random_eprop":false,"eprop":false,"avg_spikes":true,"lipschitzness_loss":"kl","beta_lipschitzness":0.01,"step_size_lipschitzness":0.1,"num_steps_lipschitzness":10,"epsilon_lipschitzness":0.01,"use_epsilon_ball":true,"verbosity":20,"optimizer":"adam"},"rng_key":[2329852776,2611471310],"theta":{"W_in":[[-0.17890575528144836,0.007436517626047134,-0.3276928961277008,0.21157312393188477,-0.14183339476585388,0.18265116214752197,-0.23525196313858032,0.1623709499835968,-0.03387290984392166,-0.03743397817015648],[-0.09920600801706314,-0.2847966253757477,0.08778694272041321,-0.07105690985918045,0.037940580397844315,0.19713094830513,-0.04335508123040199,0.03576590493321419,0.07050937414169312,-0.4061605930328369],[-0.12916618585586548,0.12108097225427628,0.2370804101228714,0.1955241560935974,-0.36966291069984436,0.08426263928413391,-0.005701444577425718,-0.21784266829490662,0.26168587803840637,0.12194520235061646],[0.07791751623153687,0.10447289049625397,-0.05039982870221138,0.0754254162311554,0.07740940153598785,-0.1284584105014801,0.052543699741363525,-0.07326690107584,0.03714914992451668,-0.10488809645175934],[0.14478926360607147,0.08345857262611389,-0.09321554750204086,0.039865802973508835,0.3574106991291046,0.0008985460153780878,-0.030189016833901405,0.26931190490722656,-0.08303508907556534,0.3870772421360016],[0.19982081651687622,-0.3298186659812927,-0.16406841576099396,-0.21502014994621277,-0.045820072293281555,-0.06296806037425995,-0.08312062174081802,0.3639748692512512,0.37893471121788025,0.05927078053355217],[-0.24240845441818237,0.22553034126758575,-0.12010268867015839,-0.176936075091362,0.33367621898651123,0.3835350573062897,-0.018010560423135757,0.3119792640209198,0.18023890256881714,0.1098148301243782],[0.2403077483177185,0.023191675543785095,-0.12122290581464767,0.05068637803196907,0.24862989783287048,0.032927244901657104,0.007878388278186321,-0.2776622176170349,-0.04968484863638878,-0.43504050374031067],[-0.17481209337711334,0.36015552282333374,-0.13530233502388,-0.16752628982067108,-0.10745251923799515,0.2564968764781952,-0.024316808208823204,-0.18846213817596436,0.055551256984472275,0.26294204592704773],[0.27564311027526855,-0.09816177934408188,-0.13816571235656738,0.031758278608322144,-0.07600226253271103,-0.39978379011154175,-0.07517251372337341,0.16440793871879578,-0.16964563727378845,-0.1513785868883133],[-0.055206481367349625,-0.08880285173654556,-0.44357532262802124,0.18596084415912628,-0.24089846014976501,0.3302173316478729,-0.04588199406862259,0.19085751473903656,-0.11528737097978592,-0.3689258396625519],[0.0005790218710899353,0.031614650040864944,0.3271220326423645,0.24653108417987823,-0.13892047107219696,0.12877698242664337,-0.3551388084888458,0.12205181270837784,-0.3626689314842224,-0.1572861224412918],[-0.10189680010080338,-0.030672628432512283,-0.061735156923532486,-0.1430923342704773,0.0007218963583000004,0.10796342045068741,0.13631553947925568,0.23257780075073242,-0.3229759633541107,0.01907699927687645],[-0.24589480459690094,0.2583771049976349,0.0016944706439971924,-0.0011151143116876483,-0.0757092833518982,0.11006690561771393,0.24509485065937042,0.36654338240623474,-0.17996187508106232,0.14096537232398987],[0.04225475713610649,-0.2733934223651886,-0.32122111320495605,-0.043711788952350616,-0.23762109875679016,0.18192680180072784,-0.07170592248439789,0.10693557560443878,-0.015720609575510025,0.09502501040697098],[-0.20018842816352844,-0.0532333068549633,0.4000559449195862,-0.05701069161295891,0.35472455620765686,-0.15994636714458466,-0.0927162766456604,0.05741278827190399,-0.17997385561466217,-0.27783894538879395],[-0.3728928864002228,-0.28754082322120667,0.32704901695251465,-0.12806499004364014,0.25698041915893555,0.30145642161369324,0.14521239697933197,0.08446203172206879,-0.08103275299072266,-0.16471311450004578],[0.03391512110829353,0.1469627469778061,0.15087702870368958,-0.3305009603500366,0.08731016516685486,0.11595556885004044,-0.09993996471166611,-0.16668109595775604,-0.23604214191436768,0.11441465467214584],[0.013774965889751911,0.09751874208450317,-0.015374279581010342,-0.15826383233070374,0.008998001925647259,-0.20593683421611786,-0.08462317287921906,0.1589442491531372,-0.0733620822429657,-0.07041822373867035],[-0.13941675424575806,-0.030428221449255943,-0.14803025126457214,-0.02023462764918804,0.09974668174982071,-0.4172092378139496,-0.0980730801820755,-0.12079902738332748,0.04897987097501755,-0.20730748772621155],[-0.10428318381309509,0.2591816782951355,0.03333761915564537,-0.3511548638343811,0.09307858347892761,0.0698869526386261,0.02265053614974022,-0.19446654617786407,-0.3017612397670746,-0.14950187504291534],[0.1215733215212822,-0.0072867083363235,-0.25425446033477783,0.13763302564620972,0.15859252214431763,0.4005163609981537,-0.2259540855884552,0.07521749287843704,-0.2869900166988373,0.18689236044883728],[0.19058220088481903,0.08123859763145447,-0.2884778082370758,0.21850286424160004,0.05703754350543022,-0.08666759729385376,0.2708590030670166,0.09783706814050674,0.027306262403726578,-0.004012983292341232],[-0.15633459389209747,-0.33671480417251587,0.30887919664382935,0.06089826300740242,0.2256045639514923,-0.13623298704624176,-0.1765929013490677,0.09371847659349442,0.14170819520950317,0.1967485249042511],[0.03689844161272049,0.23361141979694366,-0.18147026002407074,0.06426992267370224,-0.26126542687416077,0.16125372052192688,0.10070431977510452,-0.10121553391218185,-0.3851584494113922,0.31800907850265503],[0.06044987589120865,0.24472978711128235,0.0919959619641304,0.021040355786681175,-0.004039694555103779,-0.15219861268997192,0.019147751852869987,-0.20237068831920624,-0.07528738677501678,-0.2193172425031662],[-0.14339224994182587,0.17244786024093628,0.38972294330596924,0.1440054327249527,-0.3431656062602997,-0.06806202232837677,0.3493436574935913,-0.0596269816160202,0.32911649346351624,-0.34815526008605957],[0.018362615257501602,0.11171469837427139,0.00908616092056036,-0.21840007603168488,-0.24914133548736572,-0.17064519226551056,0.053763993084430695,0.01940157823264599,-0.018008321523666382,0.11547134071588516],[-0.06671679019927979,-0.08073130995035172,0.23874744772911072,0.028913589194417,-0.04270673170685768,-0.29476895928382874,-0.13755694031715393,-0.09829511493444443,0.19058723747730255,-0.20325349271297455],[0.1388988345861435,0.29397904872894287,0.15196454524993896,-0.022945459932088852,0.3445681929588318,-0.19497869908809662,-0.2391948401927948,0.19150008261203766,0.06917873024940491,-0.36052167415618896],[0.152971550822258,-0.012959333136677742,0.3496231734752655,-0.11087892204523087,-0.2691352963447571,-0.028338853269815445,-0.22634068131446838,0.03091644123196602,-0.013311825692653656,0.12137182056903839],[-0.029811520129442215,0.0786205306649208,0.023590805009007454,