{"params":{"desired_samples":16000,"window_size_samples":480,"window_stride_samples":160,"spectrogram_length":98,"fingerprint_width":40,"fingerprint_size":3920,"label_count":4,"sample_rate":16000,"preprocess":"mfcc","average_window_width":-1,"in_repeat":1,"data_url":"https:\/\/storage.googleapis.com\/download.tensorflow.org\/data\/speech_commands_v0.02.tar.gz","data_dir":"tmp\/speech_dataset\/","background_volume":0.1,"background_frequency":0.8,"silence_percentage":10.0,"unknown_percentage":10.0,"time_shift_ms":100.0,"seed":8,"testing_percentage":10,"validation_percentage":10,"clip_duration_ms":1000,"window_size_ms":30.0,"window_stride_ms":10.0,"feature_bin_count":40,"how_many_training_steps":"5,5","eval_step_interval":5,"learning_rate":"0.001,0.0001","batch_size":1,"summaries_dir":"results\/retrain_logs","wanted_words":"yes,no","train_dir":"results\/speech_commands_train","save_step_interval":1000,"start_checkpoint":"","model_architecture":"lsnn","check_nans":false,"quantize":false,"n_hidden":10,"n_layer":1,"dropout_prob":0.0,"print_every":10,"reg":0.001,"n_lif_frac":0.0,"beta":2.0,"tau_adaptation":98,"comment":"","n_thr_spikes":-1,"dampening_factor":0.3,"dt":1.0,"thr":0.01,"thr_min":0.005,"tau":20.0,"refr":2,"n_delay":0,"random_eprop":false,"eprop":false,"avg_spikes":true,"lipschitzness_loss":"kl","beta_lipschitzness":0.1,"step_size_lipschitzness":0.1,"num_steps_lipschitzness":10,"epsilon_lipschitzness":0.01,"use_epsilon_ball":true,"verbosity":20,"optimizer":"adam"},"rng_key":[28457226,2692427827],"theta":{"W_in":[[-0.1353520303964615,-0.09610395133495331,-0.26953405141830444,-0.022863250225782394,0.28703391551971436,-0.01863042078912258,0.3917364478111267,-0.0678800716996193,0.2653752267360687,0.03662991523742676],[-0.09891705960035324,-0.0010483288206160069,0.19477252662181854,-0.142283096909523,0.1432710438966751,-0.2120966613292694,0.003664120566099882,-0.36765986680984497,0.14967140555381775,-0.3770906329154968],[-0.04491187259554863,-0.2425951063632965,0.12519554793834686,0.22578363120555878,-0.11982758343219757,0.0850398987531662,0.33479684591293335,-0.2520163953304291,0.22339512407779694,-0.20243030786514282],[-0.20361004769802094,0.04098579287528992,0.02712283283472061,0.34732067584991455,-0.18357965350151062,0.009055295959115028,-0.2535107433795929,0.03428550064563751,-0.24333620071411133,0.08492430299520493],[0.2778678238391876,0.20977897942066193,0.14352035522460938,-0.19630254805088043,0.004209935665130615,-0.11429612338542938,0.21637578308582306,-0.1694718450307846,-0.16411970555782318,0.3708876371383667],[-0.18766456842422485,0.00038922965177334845,-0.05938960611820221,-0.27518200874328613,-0.0010694963857531548,-0.15307345986366272,0.3346753418445587,-0.016650864854454994,0.0033741677179932594,-0.0010541699593886733],[0.14897438883781433,-0.052101440727710724,-0.1914658099412918,-0.18723346292972565,0.17905192077159882,-0.31130877137184143,-0.3474448025226593,-0.3596847653388977,0.25071820616722107,0.1730017215013504],[-0.06898602098226547,-0.28092414140701294,-0.00828972365707159,-0.27330148220062256,0.06565797328948975,0.050270043313503265,-0.2971685230731964,0.06106216832995415,-0.356386661529541,0.03757312521338463],[-0.023586135357618332,0.177561417222023,0.2938079237937927,0.08101632446050644,0.17488081753253937,-0.10778483003377914,-0.059420421719551086,-0.08300221711397171,-0.1719209849834442,0.13759572803974152],[0.3686775863170624,-0.03397756814956665,0.31014683842658997,0.07354853302240372,0.05364114046096802,-0.20551292598247528,-0.15865272283554077,-0.17969082295894623,-0.16066958010196686,-0.13844166696071625],[0.3482297956943512,-0.03730129078030586,-0.24633857607841492,-0.3009848892688751,0.2742956876754761,0.09073440730571747,-0.2962086498737335,-0.33282944560050964,-0.27281513810157776,0.30364716053009033],[-0.1702476441860199,-0.1139107421040535,0.04481765255331993,-0.1465032547712326,-0.04691470041871071,0.3783944249153137,-0.14509594440460205,0.04249696061015129,0.0030861995182931423,-0.027391275390982628],[-0.2257155328989029,0.1320117563009262,0.08991704881191254,-0.10031948238611221,0.1681688278913498,0.027095956727862358,-0.07705913484096527,0.2597462236881256,0.11952211707830429,-0.11664780229330063],[-0.1801091432571411,0.18061386048793793,0.19900839030742645,-0.07775317877531052,0.020007066428661346,0.0719277411699295,-0.056644681841135025,-0.34261882305145264,0.21543876826763153,-0.33481791615486145],[0.05238150432705879,0.06817682832479477,-0.09093140810728073,0.12190383672714233,-0.10762140899896622,0.38954243063926697,0.013358952477574348,0.05902516469359398,-0.15843917429447174,-0.21889367699623108],[-0.3101513087749481,0.16115055978298187,0.022119583562016487,0.22368140518665314,0.15707272291183472,0.24547503888607025,0.07271888852119446,0.1186438724398613,-0.26026442646980286,0.1562972366809845],[0.25352367758750916,0.21671783924102783,-0.08938635885715485,-0.04939667135477066,-0.02756970375776291,-0.0754266008734703,-0.28950434923171997,-0.1442726105451584,-0.10530490428209305,0.3294452428817749],[-0.19101598858833313,0.11086806654930115,0.11241917312145233,-0.12721006572246552,0.038898956030607224,-0.07118724286556244,-0.1360979974269867,-0.3198738396167755,-0.22397007048130035,-0.2816525101661682],[-0.10509160161018372,-0.034925736486911774,-0.2975359261035919,0.09086012840270996,0.08271915465593338,-0.3270989954471588,-0.10873845219612122,0.21415336430072784,-0.01932459883391857,0.21102654933929443],[-0.03081504814326763,0.14115247130393982,0.11759249120950699,0.2292647510766983,0.08889418840408325,-0.061358578503131866,0.15031494200229645,0.03188969939947128,-0.4063357710838318,-0.16208571195602417],[-0.2997506558895111,-0.4153572618961334,0.10889805108308792,0.26503509283065796,0.022567978128790855,0.07619617134332657,0.37943708896636963,-0.14834260940551758,0.17576557397842407,-0.0966579020023346],[0.11623203009366989,-0.22666935622692108,-0.12221962213516235,0.16786964237689972,-0.10616571456193924,0.051290713250637054,-0.11222811043262482,0.11422008275985718,-0.17227864265441895,-0.2768585681915283],[0.0025182953104376793,0.2066563069820404,0.22008341550827026,0.09542768448591232,-0.3566407561302185,0.0014780359342694283,0.26777833700180054,-0.12861892580986023,0.1610039472579956,0.204486683011055],[-0.037150878459215164,0.05681421607732773,-0.27224501967430115,-0.01726980321109295,-0.366605669260025,0.24253009259700775,0.08090008795261383,-0.3565227687358856,0.270768940448761,-0.07070977240800858],[-0.12229066342115402,-0.09204548597335815,0.07171301543712616,0.38777050375938416,-0.016497261822223663,-0.04302208870649338,-0.34794509410858154,-0.021164024248719215,0.09475351870059967,0.00847234483808279],[0.05899565666913986,0.20929871499538422,-0.34891530871391296,-0.18218159675598145,0.11436840891838074,-0.05027259886264801,-0.11197108775377274,-0.34940770268440247,-0.3703509271144867,0.2631293535232544],[0.2287583351135254,0.17899444699287415,0.16643086075782776,-0.01666487380862236,0.11174178123474121,-0.09967876225709915,0.1352333128452301,0.27342671155929565,0.10113722831010818,-0.1632501780986786],[0.06705611944198608,0.11043218523263931,-0.0819530263543129,-0.05538521334528923,-0.09519579261541367,-0.1169426441192627,-0.3903537392616272,0.38473382592201233,0.2055893987417221,0.011960506439208984],[0.0638108029961586,0.10860664397478104,-0.3377951681613922,0.26664888858795166,0.018053799867630005,0.18139499425888062,-0.015625057741999626,0.17975737154483795,0.23985983431339264,-0.26156070828437805],[-0.11721251159906387,-0.25819724798202515,-0.07988031208515167,0.41995111107826233,-0.21478986740112305,-0.018006697297096252,-0.07765649259090424,-0.12800602614879608,0.21680347621440887,0.3980131447315216],[0.02629195526242256,0.14670111238956451,0.21048429608345032,0.3089376389980316,0.23341678082942963,0.3818053901195526,0.11114560067653656,0.1262606382369995,-0.2020590603351593,-0.20855340361595154],[-0.03036767803132534,0.10445583611726761,-0.14181993901729584,