{"params":{"desired_samples":16000,"window_size_samples":480,"window_stride_samples":160,"spectrogram_length":98,"fingerprint_width":40,"fingerprint_size":3920,"label_count":4,"sample_rate":16000,"preprocess":"mfcc","average_window_width":-1,"in_repeat":1,"data_url":"https:\/\/storage.googleapis.com\/download.tensorflow.org\/data\/speech_commands_v0.02.tar.gz","data_dir":"tmp\/speech_dataset\/","background_volume":0.1,"background_frequency":0.8,"silence_percentage":10.0,"unknown_percentage":10.0,"time_shift_ms":100.0,"seed":0,"testing_percentage":10,"validation_percentage":10,"clip_duration_ms":1000,"window_size_ms":30.0,"window_stride_ms":10.0,"feature_bin_count":40,"how_many_training_steps":"5,5","eval_step_interval":5,"learning_rate":"0.001,0.0001","batch_size":1,"summaries_dir":"results\/retrain_logs","wanted_words":"yes,no","train_dir":"results\/speech_commands_train","save_step_interval":1000,"start_checkpoint":"","model_architecture":"lsnn","check_nans":false,"quantize":false,"n_hidden":10,"n_layer":1,"dropout_prob":0.0,"print_every":10,"reg":0.001,"n_lif_frac":0.0,"beta":2.0,"tau_adaptation":98,"comment":"","n_thr_spikes":-1,"dampening_factor":0.3,"dt":1.0,"thr":0.01,"thr_min":0.005,"tau":20.0,"refr":2,"n_delay":0,"random_eprop":false,"eprop":false,"avg_spikes":true,"lipschitzness_loss":"kl","beta_lipschitzness":10.0,"step_size_lipschitzness":0.1,"num_steps_lipschitzness":10,"epsilon_lipschitzness":0.01,"use_epsilon_ball":true,"verbosity":20,"optimizer":"adam"},"rng_key":[430256779,3169208126],"theta":{"W_in":[[-0.32234641909599304,-0.04141268506646156,0.12302005290985107,-0.01688341423869133,-0.340099960565567,0.2231527417898178,0.04963439702987671,-0.22963404655456543,-0.07953476905822754,0.06615802645683289],[-0.23874714970588684,0.2776600420475006,-0.09483591467142105,-0.40180981159210205,0.00925343669950962,-0.07147863507270813,0.08274835348129272,-0.19123885035514832,0.22537113726139069,-0.13692665100097656],[0.15604035556316376,-0.09761480987071991,-0.23775716125965118,-0.0006570843397639692,-0.227488175034523,0.17935746908187866,0.22973981499671936,-0.381544828414917,0.16880862414836884,-0.07987123727798462],[-0.3403993844985962,-0.07722095400094986,-0.13169042766094208,-0.37870529294013977,-0.010321914218366146,0.07612019777297974,-0.09960801899433136,-0.22275766730308533,0.3034776747226715,0.04359244182705879],[-0.20816560089588165,0.22450052201747894,-0.2463170737028122,0.13725097477436066,-0.22827917337417603,0.13760457932949066,0.037208229303359985,0.07868605852127075,0.09366083890199661,0.006959893740713596],[-0.28866106271743774,0.374022901058197,0.10386591404676437,-0.15446601808071136,0.061176057904958725,0.20906291902065277,-0.27141299843788147,-0.11463136225938797,-0.1830044984817505,0.23874863982200623],[-0.32790160179138184,0.16672973334789276,0.40028372406959534,-0.2631607949733734,0.21571700274944305,0.054471831768751144,0.17167502641677856,0.11943831294775009,-0.02021087147295475,-0.006938889157027006],[0.07015559077262878,0.05221126973628998,-0.04410073161125183,0.14133207499980927,-0.02837684564292431,-0.06225738301873207,-0.10989616811275482,0.05074356123805046,-0.005295807961374521,-0.10243560373783112],[0.1066611111164093,0.2735672891139984,-0.17789901793003082,-0.17706480622291565,0.21825426816940308,0.24679973721504211,-0.15360067784786224,-0.14609333872795105,0.272968590259552,0.050653137266635895],[0.37037691473960876,-0.27330315113067627,-0.2570466697216034,-0.2403704822063446,0.11534682661294937,0.12094047665596008,-0.05984165146946907,0.06388146430253983,0.05281263589859009,-0.29334399104118347],[0.010995961725711823,-0.007444245275110006,-0.28685450553894043,0.3208186626434326,0.06768090277910233,-0.13338389992713928,0.07028304785490036,-0.39318251609802246,0.3044619858264923,0.13596589863300323],[-0.05721788853406906,0.21077075600624084,0.17509838938713074,-0.07956487685441971,-0.16539639234542847,-0.1052563413977623,-0.12350627779960632,-0.3795126676559448,0.208060160279274,-0.02974589169025421],[-0.02180599793791771,0.05794380605220795,-0.4340120553970337,0.15806730091571808,-0.09071110188961029,0.05067041516304016,-0.3410593867301941,0.020413996651768684,0.39024803042411804,-0.16527704894542694],[0.11738042533397675,-0.23855702579021454,-0.24000824987888336,0.0682731419801712,0.1677038073539734,-0.21299448609352112,0.1867731809616089,0.20777146518230438,-0.025112774223089218,-0.07385336607694626],[0.20098817348480225,0.029140597209334373,-0.4243506193161011,-0.2705990970134735,-0.2700835168361664,-0.2775471806526184,-0.052057430148124695,0.02771635726094246,0.07118377089500427,0.34002357721328735],[-0.002957225078716874,0.11384280771017075,0.09938158839941025,0.08287805318832397,0.17256315052509308,-0.22079850733280182,0.05766889825463295,0.029972121119499207,0.408270001411438,-0.010149120353162289],[-0.018484624102711678,-0.052693694829940796,-0.039509836584329605,-0.12253636121749878,-0.2416381686925888,0.23092356324195862,0.1016712412238121,-0.2838933765888214,0.3152417838573456,-0.0727076381444931],[0.21141460537910461,0.027539419010281563,-0.04991810396313667,-0.2068004608154297,0.2700205147266388,0.24672701954841614,-0.016589006409049034,0.21338002383708954,-0.13601048290729523,-0.24049930274486542],[-0.06674044579267502,0.038182638585567474,-0.14442285895347595,-0.00166777940467,-0.13654227554798126,-0.039863210171461105,0.36868709325790405,0.25344568490982056,-0.31260648369789124,-0.23480501770973206],[0.014284857548773289,-0.14732997119426727,0.02240806072950363,0.030269961804151535,-0.29408422112464905,0.2002485990524292,0.2713657021522522,-0.27937689423561096,-0.1522081047296524,0.38244888186454773],[0.003027307568117976,-0.1667594462633133,0.21772430837154388,0.10244742780923843,0.20126645267009735,-0.23439887166023254,0.22473838925361633,0.017252393066883087,-0.3286888301372528,0.19450721144676208],[-0.005489434581249952,0.1918337494134903,-0.08376603573560715,-0.32753604650497437,-0.05342859774827957,0.3955228924751282,0.07089722901582718,0.24453924596309662,-0.09625303000211716,0.2044353187084198],[-0.34008318185806274,-0.2044391632080078,0.03377849608659744,-0.014622869901359081,-0.37752729654312134,-0.2032613307237625,-0.1408974975347519,0.023482073098421097,-0.03813077509403229,-0.14960342645645142],[-0.054111581295728683,-0.13158361613750458,-0.0005563856102526188,-0.26113399863243103,0.03710846230387688,-0.21978534758090973,0.0019343362655490637,0.2087705433368683,0.14117546379566193,0.07857245951890945],[-0.21821586787700653,-0.30349475145339966,-0.019791511818766594,0.3601667881011963,-0.07383664697408676,-0.09980633854866028,0.2942396402359009,-0.18865221738815308,0.32052990794181824,0.3975561261177063],[0.34158504009246826,0.11732485145330429,0.41983869671821594,-0.2948186993598938,-0.022146359086036682,0.22923550009727478,-0.24936245381832123,-0.020863445475697517,-0.1173098087310791,0.2457353174686432],[-0.36114245653152466,0.1674560159444809,-0.10904236882925034,-0.048720285296440125,-0.11416561901569366,0.09178406000137329,-0.45438340306282043,-0.1196027621626854,-0.15483561158180237,-0.07021311670541763],[-0.1727074533700943,0.014651981182396412,-0.2897954285144806,0.1672634482383728,-0.2539741098880768,0.26939448714256287,-0.13909028470516205,-0.10512977093458176,0.06773722171783447,0.08215537667274475],[-0.17406155169010162,0.16867129504680634,-0.1316036432981491,-0.04121800884604454,0.3008788228034973,-0.08350449055433273,-0.4083550274372101,-0.34799230098724365,0.0138150779530406,-0.06053191423416138],[-0.09353020042181015,-0.20362414419651031,-0.17449213564395905,-0.024093588814139366,-0.004819816444069147,-0.1454121470451355,0.03747466579079628,0.17961353063583374,-0.11146403849124908,0.06445349007844925],[-0.18182781338691711,0.1671515256166458,0.024156926199793816,0.1814367026090622,-0.14485760033130646,-0.35780957341194153,-0.0025256506633013487,-0.2782771587371826,-0.02150324359536171,-0.10691925883293152],[0.08842433243989944,-0.22880233824253082,