{"params":{"desired_samples":16000,"window_size_samples":480,"window_stride_samples":160,"spectrogram_length":98,"fingerprint_width":40,"fingerprint_size":3920,"label_count":4,"sample_rate":16000,"preprocess":"mfcc","average_window_width":-1,"in_repeat":1,"data_url":"https:\/\/storage.googleapis.com\/download.tensorflow.org\/data\/speech_commands_v0.02.tar.gz","data_dir":"tmp\/speech_dataset\/","background_volume":0.1,"background_frequency":0.8,"silence_percentage":10.0,"unknown_percentage":10.0,"time_shift_ms":100.0,"seed":8,"testing_percentage":10,"validation_percentage":10,"clip_duration_ms":1000,"window_size_ms":30.0,"window_stride_ms":10.0,"feature_bin_count":40,"how_many_training_steps":"5,5","eval_step_interval":5,"learning_rate":"0.001,0.0001","batch_size":1,"summaries_dir":"results\/retrain_logs","wanted_words":"yes,no","train_dir":"results\/speech_commands_train","save_step_interval":1000,"start_checkpoint":"","model_architecture":"lsnn","check_nans":false,"quantize":false,"n_hidden":10,"n_layer":1,"dropout_prob":0.0,"print_every":10,"reg":0.001,"n_lif_frac":0.0,"beta":2.0,"tau_adaptation":98,"comment":"","n_thr_spikes":-1,"dampening_factor":0.3,"dt":1.0,"thr":0.01,"thr_min":0.005,"tau":20.0,"refr":2,"n_delay":0,"random_eprop":false,"eprop":false,"avg_spikes":true,"lipschitzness_loss":"kl","beta_lipschitzness":1.0,"step_size_lipschitzness":0.1,"num_steps_lipschitzness":10,"epsilon_lipschitzness":0.01,"use_epsilon_ball":true,"verbosity":20,"optimizer":"adam"},"rng_key":[28457226,2692427827],"theta":{"W_in":[[-0.1353275179862976,-0.0960402637720108,-0.2694545090198517,-0.02263565920293331,0.2870340943336487,-0.01862231269478798,0.3917323648929596,-0.06781197339296341,0.2653752267360687,0.03664572536945343],[-0.09892753511667252,-0.0010736252879723907,0.1947222352027893,-0.14239557087421417,0.14327186346054077,-0.21208104491233826,0.0036621075123548508,-0.36779481172561646,0.14967140555381775,-0.3770736753940582],[-0.0448811836540699,-0.24257643520832062,0.1252160668373108,0.22561773657798767,-0.11982793360948563,0.08500973135232925,0.3347976803779602,-0.25202471017837524,0.22339512407779694,-0.20245593786239624],[-0.20363092422485352,0.040882501751184464,0.02716829814016819,0.34737518429756165,-0.18357940018177032,0.009057396091520786,-0.25351083278656006,0.034317389130592346,-0.24333620071411133,0.08492328971624374],[0.27789437770843506,0.2096768021583557,0.14352478086948395,-0.19635429978370667,0.004209860693663359,-0.11430434882640839,0.2163795828819275,-0.16949445009231567,-0.16411970555782318,0.37094762921333313],[-0.18771019577980042,0.00030324020190164447,-0.05941646918654442,-0.2750642001628876,-0.0010688818292692304,-0.1530751883983612,0.3346816301345825,-0.016611915081739426,0.0033741684164851904,-0.0010091639123857021],[0.148954376578331,-0.05404377356171608,-0.1914219856262207,-0.18709008395671844,0.17905224859714508,-0.3113020360469818,-0.34744516015052795,-0.3596848249435425,0.25071820616722107,0.17296184599399567],[-0.06900247931480408,-0.28097936511039734,-0.008345633745193481,-0.27344653010368347,0.06565859913825989,0.050251830369234085,-0.29717451333999634,0.061008013784885406,-0.356386661529541,0.03750042989850044],[-0.02369501255452633,0.17751894891262054,0.2939097285270691,0.0807887390255928,0.17487989366054535,-0.10773452371358871,-0.0594167597591877,-0.08318685740232468,-0.1719209849834442,0.13760851323604584],[0.36867764592170715,-0.034010905772447586,0.3101707994937897,0.07346990704536438,0.053640469908714294,-0.2054828703403473,-0.15865254402160645,-0.1797787994146347,-0.16066956520080566,-0.13842381536960602],[0.3481696844100952,-0.037339236587285995,-0.24635176360607147,-0.30107617378234863,0.27429521083831787,0.09072978794574738,-0.2938691973686218,-0.3329939544200897,-0.27281513810157776,0.3036459982395172],[-0.17024625837802887,-0.11394816637039185,0.04487656429409981,-0.14646495878696442,-0.046915654093027115,0.3784022331237793,-0.1450960338115692,0.04250418394804001,0.0030861967243254185,-0.027306249365210533],[-0.2257273644208908,0.1319774091243744,0.08992336690425873,-0.10018905252218246,0.16816794872283936,0.02709793671965599,-0.07701662182807922,0.25985267758369446,0.11952212452888489,-0.11662154644727707],[-0.1800989806652069,0.18063168227672577,0.19904038310050964,-0.07734671980142593,0.020006416365504265,0.07194395363330841,-0.056643396615982056,-0.3425200879573822,0.21543876826763153,-0.33480319380760193],[0.05237791687250137,0.06815674901008606,-0.09085195511579514,0.12195584177970886,-0.1076212003827095,0.3895350694656372,0.013356299139559269,0.05902339518070221,-0.15843917429447174,-0.21892103552818298],[-0.3101380169391632,0.16190427541732788,0.022178975865244865,0.22381585836410522,0.15707266330718994,0.24545763432979584,0.07271803170442581,0.11866002529859543,-0.26026442646980286,0.15630054473876953],[0.25352928042411804,0.21700124442577362,-0.08932667970657349,-0.04919440671801567,-0.027569614350795746,-0.07540321350097656,-0.2895054817199707,-0.1442691534757614,-0.10530490428209305,0.32946890592575073],[-0.19100826978683472,0.11090580374002457,0.11250248551368713,-0.1267389953136444,0.03889800235629082,-0.07115189731121063,-0.13609591126441956,-0.31987783312797546,-0.22397007048130035,-0.28169530630111694],[-0.10509635508060455,-0.034841008484363556,-0.29747462272644043,0.09081387519836426,0.0827193483710289,-0.32708290219306946,-0.10873912274837494,0.21412742137908936,-0.01932460255920887,0.2110348492860794],[-0.030824758112430573,0.14107757806777954,0.11760034412145615,0.22933027148246765,0.08889451622962952,-0.06134255602955818,0.15031786262989044,0.03190729022026062,-0.4063357710838318,-0.16211727261543274],[-0.29977238178253174,-0.41545039415359497,0.10884960740804672,0.2644294798374176,0.022568246349692345,0.07618854939937592,0.3794363737106323,-0.1483672857284546,0.17576554417610168,-0.0966528132557869],[0.11621533334255219,-0.22672732174396515,-0.12228822708129883,0.16777239739894867,-0.10616589337587357,0.051318321377038956,-0.11222777515649796,0.11415601521730423,-0.17227864265441895,-0.2768753170967102],[0.0025057890452444553,0.20658841729164124,0.2199995070695877,0.09533936530351639,-0.35664087533950806,0.0014499215176329017,0.26777803897857666,-0.12864255905151367,0.1610039472579956,0.20446737110614777],[-0.03713829070329666,0.05682854726910591,-0.27221131324768066,-0.017261996865272522,-0.3666055500507355,0.2425364851951599,0.0809025838971138,-0.35638904571533203,0.270768940448761,-0.07066626846790314],[-0.12228525429964066,-0.09201544523239136,0.0717671811580658,0.387805700302124,-0.016497645527124405,-0.04299252852797508,-0.34795892238616943,-0.02117021009325981,0.09475355595350266,0.008456623181700706],[0.05897346884012222,0.2092982530593872,-0.3488271236419678,-0.1822393238544464,0.1143677830696106,-0.050243061035871506,-0.11197022348642349,-0.3494085967540741,-0.3703509271144867,0.2631283402442932],[0.228770911693573,0.1786966472864151,0.1663573682308197,-0.016685612499713898,0.11174149066209793,-0.09967084974050522,0.13522644340991974,0.27342772483825684,0.10113722831010818,-0.1632678359746933],[0.06705506145954132,0.11042212694883347,-0.08195964246988297,-0.05556024610996246,-0.09519603848457336,-0.11692562699317932,-0.39036017656326294,0.3845084309577942,0.2055893987417221,0.011922743171453476],[0.0637793317437172,0.1086806207895279,-0.3377956449985504,0.2666829228401184,0.01805436611175537,0.1814325898885727,-0.015632256865501404,0.17974118888378143,0.23985983431339264,-0.2615523934364319],[-0.11721129715442657,-0.25814905762672424,-0.07983555644750595,0.41999420523643494,-0.21478904783725739,-0.017989298328757286,-0.07766202837228775,-0.12800687551498413,0.21680346131324768,0.3980066776275635],[0.026299340650439262,0.14679226279258728,0.21046338975429535,0.3089178204536438,0.23341768980026245,0.38182133436203003,0.11112464964389801,0.12624534964561462,-0.2020590752363205,-0.2085476666688919],[-0.030351586639881134,0.1045079231262207,-0.14176158607006073,