{"params":{"desired_samples":16000,"window_size_samples":480,"window_stride_samples":160,"spectrogram_length":98,"fingerprint_width":40,"fingerprint_size":3920,"label_count":4,"sample_rate":16000,"preprocess":"mfcc","average_window_width":-1,"in_repeat":1,"data_url":"https:\/\/storage.googleapis.com\/download.tensorflow.org\/data\/speech_commands_v0.02.tar.gz","data_dir":"tmp\/speech_dataset\/","background_volume":0.1,"background_frequency":0.8,"silence_percentage":10.0,"unknown_percentage":10.0,"time_shift_ms":100.0,"seed":0,"testing_percentage":10,"validation_percentage":10,"clip_duration_ms":1000,"window_size_ms":30.0,"window_stride_ms":10.0,"feature_bin_count":40,"how_many_training_steps":"5,5","eval_step_interval":5,"learning_rate":"0.001,0.0001","batch_size":1,"summaries_dir":"results\/retrain_logs","wanted_words":"yes,no","train_dir":"results\/speech_commands_train","save_step_interval":1000,"start_checkpoint":"","model_architecture":"lsnn","check_nans":false,"quantize":false,"n_hidden":10,"n_layer":1,"dropout_prob":0.0,"print_every":10,"reg":0.001,"n_lif_frac":0.0,"beta":2.0,"tau_adaptation":98,"comment":"","n_thr_spikes":-1,"dampening_factor":0.3,"dt":1.0,"thr":0.01,"thr_min":0.005,"tau":20.0,"refr":2,"n_delay":0,"random_eprop":false,"eprop":false,"avg_spikes":true,"lipschitzness_loss":"kl","beta_lipschitzness":0.01,"step_size_lipschitzness":0.1,"num_steps_lipschitzness":10,"epsilon_lipschitzness":0.01,"use_epsilon_ball":true,"verbosity":20,"optimizer":"adam"},"rng_key":[430256779,3169208126],"theta":{"W_in":[[-0.3269025981426239,-0.04161340370774269,0.12060749530792236,-0.01705046184360981,-0.34023019671440125,0.22315269708633423,0.049608826637268066,-0.22983714938163757,-0.0796065628528595,0.06615801900625229],[-0.2352987825870514,0.2775622606277466,-0.09724839776754379,-0.4018649756908417,0.009318687953054905,-0.06907255202531815,0.08273182809352875,-0.19131630659103394,0.2252185344696045,-0.13692666590213776],[0.15986303985118866,-0.0973033607006073,-0.23534728586673737,-0.00044355279533192515,-0.22749923169612885,0.17935751378536224,0.22978153824806213,-0.381245881319046,0.16922955214977264,-0.07987122982740402],[-0.34409859776496887,-0.07680927962064743,-0.134099543094635,-0.3785393536090851,-0.010261447168886662,0.07612001150846481,-0.09962359070777893,-0.2227497547864914,0.3035565912723541,0.043592438101768494],[-0.21225124597549438,0.22482919692993164,-0.24631741642951965,0.13712097704410553,-0.22832289338111877,0.13760456442832947,0.035923853516578674,0.07847676426172256,0.09318016469478607,0.006959889084100723],[-0.28450244665145874,0.3742232620716095,0.10145599395036697,-0.15438881516456604,0.06159175559878349,0.20906318724155426,-0.2714225947856903,-0.11433093249797821,-0.18288902938365936,0.23874904215335846],[-0.3242095708847046,0.16713884472846985,0.40028542280197144,-0.2630942761898041,0.21575970947742462,0.054472651332616806,0.17174570262432098,0.11947818845510483,-0.019749891012907028,-0.006938863079994917],[0.06605637073516846,0.0522332526743412,-0.044100675731897354,0.14140388369560242,-0.028420990332961082,-0.06225759536027908,-0.10993847250938416,0.05079738795757294,-0.007022144738584757,-0.10243560373783112],[0.10309950262308121,0.27308157086372375,-0.17789846658706665,-0.17705665528774261,0.21816065907478333,0.2467997670173645,-0.154878631234169,-0.14602065086364746,0.2724984884262085,0.05065333470702171],[0.36666953563690186,-0.27331340312957764,-0.25704675912857056,-0.24039646983146667,0.11521457880735397,0.12094072997570038,-0.060354504734277725,0.0638151615858078,0.05292951315641403,-0.2933439612388611],[0.01481584832072258,-0.007324852515012026,-0.28685420751571655,0.32082656025886536,0.06768500059843063,-0.13338331878185272,0.07033737003803253,-0.3928300738334656,0.3045666515827179,0.13596591353416443],[-0.053639523684978485,0.21104106307029724,0.17750900983810425,-0.07955965399742126,-0.1654847264289856,-0.1028592437505722,-0.1234591007232666,-0.37937048077583313,0.207998588681221,-0.02974587120115757],[-0.0172022245824337,0.05768277868628502,-0.4316096305847168,0.1578858643770218,-0.09054527431726456,0.050670523196458817,-0.3410254418849945,0.02037942223250866,0.39034414291381836,-0.16527698934078217],[0.11347880214452744,-0.2389715164899826,-0.2424173355102539,0.06816962361335754,0.16761519014835358,-0.2129945009946823,0.1854589283466339,0.20771382749080658,-0.02513827569782734,-0.07385347038507462],[0.19744907319545746,0.029002541676163673,-0.4243521988391876,-0.2705337107181549,-0.27012091875076294,-0.2775474190711975,-0.05202388018369675,0.02774185687303543,0.07121521234512329,0.34002357721328735],[0.0012003161245957017,0.11374066770076752,0.09937842935323715,0.0829552710056305,0.17236818373203278,-0.22081401944160461,0.05764623358845711,0.030177820473909378,0.40844228863716125,-0.01014910452067852],[-0.02270366996526718,-0.0528956763446331,-0.03951001912355423,-0.12268396466970444,-0.24221046268939972,0.22852124273777008,0.10166327655315399,-0.28417959809303284,0.31512418389320374,-0.0727076455950737],[0.215452179312706,0.0275458674877882,-0.047509051859378815,-0.2067844122648239,0.2700764238834381,0.2467271387577057,-0.016516374424099922,0.21366362273693085,-0.13586381077766418,-0.24049924314022064],[-0.07055362313985825,0.03869449347257614,-0.1420145183801651,-0.0017687567742541432,-0.13666728138923645,-0.03986302763223648,0.36878618597984314,0.25352799892425537,-0.3127187490463257,-0.23480500280857086],[0.017911244183778763,-0.14697380363941193,0.02240825444459915,0.030705327168107033,-0.29407021403312683,0.2002488374710083,0.27133044600486755,-0.27949634194374084,-0.1519736349582672,0.38244888186454773],[0.006588192190974951,-0.1663740873336792,0.21772466599941254,0.10257557779550552,0.20130878686904907,-0.23439869284629822,0.224820077419281,0.017263147979974747,-0.3286167085170746,0.19450722634792328],[-0.0017775915330275893,0.19163605570793152,-0.08376584202051163,-0.32767054438591003,-0.053340423852205276,0.3955230116844177,0.07130566984415054,0.24469693005084991,-0.09428965300321579,0.204435333609581],[-0.34360337257385254,-0.20452310144901276,0.03377930074930191,-0.014738422818481922,-0.3777686357498169,-0.20326124131679535,-0.1408851146697998,0.02344418503344059,-0.03820536658167839,-0.14960336685180664],[-0.049568865448236465,-0.13113388419151306,-0.0005574849783442914,-0.26093870401382446,0.037046078592538834,-0.21978522837162018,0.0019154882756993175,0.20869086682796478,0.14115233719348907,0.07857246696949005],[-0.2168302983045578,-0.30324530601501465,-0.019789567217230797,0.359907865524292,-0.07371846586465836,-0.09980621933937073,0.29423850774765015,-0.1888849288225174,0.32042667269706726,0.3975561559200287],[0.3449988067150116,0.11752964556217194,0.41983941197395325,-0.29503628611564636,-0.021829497069120407,0.22923563420772552,-0.2493293136358261,-0.020633764564990997,-0.11773718148469925,0.24573533236980438],[-0.3644748330116272,0.16833291947841644,-0.109043650329113,-0.04876534268260002,-0.11430385708808899,0.09178426861763,-0.4543543756008148,-0.11939443647861481,-0.1545899361371994,-0.07021310180425644],[-0.1759435087442398,0.015155873261392117,-0.2897948622703552,0.16713404655456543,-0.25405681133270264,0.26939478516578674,-0.13889721035957336,-0.10488825291395187,0.06771025061607361,0.08215539157390594],[-0.1705566644668579,0.16864243149757385,-0.12922227382659912,-0.04129633679986,0.30097049474716187,-0.0835036188364029,-0.40820273756980896,-0.3474424481391907,0.013883598148822784,-0.06053190678358078],[-0.0969303548336029,-0.203144833445549,-0.17449040710926056,-0.024171339347958565,-0.005021892488002777,-0.14541198313236237,0.03749673813581467,0.17925503849983215,-0.11149587482213974,0.06445349007844925],[-0.18477679789066315,0.16784439980983734,0.026549579575657845,0.18148355185985565,-0.14192558825016022,-0.3578096926212311,-0.0025401716120541096,-0.2782635986804962,-0.02148580178618431,-0.10692943632602692],[0.08875482529401779,-0.22877873480319977,-0.10569582134485245,