{"params":{"desired_samples":16000,"window_size_samples":480,"window_stride_samples":160,"spectrogram_length":98,"fingerprint_width":40,"fingerprint_size":3920,"label_count":4,"sample_rate":16000,"preprocess":"mfcc","average_window_width":-1,"in_repeat":1,"data_url":"https:\/\/storage.googleapis.com\/download.tensorflow.org\/data\/speech_commands_v0.02.tar.gz","data_dir":"tmp\/speech_dataset\/","background_volume":0.1,"background_frequency":0.8,"silence_percentage":10.0,"unknown_percentage":10.0,"time_shift_ms":100.0,"seed":9,"testing_percentage":10,"validation_percentage":10,"clip_duration_ms":1000,"window_size_ms":30.0,"window_stride_ms":10.0,"feature_bin_count":40,"how_many_training_steps":"5,5","eval_step_interval":5,"learning_rate":"0.001,0.0001","batch_size":1,"summaries_dir":"results\/retrain_logs","wanted_words":"yes,no","train_dir":"results\/speech_commands_train","save_step_interval":1000,"start_checkpoint":"","model_architecture":"lsnn","check_nans":false,"quantize":false,"n_hidden":10,"n_layer":1,"dropout_prob":0.0,"print_every":10,"reg":0.001,"n_lif_frac":0.0,"beta":2.0,"tau_adaptation":98,"comment":"","n_thr_spikes":-1,"dampening_factor":0.3,"dt":1.0,"thr":0.01,"thr_min":0.005,"tau":20.0,"refr":2,"n_delay":0,"random_eprop":false,"eprop":false,"avg_spikes":true,"lipschitzness_loss":"kl","beta_lipschitzness":0.01,"step_size_lipschitzness":0.1,"num_steps_lipschitzness":10,"epsilon_lipschitzness":0.01,"use_epsilon_ball":true,"verbosity":20,"optimizer":"adam"},"rng_key":[1942305766,3625937489],"theta":{"W_in":[[0.0768156498670578,-0.00351721397601068,0.2638779580593109,-0.0762786790728569,-0.26993095874786377,-0.008366298861801624,0.28211861848831177,0.2822154462337494,-0.2390405535697937,0.08793456107378006],[0.1687673181295395,0.1899614781141281,0.009647724218666553,-0.14758263528347015,-0.21548502147197723,-0.1256944090127945,-0.14365436136722565,-0.228298157453537,0.10076799988746643,0.03102453425526619],[0.30629509687423706,0.17403270304203033,0.32984647154808044,-0.0037451395764946938,0.3674018383026123,0.01606946438550949,0.10640805214643478,0.21137502789497375,0.39719703793525696,0.11700644344091415],[0.15103797614574432,-0.12659768760204315,0.18054553866386414,-0.028186727315187454,-0.20051538944244385,0.05508418753743172,-0.012644486501812935,-0.3338630199432373,-0.06392529606819153,-0.12170200049877167],[0.2871309816837311,-0.34863391518592834,-0.30317720770835876,-0.19944918155670166,0.3184345066547394,-0.11828561127185822,0.0924270749092102,0.31604212522506714,-0.03837825730443001,-0.14666323363780975],[-0.07824062556028366,0.10984436422586441,0.07304113358259201,0.24063529074192047,0.12672428786754608,-0.21405375003814697,0.18875069916248322,0.1397700309753418,-0.0898735374212265,-0.1086086630821228],[-0.2312636822462082,-0.024053670465946198,-0.29674550890922546,0.030234908685088158,0.18385009467601776,0.037081118673086166,0.05545873939990997,0.36317265033721924,-0.20975133776664734,0.08647521585226059],[0.0005736094317398965,0.2606583535671234,0.08423548191785812,0.049855854362249374,0.3872806131839752,-0.21484476327896118,0.31647974252700806,-0.31519660353660583,0.24215078353881836,0.4529663622379303],[-0.28090140223503113,-0.030815254896879196,-0.07460585236549377,-0.29120251536369324,0.1380564272403717,0.0360758937895298,0.03159205615520477,0.20824413001537323,0.24995151162147522,0.10647384822368622],[-0.11496168375015259,0.16374848783016205,0.16544565558433533,0.0171146672219038,-0.1739564687013626,-0.30036452412605286,0.059366319328546524,0.24981090426445007,0.3454635739326477,-0.24433214962482452],[-0.07335541397333145,-0.0164471548050642,0.12929992377758026,-0.19230709969997406,0.020252976566553116,-0.1467892974615097,-0.04574739933013916,0.15172892808914185,0.15351080894470215,0.19184134900569916],[0.10245263576507568,-0.19572709500789642,-0.08590470999479294,-0.3718991279602051,0.24534249305725098,-0.2816253900527954,-0.409650057554245,0.2000979632139206,-0.2857608199119568,-0.3969942629337311],[0.4547806978225708,0.11638592928647995,0.3365989029407501,-0.07582385838031769,0.38587677478790283,-0.08322747051715851,0.06997784972190857,-0.0026010479778051376,0.14668571949005127,0.15447212755680084],[0.13393999636173248,0.003569812746718526,0.11220288276672363,-0.3002387583255768,0.019947636872529984,0.006895121652632952,0.11539441347122192,-0.09521142393350601,0.056830018758773804,-0.44994688034057617],[0.15538260340690613,0.05381125956773758,0.39123252034187317,0.23491257429122925,0.1444302648305893,-0.07875377684831619,0.07372334599494934,-0.020309818908572197,-0.07573201507329941,0.21103830635547638],[0.10509414225816727,0.06471720337867737,-0.3435913324356079,-0.0930735394358635,-0.04821504279971123,-0.20936092734336853,0.24489589035511017,-0.3024808168411255,-0.009644624777138233,-0.2065725177526474],[0.17821989953517914,0.1661771535873413,0.016093121841549873,0.19512616097927094,0.2478095144033432,0.14272107183933258,0.03796785697340965,-0.12386612594127655,-0.3177070617675781,-0.09612632542848587],[0.046568870544433594,0.41463783383369446,-0.09625493735074997,0.23413071036338806,0.04909176006913185,-0.21766887605190277,0.30444827675819397,-0.07747375220060349,-0.2728513479232788,-0.10897137224674225],[0.05626613274216652,0.13828247785568237,-0.03863042965531349,-0.21628478169441223,0.2974454164505005,-0.2065567672252655,-0.24652878940105438,-0.2417791485786438,0.0041717663407325745,0.019516345113515854],[-0.1483686864376068,-0.004184163175523281,0.24526415765285492,0.2291393131017685,-0.017916791141033173,0.08829407393932343,-0.224041149020195,-0.2425326704978943,0.31636130809783936,0.2367808073759079],[-0.39716529846191406,0.17029018700122833,-0.364107608795166,-0.013559593819081783,0.07577941566705704,-0.1189565509557724,0.3040633499622345,-0.10743403434753418,-0.1905633956193924,-0.10922419279813766],[-0.2655796408653259,0.2301221638917923,0.13529829680919647,-0.007314310409128666,0.04817577823996544,-0.06574635207653046,-0.17918072640895844,0.005921835545450449,-0.015026063658297062,0.00011935016664210707],[0.010957090184092522,0.3710242807865143,-0.0434386245906353,0.044959452003240585,-0.12753750383853912,-0.056674886494874954,-0.13167008757591248,-0.09568090736865997,0.12060490250587463,0.04918905720114708],[0.06160120293498039,-0.10828278958797455,-0.26690077781677246,-0.06547660380601883,-0.148808091878891,-0.06819460541009903,-0.3252846896648407,-0.07112444937229156,0.19122886657714844,-0.18677213788032532],[0.424555242061615,-0.09074932336807251,-0.05344207212328911,-0.25734466314315796,-0.26314571499824524,-0.17624254524707794,-0.09121756255626678,-0.2742370069026947,-0.07494385540485382,-0.077782042324543],[-0.1257263422012329,0.24861778318881989,-0.13655629754066467,-0.14094127714633942,0.022821081802248955,0.07766664028167725,0.06352721154689789,-0.10598696023225784,-0.08541551977396011,-0.18451237678527832],[0.14718329906463623,-0.13005274534225464,0.17663335800170898,0.3270206153392792,0.13301941752433777,0.019555719569325447,0.10615094006061554,-0.40241172909736633,-0.09610386937856674,0.006251872517168522],[-0.1542196124792099,0.1810661107301712,-0.029812464490532875,0.039416585117578506,0.227009579539299,0.08227460086345673,-0.3766603469848633,0.06549905985593796,0.14990319311618805,0.05731416493654251],[0.17727364599704742,-0.011909575201570988,0.13362786173820496,-0.1245940700173378,0.025498300790786743,-0.04211720824241638,0.14741377532482147,-0.021967200562357903,-0.12778107821941376,-0.40224775671958923],[0.36758318543434143,-0.0760606974363327,0.10516626387834549,0.013721025548875332,-0.02594311162829399,-0.45064377784729004,-0.3400162160396576,-0.1771133840084076,0.05997471511363983,-0.039007872343063354],[0.016931330785155296,0.2541388273239136,-0.2517860531806946,-0.058261893689632416,0.40617573261260986,-0.07868398725986481,0.14386941492557526,-0.0012958984589204192,0.1856168657541275,-0.4526927173137665],[-0.3040785789489746,0.0907089114189148,-0.14536027610301971,