{"params":{"desired_samples":16000,"window_size_samples":480,"window_stride_samples":160,"spectrogram_length":98,"fingerprint_width":40,"fingerprint_size":3920,"label_count":4,"sample_rate":16000,"preprocess":"mfcc","average_window_width":-1,"in_repeat":1,"data_url":"https:\/\/storage.googleapis.com\/download.tensorflow.org\/data\/speech_commands_v0.02.tar.gz","data_dir":"tmp\/speech_dataset\/","background_volume":0.1,"background_frequency":0.8,"silence_percentage":10.0,"unknown_percentage":10.0,"time_shift_ms":100.0,"seed":2,"testing_percentage":10,"validation_percentage":10,"clip_duration_ms":1000,"window_size_ms":30.0,"window_stride_ms":10.0,"feature_bin_count":40,"how_many_training_steps":"5,5","eval_step_interval":5,"learning_rate":"0.001,0.0001","batch_size":1,"summaries_dir":"results\/retrain_logs","wanted_words":"yes,no","train_dir":"results\/speech_commands_train","save_step_interval":1000,"start_checkpoint":"","model_architecture":"lsnn","check_nans":false,"quantize":false,"n_hidden":10,"n_layer":1,"dropout_prob":0.0,"print_every":10,"reg":0.001,"n_lif_frac":0.0,"beta":2.0,"tau_adaptation":98,"comment":"","n_thr_spikes":-1,"dampening_factor":0.3,"dt":1.0,"thr":0.01,"thr_min":0.005,"tau":20.0,"refr":2,"n_delay":0,"random_eprop":false,"eprop":false,"avg_spikes":true,"lipschitzness_loss":"kl","beta_lipschitzness":0.001,"step_size_lipschitzness":0.1,"num_steps_lipschitzness":10,"epsilon_lipschitzness":0.01,"use_epsilon_ball":true,"verbosity":20,"optimizer":"adam"},"rng_key":[1768663324,2502910401],"theta":{"W_in":[[0.020076315850019455,0.2584432065486908,-0.17227303981781006,0.29417797923088074,-0.3746202290058136,0.33848312497138977,0.20576322078704834,-0.2093108892440796,-0.1961517035961151,0.2741805613040924],[-0.026293635368347168,-0.3904300928115845,-0.08632835000753403,0.18692439794540405,0.00480610178783536,0.3555867075920105,0.02897767722606659,0.050222765654325485,0.12000545114278793,0.2014797329902649],[0.08074088394641876,0.047573335468769073,-0.0519477017223835,0.14802774786949158,0.029393618926405907,0.2809770405292511,0.29456570744514465,-0.4101392924785614,-0.18360958993434906,-0.37739139795303345],[-0.238694429397583,0.16978153586387634,0.4346451461315155,-0.22030410170555115,0.1099141463637352,-0.10750345885753632,0.17143161594867706,0.16705170273780823,-0.08792214095592499,-0.09693320095539093],[-0.12125077843666077,0.12066134810447693,-0.007790707051753998,0.3733001947402954,0.21383588016033173,-0.1682559996843338,-0.11723017692565918,-0.4239027500152588,0.2155849188566208,-0.1937558352947235],[-0.28382107615470886,0.23012585937976837,0.037578027695417404,-0.16997313499450684,-0.05250241607427597,-0.36583948135375977,0.3198796808719635,-0.09176167100667953,0.0000578565159230493,-0.09887751936912537],[-0.1690271496772766,0.4129912257194519,-0.3055868446826935,0.2092786580324173,-0.33464735746383667,0.033007752150297165,-0.2947629690170288,-0.0083653274923563,0.16945353150367737,-0.11711645871400833],[0.036203015595674515,-0.19766581058502197,-0.1262470930814743,0.22731216251850128,0.2335309535264969,0.138778954744339,0.011422042734920979,-0.06818678975105286,-0.10344745218753815,0.10074378550052643],[0.11626944690942764,0.18076379597187042,-0.1973242461681366,-0.14984361827373505,-0.2614659070968628,0.030839087441563606,-0.09179633110761642,-0.11315732449293137,0.10439510643482208,-0.2699223458766937],[-0.427900105714798,-0.17839057743549347,-0.25567811727523804,-0.30208620429039,-0.25798869132995605,0.019700661301612854,0.3049677908420563,-0.08428682386875153,-0.21067476272583008,-0.030512457713484764],[-0.38631898164749146,0.25084251165390015,-0.0957569107413292,-0.01842593215405941,-0.3703543543815613,0.3688177168369293,0.2810947895050049,-0.20750515162944794,0.0711975172162056,0.3455956280231476],[0.07418813556432724,-0.3016488254070282,0.03844073414802551,-0.09639448672533035,-0.0503392331302166,-0.0916685089468956,0.028297578915953636,-0.0972813069820404,0.32843875885009766,-0.1308656930923462],[-0.05670877918601036,-0.23068636655807495,0.1566535085439682,-0.2421286404132843,-0.07662604004144669,-0.1563226580619812,-0.25834307074546814,0.2664126753807068,-0.11062880605459213,-0.0030098911374807358],[0.037139326333999634,-0.07764046639204025,-0.0981239601969719,-0.13876932859420776,0.06613066047430038,-0.04053970053792,-0.15514349937438965,-0.06401792913675308,-0.3013242781162262,-0.13234248757362366],[-0.2782478928565979,0.2931077480316162,-0.04483804106712341,-0.10746070742607117,0.06011224538087845,-0.15650352835655212,-0.06571455299854279,-0.23315617442131042,0.034050170332193375,0.04044727981090546],[0.0223666001111269,-0.06581038981676102,-0.06267020851373672,0.2527253031730652,-0.20166613161563873,-0.4193464517593384,-0.02495860867202282,-0.23990844190120697,-0.25841179490089417,-0.4236109256744385],[0.039314113557338715,0.11777137219905853,0.28089725971221924,0.009736612439155579,-0.1559920459985733,0.09252158552408218,-0.03174271807074547,0.2698846757411957,-0.03137240186333656,-0.07049831748008728],[0.03910775110125542,-0.03457630053162575,0.09489947557449341,0.41548895835876465,-0.1953810602426529,0.16823849081993103,0.015506017953157425,0.07942317426204681,-0.17680183053016663,-0.07979276776313782],[-0.1027095764875412,0.30190032720565796,-0.19587847590446472,-0.14133894443511963,-0.11005490273237228,-0.1555735021829605,0.004480998031795025,-0.4160410761833191,0.2605433464050293,-0.1851734220981598],[0.0543614998459816,0.06744328141212463,-0.12390609085559845,-0.30263009667396545,-0.04904431104660034,-0.1103222519159317,-0.33440515398979187,0.07865224778652191,-0.33174243569374084,-0.1686350703239441],[0.08166590332984924,-0.10148603469133377,0.02148560993373394,-0.1310897171497345,0.22958342730998993,0.19823937118053436,-0.028812695294618607,-0.07312962412834167,0.11402444541454315,-0.0227603018283844],[0.16742746531963348,-0.1029876247048378,-0.0677950456738472,-0.16977770626544952,0.16125021874904633,-0.1442720890045166,0.21580763161182404,0.32385092973709106,0.3550422489643097,-0.2241511195898056],[-0.07811811566352844,-0.056355420500040054,0.27626389265060425,0.31345802545547485,0.021878914907574654,-0.0034346214961260557,-0.049033429473638535,-0.1995159238576889,-0.1427994966506958,0.12940286099910736],[0.11840101331472397,-0.029421377927064896,0.09178034216165543,0.2729908525943756,0.3810381293296814,0.14979247748851776,0.10315000265836716,-0.3290853202342987,0.06501956284046173,-0.006381552666425705],[0.1506137102842331,-0.278802752494812,0.19672080874443054,0.05931255966424942,0.05393732711672783,-0.2549009323120117,-0.01165617723017931,0.15634943544864655,-0.022274920716881752,-0.2481343150138855],[0.007966955192387104,-0.17105597257614136,-0.3407454788684845,0.2936576008796692,0.34211018681526184,-0.11408279836177826,0.17402903735637665,-0.18991875648498535,-0.3358553946018219,-0.09482599049806595],[-0.2886713445186615,0.06632649898529053,0.33911800384521484,-0.14489659667015076,-0.054202012717723846,-0.2237575203180313,-0.13235819339752197,-0.1707199364900589,0.08083675801753998,-0.10085321962833405],[0.1548699289560318,0.13915447890758514,-0.27225399017333984,-0.08911512047052383,-0.15547318756580353,0.29538020491600037,-0.04349136725068092,-0.05684633553028107,-0.20039121806621552,-0.17987065017223358],[0.01521973591297865,-0.28592801094055176,0.3230511546134949,0.2826875150203705,0.2742055356502533,0.11056936532258987,0.12171384692192078,0.10561846196651459,-0.004573360085487366,0.09337199479341507],[0.2370329648256302,-0.04327952861785889,0.314559668302536,-0.14182177186012268,-0.19232618808746338,-0.07788605988025665,0.059538934379816055,-0.07255133986473083,0.0631895661354065,0.2123032510280609],[0.11877650022506714,0.09735531359910965,-0.35266217589378357,-0.3065042197704315,-0.10999583452939987,0.1554211676120758,0.32247281074523926,-0.22164686024188995,0.09951232373714447,0.26624488830566406],[-0.08442159742116928,-0.29052650928497314,-0.3303705155849457,-0.1256265491247177,