{"params":{"desired_samples":16000,"window_size_samples":480,"window_stride_samples":160,"spectrogram_length":98,"fingerprint_width":40,"fingerprint_size":3920,"label_count":4,"sample_rate":16000,"preprocess":"mfcc","average_window_width":-1,"in_repeat":1,"data_url":"https:\/\/storage.googleapis.com\/download.tensorflow.org\/data\/speech_commands_v0.02.tar.gz","data_dir":"tmp\/speech_dataset\/","background_volume":0.1,"background_frequency":0.8,"silence_percentage":10.0,"unknown_percentage":10.0,"time_shift_ms":100.0,"seed":1,"testing_percentage":10,"validation_percentage":10,"clip_duration_ms":1000,"window_size_ms":30.0,"window_stride_ms":10.0,"feature_bin_count":40,"how_many_training_steps":"5,5","eval_step_interval":5,"learning_rate":"0.001,0.0001","batch_size":1,"summaries_dir":"results\/retrain_logs","wanted_words":"yes,no","train_dir":"results\/speech_commands_train","save_step_interval":1000,"start_checkpoint":"","model_architecture":"lsnn","check_nans":false,"quantize":false,"n_hidden":10,"n_layer":1,"dropout_prob":0.0,"print_every":10,"reg":0.001,"n_lif_frac":0.0,"beta":2.0,"tau_adaptation":98,"comment":"","n_thr_spikes":-1,"dampening_factor":0.3,"dt":1.0,"thr":0.01,"thr_min":0.005,"tau":20.0,"refr":2,"n_delay":0,"random_eprop":false,"eprop":false,"avg_spikes":true,"lipschitzness_loss":"kl","beta_lipschitzness":0.001,"step_size_lipschitzness":0.1,"num_steps_lipschitzness":10,"epsilon_lipschitzness":0.01,"use_epsilon_ball":true,"verbosity":20,"optimizer":"adam"},"rng_key":[1765360252,3775483500],"theta":{"W_in":[[0.056272346526384354,-0.18888138234615326,-0.03970492258667946,0.047149766236543655,0.08230556547641754,-0.00008229714876506478,0.03477352857589722,-0.3182574510574341,0.31870150566101074,-0.03445945680141449],[-0.12811574339866638,0.08853243291378021,-0.05730895325541496,0.25014838576316833,0.1981886774301529,0.16313986480236053,0.15784583985805511,-0.13579389452934265,0.1529534012079239,-0.19834506511688232],[0.3790040612220764,0.00834733061492443,0.2051764726638794,-0.18432310223579407,-0.07743952423334122,0.12193892896175385,0.3555423319339752,-0.17971667647361755,0.04642157629132271,-0.3091738820075989],[-0.06387394666671753,-0.12489224970340729,0.1235630214214325,0.08567360788583755,-0.027410103008151054,-0.05790054425597191,0.28119105100631714,0.06532372534275055,0.08404495567083359,-0.1790648251771927],[0.16572532057762146,0.17833711206912994,-0.11223240941762924,0.08152778446674347,-0.2882065773010254,-0.17522409558296204,-0.29661598801612854,-0.0829550176858902,0.011073197238147259,0.15548492968082428],[-0.4352215826511383,-0.12792496383190155,-0.3196938931941986,0.3266763687133789,0.0720686987042427,-0.13754932582378387,-0.14197967946529388,-0.33022287487983704,0.1731044203042984,0.12331104278564453],[-0.055872417986392975,-0.03265088424086571,0.15414704382419586,-0.29950088262557983,0.3456026315689087,0.146700918674469,0.12154451757669449,-0.06279660016298294,0.12507224082946777,0.1758928894996643],[0.12466578930616379,-0.02961069345474243,0.24985691905021667,-0.3199441432952881,-0.21155501902103424,-0.303337424993515,-0.39167171716690063,-0.19734273850917816,-0.20177346467971802,-0.058766718953847885],[-0.07532616704702377,-0.05219121649861336,0.04620745778083801,-0.3554106652736664,-0.24204391241073608,0.006829199381172657,-0.07573510706424713,-0.0942612960934639,-0.1746251881122589,0.43183469772338867],[-0.18224802613258362,0.007649664767086506,-0.40737617015838623,-0.1719856858253479,0.2218443602323532,-0.09595925360918045,-0.10690271109342575,0.41211751103401184,-0.014242949895560741,0.29605841636657715],[0.33791419863700867,-0.15810972452163696,0.2695748507976532,-0.10561562329530716,0.3827228546142578,0.30820518732070923,0.20354385673999786,-0.17154107987880707,0.07417362183332443,-0.29910463094711304],[0.12597115337848663,-0.024243321269750595,-0.14041051268577576,0.18649528920650482,0.02559633180499077,0.03257923573255539,0.0347435399889946,-0.04337663576006889,0.10041490942239761,0.23860906064510345],[-0.07331159710884094,0.0033103865571320057,0.1418367475271225,0.028648536652326584,0.3192497193813324,0.007726848125457764,0.10562628507614136,-0.043836306780576706,0.13934999704360962,0.13727053999900818],[0.12955692410469055,-0.1660037785768509,-0.29710841178894043,-0.1684042513370514,-0.3563064932823181,-0.0741872489452362,-0.22770759463310242,-0.09048790484666824,0.14968113601207733,-0.08872993290424347],[-0.2064177393913269,0.07038430869579315,-0.14692014455795288,-0.19395697116851807,0.0771317407488823,-0.1334160715341568,-0.18692786991596222,-0.16100740432739258,0.016722964122891426,0.16838668286800385],[-0.07897070050239563,-0.3983108401298523,0.26339641213417053,0.435780793428421,0.12345455586910248,0.12854211032390594,0.008380481973290443,0.10885491967201233,-0.022249838337302208,-0.057539261877536774],[0.03674305975437164,-0.2033139318227768,-0.007655865512788296,-0.07870642095804214,-0.16813775897026062,0.21246929466724396,0.4409317374229431,-0.25830161571502686,0.10208386182785034,0.15900349617004395],[0.04429690167307854,0.14290489256381989,0.08691473305225372,-0.09900066256523132,0.1463167518377304,-0.046581853181123734,0.016006112098693848,0.3731529116630554,0.28609398007392883,0.07587966322898865],[-0.09010951220989227,0.24701866507530212,0.3942181169986725,0.12758731842041016,-0.26826074719429016,0.2103474736213684,0.36665233969688416,0.029168829321861267,0.10007871687412262,-0.057167842984199524],[-0.23390862345695496,0.05611655116081238,-0.17316289246082306,0.09098424762487411,0.06568992137908936,-0.27826929092407227,0.16269630193710327,0.2444821447134018,0.13829724490642548,0.02964446134865284],[-0.08967182040214539,0.08156003057956696,0.16309818625450134,0.18707586824893951,0.012698814272880554,0.24579179286956787,0.13982224464416504,0.4092915952205658,0.04306391254067421,-0.1572388857603073],[0.43276190757751465,-0.11414913088083267,-0.1621720790863037,0.14524723589420319,0.1649707406759262,0.08193927258253098,-0.010427173227071762,-0.21522743999958038,0.003989814780652523,-0.04489995166659355],[0.3582767844200134,-0.277864009141922,0.06629133969545364,-0.34721100330352783,0.07148582488298416,-0.09873422235250473,-0.12364756315946579,0.23808826506137848,-0.09750454127788544,-0.017215749248862267],[-0.052967365831136703,-0.16335532069206238,-0.03164345398545265,0.007367442362010479,-0.22863982617855072,-0.26101404428482056,-0.1939602494239807,0.20890428125858307,0.19771568477153778,0.13722285628318787],[-0.10886570811271667,-0.07476700097322464,-0.17372944951057434,0.19193419814109802,0.44100090861320496,0.06597209721803665,-0.3222636878490448,0.30493128299713135,-0.023212146013975143,0.22228892147541046],[0.18850718438625336,-0.12069224566221237,0.12918007373809814,0.12629535794258118,-0.018582338467240334,0.27529481053352356,-0.227365642786026,-0.015031545422971249,-0.19220764935016632,-0.05949509143829346],[0.18588022887706757,-0.03635299578309059,-0.40348362922668457,0.19075274467468262,-0.07763257622718811,-0.09382177144289017,-0.2549816966056824,-0.0543377622961998,0.13894009590148926,0.04052672162652016],[-0.4417119324207306,-0.11383487284183502,0.1277400255203247,-0.43824389576911926,0.11773930490016937,0.3148098886013031,0.051191817969083786,0.09952766448259354,0.04523707181215286,-0.052739497274160385],[-0.14326483011245728,0.1950676590204239,-0.29629310965538025,0.1259310096502304,-0.1130545437335968,-0.07291492074728012,-0.22173604369163513,-0.20258234441280365,0.4153525233268738,0.21562406420707703],[0.04729244112968445,-0.09636308997869492,-0.11406584829092026,0.29160282015800476,-0.1389407068490982,-0.05416679382324219,0.14552733302116394,-0.2478133887052536,-0.05505342409014702,-0.32840001583099365],[-0.04034462198615074,-0.046373382210731506,0.10223562270402908,-0.12390287965536118,-0.1734437793493271,0.030765365809202194,-0.06659300625324249,-0.18263906240463257,0.0827743336558342,-0.39758411049842834],[0.19707922637462616,-0.17987549304962158,-0.11693499982357025,