{"params":{"desired_samples":16000,"window_size_samples":480,"window_stride_samples":160,"spectrogram_length":98,"fingerprint_width":40,"fingerprint_size":3920,"label_count":4,"sample_rate":16000,"preprocess":"mfcc","average_window_width":-1,"in_repeat":1,"data_url":"https:\/\/storage.googleapis.com\/download.tensorflow.org\/data\/speech_commands_v0.02.tar.gz","data_dir":"tmp\/speech_dataset\/","background_volume":0.1,"background_frequency":0.8,"silence_percentage":10.0,"unknown_percentage":10.0,"time_shift_ms":100.0,"seed":3,"testing_percentage":10,"validation_percentage":10,"clip_duration_ms":1000,"window_size_ms":30.0,"window_stride_ms":10.0,"feature_bin_count":40,"how_many_training_steps":"5,5","eval_step_interval":5,"learning_rate":"0.001,0.0001","batch_size":1,"summaries_dir":"results\/retrain_logs","wanted_words":"yes,no","train_dir":"results\/speech_commands_train","save_step_interval":1000,"start_checkpoint":"","model_architecture":"lsnn","check_nans":false,"quantize":false,"n_hidden":10,"n_layer":1,"dropout_prob":0.0,"print_every":10,"reg":0.001,"n_lif_frac":0.0,"beta":2.0,"tau_adaptation":98,"comment":"","n_thr_spikes":-1,"dampening_factor":0.3,"dt":1.0,"thr":0.01,"thr_min":0.005,"tau":20.0,"refr":2,"n_delay":0,"random_eprop":false,"eprop":false,"avg_spikes":true,"lipschitzness_loss":"kl","beta_lipschitzness":0.0,"step_size_lipschitzness":0.1,"num_steps_lipschitzness":10,"epsilon_lipschitzness":0.01,"use_epsilon_ball":true,"verbosity":20,"optimizer":"adam"},"rng_key":[726835950,447018280],"theta":{"W_in":[[-0.17890705168247223,0.007433642633259296,-0.3276931047439575,0.21157312393188477,-0.14183351397514343,0.18265116214752197,-0.23525279760360718,0.1623709499835968,-0.03387320041656494,-0.037434421479701996],[-0.09920576214790344,-0.2847985625267029,0.08778678625822067,-0.07105690985918045,0.03794070705771446,0.19713094830513,-0.0433550663292408,0.03576590493321419,0.07050929963588715,-0.4061606824398041],[-0.12916535139083862,0.12108217179775238,0.2370804101228714,0.1955241560935974,-0.3696626126766205,0.08426263928413391,-0.005700234789401293,-0.21784266829490662,0.26168689131736755,0.12194640934467316],[0.07791802287101746,0.10447458922863007,-0.05039976164698601,0.0754254162311554,0.07740931957960129,-0.1284584105014801,0.052544523030519485,-0.07326690107584,0.037149325013160706,-0.10488756746053696],[0.14479000866413116,0.08345945924520493,-0.09321539849042892,0.039865802973508835,0.35741060972213745,0.0008985458989627659,-0.030187785625457764,0.26931190490722656,-0.08303496241569519,0.38707804679870605],[0.19982078671455383,-0.32981911301612854,-0.1640681028366089,-0.21502014994621277,-0.04582030326128006,-0.06296806037425995,-0.08312114328145981,0.3639748692512512,0.37893566489219666,0.05927124619483948],[-0.24240794777870178,0.22553205490112305,-0.12010248750448227,-0.176936075091362,0.33367621898651123,0.3835350573062897,-0.01800941489636898,0.3119792640209198,0.1802392154932022,0.10981570929288864],[0.24030795693397522,0.023189576342701912,-0.12122286856174469,0.05068637803196907,0.24862965941429138,0.032927244901657104,0.007879192009568214,-0.2776622176170349,-0.04968467354774475,-0.43504074215888977],[-0.17481182515621185,0.36015328764915466,-0.13530239462852478,-0.16752628982067108,-0.10745260864496231,0.2564968764781952,-0.024316947907209396,-0.18846213817596436,0.055551715195178986,0.26294222474098206],[0.27564290165901184,-0.09815778583288193,-0.13816575706005096,0.031758278608322144,-0.0760021060705185,-0.39978379011154175,-0.07517237961292267,0.16440793871879578,-0.16964556276798248,-0.15137869119644165],[-0.05520601198077202,-0.08880040794610977,-0.44357535243034363,0.18596084415912628,-0.24089807271957397,0.3302173316478729,-0.045882005244493484,0.19085751473903656,-0.11528722196817398,-0.36892569065093994],[0.000579032872337848,0.03161432594060898,0.3271217346191406,0.24653108417987823,-0.13892047107219696,0.12877698242664337,-0.3551388680934906,0.12205181270837784,-0.3626691699028015,-0.15728606283664703],[-0.10189642757177353,-0.03067229501903057,-0.06173544004559517,-0.1430923342704773,0.0007222039857879281,0.10796342045068741,0.13631542026996613,0.23257780075073242,-0.3229760527610779,0.019077656790614128],[-0.2458946406841278,0.25837790966033936,0.0016941454960033298,-0.001115114544518292,-0.07570908218622208,0.11006690561771393,0.24509447813034058,0.36654338240623474,-0.17996203899383545,0.14096520841121674],[0.042255062609910965,-0.273393452167511,-0.3212214708328247,-0.043711788952350616,-0.23762091994285583,0.18192680180072784,-0.0717056393623352,0.10693557560443878,-0.015720752999186516,0.09502506256103516],[-0.20018841326236725,-0.05323421210050583,0.40005573630332947,-0.05701069161295891,0.3547244071960449,-0.15994636714458466,-0.09271658211946487,0.05741278827190399,-0.17997491359710693,-0.27783989906311035],[-0.3728926181793213,-0.2875409424304962,0.32704880833625793,-0.12806499004364014,0.2569803297519684,0.30145642161369324,0.1452125459909439,0.08446203172206879,-0.0810329020023346,-0.16471301019191742],[0.033914655447006226,0.14696238934993744,0.15087686479091644,-0.330500990152359,0.08731000870466232,0.11595556885004044,-0.09994026273488998,-0.16668109595775604,-0.23604249954223633,0.11441359668970108],[0.01377488300204277,0.09752360731363297,-0.0153742590919137,-0.15826383233070374,0.008997946046292782,-0.20593683421611786,-0.08462343364953995,0.1589442491531372,-0.07336204499006271,-0.07041862607002258],[-0.13941651582717896,-0.030426733195781708,-0.1480301320552826,-0.02023462764918804,0.09974655508995056,-0.4172092378139496,-0.0980728417634964,-0.12079902738332748,0.04897994548082352,-0.20730751752853394],[-0.1042829304933548,0.25918278098106384,0.033337727189064026,-0.3511548638343811,0.09307853132486343,0.0698869526386261,0.022650795057415962,-0.19446654617786407,-0.3017611503601074,-0.1495017260313034],[0.12157364934682846,-0.007284407038241625,-0.2542543411254883,0.13763301074504852,0.15859250724315643,0.4005163609981537,-0.22595392167568207,0.07521749287843704,-0.2869899272918701,0.1868925392627716],[0.1905823051929474,0.08123881369829178,-0.28847768902778625,0.21850286424160004,0.05703747272491455,-0.08666759729385376,0.2708592116832733,0.09783706814050674,0.027306199073791504,-0.004013279918581247],[-0.15633384883403778,-0.3367147743701935,0.3088792860507965,0.06089826300740242,0.2256045639514923,-0.13623298704624176,-0.17659196257591248,0.09371847659349442,0.14170831441879272,0.19674885272979736],[0.03689909353852272,0.2336091697216034,-0.18147020041942596,0.06426992267370224,-0.26126542687416077,0.16125372052192688,0.10070470720529556,-0.10121553391218185,-0.385158509016037,0.3180094361305237],[0.060450874269008636,0.24472881853580475,0.09199611842632294,0.021040355786681175,-0.004039611667394638,-0.15219861268997192,0.01914873532950878,-0.20237068831920624,-0.07528717070817947,-0.2193162441253662],[-0.14339233934879303,0.17244446277618408,0.38972288370132446,0.1440054327249527,-0.34316569566726685,-0.06806202232837677,0.34934374690055847,-0.0596269816160202,0.3291164040565491,-0.34815511107444763],[0.01836276426911354,0.1117149367928505,0.00908609852194786,-0.21840007603168488,-0.2491411715745926,-0.17064519226551056,0.05376367270946503,0.01940157823264599,-0.018008416518568993,0.11547113955020905],[-0.06671690940856934,-0.08073137700557709,0.23874756693840027,0.028913021087646484,-0.04270687326788902,-0.29476895928382874,-0.13755685091018677,-0.09829511493444443,0.19058752059936523,-0.20325340330600739],[0.13889889419078827,0.29397907853126526,0.15196436643600464,-0.022945456206798553,0.34456855058670044,-0.19497869908809662,-0.23919503390789032,0.19150008261203766,0.0691787376999855,-0.36052143573760986],[0.15297134220600128,-0.012960785999894142,0.34962302446365356,-0.11087892204523087,-0.2691352367401123,-0.028338853269815445,-0.2263408601284027,0.03091644123196602,-0.01331231277436018,0.12137164175510406],[-0.029812665656208992,0.07861726731061935,0.02359060011804104,