{"params":{"desired_samples":16000,"window_size_samples":480,"window_stride_samples":160,"spectrogram_length":98,"fingerprint_width":40,"fingerprint_size":3920,"label_count":4,"sample_rate":16000,"preprocess":"mfcc","average_window_width":-1,"in_repeat":1,"data_url":"https:\/\/storage.googleapis.com\/download.tensorflow.org\/data\/speech_commands_v0.02.tar.gz","data_dir":"tmp\/speech_dataset\/","background_volume":0.1,"background_frequency":0.8,"silence_percentage":10.0,"unknown_percentage":10.0,"time_shift_ms":100.0,"seed":9,"testing_percentage":10,"validation_percentage":10,"clip_duration_ms":1000,"window_size_ms":30.0,"window_stride_ms":10.0,"feature_bin_count":40,"how_many_training_steps":"5,5","eval_step_interval":5,"learning_rate":"0.001,0.0001","batch_size":1,"summaries_dir":"results\/retrain_logs","wanted_words":"yes,no","train_dir":"results\/speech_commands_train","save_step_interval":1000,"start_checkpoint":"","model_architecture":"lsnn","check_nans":false,"quantize":false,"n_hidden":10,"n_layer":1,"dropout_prob":0.0,"print_every":10,"reg":0.001,"n_lif_frac":0.0,"beta":2.0,"tau_adaptation":98,"comment":"","n_thr_spikes":-1,"dampening_factor":0.3,"dt":1.0,"thr":0.01,"thr_min":0.005,"tau":20.0,"refr":2,"n_delay":0,"random_eprop":false,"eprop":false,"avg_spikes":true,"lipschitzness_loss":"kl","beta_lipschitzness":0.1,"step_size_lipschitzness":0.1,"num_steps_lipschitzness":10,"epsilon_lipschitzness":0.01,"use_epsilon_ball":true,"verbosity":20,"optimizer":"adam"},"rng_key":[1942305766,3625937489],"theta":{"W_in":[[0.07676786929368973,-0.003507325192913413,0.2643923759460449,-0.07626428455114365,-0.26992547512054443,-0.00835573859512806,0.2844741642475128,0.2822154462337494,-0.23902364075183868,0.08793460577726364],[0.16862671077251434,0.18995970487594604,0.010148067958652973,-0.14757703244686127,-0.2154829353094101,-0.12569734454154968,-0.1436314731836319,-0.228298157453537,0.10077925771474838,0.03102453425526619],[0.3062423765659332,0.17402562499046326,0.3292487561702728,-0.0037527368403971195,0.36739587783813477,0.01605783775448799,0.1064014583826065,0.21137502789497375,0.39718690514564514,0.11700644344091415],[0.15096956491470337,-0.12660744786262512,0.1800311654806137,-0.02819136716425419,-0.20052196085453033,0.055080294609069824,-0.012651225551962852,-0.3338630199432373,-0.06393161416053772,-0.12170200049877167],[0.28723880648612976,-0.348633348941803,-0.3028254210948944,-0.19944915175437927,0.3184371590614319,-0.118265800178051,0.09242906421422958,0.31604212522506714,-0.03837297856807709,-0.14666323363780975],[-0.07841350883245468,0.10983916372060776,0.07288812845945358,0.24062123894691467,0.1267232745885849,-0.2140679806470871,0.1886429637670517,0.1397700309753418,-0.08987614512443542,-0.1086086705327034],[-0.2310567945241928,-0.024056192487478256,-0.29693344235420227,0.03023602068424225,0.18384893238544464,0.03707690164446831,0.055457912385463715,0.36317265033721924,-0.20975252985954285,0.08647521585226059],[0.0006813246291130781,0.2606559693813324,0.08387517929077148,0.04984873905777931,0.3872779309749603,-0.2148481160402298,0.3164744973182678,-0.31519660353660583,0.2421472668647766,0.4529663622379303],[-0.28115829825401306,-0.03081127069890499,-0.07457573711872101,-0.29117971658706665,0.13805654644966125,0.03608350083231926,0.031719937920570374,0.20824413001537323,0.24995681643486023,0.10647383332252502],[-0.11479517072439194,0.16375112533569336,0.16566404700279236,0.017123879864811897,-0.17395421862602234,-0.3003609776496887,0.0593714602291584,0.24981090426445007,0.34546494483947754,-0.24433214962482452],[-0.07294585555791855,-0.01644303649663925,0.129219651222229,-0.19231247901916504,0.020251141861081123,-0.14678820967674255,-0.04564651474356651,0.15172892808914185,0.15350750088691711,0.19184131920337677],[0.10328172147274017,-0.19572807848453522,-0.08558669686317444,-0.371895968914032,0.2453451156616211,-0.2816275954246521,-0.4096428453922272,0.2000979632139206,-0.285746306180954,-0.3969942629337311],[0.45532119274139404,0.11638593673706055,0.3363395929336548,-0.07580973207950592,0.38587459921836853,-0.08322814851999283,0.06996576488018036,-0.0026010479778051376,0.14665699005126953,0.15447212755680084],[0.13409996032714844,0.00356966070830822,0.11199327558279037,-0.30022993683815,0.01994733139872551,0.006896376144140959,0.11538048088550568,-0.09521142393350601,0.05684931203722954,-0.44994688034057617],[0.15456795692443848,0.05381091684103012,0.39144203066825867,0.23491325974464417,0.14443258941173553,-0.07875494658946991,0.07373984903097153,-0.020309818908572197,-0.07574601471424103,0.21103830635547638],[0.10473386198282242,0.06471548229455948,-0.3434990644454956,-0.09307483583688736,-0.04821614548563957,-0.209361270070076,0.24487721920013428,-0.3024808168411255,-0.009609694592654705,-0.2065725177526474],[0.17778483033180237,0.16617363691329956,0.016188159584999084,0.19512170553207397,0.24780890345573425,0.14271466434001923,0.037970155477523804,-0.12386612594127655,-0.31773629784584045,-0.09612632542848587],[0.04630136489868164,0.4146293103694916,-0.09616665542125702,0.2341320663690567,0.04909050464630127,-0.21767862141132355,0.30445098876953125,-0.07747375220060349,-0.2728661000728607,-0.10897136479616165],[0.05659954622387886,0.1382625550031662,-0.03856547549366951,-0.21628479659557343,0.29744869470596313,-0.20656464993953705,-0.24590913951396942,-0.2417791485786438,0.004168395884335041,0.019516348838806152],[-0.1478310078382492,-0.004186540842056274,0.2451348453760147,0.22913306951522827,-0.01791771873831749,0.08827824145555496,-0.22404904663562775,-0.2425326704978943,0.31635576486587524,0.2367808073759079],[-0.3980558216571808,0.170288547873497,-0.36414220929145813,-0.013560771010816097,0.07577695697546005,-0.11896106600761414,0.3043099045753479,-0.10743403434753418,-0.19054792821407318,-0.10922420024871826],[-0.2652624547481537,0.2301284521818161,0.13533319532871246,-0.007311573717743158,0.04817803576588631,-0.06574906408786774,-0.17926758527755737,0.005921835545450449,-0.015019496902823448,0.00011934956273762509],[0.011350229382514954,0.3710193634033203,-0.04341016709804535,0.044958796352148056,-0.1275484263896942,-0.05668679252266884,-0.13161081075668335,-0.09568090736865997,0.12059947848320007,0.04918905720114708],[0.06187031418085098,-0.1082775741815567,-0.26685765385627747,-0.06547582149505615,-0.14880743622779846,-0.06818453967571259,-0.32440316677093506,-0.07112444937229156,0.19123505055904388,-0.18677213788032532],[0.4247511327266693,-0.09074848145246506,-0.05355990678071976,-0.25734713673591614,-0.2631461024284363,-0.17624104022979736,-0.09127477556467056,-0.2742370069026947,-0.07494942843914032,-0.077782042324543],[-0.1255185455083847,0.2486151158809662,-0.13666783273220062,-0.14094577729701996,0.02282058075070381,0.0776643231511116,0.06351551413536072,-0.10598696023225784,-0.08541408181190491,-0.18451237678527832],[0.14760038256645203,-0.13005216419696808,0.17658540606498718,0.3270266354084015,0.1330188661813736,0.019558792933821678,0.1061435118317604,-0.40241172909736633,-0.09609653800725937,0.006251851562410593],[-0.15477335453033447,0.1810653954744339,-0.029714807868003845,0.03941171243786812,0.22701586782932281,0.08228019624948502,-0.3766210377216339,0.06549905985593796,0.14991676807403564,0.05731416866183281],[0.17792555689811707,-0.011914720758795738,0.13364540040493011,-0.12459325045347214,0.025496454909443855,-0.04211607202887535,0.14710551500320435,-0.021967200562357903,-0.12779006361961365,-0.40224772691726685],[0.368105411529541,-0.07606244832277298,0.10515660792589188,0.013723422773182392,-0.025944916531443596,-0.4506426155567169,-0.34150442481040955,-0.1771133840084076,0.05997220799326897,-0.03900787606835365],[0.017421148717403412,0.2541414797306061,-0.25178658962249756,-0.05825153738260269,0.40617555379867554,-0.07867571711540222,0.14462456107139587,-0.0012958984589204192,0.1856204718351364,-0.4526927173137665],[-0.3036903440952301,0.09071272611618042,-0.14525632560253143,-0.2130499929189682,