{"params":{"desired_samples":16000,"window_size_samples":480,"window_stride_samples":160,"spectrogram_length":98,"fingerprint_width":40,"fingerprint_size":3920,"label_count":4,"sample_rate":16000,"preprocess":"mfcc","average_window_width":-1,"in_repeat":1,"data_url":"https:\/\/storage.googleapis.com\/download.tensorflow.org\/data\/speech_commands_v0.02.tar.gz","data_dir":"tmp\/speech_dataset\/","background_volume":0.1,"background_frequency":0.8,"silence_percentage":10.0,"unknown_percentage":10.0,"time_shift_ms":100.0,"seed":1,"testing_percentage":10,"validation_percentage":10,"clip_duration_ms":1000,"window_size_ms":30.0,"window_stride_ms":10.0,"feature_bin_count":40,"how_many_training_steps":"5,5","eval_step_interval":5,"learning_rate":"0.001,0.0001","batch_size":1,"summaries_dir":"results\/retrain_logs","wanted_words":"yes,no","train_dir":"results\/speech_commands_train","save_step_interval":1000,"start_checkpoint":"","model_architecture":"lsnn","check_nans":false,"quantize":false,"n_hidden":10,"n_layer":1,"dropout_prob":0.0,"print_every":10,"reg":0.001,"n_lif_frac":0.0,"beta":2.0,"tau_adaptation":98,"comment":"","n_thr_spikes":-1,"dampening_factor":0.3,"dt":1.0,"thr":0.01,"thr_min":0.005,"tau":20.0,"refr":2,"n_delay":0,"random_eprop":false,"eprop":false,"avg_spikes":true,"lipschitzness_loss":"kl","beta_lipschitzness":0.1,"step_size_lipschitzness":0.1,"num_steps_lipschitzness":10,"epsilon_lipschitzness":0.01,"use_epsilon_ball":true,"verbosity":20,"optimizer":"adam"},"rng_key":[1765360252,3775483500],"theta":{"W_in":[[0.056271858513355255,-0.1888759881258011,-0.03969854488968849,0.04715742543339729,0.0823192223906517,-0.00008183714089682326,0.034774910658597946,-0.31825175881385803,0.31870147585868835,-0.034452665597200394],[-0.128117635846138,0.08853234350681305,-0.057305265218019485,0.2501460015773773,0.1981809139251709,0.16313976049423218,0.15784582495689392,-0.13579218089580536,0.1529534012079239,-0.19834181666374207],[0.3790045380592346,0.008346699178218842,0.2051764577627182,-0.18432356417179108,-0.0774591714143753,0.12193863838911057,0.355540007352829,-0.17971676588058472,0.046421561390161514,-0.3091731071472168],[-0.06387363374233246,-0.12488725781440735,0.12356342375278473,0.08567497879266739,-0.027403902262449265,-0.057900432497262955,0.28119608759880066,0.06532473117113113,0.08404496312141418,-0.1790633201599121],[0.16572459042072296,0.17833665013313293,-0.11223200708627701,0.08152610808610916,-0.2882085144519806,-0.17522351443767548,-0.29661160707473755,-0.08295171707868576,0.011073201894760132,0.15548691153526306],[-0.4352235496044159,-0.12792156636714935,-0.3196897506713867,0.3266807496547699,0.07206424325704575,-0.13754914700984955,-0.14197441935539246,-0.3302202522754669,0.1731044352054596,0.12331180274486542],[-0.0558742880821228,-0.03264840319752693,0.15414772927761078,-0.2994782626628876,0.34561604261398315,0.14670076966285706,0.12154834717512131,-0.06278859823942184,0.12507227063179016,0.17589233815670013],[0.12466384470462799,-0.029619865119457245,0.2498534917831421,-0.31995224952697754,-0.21155618131160736,-0.30333754420280457,-0.3916719853878021,-0.1973487138748169,-0.2017734795808792,-0.05877247825264931],[-0.0753270760178566,-0.05219033360481262,0.04620833694934845,-0.35541462898254395,-0.242049440741539,0.006829172372817993,-0.0757322832942009,-0.09425870329141617,-0.17462517321109772,0.4318356513977051],[-0.182249054312706,0.007657111156731844,-0.40737184882164,-0.17198365926742554,0.2218431681394577,-0.09595932066440582,-0.10689979791641235,0.4121182858943939,-0.014242926612496376,0.29606202244758606],[0.3379135727882385,-0.15811386704444885,0.2695740759372711,-0.10561434924602509,0.3827172815799713,0.3082050085067749,0.2035428136587143,-0.17154280841350555,0.07417359948158264,-0.2991107106208801],[0.12597213685512543,-0.02424496039748192,-0.14041230082511902,0.18649587035179138,0.02559836022555828,0.032579224556684494,0.034750621765851974,-0.0433727502822876,0.10041492432355881,0.238607257604599],[-0.07329541444778442,0.0033089432399719954,0.14183668792247772,0.028648512437939644,0.3192567825317383,0.007726641371846199,0.10562600195407867,-0.0438382662832737,0.1393500566482544,0.13727004826068878],[0.12955686450004578,-0.16600337624549866,-0.29710838198661804,-0.16840314865112305,-0.3563063442707062,-0.07418745756149292,-0.22770260274410248,-0.09048797935247421,0.14968113601207733,-0.08872553706169128],[-0.20641720294952393,0.0703798234462738,-0.14692142605781555,-0.19397024810314178,0.07711313664913177,-0.13341592252254486,-0.1869291067123413,-0.16100949048995972,0.016722913831472397,0.1683824062347412],[-0.07897050678730011,-0.3983074426651001,0.2633953392505646,0.43577656149864197,0.12345723807811737,0.12854252755641937,0.008376915007829666,0.10886197537183762,-0.022249728441238403,-0.05754288285970688],[0.03674263507127762,-0.20331721007823944,-0.007654749788343906,-0.0787062793970108,-0.16813687980175018,0.21246863901615143,0.4409336745738983,-0.2583000361919403,0.10208386182785034,0.15900388360023499],[0.04429643973708153,0.14290733635425568,0.08691871166229248,-0.09900244325399399,0.14631341397762299,-0.04658180847764015,0.01600310392677784,0.3731573522090912,0.28609415888786316,0.07587523758411407],[-0.09011030197143555,0.2470218688249588,0.39422547817230225,0.12759262323379517,-0.2682639956474304,0.21034753322601318,0.3666524887084961,0.029169049113988876,0.10007888078689575,-0.05716929957270622],[-0.23390880227088928,0.05611560493707657,-0.17316320538520813,0.09098266065120697,0.06568282097578049,-0.2782694101333618,0.1626964658498764,0.2444808930158615,0.13829724490642548,0.029645316302776337],[-0.08967319875955582,0.08155959844589233,0.16309790313243866,0.18707554042339325,0.012696907855570316,0.24579192698001862,0.13982248306274414,0.4092920422554016,0.04306387901306152,-0.15724030137062073],[0.4327614903450012,-0.11414927989244461,-0.16217200458049774,0.1452489048242569,0.16493935883045197,0.08193918317556381,-0.01042772363871336,-0.2152257114648819,0.003989714663475752,-0.04490239918231964],[0.35827457904815674,-0.27786532044410706,0.06629286706447601,-0.34721678495407104,0.07148740440607071,-0.09873446077108383,-0.12364735454320908,0.23808687925338745,-0.09750471264123917,-0.01722133345901966],[-0.05296549201011658,-0.16335059702396393,-0.03164083883166313,0.007375423330813646,-0.22864563763141632,-0.2610137164592743,-0.1939602792263031,0.2089037299156189,0.19771543145179749,0.13722561299800873],[-0.10886645317077637,-0.07476411759853363,-0.17372724413871765,0.1919306218624115,0.44099608063697815,0.06597291678190231,-0.3222617506980896,0.30493322014808655,-0.023212077096104622,0.22229430079460144],[0.1885073184967041,-0.12069173902273178,0.12917962670326233,0.1262982189655304,-0.01857936382293701,0.27529504895210266,-0.22736603021621704,-0.015031779184937477,-0.19220764935016632,-0.05949856713414192],[0.18587704002857208,-0.036355167627334595,-0.4034852385520935,0.19074133038520813,-0.07762466371059418,-0.09382164478302002,-0.25497788190841675,-0.054338764399290085,0.13894023001194,0.0405271090567112],[-0.44169357419013977,-0.11383626610040665,0.12773890793323517,-0.43824082612991333,0.11773934215307236,0.31480950117111206,0.05119349807500839,0.09952588379383087,0.045237116515636444,-0.05274130031466484],[-0.14326266944408417,0.19506971538066864,-0.2962954640388489,0.12593215703964233,-0.11297684907913208,-0.07291453331708908,-0.22173258662223816,-0.20258267223834991,0.41535380482673645,0.21562479436397552],[0.0472959540784359,-0.0963650494813919,-0.11406731605529785,0.2915973365306854,-0.13894179463386536,-0.054166607558727264,0.1455276906490326,-0.24781523644924164,-0.055053383111953735,-0.32839435338974],[-0.04034547507762909,-0.046367209404706955,0.10224032402038574,-0.12390143424272537,-0.17343968152999878,0.0307655967772007,-0.0665869489312172,-0.18263393640518188,0.08277440816164017,-0.3975770175457001],[0.1970788836479187,-0.17986688017845154,-0.11693090200424194,0.03244750201702118,