{"params":{"desired_samples":16000,"window_size_samples":480,"window_stride_samples":160,"spectrogram_length":98,"fingerprint_width":40,"fingerprint_size":3920,"label_count":4,"sample_rate":16000,"preprocess":"mfcc","average_window_width":-1,"in_repeat":1,"data_url":"https:\/\/storage.googleapis.com\/download.tensorflow.org\/data\/speech_commands_v0.02.tar.gz","data_dir":"tmp\/speech_dataset\/","background_volume":0.1,"background_frequency":0.8,"silence_percentage":10.0,"unknown_percentage":10.0,"time_shift_ms":100.0,"seed":5,"testing_percentage":10,"validation_percentage":10,"clip_duration_ms":1000,"window_size_ms":30.0,"window_stride_ms":10.0,"feature_bin_count":40,"how_many_training_steps":"5,5","eval_step_interval":5,"learning_rate":"0.001,0.0001","batch_size":1,"summaries_dir":"results\/retrain_logs","wanted_words":"yes,no","train_dir":"results\/speech_commands_train","save_step_interval":1000,"start_checkpoint":"","model_architecture":"lsnn","check_nans":false,"quantize":false,"n_hidden":10,"n_layer":1,"dropout_prob":0.0,"print_every":10,"reg":0.001,"n_lif_frac":0.0,"beta":2.0,"tau_adaptation":98,"comment":"","n_thr_spikes":-1,"dampening_factor":0.3,"dt":1.0,"thr":0.01,"thr_min":0.005,"tau":20.0,"refr":2,"n_delay":0,"random_eprop":false,"eprop":false,"avg_spikes":true,"lipschitzness_loss":"kl","beta_lipschitzness":0.0,"step_size_lipschitzness":0.1,"num_steps_lipschitzness":10,"epsilon_lipschitzness":0.01,"use_epsilon_ball":true,"verbosity":20,"optimizer":"adam"},"rng_key":[1066071499,3092358348],"theta":{"W_in":[[-0.057021595537662506,-0.2754724323749542,0.12020322680473328,-0.2803073227405548,0.2817985415458679,0.01319133397191763,0.03673248365521431,-0.0753592997789383,-0.22174406051635742,-0.4002591073513031],[0.25835326313972473,-0.14325003325939178,-0.2591501474380493,0.03530550003051758,0.011699184775352478,0.10938488692045212,0.16806259751319885,0.0014174050884321332,-0.05227365344762802,-0.02401766926050186],[-0.09857392311096191,-0.10741688311100006,-0.17310187220573425,0.07453738898038864,0.013698939234018326,0.1717265546321869,-0.18653327226638794,0.17513540387153625,-0.302104115486145,0.13698476552963257],[-0.07169314473867416,-0.2623581886291504,-0.07300600409507751,-0.008673006668686867,-0.0002139570569852367,-0.008521371521055698,-0.21619442105293274,0.1639709621667862,0.014806962572038174,0.188340425491333],[0.13720965385437012,0.26940789818763733,0.27890637516975403,0.11790131032466888,-0.24719102680683136,-0.030210254713892937,-0.2637861371040344,-0.3452162444591522,-0.4333378076553345,-0.06486070156097412],[0.284962922334671,-0.40683820843696594,0.13179443776607513,0.10313241183757782,-0.17323356866836548,0.18706466257572174,0.03601297736167908,0.20685607194900513,0.37356817722320557,0.0905977115035057],[0.17700256407260895,-0.0583074577152729,-0.35707899928092957,0.09345166385173798,-0.20046572387218475,0.2575574815273285,0.24952432513237,0.06999553740024567,-0.25551167130470276,-0.27606943249702454],[0.3974701166152954,-0.013539313338696957,-0.06078099086880684,-0.09069443494081497,0.009253228083252907,0.1388070285320282,-0.06284860521554947,-0.29872456192970276,-0.026403924450278282,0.07346348464488983],[0.11302987486124039,0.3019169867038727,-0.3849644064903259,-0.12830129265785217,-0.02363179437816143,0.07605259120464325,0.11704383045434952,-0.07586818188428879,-0.18443411588668823,0.1673658788204193],[0.003249076195061207,-0.1754656583070755,0.21311335265636444,0.07711151987314224,0.1258780062198639,-0.09341729432344437,0.09513115882873535,0.3213949203491211,0.23222172260284424,0.28271666169166565],[-0.03878231719136238,-0.26536887884140015,0.12736259400844574,-0.021687379106879234,0.10842528939247131,-0.17068976163864136,0.14708827435970306,-0.015363333746790886,0.12661145627498627,-0.15665119886398315],[-0.09484551101922989,0.08768201619386673,-0.03697800636291504,-0.30409204959869385,-0.2947697341442108,-0.1469188779592514,0.4170873165130615,0.20236824452877045,-0.073615163564682,0.12376116961240768],[-0.27295032143592834,0.18721036612987518,0.09225274622440338,-0.4238545000553131,0.12161852419376373,-0.437300443649292,0.020901978015899658,0.37521135807037354,0.01380391139537096,0.29302263259887695],[-0.070064477622509,-0.23825325071811676,0.2772415280342102,-0.37334561347961426,0.05352458357810974,-0.13050122559070587,-0.022849805653095245,-0.09555814415216446,-0.1294720619916916,-0.09971853345632553],[-0.1475658118724823,-0.0308661088347435,0.02506115287542343,-0.4236469864845276,0.2300473004579544,0.046895645558834076,0.1912142038345337,0.29693758487701416,0.21066629886627197,-0.07930036634206772],[-0.20973123610019684,0.044544070959091187,0.09602580964565277,-0.12283973395824432,-0.060476332902908325,-0.19365747272968292,0.2576233148574829,-0.2552762031555176,0.29025188088417053,-0.10870102047920227],[0.389519602060318,0.0024789997842162848,-0.22050626575946808,-0.04753206670284271,0.12196046859025955,-0.10812567174434662,-0.31732144951820374,0.08184453845024109,-0.22903458774089813,0.034246426075696945],[0.15435075759887695,0.11141419410705566,0.16422805190086365,0.02425115369260311,0.3046799302101135,0.018244698643684387,-0.20424377918243408,0.1597754806280136,0.05951644107699394,-0.24361157417297363],[-0.025542527437210083,0.13867691159248352,0.04101354628801346,0.2349420189857483,0.09929240494966507,0.3137589693069458,-0.010745472274720669,-0.24766233563423157,0.02303723245859146,0.224161759018898],[0.37225088477134705,0.22801139950752258,0.0770501047372818,0.14399094879627228,0.01505530346184969,0.00766568211838603,-0.10209401696920395,0.1290942281484604,-0.0689413920044899,0.012770223431289196],[-0.06629113852977753,-0.2072044163942337,0.40827977657318115,-0.22555962204933167,-0.15353445708751678,-0.008980776183307171,0.3642946481704712,-0.1420450359582901,-0.3428640365600586,-0.07846986502408981],[0.011012946255505085,-0.3000207841396332,-0.07732369005680084,0.3258107304573059,-0.1538841873407364,0.24793483316898346,-0.32363802194595337,-0.1169111430644989,0.02545386180281639,-0.19336210191249847],[0.3576384484767914,-0.29552727937698364,-0.35831141471862793,-0.09639408439397812,-0.18203416466712952,-0.0021508103236556053,-0.01483722310513258,-0.11968807876110077,-0.30782198905944824,0.05809175223112106],[0.07332596927881241,0.3787936568260193,0.12881945073604584,-0.04422042518854141,0.31728196144104004,0.3649057149887085,0.3291335105895996,-0.0008797779446467757,0.05361797660589218,0.2228582203388214],[-0.1048361137509346,-0.15679596364498138,0.05280715599656105,-0.03199997544288635,0.060958072543144226,0.04840220510959625,0.15847976505756378,-0.25148120522499084,-0.2548596262931824,-0.16479384899139404],[0.37587353587150574,0.403597354888916,0.1033981665968895,-0.0859396681189537,-0.17168420553207397,-0.03430551663041115,0.0283725094050169,-0.07049122452735901,0.06691531836986542,0.1628769487142563],[0.19991597533226013,0.33273711800575256,0.12125612795352936,-0.2109537422657013,0.08445874601602554,-0.04442272335290909,0.12468438595533371,0.0483369342982769,0.14400847256183624,-0.04356710985302925],[-0.11036837846040726,0.14410385489463806,0.07899091392755508,-0.11258400976657867,0.1508304327726364,0.02617667242884636,-0.28656771779060364,-0.03096555918455124,0.019621437415480614,-0.18076422810554504],[0.18004488945007324,0.22016265988349915,0.15751729905605316,-0.2391664832830429,0.2957713305950165,0.25482308864593506,-0.0402011014521122,-0.0215415358543396,-0.30080997943878174,0.2295040786266327],[-0.2111642211675644,0.2709594964981079,0.23604556918144226,0.024668248370289803,0.22691455483436584,-0.14927470684051514,-0.0301203615963459,0.14601178467273712,-0.15092289447784424,0.14816069602966309],[0.3169744610786438,0.21103423833847046,0.075926773250103,-0.11307234317064285,0.10926183313131332,0.3236866295337677,0.33059990406036377,-0.19222672283649445,-0.08695920556783676,0.38497525453567505],[-0.06692633032798767,-0.027086341753602028,0.15864750742912292,0.10563041269779205,0.1962098628282547,