{"params":{"desired_samples":16000,"window_size_samples":480,"window_stride_samples":160,"spectrogram_length":98,"fingerprint_width":40,"fingerprint_size":3920,"label_count":4,"sample_rate":16000,"preprocess":"mfcc","average_window_width":-1,"in_repeat":1,"data_url":"https:\/\/storage.googleapis.com\/download.tensorflow.org\/data\/speech_commands_v0.02.tar.gz","data_dir":"tmp\/speech_dataset\/","background_volume":0.1,"background_frequency":0.8,"silence_percentage":10.0,"unknown_percentage":10.0,"time_shift_ms":100.0,"seed":1,"testing_percentage":10,"validation_percentage":10,"clip_duration_ms":1000,"window_size_ms":30.0,"window_stride_ms":10.0,"feature_bin_count":40,"how_many_training_steps":"5,5","eval_step_interval":5,"learning_rate":"0.001,0.0001","batch_size":1,"summaries_dir":"results\/retrain_logs","wanted_words":"yes,no","train_dir":"results\/speech_commands_train","save_step_interval":1000,"start_checkpoint":"","model_architecture":"lsnn","check_nans":false,"quantize":false,"n_hidden":10,"n_layer":1,"dropout_prob":0.0,"print_every":10,"reg":0.001,"n_lif_frac":0.0,"beta":2.0,"tau_adaptation":98,"comment":"","n_thr_spikes":-1,"dampening_factor":0.3,"dt":1.0,"thr":0.01,"thr_min":0.005,"tau":20.0,"refr":2,"n_delay":0,"random_eprop":false,"eprop":false,"avg_spikes":true,"lipschitzness_loss":"kl","beta_lipschitzness":0.01,"step_size_lipschitzness":0.1,"num_steps_lipschitzness":10,"epsilon_lipschitzness":0.01,"use_epsilon_ball":true,"verbosity":20,"optimizer":"adam"},"rng_key":[1765360252,3775483500],"theta":{"W_in":[[0.056272298097610474,-0.18888090550899506,-0.0397043451666832,0.047150444239377975,0.08230680972337723,-0.00008225559577113017,0.034773651510477066,-0.3182569742202759,0.31870150566101074,-0.03445883467793465],[-0.1281159222126007,0.08853242546319962,-0.0573086217045784,0.2501481771469116,0.1981879621744156,0.16313986480236053,0.15784581005573273,-0.13579373061656952,0.1529534012079239,-0.19834476709365845],[0.3790041208267212,0.008347272872924805,0.2051764726638794,-0.18432311713695526,-0.07744132727384567,0.12193890661001205,0.3555421233177185,-0.17971669137477875,0.04642157629132271,-0.3091738224029541],[-0.06387390941381454,-0.12489178776741028,0.12356305867433548,0.0856737419962883,-0.02740953490138054,-0.05790053680539131,0.28119149804115295,0.06532381474971771,0.08404495567083359,-0.17906469106674194],[0.1657252460718155,0.17833705246448517,-0.11223237961530685,0.08152762800455093,-0.2882067561149597,-0.17522403597831726,-0.2966155707836151,-0.08295471221208572,0.011073197238147259,0.1554850935935974],[-0.43522173166275024,-0.12792465090751648,-0.31969353556632996,0.32667675614356995,0.07206828892230988,-0.1375492960214615,-0.1419791877269745,-0.33022263646125793,0.1731044203042984,0.1233111098408699],[-0.055872589349746704,-0.0326506569981575,0.15414708852767944,-0.2994987666606903,0.3456038534641266,0.1467008888721466,0.12154486775398254,-0.06279587745666504,0.12507225573062897,0.17589282989501953],[0.12466561049222946,-0.029611526057124138,0.2498566061258316,-0.31994491815567017,-0.2115551233291626,-0.303337424993515,-0.39167171716690063,-0.19734328985214233,-0.20177346467971802,-0.05876724421977997],[-0.07532624900341034,-0.05219114199280739,0.04620753228664398,-0.3554110527038574,-0.24204440414905548,0.0068291970528662205,-0.07573485374450684,-0.0942610576748848,-0.1746251881122589,0.43183478713035583],[-0.1822481006383896,0.007650341372936964,-0.4073757529258728,-0.17198550701141357,0.22184424102306366,-0.09595925360918045,-0.10690245032310486,0.41211754083633423,-0.014242947101593018,0.296058714389801],[0.3379141390323639,-0.1581100970506668,0.2695748209953308,-0.1056155115365982,0.3827223479747772,0.30820518732070923,0.2035437375307083,-0.171541228890419,0.07417362183332443,-0.299105167388916],[0.1259712427854538,-0.024243468418717384,-0.14041069149971008,0.1864953488111496,0.025596516206860542,0.03257923573255539,0.03474419191479683,-0.04337628185749054,0.10041490942239761,0.23860891163349152],[-0.07331012189388275,0.003310255240648985,0.1418367326259613,0.028648534789681435,0.31925034523010254,0.007726829499006271,0.10562625527381897,-0.04383648559451103,0.13934999704360962,0.1372705101966858],[0.12955690920352936,-0.1660037487745285,-0.29710841178894043,-0.16840414702892303,-0.3563064634799957,-0.074187271296978,-0.2277071624994278,-0.09048791229724884,0.14968113601207733,-0.08872952312231064],[-0.20641769468784332,0.07038391381502151,-0.14692026376724243,-0.19395819306373596,0.0771300345659256,-0.1334160566329956,-0.18692797422409058,-0.1610075980424881,0.016722960397601128,0.168386310338974],[-0.07897067815065384,-0.39831051230430603,0.26339635252952576,0.43578040599823,0.12345480173826218,0.12854215502738953,0.008380156010389328,0.10885556042194366,-0.02224983088672161,-0.05753958970308304],[0.03674302250146866,-0.20331424474716187,-0.007655763067305088,-0.07870641350746155,-0.16813766956329346,0.21246923506259918,0.44093191623687744,-0.25830143690109253,0.10208386182785034,0.15900352597236633],[0.044296860694885254,0.1429051160812378,0.08691509068012238,-0.09900082647800446,0.14631643891334534,-0.046581853181123734,0.016005830839276314,0.37315329909324646,0.2860940098762512,0.07587925344705582],[-0.09010958671569824,0.247018963098526,0.3942188024520874,0.12758779525756836,-0.2682610750198364,0.2103474736213684,0.36665233969688416,0.02916884608566761,0.10007872432470322,-0.05716797709465027],[-0.23390863835811615,0.056116461753845215,-0.17316290736198425,0.09098409861326218,0.06568928062915802,-0.27826929092407227,0.16269631683826447,0.24448204040527344,0.13829724490642548,0.029644539579749107],[-0.08967193961143494,0.08155998587608337,0.16309814155101776,0.18707582354545593,0.012698641046881676,0.24579180777072906,0.13982225954532623,0.4092916250228882,0.04306390509009361,-0.15723900496959686],[0.4327618479728699,-0.11414915323257446,-0.1621720790863037,0.1452474147081375,0.16496789455413818,0.08193926513195038,-0.010427223518490791,-0.21522729098796844,0.003989805933088064,-0.04490017518401146],[0.3582765758037567,-0.27786412835121155,0.06629147380590439,-0.3472115695476532,0.0714859664440155,-0.09873424470424652,-0.123647540807724,0.23808816075325012,-0.09750455617904663,-0.017216259613633156],[-0.05296719819307327,-0.16335488855838776,-0.03164321929216385,0.007368180900812149,-0.2286403477191925,-0.2610139846801758,-0.1939602643251419,0.2089042365550995,0.1977156400680542,0.13722310960292816],[-0.10886577516794205,-0.07476673275232315,-0.17372924089431763,0.19193388521671295,0.44100049138069153,0.06597217172384262,-0.3222635090351105,0.3049314618110657,-0.023212138563394547,0.22228941321372986],[0.18850718438625336,-0.12069220840930939,0.12918002903461456,0.12629561126232147,-0.018582068383693695,0.27529484033584595,-0.2273656725883484,-0.015031566843390465,-0.19220764935016632,-0.05949540436267853],[0.18587994575500488,-0.03635320067405701,-0.4034837484359741,0.19075174629688263,-0.07763185352087021,-0.09382176399230957,-0.2549813389778137,-0.05433785542845726,0.13894011080265045,0.04052675887942314],[-0.4417102634906769,-0.11383499205112457,0.12773990631103516,-0.4382435977458954,0.11773930490016937,0.3148098587989807,0.05119197443127632,0.09952749311923981,0.04523707553744316,-0.052739664912223816],[-0.14326463639736176,0.19506783783435822,-0.29629331827163696,0.12593112885951996,-0.11304774880409241,-0.07291489094495773,-0.22173574566841125,-0.20258238911628723,0.41535261273384094,0.2156241089105606],[0.047292761504650116,-0.09636326879262924,-0.114065982401371,0.29160234332084656,-0.13894081115722656,-0.054166778922080994,0.14552737772464752,-0.24781355261802673,-0.05505342036485672,-0.32839950919151306],[-0.04034470394253731,-0.04637281969189644,0.10223604738712311,-0.12390273809432983,-0.17344342172145844,0.030765384435653687,-0.06659246236085892,-0.18263860046863556,0.08277434855699539,-0.3975834548473358],[0.19707921147346497,-0.1798747479915619,-0.116934634745121,0.03244611248373985,