{"params":{"desired_samples":16000,"window_size_samples":480,"window_stride_samples":160,"spectrogram_length":98,"fingerprint_width":40,"fingerprint_size":3920,"label_count":4,"sample_rate":16000,"preprocess":"mfcc","average_window_width":-1,"in_repeat":1,"data_url":"https:\/\/storage.googleapis.com\/download.tensorflow.org\/data\/speech_commands_v0.02.tar.gz","data_dir":"tmp\/speech_dataset\/","background_volume":0.1,"background_frequency":0.8,"silence_percentage":10.0,"unknown_percentage":10.0,"time_shift_ms":100.0,"seed":6,"testing_percentage":10,"validation_percentage":10,"clip_duration_ms":1000,"window_size_ms":30.0,"window_stride_ms":10.0,"feature_bin_count":40,"how_many_training_steps":"5,5","eval_step_interval":5,"learning_rate":"0.001,0.0001","batch_size":1,"summaries_dir":"results\/retrain_logs","wanted_words":"yes,no","train_dir":"results\/speech_commands_train","save_step_interval":1000,"start_checkpoint":"","model_architecture":"lsnn","check_nans":false,"quantize":false,"n_hidden":10,"n_layer":1,"dropout_prob":0.0,"print_every":10,"reg":0.001,"n_lif_frac":0.0,"beta":2.0,"tau_adaptation":98,"comment":"","n_thr_spikes":-1,"dampening_factor":0.3,"dt":1.0,"thr":0.01,"thr_min":0.005,"tau":20.0,"refr":2,"n_delay":0,"random_eprop":false,"eprop":false,"avg_spikes":true,"lipschitzness_loss":"kl","beta_lipschitzness":0.1,"step_size_lipschitzness":0.1,"num_steps_lipschitzness":10,"epsilon_lipschitzness":0.01,"use_epsilon_ball":true,"verbosity":20,"optimizer":"adam"},"rng_key":[930198267,3563709847],"theta":{"W_in":[[-0.14648927748203278,0.020829390734434128,0.2802377939224243,0.05551930144429207,0.014068948104977608,-0.0761234313249588,0.35014140605926514,-0.4376715123653412,0.2838195860385895,0.15799486637115479],[0.08952276408672333,-0.14996248483657837,-0.052646197378635406,0.24352441728115082,0.04226994514465332,-0.1145070344209671,0.05447119101881981,-0.2261156290769577,0.11988786607980728,0.17950783669948578],[-0.3335423767566681,0.076481893658638,0.445199579000473,-0.015429822728037834,0.3127394914627075,0.07014839351177216,0.07084818929433823,-0.09051535278558731,-0.058606211096048355,-0.4237799346446991],[-0.0947420746088028,0.08118437230587006,-0.2575623095035553,-0.036634624004364014,0.0050155604258179665,-0.3616800606250763,-0.18895699083805084,0.11977328360080719,-0.061073217540979385,-0.07017785310745239],[-0.08794032037258148,0.418033242225647,-0.20325639843940735,0.23559774458408356,-0.18004652857780457,-0.1121847927570343,-0.01560225710272789,0.10290326923131943,0.24285940825939178,-0.06595300137996674],[0.18820405006408691,0.3118901550769806,0.18260778486728668,0.2310030609369278,-0.2722214162349701,-0.08887418359518051,-0.31215083599090576,-0.006100157275795937,-0.15512238442897797,-0.04242046922445297],[-0.11351072043180466,-0.026299206539988518,0.4162307679653168,-0.29409685730934143,-0.05291234701871872,-0.015754958614706993,-0.09301607310771942,-0.3878653943538666,0.04756973683834076,0.3083496689796448],[0.09205783903598785,-0.23867671191692352,-0.038855355232954025,-0.1090938001871109,-0.1732364147901535,0.3321802020072937,-0.03217266499996185,-0.02727879025042057,0.32562580704689026,-0.007298146840184927],[0.09045109152793884,0.04571397602558136,0.25842535495758057,-0.17321212589740753,-0.1708579808473587,0.03394268825650215,0.22810357809066772,-0.04454323649406433,-0.12815332412719727,-0.03491825610399246],[0.057117659598588943,0.13767746090888977,0.07246238738298416,0.007076953537762165,0.10531067848205566,0.14504557847976685,0.10825278609991074,0.0461798831820488,0.22444047033786774,0.08679820597171783],[0.38733986020088196,-0.1076631098985672,-0.10567785054445267,-0.0802399143576622,0.15714453160762787,0.16445133090019226,-0.09564469754695892,-0.32093438506126404,-0.09694505482912064,0.04563663527369499],[0.16557686030864716,0.11119731515645981,0.18446983397006989,-0.3589933216571808,-0.25134801864624023,0.21656684577465057,-0.0538690946996212,0.18814879655838013,-0.03959660232067108,0.18028707802295685],[-0.1022849977016449,0.3043324649333954,0.15659327805042267,-0.06815571337938309,0.00040805013850331306,-0.02171996235847473,0.30900266766548157,-0.21336373686790466,0.06832936406135559,-0.23222322762012482],[0.0015670675784349442,-0.26530638337135315,-0.2910693883895874,-0.09847734868526459,-0.02763032540678978,0.20039372146129608,0.17719843983650208,0.08802565932273865,0.021303175017237663,0.15800341963768005],[-0.006360179278999567,-0.13858622312545776,0.015342320315539837,0.09979984909296036,0.24006086587905884,0.18659208714962006,-0.29590222239494324,-0.023063529282808304,0.15236185491085052,0.14465703070163727],[-0.11471356451511383,0.026669155806303024,-0.07464432716369629,-0.08997940272092819,0.06879160553216934,-0.3484627604484558,-0.2305566519498825,0.2395687997341156,-0.24434198439121246,-0.22610554099082947],[-0.25072965025901794,-0.26649320125579834,-0.20275148749351501,-0.2391282171010971,0.03880724310874939,0.06182466074824333,-0.181333988904953,0.1961132138967514,-0.2539147138595581,-0.08438724279403687],[-0.02028263732790947,-0.017708664759993553,-0.003636773908510804,-0.2350073754787445,-0.2347976714372635,-0.215509831905365,0.18403080105781555,0.15261626243591309,0.23394668102264404,-0.09692670404911041],[0.12168189883232117,0.005222124047577381,-0.06254344433546066,-0.189389169216156,-0.002489571226760745,0.13674023747444153,0.3753241300582886,0.27183112502098083,-0.044589947909116745,0.027532139793038368],[0.1279737651348114,0.1451273262500763,-0.08427002280950546,-0.1870858371257782,-0.30841079354286194,0.1619381159543991,-0.0808999314904213,0.10009194910526276,0.06438741087913513,-0.224436417222023],[-0.2702951729297638,0.04627031460404396,-0.29047495126724243,0.3803596794605255,-0.0025932916905730963,0.10510462522506714,-0.16354815661907196,0.21810656785964966,0.10554739832878113,-0.1134108230471611],[-0.3872116804122925,0.09260207414627075,0.29217514395713806,0.01968718320131302,0.027231568470597267,-0.03020315244793892,-0.1350487470626831,-0.24198462069034576,0.14068013429641724,0.4327215850353241],[0.08594182133674622,-0.1810956597328186,0.11903182417154312,0.2262701392173767,-0.04989862069487572,0.10067576915025711,0.18012872338294983,0.03868204355239868,0.057109180837869644,0.07988443970680237],[0.2331971824169159,-0.12765493988990784,-0.04921301454305649,0.2053280472755432,0.2353932112455368,-0.2292965054512024,-0.04083918407559395,0.1877690553665161,-0.05199670046567917,-0.20750653743743896],[0.15384289622306824,-0.007206790614873171,-0.1122153252363205,-0.1325351595878601,-0.4264598786830902,0.08050454407930374,0.23036234080791473,0.1141345202922821,0.0523863211274147,-0.09586416929960251],[0.2504582405090332,-0.11227043718099594,0.19114816188812256,-0.3251696527004242,-0.05144873633980751,0.08454674482345581,0.3459088206291199,0.1970091611146927,-0.06573478132486343,-0.04581856355071068],[0.3499225378036499,-0.0027011705096811056,0.20191729068756104,-0.03543252497911453,-0.2788906395435333,-0.17823481559753418,0.38454920053482056,0.29677873849868774,0.2214297652244568,0.2866891026496887],[-0.3784658908843994,0.0009914925321936607,-0.2107742577791214,-0.34149715304374695,-0.14217285811901093,0.22692252695560455,0.030548246577382088,-0.01216346025466919,-0.1727839708328247,-0.1831001490354538],[-0.07990488409996033,-0.23568332195281982,-0.02090621553361416,-0.12418562918901443,0.07768640667200089,0.020886722952127457,0.29372289776802063,0.1981823891401291,0.25172001123428345,-0.18827961385250092],[-0.26240020990371704,-0.16652372479438782,0.24509736895561218,0.1278156042098999,0.15419365465641022,0.07404841482639313,-0.13639947772026062,-0.15956555306911469,-0.014394470490515232,0.026608072221279144],[0.12215978652238846,-0.06705359369516373,-0.09862550348043442,0.4251983165740967,0.25859907269477844,-0.07943383604288101,0.2624017298221588,0.04789625108242035,-0.3201407194137573,-0.09372065961360931],[-0.027911869809031487,0.19667865335941315,-0.21152469515800476,-0.15111024677753448,