{"params":{"desired_samples":16000,"window_size_samples":480,"window_stride_samples":160,"spectrogram_length":98,"fingerprint_width":40,"fingerprint_size":3920,"label_count":4,"sample_rate":16000,"preprocess":"mfcc","average_window_width":-1,"in_repeat":1,"data_url":"https:\/\/storage.googleapis.com\/download.tensorflow.org\/data\/speech_commands_v0.02.tar.gz","data_dir":"tmp\/speech_dataset\/","background_volume":0.1,"background_frequency":0.8,"silence_percentage":10.0,"unknown_percentage":10.0,"time_shift_ms":100.0,"seed":1,"testing_percentage":10,"validation_percentage":10,"clip_duration_ms":1000,"window_size_ms":30.0,"window_stride_ms":10.0,"feature_bin_count":40,"how_many_training_steps":"5,5","eval_step_interval":5,"learning_rate":"0.001,0.0001","batch_size":1,"summaries_dir":"results\/retrain_logs","wanted_words":"yes,no","train_dir":"results\/speech_commands_train","save_step_interval":1000,"start_checkpoint":"","model_architecture":"lsnn","check_nans":false,"quantize":false,"n_hidden":10,"n_layer":1,"dropout_prob":0.0,"print_every":10,"reg":0.001,"n_lif_frac":0.0,"beta":2.0,"tau_adaptation":98,"comment":"","n_thr_spikes":-1,"dampening_factor":0.3,"dt":1.0,"thr":0.01,"thr_min":0.005,"tau":20.0,"refr":2,"n_delay":0,"random_eprop":false,"eprop":false,"avg_spikes":true,"lipschitzness_loss":"kl","beta_lipschitzness":1.0,"step_size_lipschitzness":0.1,"num_steps_lipschitzness":10,"epsilon_lipschitzness":0.01,"use_epsilon_ball":true,"verbosity":20,"optimizer":"adam"},"rng_key":[1765360252,3775483500],"theta":{"W_in":[[0.05627870932221413,-0.18882718682289124,-0.03964037075638771,0.047167450189590454,0.08280108869075775,-0.00007869192631915212,0.03478875011205673,-0.31819623708724976,0.3187013864517212,-0.03438996896147728],[-0.12816502153873444,0.08853204548358917,-0.05727420002222061,0.25014203786849976,0.19795630872249603,0.1631399542093277,0.1578482687473297,-0.13577383756637573,0.1529533863067627,-0.19830986857414246],[0.37899893522262573,0.00834133755415678,0.2051757127046585,-0.18432465195655823,-0.0779682844877243,0.12193715572357178,0.35551780462265015,-0.17971716821193695,0.04642141982913017,-0.30916622281074524],[-0.06386690586805344,-0.12484419345855713,0.12356683611869812,0.08567897975444794,-0.027250880375504494,-0.05790085718035698,0.28123342990875244,0.06533315777778625,0.08404501527547836,-0.17904812097549438],[0.16570621728897095,0.1783321052789688,-0.11222917586565018,0.0815247967839241,-0.28830230236053467,-0.17522257566452026,-0.2965717911720276,-0.08292503654956818,0.011073259636759758,0.15550625324249268],[-0.435200959444046,-0.12788817286491394,-0.3196488618850708,0.32666945457458496,0.07212970405817032,-0.13754867017269135,-0.14192724227905273,-0.33019888401031494,0.17310450971126556,0.12332004308700562],[-0.05586893483996391,-0.032622672617435455,0.15415392816066742,-0.29948392510414124,0.3462586998939514,0.14669980108737946,0.12157981097698212,-0.06269118934869766,0.12507273256778717,0.17588967084884644],[0.12463905662298203,-0.02970576286315918,0.2498217225074768,-0.319947749376297,-0.2118142694234848,-0.3033377528190613,-0.3916739225387573,-0.197403222322464,-0.20177361369132996,-0.05883490666747093],[-0.07547422498464584,-0.05218207836151123,0.04621637985110283,-0.35541900992393494,-0.24234125018119812,0.006827735807746649,-0.07570413500070572,-0.09423597902059555,-0.1746249943971634,0.431843638420105],[-0.18219557404518127,0.007726505398750305,-0.4073341488838196,-0.17198790609836578,0.22186900675296783,-0.0959605872631073,-0.10687430202960968,0.4121198058128357,-0.014242706820368767,0.29611408710479736],[0.3379061222076416,-0.15815085172653198,0.26956602931022644,-0.10562014579772949,0.38270869851112366,0.30820432305336,0.2035353183746338,-0.17155970633029938,0.07417339831590652,-0.2991631329059601],[0.12598522007465363,-0.024260470643639565,-0.14042900502681732,0.18649743497371674,0.02565583400428295,0.032579775899648666,0.03480537235736847,-0.04333662614226341,0.10041507333517075,0.23859161138534546],[-0.07311371713876724,0.00329569517634809,0.14183592796325684,0.028652718290686607,0.3193509578704834,0.007723365910351276,0.10562288016080856,-0.04385362192988396,0.13935071229934692,0.13726340234279633],[0.1295623481273651,-0.16599953174591064,-0.29710766673088074,-0.16840386390686035,-0.3562576174736023,-0.07418806850910187,-0.22766534984111786,-0.09047811478376389,0.14968127012252808,-0.0886930525302887],[-0.20642344653606415,0.07033935934305191,-0.1469353586435318,-0.19399377703666687,0.07651203125715256,-0.1334153264760971,-0.1869412511587143,-0.16103264689445496,0.016722414642572403,0.16834497451782227],[-0.07897192239761353,-0.3982769846916199,0.26338598132133484,0.43578213453292847,0.1232612356543541,0.12854750454425812,0.008344539441168308,0.10892421007156372,-0.022248629480600357,-0.05758712813258171],[0.036738768219947815,-0.20334525406360626,-0.007644075900316238,-0.0787048190832138,-0.16811515390872955,0.2124679535627365,0.4409511387348175,-0.2582804262638092,0.1020837277173996,0.15900379419326782],[0.044289737939834595,0.14292854070663452,0.08695517480373383,-0.0990050807595253,0.14609132707118988,-0.046583596616983414,0.015978384763002396,0.37319377064704895,0.2860955595970154,0.07583916187286377],[-0.09010787308216095,0.24705298244953156,0.3942948579788208,0.12758508324623108,-0.2680187523365021,0.21034744381904602,0.36665377020835876,0.029174599796533585,0.10008066892623901,-0.05718258023262024],[-0.2339356541633606,0.05610785260796547,-0.17316614091396332,0.09097819775342941,0.06551425904035568,-0.2782696783542633,0.1626986861228943,0.24446962773799896,0.13829709589481354,0.029652152210474014],[-0.08969485014677048,0.0815567895770073,0.16309650242328644,0.1870751827955246,0.012677437625825405,0.2457905262708664,0.13982535898685455,0.409291535615921,0.043063607066869736,-0.15726101398468018],[0.43273937702178955,-0.11415029317140579,-0.16217149794101715,0.145247682929039,0.16411837935447693,0.08193909376859665,-0.010432306677103043,-0.21520760655403137,0.003988728858530521,-0.04492254555225372],[0.35824504494667053,-0.2778761684894562,0.0663064494729042,-0.3472119867801666,0.07113062590360641,-0.09873580932617188,-0.12364605814218521,0.2380731850862503,-0.09750641137361526,-0.01728830859065056],[-0.05293026939034462,-0.16330783069133759,-0.03161478787660599,0.007376614958047867,-0.22824561595916748,-0.2610113024711609,-0.19395865499973297,0.20890119671821594,0.19771307706832886,0.1372336894273758],[-0.10889080166816711,-0.07473813742399216,-0.17370735108852386,0.1919274777173996,0.4407742917537689,0.06597726047039032,-0.32224294543266296,0.30494481325149536,-0.023211481049656868,0.2223396748304367],[0.18852858245372772,-0.12068634480237961,0.12917710840702057,0.12629900872707367,-0.01841745153069496,0.2752959430217743,-0.22736966609954834,-0.015031472779810429,-0.19220733642578125,-0.059535492211580276],[0.18583786487579346,-0.03637441620230675,-0.4035039246082306,0.1907547265291214,-0.07786472141742706,-0.09382163733243942,-0.2549442946910858,-0.05434700846672058,0.13894152641296387,0.040518589317798615],[-0.44149428606033325,-0.11384807527065277,0.12772738933563232,-0.43824365735054016,0.117807537317276,0.3148074746131897,0.05120431259274483,0.09951043128967285,0.04523759335279465,-0.05275147408246994],[-0.1432359516620636,0.1950882226228714,-0.29631680250167847,0.1259358823299408,-0.11158019304275513,-0.07291193306446075,-0.2217036634683609,-0.2025870829820633,0.415367066860199,0.21564030647277832],[0.04730168730020523,-0.09638387709856033,-0.1140814870595932,0.2915983498096466,-0.13913419842720032,-0.0541670098900795,0.14552967250347137,-0.24782995879650116,-0.055052995681762695,-0.32834315299987793],[-0.04033780097961426,-0.04631351679563522,0.10228326171636581,-0.12389892339706421,-0.17329616844654083,0.030766338109970093,-0.06653553992509842,-0.18258586525917053,0.08277509361505508,-0.3975057601928711],[0.19708754122257233,-0.17978836596012115,-0.11689171940088272,0.03245021775364876,