{"params":{"desired_samples":16000,"window_size_samples":480,"window_stride_samples":160,"spectrogram_length":98,"fingerprint_width":40,"fingerprint_size":3920,"label_count":4,"sample_rate":16000,"preprocess":"mfcc","average_window_width":-1,"in_repeat":1,"data_url":"https:\/\/storage.googleapis.com\/download.tensorflow.org\/data\/speech_commands_v0.02.tar.gz","data_dir":"tmp\/speech_dataset\/","background_volume":0.1,"background_frequency":0.8,"silence_percentage":10.0,"unknown_percentage":10.0,"time_shift_ms":100.0,"seed":2,"testing_percentage":10,"validation_percentage":10,"clip_duration_ms":1000,"window_size_ms":30.0,"window_stride_ms":10.0,"feature_bin_count":40,"how_many_training_steps":"5,5","eval_step_interval":5,"learning_rate":"0.001,0.0001","batch_size":1,"summaries_dir":"results\/retrain_logs","wanted_words":"yes,no","train_dir":"results\/speech_commands_train","save_step_interval":1000,"start_checkpoint":"","model_architecture":"lsnn","check_nans":false,"quantize":false,"n_hidden":10,"n_layer":1,"dropout_prob":0.0,"print_every":10,"reg":0.001,"n_lif_frac":0.0,"beta":2.0,"tau_adaptation":98,"comment":"","n_thr_spikes":-1,"dampening_factor":0.3,"dt":1.0,"thr":0.01,"thr_min":0.005,"tau":20.0,"refr":2,"n_delay":0,"random_eprop":false,"eprop":false,"avg_spikes":true,"lipschitzness_loss":"kl","beta_lipschitzness":0.01,"step_size_lipschitzness":0.1,"num_steps_lipschitzness":10,"epsilon_lipschitzness":0.01,"use_epsilon_ball":true,"verbosity":20,"optimizer":"adam"},"rng_key":[1768663324,2502910401],"theta":{"W_in":[[0.020076395943760872,0.2584432065486908,-0.1722685694694519,0.2941781282424927,-0.3746201694011688,0.33848312497138977,0.20576320588588715,-0.2093096226453781,-0.19615042209625244,0.2741805613040924],[-0.02629357948899269,-0.39042988419532776,-0.0863293707370758,0.1869245171546936,0.004806137178093195,0.3555864095687866,0.028977852314710617,0.05022246763110161,0.12000586837530136,0.2014797031879425],[0.08074072748422623,0.04757329821586609,-0.051949575543403625,0.1480276733636856,0.029393592849373817,0.2809765338897705,0.2945656180381775,-0.41014328598976135,-0.1836099922657013,-0.37739142775535583],[-0.23869438469409943,0.16978158056735992,0.4346458315849304,-0.22030434012413025,0.10991428047418594,-0.10750415921211243,0.1714320331811905,0.16705039143562317,-0.08792179822921753,-0.09693322330713272],[-0.1212507113814354,0.12066145986318588,-0.007792884949594736,0.37329986691474915,0.21383579075336456,-0.16825585067272186,-0.117230124771595,-0.4239026606082916,0.2155846208333969,-0.1937558501958847],[-0.2838209569454193,0.2301260083913803,0.037578243762254715,-0.1699731945991516,-0.05250237137079239,-0.3658387064933777,0.3198796808719635,-0.09176307171583176,0.0000577053870074451,-0.09887751936912537],[-0.16902707517147064,0.4129911959171295,-0.30559083819389343,0.20927852392196655,-0.33464735746383667,0.03300805762410164,-0.2947629690170288,-0.008366525173187256,0.16945289075374603,-0.11711648106575012],[0.03620309755206108,-0.19766555726528168,-0.12624642252922058,0.22731219232082367,0.23353080451488495,0.13877905905246735,0.011422060430049896,-0.06818459928035736,-0.10344735532999039,0.10074378550052643],[0.1162692978978157,0.18076379597187042,-0.1973244994878769,-0.1498435139656067,-0.26146602630615234,0.030838843435049057,-0.09179634600877762,-0.11315493285655975,0.10439475625753403,-0.2699223458766937],[-0.427900105714798,-0.17839060723781586,-0.25568249821662903,-0.3020860254764557,-0.2579886317253113,0.019700083881616592,0.3049677610397339,-0.0842878445982933,-0.21067532896995544,-0.030512452125549316],[-0.38631904125213623,0.25084230303764343,-0.09575874358415604,-0.018425824120640755,-0.3703543543815613,0.3688168525695801,0.28109481930732727,-0.20750799775123596,0.0711970329284668,0.3455956280231476],[0.0741882175207138,-0.3016486167907715,0.03843863680958748,-0.0963946282863617,-0.0503392219543457,-0.09166759252548218,0.02829764224588871,-0.0972806066274643,0.3284388482570648,-0.1308656930923462],[-0.056708794087171555,-0.2306860238313675,0.15665225684642792,-0.24212847650051117,-0.0766260102391243,-0.1563253104686737,-0.2583429217338562,0.26641029119491577,-0.11062914878129959,-0.0030098892748355865],[0.03713928908109665,-0.07764054089784622,-0.09812501072883606,-0.13876935839653015,0.06613054871559143,-0.04053959622979164,-0.1551438421010971,-0.06401754170656204,-0.3013245165348053,-0.13234247267246246],[-0.27824798226356506,0.2931077480316162,-0.044839318841695786,-0.1074603945016861,0.06011226400732994,-0.15650367736816406,-0.06571454554796219,-0.23315633833408356,0.034049153327941895,0.04044727981090546],[0.022366544231772423,-0.06581040471792221,-0.06267109513282776,0.2527252733707428,-0.2016661912202835,-0.41934695839881897,-0.024958675727248192,-0.2399074286222458,-0.25841206312179565,-0.4236109256744385],[0.0393141508102417,0.11777140200138092,0.2808966040611267,0.009736709296703339,-0.15599192678928375,0.09252163022756577,-0.031742725521326065,0.26988470554351807,-0.03137318789958954,-0.07049831002950668],[0.039107732474803925,-0.034576281905174255,0.09490004181861877,0.41548898816108704,-0.19538120925426483,0.16823795437812805,0.015506020747125149,0.07942382991313934,-0.17680196464061737,-0.07979276776313782],[-0.10270956158638,0.3019004166126251,-0.19587939977645874,-0.14133937656879425,-0.11005498468875885,-0.1555728316307068,0.004481019917875528,-0.4160410165786743,0.2605431377887726,-0.1851734220981598],[0.054361492395401,0.06744321435689926,-0.12390371412038803,-0.30263015627861023,-0.04904427379369736,-0.11032279580831528,-0.33440518379211426,0.07865185290575027,-0.3317422568798065,-0.1686350703239441],[0.08166582137346268,-0.10148602724075317,0.021487712860107422,-0.13108979165554047,0.2295834720134735,0.19823886454105377,-0.02881268411874771,-0.07312975078821182,0.11402451246976852,-0.022760305553674698],[0.16742734611034393,-0.1029876247048378,-0.06779421120882034,-0.1697777956724167,0.16125020384788513,-0.14427292346954346,0.21580763161182404,0.32385116815567017,0.35504385828971863,-0.2241511195898056],[-0.078118234872818,-0.056355442851781845,0.27626317739486694,0.3134578764438629,0.02187887579202652,-0.00343505060300231,-0.049033455550670624,-0.19951623678207397,-0.14279907941818237,0.12940286099910736],[0.11840100586414337,-0.029421335086226463,0.09178406000137329,0.2729908525943756,0.381038099527359,0.1497923582792282,0.10314995050430298,-0.32908451557159424,0.06502065062522888,-0.006381540093570948],[0.1506136953830719,-0.27880269289016724,0.196724995970726,0.05931258946657181,0.05393730476498604,-0.25490134954452515,-0.011656218208372593,0.1563498079776764,-0.022274065762758255,-0.2481343001127243],[0.007966898381710052,-0.17105595767498016,-0.3407483994960785,0.2936575412750244,0.34211018681526184,-0.11408266425132751,0.1740291565656662,-0.1899208277463913,-0.3358559310436249,-0.09482597559690475],[-0.28867122530937195,0.0663265511393547,0.33911603689193726,-0.1448967009782791,-0.054202012717723846,-0.22375714778900146,-0.1323581486940384,-0.1707129031419754,0.08083678781986237,-0.10085321217775345],[0.154869943857193,0.1391545534133911,-0.2722548544406891,-0.08911532163619995,-0.15547317266464233,0.2953804135322571,-0.04349144175648689,-0.05685288459062576,-0.20039145648479462,-0.17987060546875],[0.015219671651721,-0.28592807054519653,0.32305392622947693,0.2826875150203705,0.2742055058479309,0.1105709969997406,0.12171383947134018,0.10561998933553696,-0.004573335871100426,0.09337199479341507],[0.2370329648256302,-0.04327959194779396,0.31455984711647034,-0.14182181656360626,-0.19232608377933502,-0.07788596302270889,0.05953887477517128,-0.07255229353904724,0.0631895661354065,0.2123032510280609],[0.11877662688493729,0.09735538065433502,-0.3526586890220642,-0.30650413036346436,-0.10999579727649689,0.15542109310626984,0.3224729299545288,-0.22164563834667206,0.09951344132423401,0.26624488830566406],[-0.08442141115665436,-0.29052647948265076,-0.33036714792251587,-0.12562642991542816,