{"training_accuracies":[0.800000011920929],"attacked_training_accuracies":[0.0],"kl_over_time":[[-1.0412648521196388e-8,0.000049403734010411426,0.00020366336684674025,0.00045362921082414687,0.0008045850554481149,0.0012516624992713332,0.001798358978703618,0.0024448928888887167,0.0031823196914047003,0.004025093279778957,0.004974554292857647]],"validation_accuracy":[0.5253884792327881,0.5844557881355286,0.48186519742012024,0.4632122814655304,0.5015543103218079,0.5554404258728027,0.6020722985267639,0.5678755640983582,0.5823832154273987,0.6041448712348938,0.620725154876709,0.6414506435394287],"attacked_validation_accuracy":[0.3968910872936249,0.36994799971580505,0.3834194839000702,0.37409311532974243,0.3823833167552948,0.38756468892097473,0.3865284323692322,0.37616562843322754,0.3989636301994324,0.34715014696121216,0.3896370828151703,0.3782382607460022],"validation_kl_over_time":[[2.1116068893434203e-9,0.000057858425861923024,0.00024297785421367735,0.0005591734661720693,0.001009417581371963,0.0015969774685800076,0.0023273485712707043,0.0032052688766270876,0.00423590000718832,0.005426258780062199,0.006785805802792311],[2.681165289786236e-9,0.00006009050048305653,0.00025018095038831234,0.0005738583859056234,0.001033859676681459,0.0016337755369022489,0.0023784164804965258,0.003272370435297489,0.004324165638536215,0.005537361837923527,0.006920905783772469],[3.6485365839666883e-9,0.00005887658699066378,0.0002468778984621167,0.0005676108994521201,0.001023474964313209,0.0016187215223908424,0.002358017722144723,0.0032471383456140757,0.004291466437280178,0.005497806239873171,0.006872271653264761],[3.166639173102226e-9,0.000058811310736928135,0.0002468520833645016,0.0005673647974617779,0.001023693010210991,0.0016188451554626226,0.0023582461290061474,0.003245883621275425,0.004289044998586178,0.0054923356510698795,0.006862723268568516],[2.1317647647123295e-9,0.00006093169577070512,0.0002536515530664474,0.0005813435418531299,0.001046832068823278,0.0016546646365895867,0.0024091119412332773,0.003314974484965205,0.00437880540266633,0.005606577731668949,0.007005798164755106],[4.625938743174629e-9,0.00005962424256722443,0.000248549971729517,0.0005700007895939052,0.001026888727210462,0.0016225522849708796,0.0023613038938492537,0.0032489222940057516,0.004290983080863953,0.005492802243679762,0.006861276458948851],[3.633681133763389e-9,0.000058296864153817296,0.00024583807680755854,0.0005663500051014125,0.0010223446879535913,0.0016166610876098275,0.002353411866351962,0.0032383338548243046,0.004277206026017666,0.005472695454955101,0.006834608968347311],[2.182526381844241e-9,0.00005885128121008165,0.0002463319106027484,0.0005664141499437392,0.001021118019707501,0.0016142227686941624,0.0023494698107242584,0.00323186325840652,0.004268382675945759,0.005462487228214741,0.006820404436439276],[3.1032103553485513e-9,0.00005911099651711993,0.00024597891024313867,0.0005648210062645376,0.0010177763178944588,0.0016091251745820045,0.002342410385608673,0.0032224799506366253,0.004254283383488655,0.005444067530333996,0.006798619404435158],[3.3521689868365456e-9,0.000058809648180613294,0.0002476447552908212,0.0005705321673303843,0.0010295448591932654,0.0016271482454612851,0.002366863191127777,0.003253145609050989,0.0042928713373839855,0.005487213376909494,0.006848412565886974],[3.0275850715355546e-9,0.0000597871548961848,0.0002502131392247975,0.0005740129272453487,0.0010329453507438302,0.0016299330163747072,0.0023672874085605145,0.003249929053708911,0.004281133413314819,0.005468726623803377,0.0068164607509970665],[7.154601799896909e-9,0.000060760827182093635,0.0002537212858442217,0.0005819269572384655,0.0010475812014192343,0.0016538331983610988,0.0024026099126785994,0.003299419768154621,0.004347269888967276,0.00555375125259161,0.006920116022229195]],"model_parameters":{"desired_samples":16000,"window_size_samples":480,"window_stride_samples":160,"spectrogram_length":98,"fingerprint_width":40,"fingerprint_size":3920,"label_count":4,"sample_rate":16000,"preprocess":"mfcc","average_window_width":-1,"in_repeat":1,"data_url":"https:\/\/storage.googleapis.com\/download.tensorflow.org\/data\/speech_commands_v0.02.tar.gz","data_dir":"\/cluster\/scratch\/faberf\/speech_dataset","background_volume":0.1,"background_frequency":0.8,"silence_percentage":10.0,"unknown_percentage":10.0,"time_shift_ms":100.0,"seed":0,"testing_percentage":10,"validation_percentage":10,"clip_duration_ms":1000,"window_size_ms":30.0,"window_stride_ms":10.0,"feature_bin_count":40,"n_epochs":"1","eval_step_interval":1,"learning_rate":"0.001","batch_size":5,"summaries_dir":"results\/retrain_logs","wanted_words":"yes,no","train_dir":"results\/speech_commands_train","save_step_interval":1000,"start_checkpoint":"","model_architecture":"lsnn","check_nans":false,"quantize":false,"n_hidden":64,"n_layer":1,"dropout_prob":0.0,"print_every":10,"reg":0.001,"n_lif_frac":0.0,"beta":2.0,"tau_adaptation":98,"comment":"","n_thr_spikes":-1,"dampening_factor":0.3,"dt":1.0,"thr":0.01,"thr_min":0.005,"tau":20.0,"refr":2,"n_delay":0,"random_eprop":false,"eprop":false,"avg_spikes":true,"beta_lipschitzness":0.01,"num_attack_steps":10,"attack_epsilon":0.01,"relative_epsilon":false,"initial_std":0.001,"relative_initial_std":false,"session_id":1070420407,"db":"fynn","verbosity":20,"optimizer":"adam","start_time":1604253872348}}