{"training_accuracies":[0.49000000953674316,0.5299999713897705,0.7699999809265137,0.6899999976158142,0.6800000071525574,0.7699999809265137,0.6600000262260437,0.699999988079071,0.7699999809265137,0.7300000190734863,0.7599999904632568,0.8199999928474426,0.7400000095367432,0.7799999713897705,0.7699999809265137,0.8199999928474426,0.7599999904632568,0.8299999833106995,0.800000011920929,0.699999988079071,0.8199999928474426,0.7799999713897705,0.8600000143051147,0.8199999928474426,0.8100000023841858,0.8399999737739563,0.7900000214576721,0.8399999737739563,0.8299999833106995,0.8100000023841858,0.8399999737739563,0.8600000143051147,0.8500000238418579,0.8299999833106995,0.8600000143051147,0.8100000023841858,0.7799999713897705,0.8100000023841858,0.9200000166893005,0.8799999952316284],"attacked_training_accuracies":[0.4099999964237213,0.4099999964237213,0.5099999904632568,0.4099999964237213,0.5899999737739563,0.6499999761581421,0.5600000023841858,0.6499999761581421,0.6800000071525574,0.7099999785423279,0.7599999904632568,0.7900000214576721,0.7400000095367432,0.7799999713897705,0.7300000190734863,0.7900000214576721,0.7099999785423279,0.8100000023841858,0.7900000214576721,0.6899999976158142,0.7799999713897705,0.7799999713897705,0.8600000143051147,0.8299999833106995,0.800000011920929,0.800000011920929,0.7900000214576721,0.8299999833106995,0.800000011920929,0.8100000023841858,0.8299999833106995,0.8299999833106995,0.8600000143051147,0.8500000238418579,0.8799999952316284,0.8100000023841858,0.7699999809265137,0.8100000023841858,0.8899999856948853,0.8399999737739563],"kl_over_time":[[0.00000550981667402084,0.00003710483724717051,0.00008007272117538378,0.00014325404481496662,0.00021473268861882389,0.00030805825372226536,0.0004104200634174049,0.0005224375054240227,0.0006479345029219985,0.0007892490830272436,0.0009277151548303664],[0.0000032186758289753925,0.00010255336383124813,0.0002243973285658285,0.0004414519644342363,0.0007176864892244339,0.0010672499192878604,0.001471149385906756,0.0019398110453039408,0.002461029449477792,0.0030147843062877655,0.0036339855287224054],[0.0000018366762333243969,0.00015402765711769462,0.00034783175215125084,0.0006940423627384007,0.0011505993315950036,0.001714852754957974,0.002380920108407736,0.003151897108182311,0.003998036962002516,0.0049251411110162735,0.005929464008659124],[0.00000200835120267584,0.00005006255014450289,0.00005912946289754473,0.0002942896098829806,0.0006747774896211922,0.0011882699327543378,0.0018617783207446337,0.0026771218981593847,0.0036388703156262636,0.004722808487713337,0.005902120843529701],[0.000007083309355948586,0.0001900664356071502,0.0005084415897727013,0.0009753138874657452,0.001632494037039578,0.0023978804238140583,0.003292360808700323,0.004326986148953438,0.005450444761663675,0.006663573905825615,0.00800253450870514],[0.0000031191609650704777,0.00009054144902620465,0.0002817740896716714,0.0006435743416659534,0.00119675206951797,0.0018907234771177173,0.002758393296971917,0.0037788136396557093,0.004968424793332815,0.0063188266940414906,0.007842565886676311],[0.000006220152954483638,0.00022256247757468373,0.0006389923510141671,0.0012625862145796418,0.002070646733045578,0.0030956242699176073,0.004349527880549431,0.00582880899310112,0.007518491707742214,0.009382231160998344,0.011444775387644768],[0.000008805642210063525,0.000255381892202422,0.0006260380032472312,0.0011365152895450592,0.0018092069076374173,0.002652280032634735,0.003720774780958891,0.004902765154838562,0.0062995064072310925,0.007885988801717758,0.009655083529651165],[0.00001554648406454362,0.00019798267749138176,0.0005327393882907927,0.0011164993047714233,0.001911698840558529,0.002882926957681775,0.004169934429228306,0.005762845743447542,0.007523667067289352,0.009704730473458767,0.012257810682058334],[0.00003036017187696416,0.00008878688095137477,0.0003197251644451171,0.000546298164408654,0.0008906481671147048,0.001329482183791697,0.0018518160795792937,0.002434373367577791,0.003119112690910697,0.003904250217601657,0.0047244904562830925],[0.000025054388970602304,0.00010608730372041464,0.0005643309559673071,0.0009906304767355323,0.0016566648846492171,0.00252949888817966,0.003534468822181225,0.00484519312158227,0.006302898749709129,0.008133790455758572,0.010054320096969604],[0.00004940315193380229,0.0002645094064064324,0.0007036853930912912,0.0013514724560081959,0.0023012454621493816,0.00361036229878664,0.005195151083171368,0.00717787304893136,0.009602490812540054,0.012348911724984646,0.015382584184408188],[0.00003931695391656831,0.00015026054461486638,0.0007059291820041835,0.0012474562972784042,0.0021023117005825043,0.003300944808870554,0.004492659121751785,0.0059861377812922,0.007723481394350529,0.009638543240725994,0.011849753558635712],[0.00006984789069974795,0.0002720641787163913,0.000690673419740051,0.0013040677877143025,0.0020562398713082075,0.0029710058588534594,0.004110109526664019,0.005686562974005938,0.007251210045069456,0.009309357032179832,0.01126361358910799],[0.000046149365516612306,0.00035522246616892517,0.0009312675683759153,0.001682749018073082,0.0028173518367111683,0.004078144207596779,0.005882398225367069,0.00818766001611948,0.01107631903141737,0.013879461213946342,0.017721911892294884],[0.00007363965414697304,0.00036678643664345145,0.0007913224399089813,0.0017074873903766274,0.0028872203547507524,0.00431272154673934,0.006131174508482218,0.008111055940389633,0.01045568473637104,0.012762119062244892,0.015736741945147514],[0.00007769724470563233,0.00034274786594323814,0.0004283014568500221,0.0010942547814920545,0.002295146230608225,0.003821892663836479,0.006141309626400471,0.008749726228415966,0.012142924591898918,0.01635306514799595,0.021208584308624268],[0.00007034992449916899,0.0002865515707526356,0.0006762118428014219,0.0011724436189979315,0.002059533726423979,0.003357816254720092,0.004546388518065214,0.0059939478524029255,0.007882234640419483,0.010134149342775345,0.012427613139152527],[0.0005307019455358386,0.0003718159277923405,0.002826140495017171,0.0016711659263819456,0.0025883095804601908,0.0042697652243077755,0.005788711830973625,0.010701515711843967,0.010975477285683155,0.013947338797152042,0.018148506060242653],[0.0016597607173025608,0.0016931577119976282,0.002537035383284092,0.0033294798340648413,0.002893273252993822,0.004849743563681841,0.007044451776891947,0.007345523685216904,0.008523772470653057,0.011350203305482864,0.013035490177571774],[0.00030547878122888505,0.0037343192379921675,0.001669971039518714,0.0024495762772858143,0.004355848766863346,0.006295206490904093,0.010067824274301529,0.01471473928540945,0.016857100650668144,0.020708180963993073,0.02499563619494438],[0.0003407696494832635,0.0010834007989615202,0.003031480824574828,0.004189120605587959,0.0057510086335241795,0.008109587244689465,0.011465772986412048,0.014922279864549637,0.020014477893710136,0.02365056425333023,0.028706144541502],[0.0013970246072858572,0.0009363458957523108,0.002180573996156454,0.002419393742457032,0.004086416680365801,0.008327089250087738,0.007865573279559612,0.01308164931833744,0.011527152732014656,0.018634315580129623,0.01726253144443035],[0.00028527996619232,0.00029052747413516045,0.0010657650418579578,0.0018064017640426755,0.0028718847315758467,0.004479641560465097,0.006213241722434759,0.008425386622548103,0.010986375622451305,0.013780517503619194,0.016657615080475807],[0.00023393906303681433,0.0006279861554503441,0.0007482647197321057,0.0015044452156871557,0.0022797377314418554,0.00328429089859128,0.005514492746442556,0.007491956930607557,0.010229859501123428,0.012886624783277512,0.016091706231236458],[0.0011175896506756544,0.0013804250629618764,0.0031676143407821655,0.0035059915389865637,0.005483704619109631,0.006759207230061293,0.00823616050183773,0.010095614939928055,0.012928418815135956,0.01586710847914219,0.018791189417243004],[0.00038123776903375983,0.0008016189094632864,0.0015374897047877312,0.002572221914306283,0.003092426573857665,0.004028154071420431,0.005464124493300915,0.007763748988509178,0.009498459286987782,