{"training_accuracies":[1.0],"attacked_training_accuracies":[0.0],"kl_over_time":[[9.427645331072654e-9,0.00001540858647786081,0.00005769314520875923,0.000130286774947308,0.00022975259344093502,0.0003559245087672025,0.0005102442228235304,0.0006938988226465881,0.0009102114709094167,0.0011495841899886727,0.0014256067806854844]],"validation_accuracy":[0.4207235872745514,0.4207235872745514,0.4207235872745514],"attacked_validation_accuracy":[0.35025814175605774,0.3668382465839386,0.33885931968688965],"validation_kl_over_time":[[-4.856943180975293e-10,0.00001146600698120892,0.000045742548536509275,0.00010300802387064323,0.00018347767763771117,0.0002874030324164778,0.0004150802851654589,0.0005673256819136441,0.0007441722555086017,0.0009461113368161023,0.001173827680759132],[2.00265648508946e-9,0.000011474740858830046,0.00004590478783939034,0.00010334559920011088,0.0001841322227846831,0.0002884454152081162,0.0004169614694546908,0.0005697723245248199,0.0007473349687643349,0.0009506595670245588,0.0011802657973021269],[9.202320849777124e-11,0.000011505899237818085,0.00004599907697411254,0.0001035247987601906,0.00018446933245286345,0.00028891366673633456,0.0004174084169790149,0.0005701805930584669,0.00074789859354496,0.0009512490360066295,0.0011808298295363784]]}