{"training_accuracies":[],"attacked_training_accuracies":[],"kl_over_time":[],"validation_accuracy":[0.4300498962402344,0.42590487003326416,0.4207235872745514],"attacked_validation_accuracy":[0.31606167554855347,0.326424241065979,0.32331547141075134],"validation_kl_over_time":[[7.604430862784284e-9,0.00026439264183864,0.0010656187077984214,0.0024185727816075087,0.004351045470684767,0.0068971156142652035,0.010103684850037098,0.01402063574641943,0.018706826493144035,0.024224231019616127,0.030622992664575577],[7.539242119491973e-9,0.0002602127206046134,0.0010488084517419338,0.002380798337981105,0.0042815967462956905,0.006786084268242121,0.00993715226650238,0.013786121271550655,0.018387917429208755,0.02379728853702545,0.030078796669840813],[8.41788150296452e-9,0.0002603417669888586,0.0010481963399797678,0.0023782537318766117,0.004274794831871986,0.00677448371425271,0.00991992000490427,0.013758896850049496,0.018349330872297287,0.023752521723508835,0.030032441020011902]]}