{"training_accuracies":[],"attacked_training_accuracies":[],"kl_over_time":[],"validation_accuracy":[0.13264256715774536,0.17409342527389526,0.23005208373069763],"attacked_validation_accuracy":[0.20829038321971893,0.22797954082489014,0.2663213610649109],"validation_kl_over_time":[[9.281855284370977e-9,0.0003582378849387169,0.0014421619707718492,0.003272071946412325,0.005892688408493996,0.009353776462376118,0.013724880293011665,0.019083654507994652,0.025509657338261604,0.03306527063250542,0.04184337332844734],[8.207211799060588e-9,0.00035869533894583583,0.0014458264922723174,0.003282336052507162,0.00591305922716856,0.00939082819968462,0.01378280483186245,0.019171040505170822,0.02562982775270939,0.03323015943169594,0.04206389933824539],[9.437265191536426e-9,0.00035406247479841113,0.0014258595183491707,0.0032357804011553526,0.0058273267932236195,0.009254124946892262,0.01358195673674345,0.01888594962656498,0.025244148448109627,0.03273559361696243,0.04142617806792259]]}