{"training_accuracies":[],"attacked_training_accuracies":[],"kl_over_time":[],"validation_accuracy":[0.42175984382629395,0.42175984382629395,0.4248686134815216],"attacked_validation_accuracy":[0.36165696382522583,0.36165696382522583,0.3865271210670471],"validation_kl_over_time":[[1.7623849046799478e-9,0.00004432856076164171,0.00017799981287680566,0.0004018442123197019,0.0007172637269832194,0.0011260684113949537,0.001631822087801993,0.0022362195886671543,0.002942407503724098,0.003752906573936343,0.004673621151596308],[2.6379265438691846e-9,0.00004449839616427198,0.00017842806119006127,0.0004024867666885257,0.0007182371336966753,0.0011271614348515868,0.0016321977600455284,0.0022358105052262545,0.002941469894722104,0.0037515328731387854,0.00466880202293396],[4.314290258378151e-9,0.00004484213059186004,0.0001795082789612934,0.00040510413236916065,0.0007231322815641761,0.0011354399612173438,0.001644487609155476,0.0022539698984473944,0.002965685911476612,0.0037819005083292723,0.004708834458142519]]}