{"training_accuracies":[],"attacked_training_accuracies":[],"kl_over_time":[],"validation_accuracy":[0.4134697914123535,0.41450604796409607,0.4155423045158386],"attacked_validation_accuracy":[0.2860102355480194,0.30051782727241516,0.3036265969276428],"validation_kl_over_time":[[6.414493936013344e-10,0.000028301130441832356,0.00011364409874659032,0.0002572484081611037,0.0004598252126015723,0.0007238753605633974,0.0010509933345019817,0.0014442092506214976,0.001905604382045567,0.002437319839373231,0.0030428769532591105],[9.919182142326122e-10,0.000028257534722797573,0.00011354030721122399,0.0002569488133303821,0.0004595724167302251,0.0007236396195366979,0.0010513134766370058,0.0014446249697357416,0.0019061821512877941,0.0024394223000854254,0.003046144964173436],[2.051174119443999e-9,0.000028444654162740335,0.00011420102237025276,0.0002582636079750955,0.00046205404214560986,0.0007272018701769412,0.0010558685753494501,0.0014512260677292943,0.0019148652208968997,0.0024491141084581614,0.0030586356297135353]]}