{"training_accuracies":[],"attacked_training_accuracies":[],"kl_over_time":[],"validation_accuracy":[0.40103471279144287,0.40621599555015564,0.4093247652053833],"attacked_validation_accuracy":[0.23626971244812012,0.2621763348579407,0.2424873411655426],"validation_kl_over_time":[[1.2729898246632843e-9,0.0000241745583480224,0.00009707829303806648,0.00021983406622894108,0.0003939190355595201,0.000621532672084868,0.0009053173707798123,0.0012474076356738806,0.0016516664763912559,0.0021200147457420826,0.002655298449099064],[1.223750101253529e-9,0.00002451481304888148,0.00009839242557063699,0.00022263784194365144,0.00039874520734883845,0.0006292433245107532,0.0009161191410385072,0.0012623135698959231,0.0016712413635104895,0.0021443208679556847,0.0026861221995204687],[2.6722188906092015e-9,0.00002427584695396945,0.00009735394996823743,0.00022047036327421665,0.00039525626925751567,0.0006237803609110415,0.000908184505533427,0.0012520969612523913,0.0016575215850025415,0.0021267307456582785,0.002665269421413541]]}