{"training_accuracies":[1.0],"attacked_training_accuracies":[1.0],"kl_over_time":[[2.8513554184428358e-8,0.000005789230272057466,0.000021922696760157123,0.000048454439820488915,0.00008598830754635856,0.00013806497736368328,0.00019724569574464113,0.0002689825196284801,0.00034970237175002694,0.00044099241495132446,0.0005556995747610927]],"validation_accuracy":[0.4227961003780365,0.42175984382629395,0.42175984382629395],"attacked_validation_accuracy":[0.36372947692871094,0.3284967541694641,0.32538798451423645],"validation_kl_over_time":[[6.192154011763762e-10,0.000004345199158706237,0.00001741635423968546,0.00003929323793272488,0.00007004492363194004,0.00010984862456098199,0.00015876017278060317,0.00021696639305446297,0.00028479969478212297,0.00036202295450493693,0.000449114857474342],[1.028164220429062e-10,0.000004357671514299,0.000017419828509446234,0.00003923306940123439,0.00006989324174355716,0.0001095019033527933,0.00015820869884919375,0.0002160770382033661,0.0002835099585354328,0.0003605051024351269,0.00044699516729451716],[1.1350339557125722e-9,0.000004355987584858667,0.000017434653273085132,0.000039310216379817575,0.00007001432095421478,0.0001097100685001351,0.00015845596499275416,0.00021658527839463204,0.00028399977600201964,0.00036115242983214557,0.00044805151992477477]]}