{"training_accuracies":[],"attacked_training_accuracies":[],"kl_over_time":[],"validation_accuracy":[0.4207235872745514,0.4207235872745514,0.4207235872745514],"attacked_validation_accuracy":[0.3554394245147705,0.32746049761772156,0.3492218852043152],"validation_kl_over_time":[[1.0695456964526784e-8,0.0003774104989133775,0.001519537065178156,0.003448425093665719,0.006196379195898771,0.009808250702917576,0.014348608441650867,0.019875777885317802,0.02645992860198021,0.03417596220970154,0.043092865496873856],[1.0712685849512127e-8,0.0003797516110353172,0.0015298586804419756,0.003471826435998082,0.006238644942641258,0.009875721298158169,0.014443042688071728,0.020004119724035263,0.026631712913513184,0.034399546682834625,0.043373096734285355],[8.78745609611542e-9,0.0003792584757320583,0.0015271888114511967,0.003465097164735198,0.006226775236427784,0.009857559576630592,0.014419715851545334,0.01997627690434456,0.026591306552290916,0.03434164822101593,0.04330694302916527]]}