{"training_accuracies":[],"attacked_training_accuracies":[],"kl_over_time":[],"validation_accuracy":[0.3865271210670471,0.41968733072280884,0.4207235872745514],"attacked_validation_accuracy":[0.28290146589279175,0.25595879554748535,0.26528510451316833],"validation_kl_over_time":[[3.4330746578881133e-10,0.00008361403888557106,0.00033611722756177187,0.0007619800744578242,0.0013671386986970901,0.0021600748877972364,0.003150783246383071,0.004349701572209597,0.005771319381892681,0.007425648160278797,0.00932939350605011],[2.7142175174077465e-9,0.00008324458758579567,0.0003345430886838585,0.0007578837685286999,0.00135981070343405,0.002148340456187725,0.003132784506306052,0.004323380533605814,0.0057347421534359455,0.0073791020549833775,0.009271139279007912],[3.778751533900504e-9,0.00008305872324854136,0.00033383045229129493,0.0007560523226857185,0.0013566436246037483,0.0021436342503875494,0.003125622868537903,0.004315648227930069,0.005725191906094551,0.007368121761828661,0.009257560595870018]]}