{"training_accuracies":[],"attacked_training_accuracies":[],"kl_over_time":[],"validation_accuracy":[0.4113972783088684,0.4113972783088684,0.4113972783088684],"attacked_validation_accuracy":[0.3046628534793854,0.317097932100296,0.3243517279624939],"validation_kl_over_time":[[3.0129780892451663e-9,0.00009869564382825047,0.00039639422902837396,0.0008963424479588866,0.0016018088208511472,0.0025207591243088245,0.0036625529173761606,0.0050354753620922565,0.0066497353836894035,0.008517870679497719,0.010652747936546803],[1.795448567598612e-9,0.0000992238856269978,0.00039783012471161783,0.0008985597523860633,0.001605488359928131,0.00252620130777359,0.003667376935482025,0.005042650271207094,0.0066560800187289715,0.008523616008460522,0.010654378682374954],[3.0180100640819774e-9,0.00009854551171883941,0.00039566957275383174,0.0008936840458773077,0.001597010181285441,0.002513224259018898,0.0036512354854494333,0.0050191739574074745,0.006628910545259714,0.008489386178553104,0.010618333704769611]]}