{"training_accuracies":[],"attacked_training_accuracies":[],"kl_over_time":[],"validation_accuracy":[0.41968733072280884,0.41968733072280884,0.4207235872745514],"attacked_validation_accuracy":[0.268393874168396,0.26010382175445557,0.2725389003753662],"validation_kl_over_time":[[2.099967977287065e-9,0.000012328008779149968,0.000049400496209273115,0.00011146546603413299,0.00019900742336176336,0.00031218834919855,0.00045173251419328153,0.000618197547737509,0.0008123363368213177,0.0010345227783545852,0.001285627717152238],[1.0937216687878504e-9,0.000012540624993562233,0.000050265844038221985,0.00011339582852087915,0.00020240094454493374,0.00031752543873153627,0.00045946118189021945,0.0006287884316407144,0.0008262730552814901,0.0010520868236199021,0.0013077983167022467],[1.8904022791588204e-9,0.000012257125490577891,0.00004914694727631286,0.00011094829096691683,0.00019786278426181525,0.0003104543429799378,0.00044929777504876256,0.0006147270323708653,0.000807940203230828,0.001029334613122046,0.0012793753994628787]]}