{"training_accuracies":[],"attacked_training_accuracies":[],"kl_over_time":[],"validation_accuracy":[0.4207235872745514,0.4207235872745514,0.4207235872745514],"attacked_validation_accuracy":[0.2632125914096832,0.24145106971263885,0.2632125914096832],"validation_kl_over_time":[[1.224081613848682e-9,0.000034878736187238246,0.0001400242472300306,0.0003162800567224622,0.0005658020963892341,0.000890844501554966,0.0012949915835633874,0.0017821545479819179,0.0023551094345748425,0.003017040900886059,0.003771247109398246],[7.536418156206537e-10,0.000034682820114539936,0.00013923754158895463,0.00031466889777220786,0.0005624615587294102,0.0008862757822498679,0.001287895254790783,0.001771444221958518,0.002341069281101227,0.0029992396011948586,0.0037489861715584993],[2.57427590355519e-9,0.00003453264434938319,0.00013826845679432154,0.00031244175625033677,0.0005584800383076072,0.0008792086155153811,0.0012778273085132241,0.0017577720573171973,0.002322624670341611,0.0029744633939117193,0.0037189896684139967]]}