{"training_accuracies":[0.0],"attacked_training_accuracies":[0.0],"kl_over_time":[[2.1631068491956285e-8,0.0000017597557189219515,0.000006911622222105507,0.00001608562160981819,0.000028649905289057642,0.000045834189222659916,0.0000663530663587153,0.00009000450518215075,0.00011716393055394292,0.00015139923198148608,0.00018640361668076366]],"validation_accuracy":[0.41761481761932373,0.41450604796409607,0.4134697914123535],"attacked_validation_accuracy":[0.35440316796302795,0.3284967541694641,0.3181341886520386],"validation_kl_over_time":[[4.582606738523509e-9,0.0000029433426789182704,0.000011810580872406717,0.000026663952667149715,0.00004760960291605443,0.00007485471724066883,0.00010851079423446208,0.00014869774167891592,0.00019563148089218885,0.00024948472855612636,0.00031052425038069487],[2.7625699505762213e-9,0.0000029429827463900438,0.000011771360732382163,0.000026560266633168794,0.000047415465814992785,0.00007450811244780198,0.00010790389205794781,0.0001478286285419017,0.0001944693794939667,0.0002479006361681968,0.00030852691270411015],[7.187751505099982e-10,0.0000029287018605828052,0.00001172076281363843,0.000026462774258106947,0.000047255565732484683,0.00007419397297780961,0.00010743348684627563,0.0001471283903811127,0.000193495987332426,0.00024675551685504615,0.00030696671456098557]]}