{"training_accuracies":[],"attacked_training_accuracies":[],"kl_over_time":[],"validation_accuracy":[0.4207235872745514,0.4207235872745514,0.4207235872745514],"attacked_validation_accuracy":[0.317097932100296,0.3150254189968109,0.3046628534793854],"validation_kl_over_time":[[2.749976912852503e-9,0.000011316670679661911,0.000045331766159506515,0.00010215584916295484,0.00018208526307716966,0.00028522798675112426,0.0004123937978874892,0.0005638550501316786,0.0007399535388685763,0.0009417731198482215,0.0011695295106619596],[9.814954404774312e-10,0.000011280387298029382,0.00004509977952693589,0.00010169777669943869,0.0001811521069612354,0.00028384948382154107,0.00041040609357878566,0.0005610713851638138,0.0007366153877228498,0.0009374069049954414,0.0011640314478427172],[1.093697354903611e-9,0.000011267485206190031,0.000045136588596506044,0.00010167603613808751,0.00018116706633009017,0.00028414142434485257,0.00041066721314564347,0.0005613232497125864,0.0007370995590463281,0.0009376889211125672,0.0011641790624707937]]}