{"training_accuracies":[],"attacked_training_accuracies":[],"kl_over_time":[],"validation_accuracy":[0.384454607963562,0.41968733072280884,0.4207235872745514],"attacked_validation_accuracy":[0.2911915183067322,0.2621763348579407,0.2621763348579407],"validation_kl_over_time":[[3.07324055093261e-9,0.00008343948138644919,0.00033559140865691006,0.0007603681297041476,0.0013647355372086167,0.0021558862645179033,0.0031440090388059616,0.004340613726526499,0.0057580191642045975,0.007409683428704739,0.009305853396654129],[4.538481590543597e-9,0.00008261476614279673,0.0003323520359117538,0.0007530049188062549,0.0013512769946828485,0.0021350551396608353,0.003114591119810939,0.0042991312220692635,0.00570302177220583,0.0073377834632992744,0.009219030849635601],[2.609757965288395e-9,0.0000824351009214297,0.0003316970251034945,0.0007514061871916056,0.0013486223760992289,0.002130921697244048,0.0031085656955838203,0.004291137680411339,0.00569328386336565,0.007326024118810892,0.009205246344208717]]}