{"training_accuracies":[],"attacked_training_accuracies":[],"kl_over_time":[],"validation_accuracy":[0.40103471279144287,0.40621599555015564,0.4093247652053833],"attacked_validation_accuracy":[0.2424873411655426,0.24766869843006134,0.268393874168396],"validation_kl_over_time":[[1.069465294101235e-9,0.000024256947654066607,0.000097500960691832,0.00022088394325692207,0.0003960045287385583,0.0006248969584703445,0.0009104161872528493,0.0012549322564154863,0.001661667600274086,0.0021329447627067566,0.002672983333468437],[1.1220889772900478e-9,0.0000245449373323936,0.00009852255607256666,0.00022323778830468655,0.0003999256296083331,0.0006311453762464225,0.0009187540272250772,0.001266089966520667,0.0016762249870225787,0.0021515190601348877,0.0026952680200338364],[4.628205818590914e-9,0.000024072889573290013,0.00009676756599219516,0.00021907918562646955,0.0003929508675355464,0.0006200888892635703,0.000902959203813225,0.001244119368493557,0.0016475507291033864,0.0021140887401998043,0.0026491102762520313]]}