{"training_accuracies":[],"attacked_training_accuracies":[],"kl_over_time":[],"validation_accuracy":[0.4652826189994812,0.4766814410686493,0.451811283826828],"attacked_validation_accuracy":[0.31917044520378113,0.30259034037590027,0.31191664934158325],"validation_kl_over_time":[[2.717681191199972e-9,0.00010149075387744233,0.0004075684701092541,0.0009220709325745702,0.0016510889399796724,0.0026063595432788134,0.003798190038651228,0.005240380298346281,0.006947841960936785,0.008934720419347286,0.01121305301785469],[2.5916897516964355e-9,0.00010064268280984834,0.0004043052322231233,0.0009147057426162064,0.0016376674175262451,0.0025841197930276394,0.0037682922556996346,0.0052002728916704655,0.006892599165439606,0.008866935968399048,0.011127236299216747],[3.952543181640067e-9,0.00010102079977514222,0.00040589889977127314,0.0009180339984595776,0.0016435517463833094,0.002592691918835044,0.003779478371143341,0.005215083714574575,0.006914024706929922,0.008890356868505478,0.011157592758536339]]}