{"training_accuracies":[],"attacked_training_accuracies":[],"kl_over_time":[],"validation_accuracy":[0.4435212314128876,0.45492005348205566,0.44663000106811523],"attacked_validation_accuracy":[0.2818652093410492,0.3129529058933258,0.32331547141075134],"validation_kl_over_time":[[-5.355017540509266e-10,0.000021653489966411144,0.00008690654794918373,0.00019640354730654508,0.0003515678399708122,0.0005537793040275574,0.0008053740602917969,0.0011093219509348273,0.0014670646050944924,0.0018827953608706594,0.0023596149403601885],[3.441053553210338e-10,0.0000215339914575452,0.00008644544868730009,0.00019533527665771544,0.0003496317658573389,0.000550841330550611,0.0008012946927919984,0.001103712129406631,0.0014602687442675233,0.0018742162501439452,0.0023489841260015965],[7.752033459595964e-10,0.000021538200599025004,0.00008661219180794433,0.0001956494088517502,0.0003500336315482855,0.0005514284130185843,0.0008023975533433259,0.0011053136549890041,0.0014620792353525758,0.0018757646903395653,0.0023509166203439236]]}