{"training_accuracies":[],"attacked_training_accuracies":[],"kl_over_time":[],"validation_accuracy":[0.2818652093410492,0.35854819416999817,0.39274466037750244],"attacked_validation_accuracy":[0.2704663872718811,0.2911915183067322,0.2932640314102173],"validation_kl_over_time":[[2.5013096038861704e-9,0.000031508672691415995,0.00012658849300350994,0.00028610031586140394,0.0005114022642374039,0.0008039295207709074,0.0011664793128147721,0.0016013808781281114,0.002111485693603754,0.0026995770167559385,0.0033661185298115015],[3.3719715908375747e-9,0.000031685900466982275,0.00012710195733234286,0.0002870488679036498,0.0005126748001202941,0.0008063528221100569,0.0011698486050590873,0.0016059011686593294,0.0021173241548240185,0.0027059009298682213,0.0033756529446691275],[1.6602185182179596e-9,0.00003165502494084649,0.00012698683713097125,0.0002869055315386504,0.0005125627503730357,0.0008059627143666148,0.0011691134423017502,0.0016047932440415025,0.0021162594202905893,0.0027046671602874994,0.0033738375641405582]]}