{"training_accuracies":[],"attacked_training_accuracies":[],"kl_over_time":[],"validation_accuracy":[0.4207235872745514,0.4207235872745514,0.4207235872745514],"attacked_validation_accuracy":[0.32331547141075134,0.326424241065979,0.35025814175605774],"validation_kl_over_time":[[-3.070253426495917e-11,0.000041442966903559864,0.0001660198176978156,0.00037459295708686113,0.0006682713865302503,0.0010485320817679167,0.0015181228518486023,0.0020798759069293737,0.0027365819551050663,0.003491002367809415,0.0043456777930259705],[3.2066431732147294e-9,0.00004192906271782704,0.0001678766420809552,0.0003786616725847125,0.0006756086950190365,0.001060017035342753,0.0015349745517596602,0.0021026290487498045,0.0027661325875669718,0.003529457375407219,0.004395672585815191],[3.450820518224873e-9,0.00004113731120014563,0.0001648514298722148,0.0003726657305378467,0.0006646355614066124,0.0010432354174554348,0.0015107758808881044,0.002069946378469467,0.0027233303990215063,0.003474240656942129,0.0043266029097139835]]}