{"training_accuracies":[],"attacked_training_accuracies":[],"kl_over_time":[],"validation_accuracy":[0.05492224544286728,0.06424865871667862,0.07668391615152359],"attacked_validation_accuracy":[0.15025918185710907,0.18756495416164398,0.19067376852035522],"validation_kl_over_time":[[2.7246527256608033e-9,0.00008636725397082046,0.00034712516935542226,0.0007845493964850903,0.0014040142996236682,0.0022117900662124157,0.003216223558411002,0.004424867685884237,0.005849072709679604,0.0074965814128518105,0.009376409463584423],[3.619410549049462e-9,0.00008523107680957764,0.0003423076414037496,0.0007742166635580361,0.0013855702709406614,0.0021830538753420115,0.0031741843558847904,0.004369046073406935,0.00577513687312603,0.007402253337204456,0.009259219281375408],[4.040347167943992e-9,0.00008553975203540176,0.0003434023819863796,0.0007766117923893034,0.00138953048735857,0.0021893682423979044,0.0031823841854929924,0.004380024503916502,0.005790784489363432,0.007421205751597881,0.009281561709940434]]}