{"training_accuracies":[],"attacked_training_accuracies":[],"kl_over_time":[],"validation_accuracy":[0.4113972783088684,0.4113972783088684,0.4113972783088684],"attacked_validation_accuracy":[0.30569911003112793,0.28911900520324707,0.2839377224445343],"validation_kl_over_time":[[8.979250676333095e-10,0.0000842168228700757,0.0003381257120054215,0.0007649417384527624,0.001370322541333735,0.0021630788687616587,0.003151601878926158,0.004345221444964409,0.005754112731665373,0.007393909152597189,0.00927247665822506],[3.748120036561886e-9,0.00008607893687440082,0.0003457523707766086,0.0007822599145583808,0.001401973539032042,0.0022114382591098547,0.0032217458356171846,0.0044435239396989346,0.005884155631065369,0.0075569613836705685,0.009475384838879108],[2.4061757031290654e-9,0.00008501285628881305,0.00034134360612370074,0.0007724128081463277,0.0013839555904269218,0.0021838576067239046,0.003182651475071907,0.004387241322547197,0.005810941103845835,0.007467429619282484,0.009362108074128628]]}