{"training_accuracies":[],"attacked_training_accuracies":[],"kl_over_time":[],"validation_accuracy":[0.39896219968795776,0.40621599555015564,0.40828850865364075],"attacked_validation_accuracy":[0.24352361261844635,0.259067565202713,0.2528500258922577],"validation_kl_over_time":[[2.243593089090723e-9,0.00002422100806143135,0.00009740184032125399,0.0002205500059062615,0.0003953459963668138,0.0006237558554857969,0.0009087279322557151,0.0012527210637927055,0.0016586980782449245,0.002130015753209591,0.00266891997307539],[2.366642659623608e-9,0.000024512199161108583,0.0000983996142167598,0.00022284303850028664,0.00039926794124767184,0.0006297100335359573,0.000917036843020469,0.0012637196341529489,0.001671842415817082,0.0021462980657815933,0.0026893415488302708],[1.6962055093827644e-9,0.000024022931029321626,0.00009649147978052497,0.0002183815959142521,0.00039157550781965256,0.0006180841592140496,0.0008999328128993511,0.0012401154963299632,0.0016412403201684356,0.0021064416505396366,0.0026402620133012533]]}