{"training_accuracies":[],"attacked_training_accuracies":[],"kl_over_time":[],"validation_accuracy":[0.4207235872745514,0.4207235872745514,0.4207235872745514],"attacked_validation_accuracy":[0.2818652093410492,0.2642488479614258,0.2621763348579407],"validation_kl_over_time":[[3.840490148121489e-9,0.00003464095789240673,0.00013888782996218652,0.00031398821738548577,0.0005614182446151972,0.0008842972456477582,0.0012851274805143476,0.001768609625287354,0.0023376974277198315,0.002994643524289131,0.003743574023246765],[1.5736335567950732e-9,0.00003463712346274406,0.0001389211683999747,0.0003138348984066397,0.0005611557862721384,0.0008835304761305451,0.0012841502903029323,0.0017661246238276362,0.0023322885390371084,0.002987522864714265,0.0037347935140132904],[1.333890109478375e-9,0.00003467053466010839,0.00013901821512263268,0.00031429374939762056,0.0005617369897663593,0.0008846219279803336,0.00128598278388381,0.0017690055537968874,0.0023371942806988955,0.0029937727376818657,0.0037429658696055412]]}