{"training_accuracies":[],"attacked_training_accuracies":[],"kl_over_time":[],"validation_accuracy":[0.42175984382629395,0.42175984382629395,0.4248686134815216],"attacked_validation_accuracy":[0.36372947692871094,0.36165696382522583,0.3740920424461365],"validation_kl_over_time":[[5.167196115429817e-10,0.000044355812860885635,0.0001779968588380143,0.00040174610330723226,0.0007170456228777766,0.0011256628204137087,0.0016310370992869139,0.0022351134102791548,0.0029409006237983704,0.003750644624233246,0.004670297261327505],[2.3928052872435046e-9,0.00004432144851307385,0.00017796263273339719,0.0004018316976726055,0.0007173768826760352,0.0011259930906817317,0.0016311663202941418,0.0022345257457345724,0.002939576515927911,0.0037495240103453398,0.004666713997721672],[2.136603338698251e-9,0.00004484016608330421,0.00017953368660528213,0.00040519851609133184,0.0007233084761537611,0.0011357319308444858,0.0016448319656774402,0.0022542846854776144,0.0029664519242942333,0.003783227177336812,0.004710255656391382]]}