{"training_accuracies":[],"attacked_training_accuracies":[],"kl_over_time":[],"validation_accuracy":[0.4404124617576599,0.44870251417160034,0.442484974861145],"attacked_validation_accuracy":[0.3875633776187897,0.35233065485954285,0.37201952934265137],"validation_kl_over_time":[[8.195571332691998e-9,0.0003410436038393527,0.001373660285025835,0.0031180153600871563,0.005605774931609631,0.008885819464921951,0.013010586611926556,0.01805582456290722,0.024082574993371964,0.03117275983095169,0.03939971700310707],[8.606366286301181e-9,0.00033920517307706177,0.0013655207585543394,0.0030998338479548693,0.0055749379098415375,0.008838332258164883,0.012945435009896755,0.01796604134142399,0.023972339928150177,0.031038446351885796,0.03924471139907837],[8.089971359481751e-9,0.0003386766475159675,0.0013639922253787518,0.0030956128612160683,0.005569516681134701,0.008830681443214417,0.012933442369103432,0.017952043563127518,0.023953163996338844,0.031015051528811455,0.03921035677194595]]}