{"training_accuracies":[],"attacked_training_accuracies":[],"kl_over_time":[],"validation_accuracy":[0.10466324537992477,0.2549225389957428,0.3730557858943939],"attacked_validation_accuracy":[0.19274631142616272,0.2186530977487564,0.2621763348579407],"validation_kl_over_time":[[3.613668475566101e-9,0.00008993831579573452,0.0003615505120251328,0.0008185778860934079,0.0014668904477730393,0.0023142939899116755,0.003370839636772871,0.0046479590237140656,0.0061562699265778065,0.00791056826710701,0.009924403391778469],[2.2864794502197583e-9,0.00009050606604432687,0.00036368193104863167,0.0008228991646319628,0.0014752289280295372,0.0023274526465684175,0.003389457706362009,0.0046730246394872665,0.00618832278996706,0.00795203261077404,0.009975465014576912],[4.7143866588328365e-9,0.00008996490214485675,0.00036141055170446634,0.0008180510485544801,0.001465589040890336,0.0023120699916034937,0.0033665592782199383,0.004641230683773756,0.006147002335637808,0.00789815653115511,0.009907587431371212]]}