{"training_accuracies":[],"attacked_training_accuracies":[],"kl_over_time":[],"validation_accuracy":[0.40414348244667053,0.38549086451530457,0.37512829899787903],"attacked_validation_accuracy":[0.33678680658340454,0.33885931968688965,0.335750550031662],"validation_kl_over_time":[[4.171635037408805e-9,0.000016241865523625165,0.00006521434261230752,0.00014749093679711223,0.0002637555589899421,0.0004152528999838978,0.0006037983112037182,0.0008306735544465482,0.0010968451388180256,0.001404804177582264,0.0017564066220074892],[1.7055072909499813e-9,0.000016077194231911562,0.00006443374877562746,0.0001455839374102652,0.00026041347882710397,0.00040995521703734994,0.0005960413254797459,0.0008194093243218958,0.0010819804156199098,0.0013861784245818853,0.0017325860681012273],[1.9511531279547967e-10,0.00001591192267369479,0.0000638816854916513,0.00014439602091442794,0.00025850956444628537,0.0004069765273015946,0.0005915157962590456,0.000813510618172586,0.0010746089974418283,0.0013762149028480053,0.0017202201997861266]]}