{"training_accuracies":[],"attacked_training_accuracies":[],"kl_over_time":[],"validation_accuracy":[0.4134697914123535,0.4155423045158386,0.4155423045158386],"attacked_validation_accuracy":[0.34093183279037476,0.34093183279037476,0.3492218852043152],"validation_kl_over_time":[[-3.1935612487821174e-10,0.00012028637866023928,0.00048322632210329175,0.0010925509268417954,0.001956512685865164,0.003081891918554902,0.004482429940253496,0.006169105879962444,0.00815823394805193,0.010465400293469429,0.013102279044687748],[4.779196594029145e-9,0.00011917413939954713,0.0004792782128788531,0.001084035262465477,0.001940790330991149,0.003057814436033368,0.00444718636572361,0.00612063379958272,0.008094536140561104,0.01038146112114191,0.012999042868614197],[2.505504914651624e-9,0.00012000165588688105,0.0004824978532269597,0.001090905163437128,0.0019530857680365443,0.0030766359996050596,0.004473862703889608,0.006157702300697565,0.00814119167625904,0.010440832003951073,0.013071366585791111]]}