{"training_accuracies":[],"attacked_training_accuracies":[],"kl_over_time":[],"validation_accuracy":[0.41761481761932373,0.41761481761932373,0.4207235872745514],"attacked_validation_accuracy":[0.26943013072013855,0.28497397899627686,0.2797926962375641],"validation_kl_over_time":[[3.4400264858902574e-9,0.000019583218090701848,0.00007848918903619051,0.00017735036090016365,0.0003172481374349445,0.0004990276065655053,0.0007243460859172046,0.0009952253894880414,0.0013125573750585318,0.0016793877584859729,0.002096310956403613],[4.149354193572208e-9,0.000019441686163190752,0.0000780705813667737,0.0001766591885825619,0.0003159842162858695,0.0004973026807419956,0.0007221344276331365,0.0009924094192683697,0.001309429295361042,0.0016747862100601196,0.002092028735205531],[1.6752698117628029e-9,0.00001924704702105373,0.0000771966006141156,0.000174499858985655,0.00031182411476038396,0.0004907525726594031,0.000712745648343116,0.0009789512259885669,0.0012914336984977126,0.00165180757176131,0.0020622992888092995]]}