{"training_accuracies":[],"attacked_training_accuracies":[],"kl_over_time":[],"validation_accuracy":[0.13057002425193787,0.17305715382099152,0.23316089808940887],"attacked_validation_accuracy":[0.21450801193714142,0.21036292612552643,0.24352361261844635],"validation_kl_over_time":[[7.073093222231819e-9,0.0003557310556061566,0.0014335429295897484,0.0032562194392085075,0.005865189712494612,0.009313770569860935,0.013670248910784721,0.019011033698916435,0.02541527897119522,0.03295837715268135,0.04170631989836693],[9.825759761383779e-9,0.0003590802662074566,0.0014472156763076782,0.0032859176862984896,0.005916764494031668,0.009396666660904884,0.013787494972348213,0.0191736351698637,0.025626834481954575,0.03322460874915123,0.04203777015209198],[9.35479338437517e-9,0.00035677687264978886,0.0014376773033291101,0.003264712868258357,0.005878858268260956,0.009339950047433376,0.013709739781916142,0.01907283440232277,0.02549929916858673,0.0330696702003479,0.04186079651117325]]}