{"training_accuracies":[],"attacked_training_accuracies":[],"kl_over_time":[],"validation_accuracy":[0.4207235872745514,0.4207235872745514,0.4207235872745514],"attacked_validation_accuracy":[0.31191664934158325,0.3554394245147705,0.35025814175605774],"validation_kl_over_time":[[6.2921068355592524e-9,0.00010053787264041603,0.00040355921373702586,0.0009137200540862978,0.0016376071143895388,0.002584157744422555,0.0037663353141397238,0.005198892205953598,0.006897107698023319,0.008877038955688477,0.011153403669595718],[2.7855511230967522e-9,0.00009916994895320386,0.00039827401633374393,0.0009015411487780511,0.0016151592135429382,0.0025490405969321728,0.0037156466860324144,0.005127944052219391,0.006801293231546879,0.008756361901760101,0.01100154872983694],[3.330404396706399e-9,0.00009936677088262513,0.00039927332545630634,0.0009033709648065269,0.0016183442203328013,0.0025542585644870996,0.0037213522009551525,0.005135383456945419,0.006809428799897432,0.00876299012452364,0.011008622124791145]]}