{"training_accuracies":[1.0],"attacked_training_accuracies":[1.0],"kl_over_time":[[-5.089549226511281e-9,0.000012614817933354061,0.0000512924998474773,0.00011315404117340222,0.0002055841323453933,0.0003268677101004869,0.0004741653974633664,0.000651759619358927,0.0008786911494098604,0.0011190350633114576,0.0013827345101162791]],"validation_accuracy":[0.4207235872745514,0.4207235872745514,0.4207235872745514],"attacked_validation_accuracy":[0.3336780369281769,0.33678680658340454,0.32538798451423645],"validation_kl_over_time":[[9.032640746475806e-10,0.00001737465754558798,0.00006958898302400485,0.00015675848408136517,0.0002793767780531198,0.0004378428857307881,0.0006331344484351575,0.0008664558408781886,0.0011385795660316944,0.0014511183835566044,0.0018046913901343942],[1.5301404587830802e-9,0.00001747887654346414,0.00006999981997068971,0.0001577654475113377,0.00028106471290811896,0.00044008984696120024,0.0006365503650158644,0.0008711530826985836,0.0011443243129178882,0.0014581731520593166,0.0018131043761968613],[2.227246165276142e-9,0.000017479134839959443,0.00006985416985116899,0.00015729633742012084,0.00028012864640913904,0.000439041672507301,0.000634716940112412,0.0008685425855219364,0.001141286687925458,0.001453574514016509,0.0018075155094265938]]}