{"training_accuracies":[],"attacked_training_accuracies":[],"kl_over_time":[],"validation_accuracy":[0.4207235872745514,0.4207235872745514,0.4207235872745514],"attacked_validation_accuracy":[0.2818652093410492,0.2880827486515045,0.27150264382362366],"validation_kl_over_time":[[5.22298071459204e-9,0.00013778399443253875,0.0005536885000765324,0.0012530585518106818,0.0022429944947361946,0.0035356010776013136,0.005142916459590197,0.0070809656754136086,0.009367159567773342,0.012012297287583351,0.015036963857710361],[4.553586396838227e-9,0.00013911393762100488,0.0005585502949543297,0.001263124868273735,0.002262530382722616,0.0035653337836265564,0.005185605492442846,0.007138095796108246,0.009441770613193512,0.012110651470720768,0.015161016024649143],[5.113638401610388e-10,0.00013769452925771475,0.0005530222551897168,0.0012508129002526402,0.002239928813651204,0.0035300839226692915,0.005133335012942553,0.007068208884447813,0.009347531013190746,0.011986684054136276,0.015004007145762444]]}