{"training_accuracies":[],"attacked_training_accuracies":[],"kl_over_time":[],"validation_accuracy":[0.41036102175712585,0.41036102175712585,0.41036102175712585],"attacked_validation_accuracy":[0.3067353665828705,0.33885931968688965,0.3554394245147705],"validation_kl_over_time":[[1.0414374251865866e-8,0.00025680489488877356,0.001033520675264299,0.002345483750104904,0.0042169541120529175,0.006685248110443354,0.00979288388043642,0.013589741662144661,0.018124809488654137,0.023443087935447693,0.029611561447381973],[7.724735517911085e-9,0.0002557052066549659,0.001029916456900537,0.0023375810123980045,0.004203511867672205,0.006665701046586037,0.009766396135091782,0.013556591235101223,0.01808049902319908,0.023394402116537094,0.02955140359699726],[6.953220665906201e-9,0.0002564108290243894,0.0010320997098460793,0.0023418862838298082,0.004212565254420042,0.0066796233877539635,0.009784120135009289,0.013574562035501003,0.018104292452335358,0.023426342755556107,0.029584091156721115]]}