{"training_accuracies":[],"attacked_training_accuracies":[],"kl_over_time":[],"validation_accuracy":[0.08393781632184982,0.08601035922765732,0.08808290213346481],"attacked_validation_accuracy":[0.15025918185710907,0.14715036749839783,0.14611409604549408],"validation_kl_over_time":[[1.3392316144944516e-9,0.000012924598195240833,0.000051873175834771246,0.00011705882207024843,0.000208899233257398,0.0003277005744166672,0.0004742980527225882,0.0006495534908026457,0.0008539463742636144,0.0010887279640883207,0.0013552282471209764],[1.4217724775278384e-9,0.000013078684787615202,0.00005248400702839717,0.0001184503998956643,0.00021133801783435047,0.00033176643773913383,0.0004801516770385206,0.0006572658894583583,0.0008647350477986038,0.001102491864003241,0.0013723558513447642],[1.5391264929220938e-9,0.000012906397387268953,0.00005167805284145288,0.00011663803161354735,0.00020816274627577513,0.0003265269042458385,0.00047254643868654966,0.0006468512583523989,0.0008505642181262374,0.0010843559866771102,0.0013496207538992167]]}