{"training_accuracies":[],"attacked_training_accuracies":[],"kl_over_time":[],"validation_accuracy":[0.43523117899894714,0.42383235692977905,0.4300498962402344],"attacked_validation_accuracy":[0.3512943983078003,0.32538798451423645,0.3222792148590088],"validation_kl_over_time":[[1.8124446388156912e-9,0.000008282408089144155,0.000033249387342948467,0.00007532945892307907,0.00013477315951604396,0.00021201408526394516,0.000307770271319896,0.0004223762371111661,0.0005566771724261343,0.000711078813765198,0.0008862859103828669],[1.8170799309658037e-9,0.000008307541065732948,0.000033330885344184935,0.00007545224070781842,0.00013495114399120212,0.00021228405239526182,0.00030791948665864766,0.0004225697775837034,0.0005567981279455125,0.0007114842883311212,0.0008865980198606849],[-5.682756487601637e-10,0.000008317558240378276,0.00003337640009704046,0.00007555654883617535,0.00013516553735826164,0.00021261350775603205,0.00030867071473039687,0.00042353852768428624,0.0005578810232691467,0.0007126233540475368,0.0008884157286956906]]}