{"training_accuracies":[],"attacked_training_accuracies":[],"kl_over_time":[],"validation_accuracy":[0.41968733072280884,0.42175984382629395,0.42175984382629395],"attacked_validation_accuracy":[0.3316055238246918,0.3512943983078003,0.3378230631351471],"validation_kl_over_time":[[9.17602172023635e-9,0.0003671786980703473,0.001477843034081161,0.003351609455421567,0.006024383474141359,0.00953860767185688,0.01395463291555643,0.019331451505422592,0.02573888935148716,0.033249858766794205,0.04194052889943123],[9.185844973558233e-9,0.00036675913725048304,0.0014760347548872232,0.0033475274685770273,0.00601635966449976,0.009523567743599415,0.013929381966590881,0.019292617216706276,0.02568385936319828,0.033174458891153336,0.041831839829683304],[9.789021149231303e-9,0.0003669238940346986,0.0014761104248464108,0.0033474124502390623,0.00601578876376152,0.00952373631298542,0.013935556635260582,0.019304273650050163,0.025700034573674202,0.03320750966668129,0.04187997430562973]]}