{"training_accuracies":[],"attacked_training_accuracies":[],"kl_over_time":[],"validation_accuracy":[0.4134697914123535,0.4155423045158386,0.4155423045158386],"attacked_validation_accuracy":[0.34507685899734497,0.32124295830726624,0.36787450313568115],"validation_kl_over_time":[[5.9048383960202955e-9,0.00012024470925098285,0.0004824085917789489,0.0010912680299952626,0.0019532102160155773,0.00307577196508646,0.0044738734140992165,0.006155620329082012,0.008138314820826054,0.010438548400998116,0.01306969951838255],[3.655110436540099e-9,0.00012013483501505107,0.00048266141675412655,0.0010912162251770496,0.001952354097738862,0.0030761349480599165,0.0044717928394675255,0.006152491085231304,0.008133308961987495,0.010431274771690369,0.013058540411293507],[4.75667105703792e-9,0.00011999076377833262,0.00048230515676550567,0.001090258127078414,0.0019518740009516478,0.003074555890634656,0.004472204018384218,0.00615549786016345,0.008138246834278107,0.010440926067531109,0.0130727868527174]]}