{"training_accuracies":[],"attacked_training_accuracies":[],"kl_over_time":[],"validation_accuracy":[0.4652826189994812,0.4766814410686493,0.451811283826828],"attacked_validation_accuracy":[0.32124295830726624,0.30777162313461304,0.3067353665828705],"validation_kl_over_time":[[5.105034617258752e-9,0.00010135005140909925,0.0004069281567353755,0.0009205978130921721,0.0016484512016177177,0.002601193031296134,0.00379134900867939,0.005230130162090063,0.006933593191206455,0.008915423415601254,0.011188430711627007],[7.277520808202098e-9,0.00010051792924059555,0.0004040073836222291,0.0009140949696302414,0.0016369434306398034,0.0025823512114584446,0.0037657509092241526,0.0051977187395095825,0.006889696698635817,0.008863270282745361,0.01112427469342947],[3.6822174198647417e-9,0.0001012419888866134,0.00040689922752790153,0.0009208248229697347,0.0016487863613292575,0.0026018712669610977,0.0037936107255518436,0.005235686898231506,0.006942933890968561,0.008927627466619015,0.011204246431589127]]}