{"training_accuracies":[0.0],"attacked_training_accuracies":[0.0],"kl_over_time":[[-3.2108601999425446e-8,0.000005304219939716859,0.000020904541088384576,0.00004663692743633874,0.00008357507613254711,0.00012990081449970603,0.00018758942314889282,0.00025461098994128406,0.0003353097417857498,0.0004276985418982804,0.0005341065116226673]],"validation_accuracy":[0.25181376934051514,0.3440406024456024,0.3689107596874237],"attacked_validation_accuracy":[0.22797954082489014,0.2746114134788513,0.2932640314102173],"validation_kl_over_time":[[1.8590849970578915e-9,0.0000046293371269712225,0.000018545828424976207,0.00004180970790912397,0.00007457990432158113,0.00011695424473145977,0.00016915540618356317,0.00023130625777412206,0.0003035350237041712,0.0003864101890940219,0.00047980123781599104],[4.849734835943309e-9,0.000004609396455634851,0.000018450953575666063,0.0000415562026319094,0.00007411240949295461,0.00011619982979027554,0.0001680559798842296,0.00022965956304688007,0.0003014166431967169,0.00038366217631846666,0.0004765053163282573],[2.918795649620165e-9,0.0000046110649236652534,0.000018438924598740414,0.00004159880700171925,0.00007419552275678143,0.00011630530207185075,0.00016819369920995086,0.00023000329383648932,0.0003020037547685206,0.00038435833994299173,0.0004774980479851365]]}