{"training_accuracies":[],"attacked_training_accuracies":[],"kl_over_time":[],"validation_accuracy":[0.4227961003780365,0.4165785610675812,0.41761481761932373],"attacked_validation_accuracy":[0.2901552617549896,0.30051782727241516,0.2766839265823364],"validation_kl_over_time":[[2.3749543998086153e-10,0.00000910420567379333,0.000036480480048339814,0.00008229585364460945,0.00014691706746816635,0.00023058216902427375,0.00033378126681782305,0.0004569352022372186,0.0006005550967529416,0.000765114207752049,0.0009510192321613431],[-1.0237234393528638e-9,0.000009050775588548277,0.00003631981599028222,0.00008198364957934245,0.0001463084772694856,0.0002296601451234892,0.0003324724093545228,0.00045527188922278583,0.0005984505987726152,0.0007625167490914464,0.0009480246808379889],[3.805423975933309e-9,0.000009104604032472707,0.00003651294173323549,0.0000824064263724722,0.00014713883865624666,0.00023108001914806664,0.0003346470184624195,0.00045823989785276353,0.0006022427696734667,0.0007676784880459309,0.0009547558729536831]]}