{"training_accuracies":[],"attacked_training_accuracies":[],"kl_over_time":[],"validation_accuracy":[0.42175984382629395,0.42175984382629395,0.4248686134815216],"attacked_validation_accuracy":[0.3606207072734833,0.3626932203769684,0.3823820948600769],"validation_kl_over_time":[[1.08072772952994e-9,0.00004437853931449354,0.0001781649189069867,0.0004021842614747584,0.0007178558735176921,0.0011269308160990477,0.0016331118531525135,0.002237926470115781,0.002944618696346879,0.003755731275305152,0.004677115939557552],[3.4054281616846538e-9,0.00004445674494490959,0.00017835575272329152,0.00040246653952635825,0.0007183450507000089,0.0011274123098701239,0.001632861909456551,0.002236776752397418,0.0029429334681481123,0.003753465600311756,0.0046713389456272125],[2.642418228671062e-10,0.000044796855945605785,0.00017937908705789596,0.0004048392875120044,0.0007227084715850651,0.001134854624979198,0.0016437963349744678,0.002252819947898388,0.002964323153719306,0.003780204337090254,0.0047066486440598965]]}