{"training_accuracies":[],"attacked_training_accuracies":[],"kl_over_time":[],"validation_accuracy":[0.4207235872745514,0.4207235872745514,0.4207235872745514],"attacked_validation_accuracy":[0.2611400783061981,0.2269432693719864,0.26943013072013855],"validation_kl_over_time":[[1.037710095630473e-8,0.00032299640588462353,0.0013020191108807921,0.0029525638092309237,0.0053102546371519566,0.008420976810157299,0.012346044182777405,0.017147740349173546,0.022898012772202492,0.029673680663108826,0.037564121186733246],[1.0800875749339411e-8,0.00032272262615151703,0.0013004421489313245,0.0029512126930058002,0.005306946579366922,0.008415788412094116,0.01233568973839283,0.017136933282017708,0.022879166528582573,0.029650937765836716,0.03752291947603226],[9.33756005849773e-9,0.0003211023868061602,0.0012938909931108356,0.0029358786996454,0.005282484460622072,0.008379866369068623,0.012287159450352192,0.017073001712560654,0.02280406653881073,0.0295698344707489,0.03742454946041107]]}