{"training_accuracies":[],"attacked_training_accuracies":[],"kl_over_time":[],"validation_accuracy":[0.4113972783088684,0.41450604796409607,0.4155423045158386],"attacked_validation_accuracy":[0.2994815707206726,0.2860102355480194,0.3046628534793854],"validation_kl_over_time":[[7.384691969036794e-9,0.0003169712144881487,0.0012768390588462353,0.002899761311709881,0.0052165687084198,0.008262304589152336,0.01209942251443863,0.016778714954853058,0.022367117926478386,0.028923802077770233,0.03652355074882507],[6.263150442720189e-9,0.00031393187236972153,0.0012627649120986462,0.0028656735084950924,0.005152396857738495,0.008164133876562119,0.011952805332839489,0.016575707122683525,0.022091705352067947,0.028567705303430557,0.03606871888041496],[1.0867010402648702e-8,0.0003136475570499897,0.0012625945964828134,0.0028652516193687916,0.005150636658072472,0.008157492615282536,0.011936352588236332,0.01654723845422268,0.022044239565730095,0.028490843251347542,0.035956062376499176]]}