{"training_accuracies":[],"attacked_training_accuracies":[],"kl_over_time":[],"validation_accuracy":[0.4207235872745514,0.4207235872745514,0.4207235872745514],"attacked_validation_accuracy":[0.2911915183067322,0.2569950520992279,0.26943013072013855],"validation_kl_over_time":[[2.5069193387849964e-9,0.00013768589997198433,0.0005529409390874207,0.0012506911298260093,0.0022392149548977613,0.003529195673763752,0.005133694503456354,0.007065520156174898,0.009343650192022324,0.01198065746575594,0.014994918368756771],[1.899114865366869e-9,0.00014080882829148322,0.0005659080343320966,0.001280708471313119,0.0022936260793358088,0.0036171525716781616,0.005261421203613281,0.007242830935865641,0.009581772610545158,0.012287629768252373,0.015381930395960808],[5.4724562659203e-9,0.00013783721078652889,0.0005537135875783861,0.001253112219274044,0.002244799630716443,0.0035372714046388865,0.005146640352904797,0.007085263263434172,0.009369498118758202,0.012016825377941132,0.0150430453941226]]}