{"training_accuracies":[],"attacked_training_accuracies":[],"kl_over_time":[],"validation_accuracy":[0.049740906804800034,0.04352330043911934,0.049740906804800034],"attacked_validation_accuracy":[0.16476698219776154,0.1554405391216278,0.12642493844032288],"validation_kl_over_time":[[1.3747644134198822e-9,0.000011209456715732813,0.000044914188038092107,0.00010143299732590094,0.0001809823588700965,0.0002840709639713168,0.0004115352057851851,0.0005637114518322051,0.0007413428393192589,0.000945001607760787,0.001175391604192555],[1.6675437697344364e-9,0.000011075598195020575,0.00004442999852471985,0.00010034240403911099,0.00017916802607942373,0.0002814314211718738,0.00040755904046818614,0.0005584136233665049,0.0007346205529756844,0.0009365742444060743,0.0011648975778371096],[1.914379543777045e-9,0.00001114977385441307,0.000044755775888916105,0.00010118471254827455,0.00018076514243148267,0.00028407180798240006,0.00041160755790770054,0.0005639696028083563,0.0007416061707772315,0.000945937994401902,0.0011764788068830967]]}