{"training_accuracies":[],"attacked_training_accuracies":[],"kl_over_time":[],"validation_accuracy":[0.4652826189994812,0.4766814410686493,0.451811283826828],"attacked_validation_accuracy":[0.32538798451423645,0.30569911003112793,0.31398916244506836],"validation_kl_over_time":[[2.4259392272796276e-9,0.0001016252936096862,0.00040813098894432187,0.0009234477183781564,0.0016536086332052946,0.0026103530544787645,0.003804229199886322,0.00524903042241931,0.006959765218198299,0.008949942886829376,0.011232592165470123],[2.5058231045704815e-9,0.00010056843893835321,0.0004040877101942897,0.000914280244614929,0.0016371839446946979,0.002582868328318,0.003766959998756647,0.005198249593377113,0.006890743970870972,0.008864331990480423,0.011124616488814354],[3.6615830367736635e-9,0.00010121402010554448,0.0004065404646098614,0.0009192991419695318,0.0016459891339764,0.002596611389890313,0.003784910077229142,0.005222855135798454,0.006923801265656948,0.008903146721422672,0.01117304153740406]]}