{"training_accuracies":[],"attacked_training_accuracies":[],"kl_over_time":[],"validation_accuracy":[0.4207235872745514,0.4207235872745514,0.4207235872745514],"attacked_validation_accuracy":[0.31398916244506836,0.3129529058933258,0.32124295830726624],"validation_kl_over_time":[[1.055937115523875e-9,0.000011316343261569273,0.00004531529702944681,0.00010210748587269336,0.0001819832978071645,0.00028505607042461634,0.00041210438939742744,0.0005634265253320336,0.0007394253625534475,0.000941001228056848,0.0011685111094266176],[6.01167948754977e-10,0.000011278054444119334,0.00004510739381657913,0.00010172047041123733,0.00018130319949705154,0.0002841261157300323,0.0004108284483663738,0.0005617081769742072,0.0007375159184448421,0.0009387874160893261,0.0011657573049888015],[-1.6891139598129712e-9,0.000011282287232461385,0.000045173514081398025,0.00010172336624236777,0.00018125241331290454,0.0002842241956386715,0.0004108612483832985,0.0005616473499685526,0.0007373709231615067,0.0009381521958857775,0.0011648088693618774]]}