{"training_accuracies":[],"attacked_training_accuracies":[],"kl_over_time":[],"validation_accuracy":[0.44870251417160034,0.43523117899894714,0.43730369210243225],"attacked_validation_accuracy":[0.3461131155490875,0.3823820948600769,0.3761645555496216],"validation_kl_over_time":[[2.9091276054771242e-9,0.00009793513163458556,0.00039274487062357366,0.0008887723670341074,0.001592840882949531,0.002511403989046812,0.003656459739431739,0.0050392160192132,0.006672142539173365,0.00857258029282093,0.010748040862381458],[3.5756637650763423e-9,0.00009848870104178786,0.0003957768203690648,0.0008957973914220929,0.0016055897576734424,0.0025332532823085785,0.0036885279696434736,0.005085121374577284,0.006736665032804012,0.00865272805094719,0.010854151099920273],[1.5102807893185854e-9,0.00009758397209225222,0.00039196579018607736,0.0008874053601175547,0.001589774270541966,0.002506840508431196,0.0036494533997029066,0.005028966348618269,0.006660449784249067,0.008553845807909966,0.010726191103458405]]}