{"training_accuracies":[],"attacked_training_accuracies":[],"kl_over_time":[],"validation_accuracy":[0.41761481761932373,0.41761481761932373,0.4207235872745514],"attacked_validation_accuracy":[0.268393874168396,0.2911915183067322,0.2860102355480194],"validation_kl_over_time":[[1.6486307874430395e-9,0.00001955575316969771,0.00007834617281332612,0.00017704219499137253,0.00031666079303249717,0.0004980944795534015,0.0007229017210192978,0.0009930913802236319,0.001309806713834405,0.001675639534369111,0.0020913041662424803],[1.9854449195833013e-9,0.000019462648197077215,0.00007817152800271288,0.00017683628539089113,0.00031633800244890153,0.0004978720098733902,0.0007230913615785539,0.0009935935959219933,0.0013112801825627685,0.0016773308161646128,0.0020948906894773245],[3.684541560744492e-10,0.000019277140381745994,0.00007739874854451045,0.0001750588126014918,0.000313057767925784,0.0004927981644868851,0.0007158700609579682,0.0009835714008659124,0.0012976707657799125,0.0016603022813796997,0.002073026727885008]]}