{"training_accuracies":[],"attacked_training_accuracies":[],"kl_over_time":[],"validation_accuracy":[0.4207235872745514,0.4207235872745514,0.4207235872745514],"attacked_validation_accuracy":[0.317097932100296,0.3129529058933258,0.30984413623809814],"validation_kl_over_time":[[1.7943374563955672e-9,0.000011308429748169146,0.00004530404839897528,0.00010209952597506344,0.00018198609177488834,0.00028506372473202646,0.00041215025703422725,0.0005635760026052594,0.000739575712941587,0.0009412306826561689,0.001168910413980484],[1.5871499670083722e-9,0.000011262253792665433,0.000045093987864675,0.00010175341594731435,0.00018132178229279816,0.00028420385206118226,0.0004109574656467885,0.0005618967697955668,0.0007377289002761245,0.0009389349725097418,0.0011661532334983349],[8.183528299454679e-10,0.00001128750682255486,0.00004519296271610074,0.00010179187665926293,0.0001813872659113258,0.00028451651451177895,0.00041118060471490026,0.0005620354786515236,0.000738122733309865,0.0009390965569764376,0.0011658604489639401]]}