{"training_accuracies":[0.0],"attacked_training_accuracies":[0.0],"kl_over_time":[[-2.7014051440232834e-8,0.000003982708676630864,0.000015738822185085155,0.000035524779377738014,0.00006386085442500189,0.00009958851296687499,0.00014332050341181457,0.00019678095122799277,0.0002568571944721043,0.0003248707507736981,0.00040347507456317544]],"validation_accuracy":[0.43315866589546204,0.451811283826828,0.4694276452064514],"attacked_validation_accuracy":[0.33885931968688965,0.35854819416999817,0.3709832727909088],"validation_kl_over_time":[[6.434039967473382e-9,0.000003682200031107641,0.000014728837413713336,0.00003320407631690614,0.00005914188295719214,0.00009258811041945592,0.00013362435856834054,0.0001823751226766035,0.00023894786136224866,0.0003033398825209588,0.00037563443765975535],[2.522286823847253e-9,0.0000036726223697769456,0.000014721336810907815,0.00003317227674415335,0.00005910278559895232,0.0000925491694943048,0.0001336259738309309,0.0001824086211854592,0.00023892759054433554,0.00030334683833643794,0.00037574954330921173],[3.781885471454416e-9,0.000003652837676781928,0.000014654942788183689,0.0000330422590195667,0.00005889143722015433,0.00009223679808201268,0.00013323982420843095,0.00018187452224083245,0.0002382280508754775,0.0003024497418664396,0.0003746038710232824]]}