{"training_accuracies":[1.0],"attacked_training_accuracies":[0.0],"kl_over_time":[[2.0450690030315855e-8,0.000005937564310443122,0.000023438920834450983,0.000052400118875084445,0.00009291264723287895,0.0001454582961741835,0.00020914414199069142,0.0002839506196323782,0.0003711471799761057,0.0004699796554632485,0.0005799156497232616]],"validation_accuracy":[0.41450604796409607,0.41450604796409607,0.4155423045158386],"attacked_validation_accuracy":[0.32953301072120667,0.3606207072734833,0.3740920424461365],"validation_kl_over_time":[[-1.2556856665568716e-9,0.00000517896387464134,0.000020704854250652716,0.00004665818050852977,0.00008308141696034,0.00013012556883040816,0.0001877836766652763,0.00025618926156312227,0.0003357689129188657,0.00042641532490961254,0.0005284263752400875],[1.6210023323637301e-9,0.000005162152774573769,0.00002061235863948241,0.00004639396502170712,0.0000826012619654648,0.00012930584489367902,0.00018666093819774687,0.0002546717587392777,0.0003336411027703434,0.0004236130916979164,0.0005248708766885102],[-1.5929183527774171e-9,0.000005197373866394628,0.000020783640138688497,0.00004681215068558231,0.00008328329568030313,0.00013034975563641638,0.00018811161862686276,0.0002567779738456011,0.0003363800060469657,0.0004272345104254782,0.0005292445421218872]]}