{"training_accuracies":[],"attacked_training_accuracies":[],"kl_over_time":[],"validation_accuracy":[0.4207235872745514,0.4207235872745514,0.4207235872745514],"attacked_validation_accuracy":[0.2632125914096832,0.24145106971263885,0.2632125914096832],"validation_kl_over_time":[[1.5375858364308215e-9,0.000034882428735727444,0.00014003120304550976,0.0003163166984450072,0.0005658263107761741,0.0008909368189051747,0.001295115682296455,0.001782356877811253,0.0023553341161459684,0.003017305163666606,0.0037718515377491713],[1.7352637105005897e-9,0.00003468726936262101,0.0001392645062878728,0.00031477853190153837,0.0005627642385661602,0.0008867547730915248,0.0012887109769508243,0.0017725800862535834,0.0023426751140505075,0.0030014810618013144,0.003751479322090745],[1.91236537716577e-9,0.000034528984542703256,0.0001382602349622175,0.00031247801962308586,0.0005585787002928555,0.0008794100140221417,0.0012781503610312939,0.0017582926666364074,0.002323370659723878,0.002975629875436425,0.0037202821113169193]]}