{"training_accuracies":[],"attacked_training_accuracies":[],"kl_over_time":[],"validation_accuracy":[0.4435212314128876,0.45492005348205566,0.44663000106811523],"attacked_validation_accuracy":[0.30051782727241516,0.326424241065979,0.32538798451423645],"validation_kl_over_time":[[1.8611110916277873e-11,0.00002183067408623174,0.00008753487054491416,0.00019780281581915915,0.0003542003978509456,0.0005580150755122304,0.000811804027762264,0.001118029118515551,0.0014788544503971934,0.001896761590614915,0.0023766299709677696],[1.6445962369715517e-9,0.000021653198928106576,0.0000870159492478706,0.0001968026626855135,0.00035232995287515223,0.0005552172660827637,0.0008076914818957448,0.001112906145863235,0.0014722214546054602,0.0018892294028773904,0.002367307199165225],[1.7670905849698215e-9,0.00002186549136240501,0.00008794887253316119,0.00019865417561959475,0.00035542817204259336,0.0005600861040875316,0.000814984436146915,0.0011223811889067292,0.0014844585675746202,0.0019043399952352047,0.002385937375947833]]}