{"training_accuracies":[],"attacked_training_accuracies":[],"kl_over_time":[],"validation_accuracy":[0.05492224544286728,0.06424865871667862,0.07772018760442734],"attacked_validation_accuracy":[0.16269443929195404,0.18238359689712524,0.2186530977487564],"validation_kl_over_time":[[1.601993981914518e-9,0.00008635641279397532,0.00034708715975284576,0.0007844349020160735,0.0014039218658581376,0.0022121865767985582,0.0032168834004551172,0.004426267463713884,0.0058519900776445866,0.00750104570761323,0.009382554329931736],[3.0387576899215674e-9,0.00008555833483114839,0.00034337479155510664,0.0007762319874018431,0.0013888212852180004,0.002188292099162936,0.0031809096690267324,0.00437786802649498,0.005786153953522444,0.007415404077619314,0.009276146069169044],[2.8523923223389147e-9,0.00008543782314518467,0.00034299047547392547,0.0007756927516311407,0.00138823501765728,0.00218724156729877,0.0031799091957509518,0.004377251490950584,0.005787198431789875,0.007417962420731783,0.009279957041144371]]}