{"training_accuracies":[],"attacked_training_accuracies":[],"kl_over_time":[],"validation_accuracy":[0.4207235872745514,0.4207235872745514,0.4207235872745514],"attacked_validation_accuracy":[0.25803130865097046,0.26943013072013855,0.27357515692710876],"validation_kl_over_time":[[9.595985339672097e-9,0.00031473516719415784,0.0012676953338086605,0.002877210732549429,0.005176500882953405,0.008209924213588238,0.012041010893881321,0.016723673790693283,0.0223403237760067,0.028960274532437325,0.03665940463542938],[9.055879601760353e-9,0.00031301609124056995,0.0012586219236254692,0.002854941412806511,0.005132458172738552,0.008136596530675888,0.01192824263125658,0.016563596203923225,0.022116612643003464,0.028661275282502174,0.036272648721933365],[9.419180102554492e-9,0.0003108087694272399,0.0012516144197434187,0.002841613255441189,0.0051120975986123085,0.008108582347631454,0.011893022805452347,0.016521355137228966,0.022072777152061462,0.028610834851861,0.036220088601112366]]}