{"training_accuracies":[],"attacked_training_accuracies":[],"kl_over_time":[],"validation_accuracy":[0.4207235872745514,0.4207235872745514,0.4207235872745514],"attacked_validation_accuracy":[0.3046628534793854,0.31917044520378113,0.3284967541694641],"validation_kl_over_time":[[2.0298860370360217e-9,0.000041214840166503564,0.00016523111844435334,0.00037272777990438044,0.0006652973825111985,0.001044557080604136,0.0015122530749067664,0.0020729496609419584,0.002728026593104005,0.0034806400071829557,0.004336321726441383],[2.1048822684832658e-9,0.00004158653609920293,0.00016670016339048743,0.00037630629958584905,0.0006713464972563088,0.0010536236222833395,0.0015256826300173998,0.00209097471088171,0.0027518635615706444,0.0035109599120914936,0.004371697548776865],[2.346037364375775e-9,0.00004094471296411939,0.00016407275688834488,0.00037036387948319316,0.000660845369566232,0.0010375726269558072,0.0015023917658254504,0.0020591760985553265,0.002709499094635248,0.0034572691656649113,0.00430664885789156]]}