{"training_accuracies":[],"attacked_training_accuracies":[],"kl_over_time":[],"validation_accuracy":[0.4207235872745514,0.4207235872745514,0.4207235872745514],"attacked_validation_accuracy":[0.32331547141075134,0.32331547141075134,0.31917044520378113],"validation_kl_over_time":[[1.516057501760315e-9,0.00001703035923128482,0.00006819048576289788,0.0001537125644972548,0.00027403488638810813,0.0004298038547858596,0.000622057297732681,0.0008516769157722592,0.0011202016612514853,0.0014280799077823758,0.0017769489204511046],[2.5852975316098536e-9,0.000016943276932579465,0.00006789938197471201,0.00015311036258935928,0.000273060955805704,0.0004281248548068106,0.0006198055925779045,0.0008487798040732741,0.0011163062881678343,0.0014236507704481483,0.001771383685991168],[1.5301030442671504e-9,0.000017113978174165823,0.00006858738925075158,0.00015466850891243666,0.0002758144401013851,0.0004326353664509952,0.0006263140239752829,0.0008575565880164504,0.0011276748264208436,0.0014379550702869892,0.0017893899930641055]]}