{"training_accuracies":[],"attacked_training_accuracies":[],"kl_over_time":[],"validation_accuracy":[0.4113972783088684,0.4113972783088684,0.4113972783088684],"attacked_validation_accuracy":[0.3336780369281769,0.3533669114112854,0.35233065485954285],"validation_kl_over_time":[[6.299644805807247e-9,0.00026147367316298187,0.0010521491058170795,0.0023908100556582212,0.004305244889110327,0.006835354026407003,0.01002725213766098,0.013933568261563778,0.01861042156815529,0.024123022332787514,0.03052252158522606],[7.69448327275768e-9,0.00026340625481680036,0.001060738693922758,0.0024115154519677162,0.004343307111412287,0.0068971929140388966,0.01012077834457159,0.014064849354326725,0.01878664270043373,0.024340862408280373,0.030797051265835762],[9.616409890611521e-9,0.0002581543230917305,0.001040124916471541,0.0023642925079911947,0.004258887842297554,0.006763985380530357,0.009927217848598957,0.013794105499982834,0.018428971990942955,0.023888228461146355,0.030230289325118065]]}