{"training_accuracies":[1.0],"attacked_training_accuracies":[1.0],"kl_over_time":[[-2.016482270050801e-8,0.000006366360594256548,0.000024354203560505994,0.000054517131502507254,0.00009819443221203983,0.00015194376464933157,0.00021736466442234814,0.00029478457872755826,0.0003833294613286853,0.00048698304453864694,0.0006055017584003508]],"validation_accuracy":[0.41450604796409607,0.41450604796409607,0.4155423045158386],"attacked_validation_accuracy":[0.36580199003219604,0.3606207072734833,0.33885931968688965],"validation_kl_over_time":[[-1.0513636627962342e-9,0.000005133679223945364,0.000020504576241364703,0.00004621634798240848,0.00008230723324231803,0.0001288730272790417,0.00018594849098008126,0.0002538733242545277,0.00033267351682297885,0.000422443903516978,0.0005233564879745245],[2.735701221112663e-9,0.000005159943157195812,0.000020661787857534364,0.00004651283234125003,0.0000828454940347001,0.00012966658687219024,0.00018719819490797818,0.0002555249084252864,0.0003348529862705618,0.00042525125900283456,0.0005269089597277343],[2.9714569693695125e-10,0.000005144074748386629,0.000020530827896436676,0.00004621125481207855,0.00008226768841268495,0.00012877717381343246,0.00018580291362013668,0.00025342515436932445,0.0003319663810543716,0.0004216608067508787,0.0005224992637522519]]}