{"training_accuracies":[1.0],"attacked_training_accuracies":[1.0],"kl_over_time":[[-8.110018256957119e-8,0.000007467647719749948,0.00003009308420587331,0.00006885190668981522,0.00012262666132301092,0.00019885798974428326,0.0002868447045329958,0.0003904136538039893,0.0005189643707126379,0.000657333352137357,0.0008423383696936071]],"validation_accuracy":[0.4113972783088684,0.4113972783088684,0.4113972783088684],"attacked_validation_accuracy":[0.3378230631351471,0.34507685899734497,0.3419680893421173],"validation_kl_over_time":[[2.868817627899034e-9,0.000009116374712903053,0.000036506247852230445,0.00008235545101342723,0.0001467305701225996,0.0002301281492691487,0.00033300850191153586,0.00045562631567008793,0.0005987288313917816,0.0007626175647601485,0.0009479594882577658],[1.5099287375974768e-9,0.000009117834451899398,0.00003650470534921624,0.0000822528381831944,0.0001466303801862523,0.00022999643988441676,0.00033261848147958517,0.00045502299326471984,0.0005979331326670945,0.0007615759968757629,0.0009466039482504129],[-1.6870199681662257e-9,0.000009126881195697933,0.00003657093839137815,0.00008249908569268882,0.0001470771385356784,0.00023068665177561343,0.00033363341935910285,0.00045646305079571903,0.0005996735417284071,0.0007638327078893781,0.0009496582206338644]]}