{"training_accuracies":[],"attacked_training_accuracies":[],"kl_over_time":[],"validation_accuracy":[0.41036102175712585,0.41036102175712585,0.41036102175712585],"attacked_validation_accuracy":[0.3222792148590088,0.335750550031662,0.31191664934158325],"validation_kl_over_time":[[5.890758103532789e-9,0.00025500106858089566,0.0010269570630043745,0.002329162321984768,0.004190349485725164,0.006644065026193857,0.009731008671224117,0.01350284181535244,0.018014347180724144,0.023303622379899025,0.029437674209475517],[6.7102670087137994e-9,0.00025156111223623157,0.0010126897832378745,0.002297281753271818,0.0041295913979411125,0.006545365788042545,0.009584842249751091,0.013298274949193,0.017731016501784325,0.022935790941119194,0.02896641008555889],[9.14832742893168e-9,0.00025206629652529955,0.0010140863014385104,0.0023002515081316233,0.004134974908083677,0.006554420571774244,0.009602288715541363,0.013325655832886696,0.017771249637007713,0.022986609488725662,0.02903696708381176]]}