{"training_accuracies":[1.0],"attacked_training_accuracies":[0.0],"kl_over_time":[[-1.154435835815093e-8,0.000014950059266993776,0.0000613188894931227,0.00013872327690478414,0.0002444881247356534,0.00038311281241476536,0.0005501998239196837,0.0007571098976768553,0.000995698501355946,0.0012699104845523834,0.001584674813784659]],"validation_accuracy":[0.4207235872745514,0.4207235872745514,0.4207235872745514],"attacked_validation_accuracy":[0.3492218852043152,0.3305692672729492,0.3243517279624939],"validation_kl_over_time":[[-1.064681787177335e-9,0.000017310758266830817,0.00006931774987606332,0.0001562687975820154,0.00027853884967043996,0.0004365583590697497,0.000631292350590229,0.0008641851600259542,0.0011353944428265095,0.001446693204343319,0.0017998231342062354],[7.624937903294438e-10,0.00001722740853438154,0.00006907308124937117,0.00015570090909022838,0.000277443730738014,0.0004349644295871258,0.0006291118334047496,0.0008610717486590147,0.001131828990764916,0.001441868138499558,0.0017927770968526602],[1.2473060362339083e-9,0.00001731956217554398,0.00006933183613000438,0.0001563605183036998,0.00027859583497047424,0.0004366991634014994,0.0006315556238405406,0.0008642080356366932,0.00113594438880682,0.0014472876209765673,0.0017998510738834739]]}