{"training_accuracies":[1.0],"attacked_training_accuracies":[0.0],"kl_over_time":[[-2.3646776980967843e-8,0.000003748746848941664,0.000014720591934747063,0.00003304432175355032,0.00005887871520826593,0.0000912554023670964,0.00013306165055837482,0.0001815271971281618,0.00023688669898547232,0.00030287494882941246,0.00037605478428304195]],"validation_accuracy":[0.4207235872745514,0.4207235872745514,0.4207235872745514],"attacked_validation_accuracy":[0.36372947692871094,0.34300434589385986,0.33678680658340454],"validation_kl_over_time":[[4.1294221375665074e-9,0.0000034140609841415426,0.000013683065844816156,0.000030945418984629214,0.00005528149995370768,0.00008690462709637359,0.00012600391346495599,0.0001728785427985713,0.0002276311133755371,0.0002906253794208169,0.0003618792979978025],[-9.413512191969176e-10,0.000003427385536269867,0.000013731354556512088,0.000031018484150990844,0.000055387547035934404,0.00008698290184838697,0.0001261098077520728,0.00017292957636527717,0.00022765911126043648,0.00029053882462903857,0.0003618316841311753],[1.2569129070882923e-9,0.0000034119914289476583,0.000013701887837669346,0.000030989387596491724,0.000055395925301127136,0.00008705993968760595,0.0001262434816453606,0.00017312187992502004,0.00022785691544413567,0.00029090099269524217,0.00036245741648599505]]}