{"training_accuracies":[0.0],"attacked_training_accuracies":[0.0],"kl_over_time":[[-3.2108637526562234e-8,0.000005438353582576383,0.000020874867914244533,0.00004669673944590613,0.00008359028288396075,0.00012996043369639665,0.00018764987180475146,0.0002546107571106404,0.00033528057974763215,0.00042772889719344676,0.0005342569202184677]],"validation_accuracy":[0.2528500258922577,0.3440406024456024,0.3689107596874237],"attacked_validation_accuracy":[0.2248707264661789,0.2725389003753662,0.29430028796195984],"validation_kl_over_time":[[3.3735675364354734e-10,0.000004623991117114201,0.000018530949091655202,0.00004178008748567663,0.0000745271536288783,0.00011687347432598472,0.00016903613868635148,0.00023114486248232424,0.0003033234679605812,0.00038613792276009917,0.0004795056884177029],[3.1952083201503e-9,0.000004620566869562026,0.00001848311148933135,0.00004163831181358546,0.00007424861541949213,0.00011641802120720968,0.00016836953000165522,0.0002300961350556463,0.00030200020410120487,0.0003843977756332606,0.0004773993568960577],[1.998045728868192e-9,0.0000046053210098762065,0.00001842912934080232,0.00004158717274549417,0.00007418908353429288,0.000116294453619048,0.00016818047151900828,0.00023001931549515575,0.0003020268341060728,0.0003843981248792261,0.00047754085971973836]]}