{"training_accuracies":[0.0],"attacked_training_accuracies":[0.0],"kl_over_time":[[-1.2172391095077728e-8,0.000003907869995600777,0.000015733434338471852,0.00003541982368915342,0.00006378518446581438,0.00009960174065781757,0.00014330405974760652,0.00019673431233968586,0.00025681068655103445,0.00032483882387168705,0.00040341197745874524]],"validation_accuracy":[0.4321224093437195,0.451811283826828,0.4694276452064514],"attacked_validation_accuracy":[0.34300434589385986,0.35647568106651306,0.36580199003219604],"validation_kl_over_time":[[4.895342353705701e-9,0.000003666755446829484,0.000014699288840347435,0.000033156335121020675,0.00005908197272219695,0.00009252193558495492,0.00013357840362004936,0.00018234527669847012,0.00023890288139227778,0.00030332538881339133,0.00037563403020612895],[3.0141922291448964e-9,0.000003675860170915257,0.000014741524864803068,0.00003321062831673771,0.00005917924136156216,0.00009267208952223882,0.0001338054280495271,0.00018266144616063684,0.00023925794812384993,0.00030381613760255277,0.0003763109561987221],[5.458244967115888e-9,0.0000036533888305712026,0.000014652570826001465,0.00003303580160718411,0.00005887604856980033,0.00009223143570125103,0.00013317169214133173,0.00018179458857048303,0.00023812561994418502,0.0003023396129719913,0.000374447408830747]]}