{"training_accuracies":[],"attacked_training_accuracies":[],"kl_over_time":[],"validation_accuracy":[0.4207235872745514,0.4207235872745514,0.4207235872745514],"attacked_validation_accuracy":[0.317097932100296,0.31606167554855347,0.3088078796863556],"validation_kl_over_time":[[2.165100987383539e-9,0.000011316420568618923,0.00004533214814728126,0.00010215555084869266,0.00018208460824098438,0.00028522894717752934,0.0004123919934500009,0.0005638549337163568,0.0007399477763101459,0.0009417657274752855,0.0011695204302668571],[1.8349085584290492e-9,0.000011269235073996242,0.000045075630623614416,0.00010166721767745912,0.00018112370162270963,0.000283838773611933,0.00041043348028324544,0.0005611437954939902,0.0007367584039457142,0.0009376194211654365,0.0011643567122519016],[1.1619135653617718e-9,0.000011286575499980245,0.00004518220157478936,0.00010177076910622418,0.00018131370597984642,0.00028433455736376345,0.0004109689616598189,0.0005617237184196711,0.0007375632994808257,0.0009383157594129443,0.0011649536900222301]]}