{"training_accuracies":[0.0],"attacked_training_accuracies":[1.0],"kl_over_time":[[-7.276576496906273e-8,0.0000070460500865010545,0.00002794489591906313,0.00006330507312668487,0.00011426072887843475,0.00018107522919308394,0.0002596063131932169,0.0003586644015740603,0.0004850560799241066,0.0006180630880407989,0.0007654177024960518]],"validation_accuracy":[0.4113972783088684,0.4113972783088684,0.4113972783088684],"attacked_validation_accuracy":[0.3740920424461365,0.37720081210136414,0.36994701623916626],"validation_kl_over_time":[[2.081438799095281e-9,0.000012121278814447578,0.000048488855100004,0.00010925640526693314,0.00019487972895149142,0.0003057452559005469,0.00044265223550610244,0.0006060953019186854,0.0007972150924615562,0.0010173069313168526,0.0012662073131650686],[7.395646317576166e-10,0.000012077937753929291,0.00004839709436055273,0.00010919234773609787,0.00019469400285743177,0.0003055575070902705,0.00044259848073124886,0.0006061799940653145,0.0007972501334734261,0.0010170702589675784,0.0012664060341194272],[2.1890673718161224e-9,0.000012119809980504215,0.000048540077841607854,0.00010959369683405384,0.0001954222097992897,0.00030674904701299965,0.00044440111378207803,0.0006085498607717454,0.0008004670962691307,0.0010212445631623268,0.0012713858159258962]]}