{"training_accuracies":[],"attacked_training_accuracies":[],"kl_over_time":[],"validation_accuracy":[0.40414348244667053,0.38549086451530457,0.37512829899787903],"attacked_validation_accuracy":[0.33678680658340454,0.335750550031662,0.335750550031662],"validation_kl_over_time":[[4.088212435249261e-9,0.000016229259927058592,0.00006516610301332548,0.00014739128528162837,0.00026360020274296403,0.00041499888175167143,0.0006034467951394618,0.0008301616180688143,0.0010962322121486068,0.0014041232643648982,0.0017555354861542583],[3.382873314805579e-9,0.000016093159501906484,0.00006448812928283587,0.00014570762868970633,0.00026062162942253053,0.0004102657549083233,0.0005964841111563146,0.0008200396550819278,0.0010828763479366899,0.0013872389681637287,0.0017338154138997197],[1.6559529303350473e-9,0.000015903789972071536,0.0000638444471405819,0.00014427660789806396,0.0002582661691121757,0.00040658513898961246,0.0005909025203436613,0.0008127191103994846,0.0010734136449173093,0.0013746850891038775,0.0017180959694087505]]}