{"training_accuracies":[0.0],"attacked_training_accuracies":[0.0],"kl_over_time":[[-3.7317551715432273e-8,0.000005413853614300024,0.000020993986254325137,0.00004671696660807356,0.00008451219764538109,0.00013448613754007965,0.00019546884868759662,0.0002692842681426555,0.00035326561192050576,0.00044921430526301265,0.0005521132843568921]],"validation_accuracy":[0.41036102175712585,0.4113972783088684,0.4113972783088684],"attacked_validation_accuracy":[0.34300434589385986,0.36787450313568115,0.3668382465839386],"validation_kl_over_time":[[6.27345508874555e-10,0.000005535995569516672,0.00002214090091001708,0.00004993271068087779,0.00008892977348295972,0.00013928182306699455,0.00020105177827645093,0.0002746462123468518,0.0003602535289246589,0.00045793206663802266,0.0005681084585376084],[1.0802874150783737e-9,0.0000055700420489301905,0.00002231856888101902,0.00005031548425904475,0.00008966340828919783,0.00014042267866898328,0.00020276753639336675,0.00027698601479642093,0.0003631729632616043,0.00046171987196430564,0.0005726342205889523],[1.322303377904177e-9,0.00000562472132514813,0.000022518242985825054,0.000050776838179444894,0.00009052053792402148,0.00014175268006511033,0.00020468811271712184,0.0002795431646518409,0.0003666409174911678,0.0004660624254029244,0.0005780994542874396]]}