{"training_accuracies":[0.0],"attacked_training_accuracies":[0.0],"kl_over_time":[[-5.132616465175488e-8,0.000002801758228088147,0.000011726367119990755,0.000027264182790531777,0.00004937654375680722,0.00007660649862373248,0.00010955672769341618,0.00015140333562158048,0.00019674260693136603,0.00025059792096726596,0.00032030593138188124]],"validation_accuracy":[0.4113972783088684,0.4113972783088684,0.4113972783088684],"attacked_validation_accuracy":[0.3554394245147705,0.35440316796302795,0.3398955762386322],"validation_kl_over_time":[[1.0289306073829607e-9,0.000007615396043547662,0.000030473252991214395,0.00006868284981464967,0.000122336859931238,0.0001917374465847388,0.0002769171551335603,0.00037863399484194815,0.0004967914428561926,0.0006315421196632087,0.0007834745920263231],[8.253667888036276e-11,0.000007626566002727486,0.0000304939803754678,0.00006867160118417814,0.00012222900113556534,0.0001915130123961717,0.0002766022807918489,0.0003778733953367919,0.0004958708886988461,0.0006304720882326365,0.0007822679472155869],[2.5316406748743248e-9,0.00000774177533457987,0.00003097467924817465,0.00006977603334235027,0.0001242180442204699,0.00019459708710201085,0.00028109655249863863,0.00038413546280935407,0.000503813789691776,0.0006404777523130178,0.000794405525084585]]}