{"training_accuracies":[1.0],"attacked_training_accuracies":[0.0],"kl_over_time":[[-3.5217219362948526e-8,0.00000605123159402865,0.00002509801197447814,0.00005636364585370757,0.00010277728142682463,0.00015949869703035802,0.00023191228683572263,0.000318235281156376,0.00041944210533984005,0.0005356246256269515,0.0006580889457836747]],"validation_accuracy":[0.4113972783088684,0.41036102175712585,0.4113972783088684],"attacked_validation_accuracy":[0.335750550031662,0.3626932203769684,0.3202067017555237],"validation_kl_over_time":[[5.329692243094541e-10,0.000005747735031036427,0.000023029619114822708,0.00005200696614338085,0.00009281814709538594,0.00014587448094971478,0.0002115804236382246,0.00029043847462162375,0.000382798258215189,0.0004894566372968256,0.0006104418425820768],[1.2720551278988523e-9,0.0000057156635193678085,0.000022939424525247887,0.000051786464609904215,0.00009239228529622778,0.0001452824508305639,0.00021057417325209826,0.00028886477230116725,0.0003805406449828297,0.00048635873827151954,0.0006063629407435656],[-7.521087641571e-10,0.000005746334863943048,0.000023048620278132148,0.0000520299727213569,0.0000928784065763466,0.0001459135237382725,0.00021145459322724491,0.00028991614817641675,0.0003819240373559296,0.00048793930909596384,0.000608261616434902]]}