{"training_accuracies":[],"attacked_training_accuracies":[],"kl_over_time":[],"validation_accuracy":[0.4207235872745514,0.4207235872745514,0.4207235872745514],"attacked_validation_accuracy":[0.29430028796195984,0.26010382175445557,0.2766839265823364],"validation_kl_over_time":[[5.562137861403471e-9,0.00013801842578686774,0.0005546995671465993,0.001255087903700769,0.002247255528345704,0.0035420102067291737,0.005151281598955393,0.007090959697961807,0.009377128444612026,0.012024953030049801,0.015051241964101791],[4.309156587112284e-9,0.0001403505593771115,0.0005638074362650514,0.0012754000490531325,0.00228371424600482,0.003600756637752056,0.005235601216554642,0.007206470239907503,0.009531889110803604,0.012224135920405388,0.015300892293453217],[3.099668299810787e-9,0.00013737576955463737,0.0005516111268661916,0.0012480829609557986,0.0022357585839927197,0.003522802609950304,0.0051241000182926655,0.007053812965750694,0.009329186752438545,0.01196197234094143,0.014973459765315056]]}