{"training_accuracies":[],"attacked_training_accuracies":[],"kl_over_time":[],"validation_accuracy":[0.4673551321029663,0.47564518451690674,0.451811283826828],"attacked_validation_accuracy":[0.30051782727241516,0.2932640314102173,0.32124295830726624],"validation_kl_over_time":[[2.0697579206085948e-9,0.00010008151002693921,0.0004019294574391097,0.0009093799744732678,0.0016284080920740962,0.0025704328436404467,0.003747295355424285,0.005172513425350189,0.006859778426587582,0.008824762888252735,0.011074570938944817],[4.472260783927595e-9,0.00009912127279676497,0.0003981767513323575,0.0009007484768517315,0.0016136656049638987,0.002547342563048005,0.0037129619158804417,0.0051240138709545135,0.00679456302896142,0.008738696575164795,0.010969470255076885],[1.9783721327826242e-9,0.00009852706716628745,0.00039552131784148514,0.0008949822513386607,0.0016035860171541572,0.002531445352360606,0.003690798534080386,0.005095160100609064,0.006758724804967642,0.008691939525306225,0.010914173908531666]]}