{"training_accuracies":[],"attacked_training_accuracies":[],"kl_over_time":[],"validation_accuracy":[0.4207235872745514,0.4207235872745514,0.4207235872745514],"attacked_validation_accuracy":[0.26735761761665344,0.25803130865097046,0.2549225389957428],"validation_kl_over_time":[[1.2449949959858486e-9,0.00003431085133343004,0.00013781436427962035,0.00031149646383710206,0.0005572669324465096,0.0008778234478086233,0.0012758224038407207,0.0017561917193233967,0.0023202882148325443,0.0029728426598012447,0.0037177863996475935],[5.063380825731656e-10,0.00003381915666977875,0.00013556767953559756,0.00030642139608971775,0.0005480932304635644,0.0008631022647023201,0.0012541632167994976,0.001724736182950437,0.0022801507730036974,0.002920676488429308,0.0036520680878311396],[1.5785978080273821e-9,0.00003406549512874335,0.00013663714344147593,0.00030873538344167173,0.0005521621205843985,0.0008698506862856448,0.0012644645757973194,0.0017394773894920945,0.0022995544131845236,0.0029452454764395952,0.0036832140758633614]]}