{"training_accuracies":[],"attacked_training_accuracies":[],"kl_over_time":[],"validation_accuracy":[0.4113972783088684,0.4113972783088684,0.4113972783088684],"attacked_validation_accuracy":[0.2839377224445343,0.3222792148590088,0.3243517279624939],"validation_kl_over_time":[[4.4884669314626535e-9,0.00009846379543887451,0.0003951242833863944,0.0008930443436838686,0.0015963444020599127,0.0025123804807662964,0.003649370279163122,0.005017799790948629,0.006628604140132666,0.00848938524723053,0.010617938823997974],[4.4742263227703916e-9,0.00009890769433695823,0.0003967105003539473,0.0008957667741924524,0.001601228374056518,0.002519753063097596,0.0036594700068235397,0.005030193831771612,0.006641683168709278,0.00850518699735403,0.010633199475705624],[3.815347149327408e-9,0.00009834348747972399,0.0003945586795452982,0.0008907208102755249,0.0015920266741886735,0.0025051196571439505,0.0036385110579431057,0.005002422258257866,0.006604891270399094,0.008458376862108707,0.010578385554254055]]}