{"training_accuracies":[0.0],"attacked_training_accuracies":[0.0],"kl_over_time":[[-6.781491634910708e-8,0.000006003974704071879,0.000022919257389730774,0.000050093458412447944,0.00009162761853076518,0.00014065616414882243,0.000202392868231982,0.0002746146928984672,0.00036476878449320793,0.00046327366726472974,0.0005686113727279007]],"validation_accuracy":[0.4207235872745514,0.41243353486061096,0.4113972783088684],"attacked_validation_accuracy":[0.35440316796302795,0.3461131155490875,0.35647568106651306],"validation_kl_over_time":[[1.6960327586801327e-9,0.000012001807590422686,0.00004809203528566286,0.00010846456279978156,0.00019357424753252417,0.0003039630828425288,0.00044007922406308353,0.0006028948118910193,0.000792657257989049,0.0010110546136274934,0.0012590314727276564],[2.1380439640950044e-9,0.000012113642696931493,0.00004856494706473313,0.00010951230797218159,0.00019529803830664605,0.00030650495318695903,0.00044381097541190684,0.0006077059078961611,0.0007993333274498582,0.0010197916999459267,0.0012698188656941056],[1.660568349493019e-9,0.000012205366147099994,0.00004888802141067572,0.00011026870924979448,0.00019652920309454203,0.0003084895433858037,0.00044653285294771194,0.0006117165321484208,0.0008048363961279392,0.0010266805766150355,0.0012774148490279913]]}