{"training_accuracies":[],"attacked_training_accuracies":[],"kl_over_time":[],"validation_accuracy":[0.44870251417160034,0.43523117899894714,0.4383399486541748],"attacked_validation_accuracy":[0.34300434589385986,0.3461131155490875,0.3761645555496216],"validation_kl_over_time":[[3.1028388747245117e-9,0.00009966478683054447,0.0004002930363640189,0.0009064330952242017,0.0016233896603807807,0.002560088410973549,0.0037274672649800777,0.0051382677629590034,0.006804703269153833,0.008739101700484753,0.010961714200675488],[3.6548983839423954e-9,0.0001004255682346411,0.0004035386664327234,0.0009137237793765962,0.0016375185223296285,0.0025838722940534353,0.0037626009434461594,0.0051862807013094425,0.006870203651487827,0.008824202232062817,0.011069236323237419],[4.100287664954294e-9,0.00010015507723437622,0.00040256601641885936,0.000911101175006479,0.0016326246550306678,0.0025758957490324974,0.003750168951228261,0.005170695949345827,0.006845366675406694,0.008794335648417473,0.011027511209249496]]}