{"training_accuracies":[],"attacked_training_accuracies":[],"kl_over_time":[],"validation_accuracy":[0.05284970998764038,0.059067316353321075,0.060103584080934525],"attacked_validation_accuracy":[0.14507782459259033,0.16683952510356903,0.18860122561454773],"validation_kl_over_time":[[2.646914243342735e-9,0.00008592395897721872,0.0003451971570029855,0.0007804256747476757,0.0013967219274491072,0.002200466115027666,0.003199684200808406,0.004403357859700918,0.005818174220621586,0.0074570924043655396,0.009326953440904617],[2.8164268695007877e-9,0.00008510748011758551,0.00034152614534832537,0.0007717788685113192,0.00138089747633785,0.0021751681342720985,0.0031620394438505173,0.004351605661213398,0.00575070409104228,0.007370770908892155,0.009220587089657784],[2.2459782922368277e-9,0.0000843328598421067,0.0003390896017663181,0.00076725595863536,0.0013732695952057838,0.00216499506495893,0.003147907555103302,0.004331907257437706,0.0057273367419838905,0.007342261262238026,0.009185419417917728]]}