{"training_accuracies":[],"attacked_training_accuracies":[],"kl_over_time":[],"validation_accuracy":[0.4207235872745514,0.4207235872745514,0.4207235872745514],"attacked_validation_accuracy":[0.31191664934158325,0.32331547141075134,0.3336780369281769],"validation_kl_over_time":[[2.902660112269473e-9,0.00001692750993242953,0.00006768413004465401,0.000152661043102853,0.00027213760768063366,0.0004268252814654261,0.0006177964387461543,0.0008459698292426765,0.001112289377488196,0.0014184033498167992,0.0017649623332545161],[6.622260517730183e-10,0.000016839943782542832,0.00006741179095115513,0.00015199942572508007,0.000271061435341835,0.00042511284118518233,0.0006156243616715074,0.0008429361041635275,0.001108465134166181,0.001413549529388547,0.0017593958182260394],[1.4424477168262229e-9,0.000017070964531740174,0.00006833943189121783,0.00015414161316584796,0.00027474004309624434,0.0004309742071200162,0.0006237975903786719,0.0008541672141291201,0.0011235758429393172,0.0014330296544358134,0.0017832890152931213]]}