{"training_accuracies":[1.0],"attacked_training_accuracies":[0.0],"kl_over_time":[[2.221935702095834e-8,0.000004389603873278247,0.000018022226868197322,0.00004096767952432856,0.00007292198279174045,0.00011382975935703143,0.00016385232447646558,0.00022321757569443434,0.00028987598489038646,0.00037032391992397606,0.000458877271739766]],"validation_accuracy":[0.4113972783088684,0.41036102175712585,0.4113972783088684],"attacked_validation_accuracy":[0.34507685899734497,0.3626932203769684,0.34093183279037476],"validation_kl_over_time":[[1.948917027760899e-9,0.00000573492206967785,0.00002297565333719831,0.00005181643791729584,0.00009251331357518211,0.00014534860383719206,0.00021067845227662474,0.0002890655305236578,0.00038089454756118357,0.0004867505340371281,0.0006071187672205269],[1.4635720413380682e-9,0.000005694228093489073,0.000022878817617311142,0.000051641811296576634,0.0000921923783607781,0.00014491236652247608,0.00021026092872489244,0.00028860667953267694,0.00038014407618902624,0.00048603181494399905,0.0006062451866455376],[-2.4767674022818653e-10,0.00000571745977140381,0.000022911377527634613,0.00005172965757083148,0.00009234637400368229,0.0001450954150641337,0.0002102811267832294,0.0002884956484194845,0.00038011366268619895,0.0004855990700889379,0.0006058114231564105]]}