{"training_accuracies":[],"attacked_training_accuracies":[],"kl_over_time":[],"validation_accuracy":[0.4227961003780365,0.41243353486061096,0.4134697914123535],"attacked_validation_accuracy":[0.31606167554855347,0.326424241065979,0.3284967541694641],"validation_kl_over_time":[[8.935209905303054e-9,0.0003199871280230582,0.0012899847934022546,0.00293064140714705,0.005277612712234259,0.00837553758174181,0.01228085346519947,0.01706404611468315,0.02279393933713436,0.029541144147515297,0.03738049045205116],[9.152611113449893e-9,0.0003173697623424232,0.0012791213812306523,0.0029044945258647203,0.005227568559348583,0.008295831270515919,0.012159446254372597,0.016886236146092415,0.02254852093756199,0.029219115152955055,0.03695553541183472],[9.18413611827873e-9,0.00031580866198055446,0.001273852656595409,0.002893440192565322,0.0052054584957659245,0.00825765822082758,0.012108642607927322,0.016814643517136574,0.022445809096097946,0.02908325009047985,0.036784578114748]]}