{"training_accuracies":[],"attacked_training_accuracies":[],"kl_over_time":[],"validation_accuracy":[0.4113972783088684,0.4134697914123535,0.4155423045158386],"attacked_validation_accuracy":[0.3046628534793854,0.2839377224445343,0.2974090576171875],"validation_kl_over_time":[[6.724173662320254e-9,0.00031481505720876157,0.0012678217608481646,0.002877146704122424,0.005174432881176472,0.008195632137358189,0.01199380774050951,0.016625061631202698,0.022158414125442505,0.028639767318964005,0.03614567965269089],[9.588323912623764e-9,0.0003153122088406235,0.0012688228162005544,0.002881346270442009,0.005181885790079832,0.008211202919483185,0.012023086659610271,0.01667616330087185,0.0222326647490263,0.028747305274009705,0.03629910200834274],[7.375414945443026e-9,0.00031430093804374337,0.0012655716855078936,0.002873325953260064,0.005165855400264263,0.008184713311493397,0.011979013681411743,0.016606926918029785,0.022126121446490288,0.028600770980119705,0.03609749302268028]]}