{"training_accuracies":[],"attacked_training_accuracies":[],"kl_over_time":[],"validation_accuracy":[0.2818652093410492,0.35854819416999817,0.3917084038257599],"attacked_validation_accuracy":[0.24974124133586884,0.2860102355480194,0.29844531416893005],"validation_kl_over_time":[[3.1106293096883064e-9,0.00003171049684169702,0.00012745277490466833,0.0002881500986404717,0.0005149015923961997,0.000809657562058419,0.0011751858983188868,0.0016131576849147677,0.0021272627636790276,0.002719518030062318,0.003391559701412916],[2.1291841623138907e-9,0.00003152407953166403,0.00012659633648581803,0.0002859910309780389,0.0005109643097966909,0.0008035444770939648,0.0011660009622573853,0.0016010726103559136,0.00211092596873641,0.0026981907431036234,0.00336645171046257],[4.630804073535444e-10,0.000031771429348737,0.00012748711742460728,0.0002880367683246732,0.0005145922768861055,0.0008090920746326447,0.0011733830906450748,0.0016108091222122312,0.0021237570326775312,0.002714466070756316,0.0033859889954328537]]}