{"training_accuracies":[1.0],"attacked_training_accuracies":[0.0],"kl_over_time":[[-9.826752034314268e-8,0.0000037338456877478166,0.00001473549309594091,0.00003304432175355032,0.000058834113588090986,0.00009124026837525889,0.00013307608605828136,0.00018154209828935564,0.00023696120479144156,0.00030287448316812515,0.0003760999534279108]],"validation_accuracy":[0.4207235872745514,0.4207235872745514,0.4207235872745514],"attacked_validation_accuracy":[0.36372947692871094,0.3419680893421173,0.3378230631351471],"validation_kl_over_time":[[2.964680501094108e-9,0.0000034070089895976707,0.00001366777541988995,0.00003091361213591881,0.00005524984953808598,0.00008685637294547632,0.00012595312728080899,0.00017284583009313792,0.00022758622071705759,0.0002905635046772659,0.0003618378541432321],[1.5997994040617414e-9,0.00000342883640769287,0.00001372768292640103,0.00003101406400674023,0.000055373933719238266,0.00008696835720911622,0.00012608167889993638,0.00017289923562202603,0.00022762140724807978,0.0002905154542531818,0.00036179114249534905],[1.332569388168281e-9,0.0000034139161471102852,0.000013701368516194634,0.0000309947099594865,0.00005537186734727584,0.00008702204650035128,0.00012617024185601622,0.0001730068470351398,0.0002276921150041744,0.0002906357403844595,0.0003621212672442198]]}