{"training_accuracies":[0.0],"attacked_training_accuracies":[0.0],"kl_over_time":[[6.743819280785601e-9,0.0000016999821355057065,0.000006896721060911659,0.00001608579077583272,0.00002863523695850745,0.0000458643953606952,0.0000664716208120808,0.00009005024912767112,0.00011719308531610295,0.0001514736213721335,0.00018643206567503512]],"validation_accuracy":[0.41761481761932373,0.41450604796409607,0.4134697914123535],"attacked_validation_accuracy":[0.35647568106651306,0.335750550031662,0.3181341886520386],"validation_kl_over_time":[[2.178793812035451e-9,0.000002936818191301427,0.000011792025361501146,0.000026635194444679655,0.00004754311521537602,0.00007473351433873177,0.00010833523992914706,0.00014850280422251672,0.00019532081205397844,0.00024906222824938595,0.0003100339963566512],[3.0669533579441577e-9,0.0000029421669296425534,0.000011773801816161722,0.000026570538466330618,0.00004744013131130487,0.00007454104343196377,0.00010797219147207215,0.0001479503116570413,0.00019462249474599957,0.0002481095143593848,0.0003088081139139831],[1.7513626104914692e-9,0.000002922088242485188,0.000011701600669766776,0.000026407718905829825,0.00004716032708529383,0.0000740353498258628,0.00010721600847318769,0.0001468190021114424,0.00019303569570183754,0.00024619733449071646,0.000306298810755834]]}