{"training_accuracies":[0.0],"attacked_training_accuracies":[0.0],"kl_over_time":[[-2.124634335132214e-8,0.0000028907259093102766,0.00001166631409432739,0.000027278641937300563,0.00004936146069667302,0.00007664944132557139,0.00010961508087348193,0.0001513441966380924,0.0001967130956472829,0.00025059730978682637,0.00032034862670116127]],"validation_accuracy":[0.4113972783088684,0.4113972783088684,0.4113972783088684],"attacked_validation_accuracy":[0.35440316796302795,0.3512943983078003,0.3398955762386322],"validation_kl_over_time":[[4.1418005136684144e-10,0.0000076030496529710945,0.000030435177905019373,0.00006860818393761292,0.0001222069258801639,0.00019155512563884258,0.0002766767283901572,0.0003783400752581656,0.0004964482504874468,0.0006311326869763434,0.000782920338679105],[-9.38291777607958e-10,0.000007625128091603983,0.00003049279621336609,0.00006869364733574912,0.0001222732971655205,0.00019158086797688156,0.00027670961571857333,0.00037801993312314153,0.0004960341029800475,0.0006307214498519897,0.0007825511856935918],[1.0189998844722936e-9,0.00000774054933572188,0.000030970022635301575,0.00006977396697038785,0.00012421952851582319,0.00019460458133835346,0.00028110359562560916,0.00038413688889704645,0.0005038460367359221,0.0006405604653991759,0.0007944070384837687]]}