{"training_accuracies":[],"attacked_training_accuracies":[],"kl_over_time":[],"validation_accuracy":[0.44870251417160034,0.43523117899894714,0.4383399486541748],"attacked_validation_accuracy":[0.33471429347991943,0.3512943983078003,0.33678680658340454],"validation_kl_over_time":[[3.034164697268693e-9,0.00009958984446711838,0.0004002598871011287,0.0009060348384082317,0.0016234844224527478,0.0025612730532884598,0.003728389972820878,0.005138646811246872,0.006803310941904783,0.008736644871532917,0.010955163277685642],[4.8764636773057646e-9,0.0000999844996840693,0.00040237430948764086,0.0009106729412451386,0.00163154280744493,0.002574178157374263,0.0037491493858397007,0.0051664491184055805,0.006840769201517105,0.008787679485976696,0.011017760261893272],[3.0248632487683835e-9,0.00009967524965759367,0.00040040109888650477,0.0009064946789294481,0.0016234407667070627,0.00256038224324584,0.003727899631485343,0.005137739237397909,0.006802252493798733,0.008735905401408672,0.010953079909086227]]}