{"training_accuracies":[],"attacked_training_accuracies":[],"kl_over_time":[],"validation_accuracy":[0.40414348244667053,0.38549086451530457,0.37512829899787903],"attacked_validation_accuracy":[0.32538798451423645,0.34818562865257263,0.3202067017555237],"validation_kl_over_time":[[2.847276636686047e-9,0.000016296622561640106,0.00006536983710248023,0.0001479202910559252,0.00026456889463588595,0.00041667415644042194,0.0006058072904124856,0.0008331952267326415,0.0011008386500179768,0.0014102779095992446,0.0017632629023864865],[2.159483258878936e-9,0.00001604458157089539,0.00006436309195123613,0.0001454706653021276,0.0002601032319944352,0.00040972334682010114,0.0005954698426648974,0.0008190610096789896,0.0010817769216373563,0.0013864674838259816,0.0017330662813037634],[2.4911561702367635e-9,0.00001609862010809593,0.0000646134139969945,0.00014605744217988104,0.0002614970726426691,0.00041167312883771956,0.0005984589224681258,0.0008231473038904369,0.0010872908169403672,0.0013925088569521904,0.0017411995213478804]]}