{"training_accuracies":[],"attacked_training_accuracies":[],"kl_over_time":[],"validation_accuracy":[0.43315866589546204,0.42383235692977905,0.4227961003780365],"attacked_validation_accuracy":[0.37512829899787903,0.3647657334804535,0.3606207072734833],"validation_kl_over_time":[[1.6409027470132287e-9,0.000011867235116369557,0.00004754088877234608,0.00010733468661783263,0.00019177839567419142,0.000301027117529884,0.0004362677864264697,0.0005981628783047199,0.0007879656623117626,0.0010068637784570456,0.001254880684427917],[3.1991609361625706e-9,0.00001181721017928794,0.00004737013659905642,0.00010705595195759088,0.00019112259906250983,0.0003002416924573481,0.0004352226678747684,0.0005967257893644273,0.0007858877070248127,0.0010036948369815946,0.0012505924096331],[3.5113298935129933e-9,0.000011835294571937993,0.00004748459832626395,0.00010725866013672203,0.0001914951135404408,0.0003007057821378112,0.0004359838494565338,0.0005977811524644494,0.0007870444096624851,0.0010051702847704291,0.0012529196683317423]]}