{"training_accuracies":[],"attacked_training_accuracies":[],"kl_over_time":[],"validation_accuracy":[0.3979259431362152,0.3689107596874237,0.36580199003219604],"attacked_validation_accuracy":[0.32953301072120667,0.32746049761772156,0.34093183279037476],"validation_kl_over_time":[[1.7326035051112854e-9,0.00001611530751688406,0.0000646571206743829,0.0001461046631447971,0.0002614010882098228,0.00041164085268974304,0.0005981485592201352,0.0008225996280089021,0.0010861677583307028,0.001391377067193389,0.0017388310516253114],[2.536535426145292e-9,0.000015855512174312025,0.0000635299802524969,0.0001435823505744338,0.0002566945331636816,0.00040416073170490563,0.0005872397450730205,0.0008075885707512498,0.0010662489803507924,0.0013656371738761663,0.0017069047316908836],[-1.994301390695341e-9,0.000015813178833923303,0.00006345702422549948,0.00014355748135130852,0.0002569252101238817,0.0004047050606459379,0.0005879467353224754,0.0008082297863438725,0.001067540142685175,0.0013672864297404885,0.0017093103379011154]]}