{"training_accuracies":[1.0],"attacked_training_accuracies":[0.0],"kl_over_time":[[-6.289422316285709e-9,0.000002900481149481493,0.000011499081665533595,0.000025843435651040636,0.00004645040462492034,0.00007248526526382193,0.0001040188071783632,0.00014265273057390004,0.00018727844872046262,0.0002393523755017668,0.00029528647428378463]],"validation_accuracy":[0.4134697914123535,0.4113972783088684,0.41243353486061096],"attacked_validation_accuracy":[0.33471429347991943,0.3730557858943939,0.3326417803764343],"validation_kl_over_time":[[7.391414702517807e-10,0.0000033366877687512897,0.000013401591786532663,0.000030277040423243307,0.00005405066258390434,0.00008481884287903085,0.00012291473103687167,0.0001683846494415775,0.00022160104708746076,0.00028274496435187757,0.0003524223284330219],[1.1393225252120942e-9,0.0000033534249723743415,0.000013449312973534688,0.00003035939334949944,0.000054177598940441385,0.00008511530177202076,0.00012322743714321405,0.00016897967725526541,0.0002223472693003714,0.0002838359505403787,0.00035369154647924006],[3.735543430138932e-9,0.000003351312670929474,0.000013460118680086453,0.00003036555426660925,0.00005418061118689366,0.00008499222167301923,0.0001230870111612603,0.0001686731120571494,0.00022193531913217157,0.000283241766737774,0.00035282620228827]]}