{"training_accuracies":[],"attacked_training_accuracies":[],"kl_over_time":[],"validation_accuracy":[0.4207235872745514,0.4207235872745514,0.4207235872745514],"attacked_validation_accuracy":[0.25181376934051514,0.2642488479614258,0.2611400783061981],"validation_kl_over_time":[[1.0231750557920805e-8,0.00032760691829025745,0.0013194524217396975,0.002993163652718067,0.005382781848311424,0.008535242639482021,0.012511959299445152,0.017380183562636375,0.023209579288959503,0.030078105628490448,0.03806951269507408],[8.835975506826799e-9,0.0003241616068407893,0.0013080326607450843,0.002966580679640174,0.0053376369178295135,0.00846791174262762,0.012416183017194271,0.017254415899515152,0.02305048145353794,0.02988840453326702,0.03783306106925011],[1.2430010798425428e-8,0.00032416783506050706,0.0013067959807813168,0.0029646544717252254,0.005333967972546816,0.008459803648293018,0.01240335963666439,0.017229489982128143,0.023009812459349632,0.029839294031262398,0.037765953689813614]]}