{"training_accuracies":[],"attacked_training_accuracies":[],"kl_over_time":[],"validation_accuracy":[0.05492224544286728,0.06321238726377487,0.07772018760442734],"attacked_validation_accuracy":[0.15025918185710907,0.17616596817970276,0.19481885433197021],"validation_kl_over_time":[[2.680699884294313e-9,0.00008670132228871807,0.0003484188055153936,0.0007875767769291997,0.0014092610217630863,0.0022201912943273783,0.003228548914194107,0.004441895056515932,0.0058724419213831425,0.007528508082032204,0.00941664818674326],[2.7367181854032196e-9,0.00008549895574105904,0.0003434547397773713,0.000776869070250541,0.001389993354678154,0.0021899461280554533,0.003183484310284257,0.004382345359772444,0.005792679730802774,0.007424928247928619,0.009287748485803604],[2.7947295588859333e-9,0.00008501613046973944,0.00034128892002627254,0.0007717832340858877,0.0013808757066726685,0.0021754042245447636,0.0031621898524463177,0.004351169336587191,0.005751016549766064,0.007370329461991787,0.009217116981744766]]}