{"training_accuracies":[],"attacked_training_accuracies":[],"kl_over_time":[],"validation_accuracy":[0.10362697392702103,0.2549225389957428,0.37512829899787903],"attacked_validation_accuracy":[0.18963749706745148,0.2227981835603714,0.26528510451316833],"validation_kl_over_time":[[2.23834506485332e-9,0.00009017235424835235,0.00036236312007531524,0.0008199996664188802,0.0014694032724946737,0.0023180958814918995,0.0033763903193175793,0.004654425196349621,0.006164946127682924,0.007920609787106514,0.009937584400177002],[1.2600779308868937e-9,0.00009053049143403769,0.0003636954352259636,0.0008228725637309253,0.0014749274123460054,0.002327393041923642,0.0033893021754920483,0.004673021845519543,0.0061882780864834785,0.007951484993100166,0.009975180961191654],[1.8005796853515221e-9,0.00009020448487717658,0.0003623992670327425,0.000820083892904222,0.0014693904668092728,0.0023181464057415724,0.003375385655090213,0.004653886891901493,0.006164659280329943,0.00792021956294775,0.009937053546309471]]}