{"training_accuracies":[],"attacked_training_accuracies":[],"kl_over_time":[],"validation_accuracy":[0.41968733072280884,0.41968733072280884,0.4207235872745514],"attacked_validation_accuracy":[0.2611400783061981,0.25803130865097046,0.27150264382362366],"validation_kl_over_time":[[-8.671782736335842e-10,0.000012417510333762038,0.00004973455361323431,0.00011221409658901393,0.00020007308921776712,0.0003138832689728588,0.000454152439488098,0.0006214806344360113,0.0008168057538568974,0.0010401163017377257,0.0012928450014442205],[1.992471743150759e-9,0.000012543835509859491,0.00005030443935538642,0.00011357947369106114,0.00020265468629077077,0.00031789325294084847,0.0004599869134835899,0.0006293266196735203,0.0008270669495686889,0.0010530962608754635,0.0013088920386508107],[2.438062252085871e-10,0.000012325664101808798,0.000049363345169695094,0.0001114516198867932,0.00019873965356964618,0.00031181564554572105,0.0004512459854595363,0.0006174407317303121,0.0008112963405437768,0.0010335722472518682,0.0012851384235545993]]}