{"training_accuracies":[0.0],"attacked_training_accuracies":[0.0],"kl_over_time":[[2.7548274772470904e-8,0.000003920817107427865,0.00001693109152256511,0.00003987851596320979,0.00007343982724705711,0.00011717304005287588,0.00017278676386922598,0.000238087450270541,0.0003152148565277457,0.0004022487555630505,0.0005055895308032632]],"validation_accuracy":[0.2528500258922577,0.3440406024456024,0.3689107596874237],"attacked_validation_accuracy":[0.22797954082489014,0.2746114134788513,0.29637280106544495],"validation_kl_over_time":[[-3.1960403767961054e-10,0.000004624046596291009,0.00001853796129580587,0.00004180709584034048,0.00007458322943421081,0.00011696892761392519,0.0001691801444394514,0.00023135282390285283,0.0003036117705050856,0.000386522791814059,0.0004799782473128289],[2.9055899908314586e-9,0.000004615606030711206,0.000018464872482581995,0.00004159544187132269,0.00007417635060846806,0.0001163043052656576,0.00016821440658532083,0.00022989441640675068,0.00030171830439940095,0.0003840248682536185,0.0004769850929733366],[4.001460052194261e-9,0.000004608154085872229,0.000018431239368510433,0.000041592735215090215,0.00007419148460030556,0.00011629177606664598,0.0001681691937847063,0.00023000322107691318,0.000301998108625412,0.0003843593876808882,0.0004774695844389498]]}