{"training_accuracies":[],"attacked_training_accuracies":[],"kl_over_time":[],"validation_accuracy":[0.41450604796409607,0.41761481761932373,0.4186510741710663],"attacked_validation_accuracy":[0.2725389003753662,0.27357515692710876,0.2725389003753662],"validation_kl_over_time":[[1.0074693967965231e-8,0.0003818410914391279,0.0015408520121127367,0.0035002147778868675,0.006303421221673489,0.010010083205997944,0.014697172679007053,0.02044946514070034,0.027358906343579292,0.03550775721669197,0.045000310987234116],[9.864720595942345e-9,0.0003814886440522969,0.0015375027433037758,0.003492422169074416,0.0062859212048351765,0.009978454560041428,0.01465041283518076,0.020372945815324783,0.027243157848715782,0.03535506874322891,0.04479360207915306],[7.111137456661254e-9,0.00038160811527632177,0.0015386861050501466,0.0034937853924930096,0.006288697011768818,0.009983927011489868,0.014658049680292606,0.020389685407280922,0.027267007157206535,0.035391781479120255,0.04483575373888016]]}