{"training_accuracies":[],"attacked_training_accuracies":[],"kl_over_time":[],"validation_accuracy":[0.44870251417160034,0.43523117899894714,0.4383399486541748],"attacked_validation_accuracy":[0.3440406024456024,0.35647568106651306,0.3647657334804535],"validation_kl_over_time":[[5.348862242016139e-9,0.00009924024197971448,0.0003983574570156634,0.0009010948124341667,0.0016138057690113783,0.0025445162318646908,0.0037035648711025715,0.0051048919558525085,0.006760731339454651,0.00868234597146511,0.01088685728609562],[3.419984739849724e-9,0.00009997496817959473,0.0004016915918327868,0.0009093250846490264,0.001628531375899911,0.0025679226964712143,0.0037383981980383396,0.005151945631951094,0.006822291761636734,0.008760550990700722,0.010984838008880615],[1.3449560354317214e-9,0.00010042246140073985,0.0004033695440739393,0.0009133685962297022,0.0016360217705368996,0.0025801549199968576,0.0037571729626506567,0.005179165862500668,0.006858512759208679,0.008806898258626461,0.01104228850454092]]}