{"training_accuracies":[],"attacked_training_accuracies":[],"kl_over_time":[],"validation_accuracy":[0.049740906804800034,0.04352330043911934,0.049740906804800034],"attacked_validation_accuracy":[0.16476698219776154,0.15440426766872406,0.12642493844032288],"validation_kl_over_time":[[1.5154929533522932e-9,0.000011208554496988654,0.00004491444633458741,0.00010143765393877402,0.00018100033048540354,0.000284112204099074,0.0004116036870982498,0.0005638021975755692,0.000741461873985827,0.0009451634250581264,0.001175665413029492],[2.308077728940816e-9,0.00001106448962673312,0.00004437963798409328,0.00010020429181167856,0.00017890988965518773,0.00028102222131565213,0.0004069265560247004,0.0005575079703703523,0.0007334418478421867,0.0009350649197585881,0.001162970089353621],[1.9478090251823232e-9,0.000011138123227283359,0.00004471993452170864,0.00010112139716511592,0.00018065707990899682,0.0002839024527929723,0.00041136908112093806,0.0005636872374452651,0.0007412608247250319,0.0009454545215703547,0.001175943878479302]]}