{"training_accuracies":[],"attacked_training_accuracies":[],"kl_over_time":[],"validation_accuracy":[0.4207235872745514,0.4207235872745514,0.4207235872745514],"attacked_validation_accuracy":[0.3492218852043152,0.36994701623916626,0.35440316796302795],"validation_kl_over_time":[[9.95178250917661e-9,0.000381619407562539,0.0015352561604231596,0.0034807135816663504,0.006249082274734974,0.009888505563139915,0.014450617134571075,0.020007353276014328,0.02661411464214325,0.0343560054898262,0.043297600001096725],[1.1778751307645052e-8,0.0003811546484939754,0.0015343419509008527,0.0034811049699783325,0.0062516857869923115,0.009892599657177925,0.01446510385721922,0.02002733387053013,0.026652364060282707,0.034408681094646454,0.04336739331483841],[9.709204995544951e-9,0.00038900383515283465,0.0015664425445720553,0.00355410180054605,0.006385326851159334,0.010105610825121403,0.014779581688344479,0.020472319796681404,0.027244364842772484,0.03518247976899147,0.04435718432068825]]}