{"training_accuracies":[],"attacked_training_accuracies":[],"kl_over_time":[],"validation_accuracy":[0.4134697914123535,0.41450604796409607,0.4155423045158386],"attacked_validation_accuracy":[0.2901552617549896,0.30777162313461304,0.31606167554855347],"validation_kl_over_time":[[1.6665012703143134e-9,0.000028339747586869635,0.00011375690519344062,0.00025731910136528313,0.0004601694527082145,0.0007246183813549578,0.001051967847160995,0.0014457576908171177,0.0019080910133197904,0.0024411261547356844,0.003047781530767679],[2.4547959220910798e-9,0.00002845167909981683,0.00011419720976846293,0.0002583483583293855,0.00046220660442486405,0.0007275279494933784,0.0010560305090621114,0.001451154239475727,0.0019142634700983763,0.0024490165524184704,0.0030561082530766726],[1.982009667500506e-9,0.00002863504232664127,0.00011485898721730337,0.00025993090821430087,0.00046500583994202316,0.0007319990545511246,0.001063131378032267,0.0014607568737119436,0.001927525270730257,0.0024662064388394356,0.0030795999336987734]]}