{"training_accuracies":[0.0],"attacked_training_accuracies":[0.0],"kl_over_time":[[1.2885667644013665e-8,0.00000411324708693428,0.000015611132766935043,0.00003494039992801845,0.0000614999735262245,0.00009652239532442763,0.00013925241364631802,0.0001897840411402285,0.00025142772938124835,0.0003226564440410584,0.0004002017667517066]],"validation_accuracy":[0.2528500258922577,0.3440406024456024,0.3689107596874237],"attacked_validation_accuracy":[0.2507775127887726,0.2704663872718811,0.30984413623809814],"validation_kl_over_time":[[-1.0562772878586202e-10,0.0000046170844143489376,0.000018482212908565998,0.00004167842780589126,0.00007433442078763619,0.00011653968977043405,0.0001684491871856153,0.00023035802587401122,0.0003023729077540338,0.00038489006692543626,0.000477906025480479],[5.095572852553687e-10,0.000004594671281665796,0.000018395201550447382,0.000041483832319499925,0.00007399157038889825,0.00011604332394199446,0.00016787400818429887,0.00022958102636039257,0.0003014654794242233,0.0003836863616015762,0.0004763256583828479],[1.8678589785992017e-9,0.000004621190782927442,0.000018518119759391993,0.000041786122892517596,0.00007445999654009938,0.00011683405318763107,0.0001689775672275573,0.00023108762979973108,0.0003033821121789515,0.000386149826226756,0.0004795570857822895]]}