{"training_accuracies":[1.0],"attacked_training_accuracies":[1.0],"kl_over_time":[[4.383793950069048e-8,0.000004369661382952472,0.000016473932191729546,0.00003662789094960317,0.00006515900895465165,0.00010365532216383144,0.0001484179956605658,0.00020392001897562295,0.0002656396827660501,0.00033558689756318927,0.0004200006078463048]],"validation_accuracy":[0.4227961003780365,0.42175984382629395,0.42175984382629395],"attacked_validation_accuracy":[0.32331547141075134,0.3202067017555237,0.31191664934158325],"validation_kl_over_time":[[1.6014756187843204e-9,0.00000434383127867477,0.000017382959413225763,0.000039179023588076234,0.00006981965998420492,0.00010940520587610081,0.00015806296141818166,0.00021595510770566761,0.00028326004394330084,0.00036010477924719453,0.00044678515405394137],[2.510344432327116e-10,0.000004350283234089147,0.000017408065104973502,0.00003921823008568026,0.00006987309461692348,0.00010954592289635912,0.00015827843162696809,0.00021630554692819715,0.00028367736376821995,0.0003606764366850257,0.00044754581176675856],[3.0310325360716206e-9,0.0000043437980821181554,0.00001736639387672767,0.000039112088416004553,0.00006965942884562537,0.00010919931810349226,0.00015778339002281427,0.00021562307665590197,0.0002827538410201669,0.00035957765066996217,0.00044612056808546185]]}