{"training_accuracies":[],"attacked_training_accuracies":[],"kl_over_time":[],"validation_accuracy":[0.049740906804800034,0.04352330043911934,0.047668371349573135],"attacked_validation_accuracy":[0.16476698219776154,0.1533679962158203,0.13471511006355286],"validation_kl_over_time":[[6.033187283094321e-10,0.000011179124157933984,0.00004479879135033116,0.00010120543447555974,0.00018067096243612468,0.0002836217754520476,0.00041083068936131895,0.0005628972430713475,0.00074028066592291,0.000943739723879844,0.0011737322201952338],[1.7972389132481226e-9,0.000011074207577621564,0.000044450567656895146,0.00010037275933427736,0.00017921649850904942,0.0002815305779222399,0.0004077443736605346,0.0005586995393969119,0.0007348769577220082,0.0009369151666760445,0.00116544624324888],[4.1712371334767795e-9,0.000011115007509943098,0.00004454120426089503,0.00010054317681351677,0.00017957038653548807,0.0002820256631821394,0.00040851347148418427,0.0005598082207143307,0.000736071786377579,0.0009384623263031244,0.001167290029115975]]}