{"training_accuracies":[0.0],"attacked_training_accuracies":[0.0],"kl_over_time":[[-2.124634335132214e-8,0.0000028907259093102766,0.000011740536137949675,0.000027337897336110473,0.00004933258969685994,0.00007662120333407074,0.00010961513180518523,0.0001513441966380924,0.0001967130956472829,0.0002505966695025563,0.00032034862670116127]],"validation_accuracy":[0.4113972783088684,0.4113972783088684,0.4113972783088684],"attacked_validation_accuracy":[0.35440316796302795,0.35025814175605774,0.3398955762386322],"validation_kl_over_time":[[-1.826560985795922e-10,0.0000075978423410560936,0.000030412920750677586,0.00006855993706267327,0.00012211578723508865,0.00019141138182021677,0.0002764555101748556,0.0003780253464356065,0.000496033753734082,0.000630620343144983,0.0007822752231732011],[-1.6479942965830219e-9,0.000007623603323736461,0.00003049410406674724,0.00006869161006761715,0.0001222595601575449,0.00019155289919581264,0.00027666721143759787,0.0003779529361054301,0.0004959295620210469,0.0006305783172138035,0.0007823857595212758],[1.1848795278268653e-9,0.000007742211892036721,0.000030956001864979044,0.00006972903065616265,0.00012413031072355807,0.00019443836936261505,0.0002808435820043087,0.0003837709955405444,0.0005033347988501191,0.0006398410187102854,0.0007934843888506293]]}