{"training_accuracies":[],"attacked_training_accuracies":[],"kl_over_time":[],"validation_accuracy":[0.4207235872745514,0.4207235872745514,0.4207235872745514],"attacked_validation_accuracy":[0.31917044520378113,0.31398916244506836,0.32746049761772156],"validation_kl_over_time":[[9.964765679271181e-10,0.00001703165253275074,0.00006820263661211357,0.00015372979396488518,0.0002740094787441194,0.0004297328705433756,0.0006218915805220604,0.0008514321525581181,0.0011198236607015133,0.00142773799598217,0.001776214106939733],[2.6852861600978883e-10,0.00001697162224445492,0.00006794879300286993,0.00015316678036469966,0.00027310632867738605,0.00042816446512006223,0.0006197582115419209,0.0008485992439091206,0.00111599441152066,0.0014230615925043821,0.0017705752979964018],[1.967242591049967e-9,0.000017119924450526014,0.00006863207090646029,0.00015476832049898803,0.0002759900235105306,0.0004329280636738986,0.0006265933043323457,0.0008581301663070917,0.0011284375796094537,0.0014390932628884912,0.0017910650931298733]]}