{"training_accuracies":[],"attacked_training_accuracies":[],"kl_over_time":[],"validation_accuracy":[0.4207235872745514,0.4207235872745514,0.4207235872745514],"attacked_validation_accuracy":[0.2932640314102173,0.3461131155490875,0.3305692672729492],"validation_kl_over_time":[[3.2586267018075432e-9,0.00010135533375432715,0.0004068228299729526,0.0009211832657456398,0.0016505452804267406,0.002604900626465678,0.003798155812546611,0.005241714883595705,0.00695412140339613,0.00894992146641016,0.011242707259953022],[1.6561786386759536e-9,0.0001015797388390638,0.00040768159669823945,0.0009221453801728785,0.0016516844043508172,0.0026057951617985964,0.003798130201175809,0.005241692997515202,0.006950643379241228,0.008942527696490288,0.011231011711061],[7.3621362339792995e-9,0.00010232815839117393,0.0004109138681087643,0.0009295032359659672,0.0016644267598167062,0.002625649096444249,0.0038267611525952816,0.005280214361846447,0.007001523394137621,0.009005176834762096,0.011310026049613953]]}