{"training_accuracies":[0.0],"attacked_training_accuracies":[0.0],"kl_over_time":[[4.63621319113372e-8,0.00000871726206241874,0.000034270375181222335,0.00007697274850215763,0.00013916184252593666,0.0002158136194339022,0.00031072532874532044,0.00042508289334364235,0.0005594298709183931,0.000714089022949338,0.0008802673546597362]],"validation_accuracy":[0.43523117899894714,0.42383235692977905,0.4248686134815216],"attacked_validation_accuracy":[0.38134583830833435,0.3398955762386322,0.34818562865257263],"validation_kl_over_time":[[6.463167223635935e-10,0.000008479838470520917,0.00003398744956939481,0.00007678522524656728,0.00013726294855587184,0.0002158491115551442,0.0003130075929220766,0.00042933644726872444,0.0005655813729390502,0.0007219489198178053,0.0008992203511297703],[-1.3086041139587223e-9,0.000008492657798342407,0.0000340340229740832,0.00007686117169214413,0.0001373628620058298,0.00021599936007987708,0.0003132208075840026,0.00042957119876518846,0.0005655474960803986,0.0007215589284896851,0.000899157312233001],[1.520300725588175e-11,0.000008380588042200543,0.00003374310108483769,0.0000762136623961851,0.00013627210864797235,0.00021421407291200012,0.00031053132261149585,0.0004258676490280777,0.000560796121135354,0.0007156343781389296,0.0008914864738471806]]}