{"training_accuracies":[0.46000000834465027,0.41999998688697815,0.5,0.5099999904632568,0.47999998927116394,0.49000000953674316],"attacked_training_accuracies":[0.3499999940395355,0.4099999964237213,0.5099999904632568,0.5,0.46000000834465027,0.46000000834465027],"kl_over_time":[[2.635247575710764e-9,0.0000035118846426485106,0.000014508359527098946,0.00003308721716166474,0.00005933137799729593,0.00009341325494460762,0.00013508586562238634,0.00018498777353670448,0.000242763344431296,0.00030961778247728944,0.00038515101186931133],[-3.3183862324648317e-9,0.0000039404862945957575,0.000015878988051554188,0.00003589409971027635,0.00006453045352827758,0.00010155584459425882,0.00014707588707096875,0.00020237683202140033,0.00026660150615498424,0.0003398578555788845,0.0004231289785820991],[-2.1481374457010816e-9,0.0000028562658371811267,0.000011285910659353249,0.000025420535166631453,0.00004539865767583251,0.00007118226494640112,0.00010278206173097715,0.00014145731984172016,0.0001851599372457713,0.00023592612706124783,0.0002928230678662658],[3.4830593964585432e-9,0.0000026336881546740187,0.000010536603440414183,0.000023617221813765354,0.00004176975562586449,0.00006496171408798546,0.0000933273695409298,0.00012660100765060633,0.00016455329023301601,0.0002073856448987499,0.0002555968821980059],[6.050718148742362e-9,0.000002964705345220864,0.00001400989913236117,0.00003344774813740514,0.00006156660674605519,0.00009834771481109783,0.00014318551984615624,0.00019720304408110678,0.00025803802418522537,0.0003270806046202779,0.0004045311943627894],[2.2411654129750325e-11,0.00000342342946169083,0.00001443258224753663,0.000033438736863899976,0.00006087503788876347,0.00009659762872615829,0.00014163879677653313,0.00019564482499845326,0.00026037284987978637,0.00033353950129821897,0.00041680558933876455]],"validation_accuracy":[0.4359505772590637,0.4380231201648712,0.4380231201648712,0.4380231201648712,0.4380231201648712,0.4380231201648712,0.4380231201648712,0.4380231201648712,0.4380231201648712,0.4380231201648712,0.4380231201648712,0.4380231201648712,0.4380231201648712,0.4380231201648712,0.4380231201648712,0.4380231201648712,0.4380231201648712,0.4380231201648712,0.4380231201648712,0.4380231201648712,0.4380231201648712,0.4380231201648712,0.4380231201648712,0.4380231201648712,0.4380231201648712,0.4380231201648712,0.4380231201648712,0.4380231201648712,0.4380231201648712,0.4380231201648712,0.4369868338108063,0.4369868338108063,0.4349142909049988,0.4375448226928711,0.4375448226928711,0.43858110904693604,0.4463929831981659,0.4505380690097809,0.45101630687713623,0.45619767904281616,0.4572339355945587,0.46664008498191833,0.46504583954811096,0.4660820960998535,0.46456751227378845,0.470306932926178,0.4781188368797302,0.4791550636291504,0.47811877727508545,0.48074933886528015,0.4838581085205078,0.48282182216644287,0.49430051445961,0.5098445415496826,0.5253885984420776,0.5414906144142151,0.5487445592880249,0.5487444996833801,0.5534475445747375,0.5648465752601624,0.5705061554908752],"attacked_validation_accuracy":[0.23634913563728333,0.3415703773498535,0.3976086378097534,0.2944599390029907,0.3924272656440735,0.3996811509132385,0.3903547525405884,0.43698686361312866,0.37146273255348206,0.44057396054267883,0.41937029361724854,0.42869672179222107,0.4243124723434448,0.42247912287712097,0.43284180760383606,0.42869672179222107,0.4326026439666748,0.4380231499671936,0.42144283652305603,0.43985652923583984,0.4180948734283447,0.4222399890422821,0.43491435050964355,0.43076926469802856,0.4318055212497711,0.42327621579170227,0.43284177780151367,0.43905940651893616,0.4284575581550598,0.44320446252822876,0.4380231201648712,0.425587922334671,0.4149860739707947,0.4263850152492523,0.4525308907032013,0.4396173357963562,0.45205259323120117,0.4484655559062958,0.4388202726840973,0.43985652923583984,0.4511757493019104,0.4530888795852661,0.4618573486804962,0.43913912773132324,0.45021921396255493,0.44527703523635864,0.42742130160331726,0.44711044430732727,0.4455958902835846,0.46911123394966125,0.4483858048915863,0.45771220326423645,0.48497411608695984,0.4502192437648773,0.46998804807662964,0.4798724949359894,0.4701474905014038,0.47532880306243896,0.47740137577056885,0.49916303157806396,0.5016341209411621],