{"training_accuracies":[],"attacked_training_accuracies":[],"kl_over_time":[],"validation_accuracy":[0.4300498962402344,0.42590487003326416,0.4207235872745514],"attacked_validation_accuracy":[0.30777162313461304,0.31917044520378113,0.326424241065979],"validation_kl_over_time":[[8.622106584255107e-9,0.0002626467903610319,0.0010591408936306834,0.0024061002768576145,0.00432952493429184,0.0068653058260679245,0.010058991611003876,0.013958625495433807,0.018629325553774834,0.024126697331666946,0.03051070310175419],[9.121305488690723e-9,0.0002617555146571249,0.0010541470255702734,0.0023922843392938375,0.004301838111132383,0.006818042602390051,0.009982178919017315,0.013849866576492786,0.018470315262675285,0.023906860500574112,0.03022434003651142],[7.015508174390561e-9,0.0002599119034130126,0.0010474097216501832,0.0023788835387676954,0.004280730150640011,0.006784440483897924,0.00994015857577324,0.01379418931901455,0.018403952941298485,0.023832794278860092,0.03013966791331768]]}