{"training_accuracies":[],"attacked_training_accuracies":[],"kl_over_time":[],"validation_accuracy":[0.4207235872745514,0.4207235872745514,0.4207235872745514],"attacked_validation_accuracy":[0.29637280106544495,0.2621763348579407,0.259067565202713],"validation_kl_over_time":[[5.077680942378038e-9,0.00013594496704172343,0.0005468294839374721,0.0012370302574709058,0.0022154860198497772,0.0034916652366518974,0.005078559275716543,0.0069923801347613335,0.009246296249330044,0.011859380640089512,0.014845248311758041],[5.542468706210002e-9,0.0001374011771986261,0.0005517823155969381,0.001248002052307129,0.002235207473859191,0.003521554172039032,0.005122367292642593,0.007049632258713245,0.009321052581071854,0.011953577399253845,0.014961314387619495],[2.9901756626316e-9,0.0001355645654257387,0.0005446237046271563,0.001232061185874045,0.0022065029479563236,0.0034777484834194183,0.005059341434389353,0.006966224405914545,0.009211430326104164,0.011812769807875156,0.014788860455155373]]}