{"training_accuracies":[],"attacked_training_accuracies":[],"kl_over_time":[],"validation_accuracy":[0.2953365445137024,0.3129529058933258,0.32538798451423645],"attacked_validation_accuracy":[0.3046628534793854,0.3243517279624939,0.32331547141075134],"validation_kl_over_time":[[1.627843415619168e-9,0.000005674017756973626,0.000022709675249643624,0.00005131858779350296,0.00009170632984023541,0.00014410135918296874,0.00020902791584376246,0.00028674243367277086,0.00037813361268490553,0.0004833431157749146,0.0006037706043571234],[1.7877651581343912e-9,0.0000055771115512470715,0.000022340775103657506,0.000050472030125092715,0.00009029275679495186,0.00014196337724570185,0.00020603236043825746,0.00028264045249670744,0.0003727779840119183,0.00047654964146204293,0.0005952518549747765],[3.4805940352100606e-9,0.0000056131125347747,0.000022540561985806562,0.00005095640153740533,0.00009122270421357825,0.0001434964215150103,0.00020827638218179345,0.00028600613586604595,0.00037705953582189977,0.000482576695503667,0.0006024161702953279]]}