{"training_accuracies":[],"attacked_training_accuracies":[],"kl_over_time":[],"validation_accuracy":[0.4207235872745514,0.4186510741710663,0.4207235872745514],"attacked_validation_accuracy":[0.2621763348579407,0.26010382175445557,0.27875643968582153],"validation_kl_over_time":[[3.0121536376270797e-9,0.00000742821021049167,0.00002978562406497076,0.00006725903222104535,0.000120172968308907,0.00018900111899711192,0.00027407234301790595,0.00037621002411469817,0.0004956998163834214,0.0006331237382255495,0.0007889033877290785],[2.6456119517348498e-9,0.000007381983323284658,0.000029641763831023127,0.00006689517613267526,0.000119591953989584,0.00018805524450726807,0.0002727307437453419,0.0003743268607649952,0.000492998689878732,0.0006297312793321908,0.0007848016684874892],[5.3708584246692226e-9,0.000007408830242638942,0.000029664173780474812,0.00006701429811073467,0.00011973571236012504,0.0001883401273516938,0.00027318487991578877,0.0003748601011466235,0.0004936301847919822,0.0006306114373728633,0.0007859728066250682]]}