{"training_accuracies":[0.0],"attacked_training_accuracies":[0.0],"kl_over_time":[[2.2161740886872394e-8,0.000004985331088391831,0.000020878627765341662,0.0000473366271762643,0.0000842617082525976,0.00013359461445361376,0.00019426811195444316,0.0002676010481081903,0.0003511357062961906,0.00044201596756465733,0.0005486806039698422]],"validation_accuracy":[0.4113972783088684,0.41243353486061096,0.4113972783088684],"attacked_validation_accuracy":[0.3533669114112854,0.35854819416999817,0.37512829899787903],"validation_kl_over_time":[[1.319845122083052e-9,0.00000550968843526789,0.000022031570551916957,0.00004969399014953524,0.00008857173088472337,0.0001386769290547818,0.0002002595574595034,0.00027356410282664,0.0003588902181945741,0.0004562150570563972,0.0005660037277266383],[8.376146998223533e-10,0.000005560621957556577,0.00002221936301793903,0.00005004759077564813,0.00008914215140976012,0.00013958818453829736,0.00020160061831120402,0.0002751165593508631,0.00036084852763451636,0.00045856041833758354,0.0005688059609383345],[-9.287908775412745e-10,0.000005573841917794198,0.000022294852897175588,0.0000502572838740889,0.00008952321513788775,0.00014020803791936487,0.0002025251742452383,0.0002764776290860027,0.000362501508789137,0.00046066317008808255,0.0005714513827115297]]}