{"training_accuracies":[],"attacked_training_accuracies":[],"kl_over_time":[],"validation_accuracy":[0.4207235872745514,0.4207235872745514,0.4207235872745514],"attacked_validation_accuracy":[0.34300434589385986,0.32124295830726624,0.3533669114112854],"validation_kl_over_time":[[5.681971337878622e-9,0.00010180586104979739,0.0004080235376022756,0.0009234363096766174,0.0016536518232896924,0.0026075856294482946,0.0038008459378033876,0.005244414322078228,0.006955030374228954,0.0089480672031641,0.011236525140702724],[2.7582369721557143e-9,0.00010169719462282956,0.00040839920984581113,0.0009240595973096788,0.0016553271561861038,0.002612505806609988,0.0038070997688919306,0.005255333613604307,0.006972196511924267,0.008968188427388668,0.011265466921031475],[5.022413152033778e-9,0.00010222387936664745,0.0004099242214579135,0.0009274599724449217,0.0016606898279860616,0.0026190911885350943,0.003816480515524745,0.005265942774713039,0.006981042679399252,0.008981672115623951,0.011279330588877201]]}