{"training_accuracies":[],"attacked_training_accuracies":[],"kl_over_time":[],"validation_accuracy":[0.12331613153219223,0.1637307107448578,0.21243546903133392],"attacked_validation_accuracy":[0.22590699791908264,0.24766869843006134,0.22383445501327515],"validation_kl_over_time":[[7.1201426976585935e-9,0.0003514424024615437,0.001417030580341816,0.003219823818653822,0.0058015137910842896,0.009217590093612671,0.01353936642408371,0.018833227455615997,0.02518509328365326,0.03266419097781181,0.04135624319314957],[8.097893022807057e-9,0.00035564976860769093,0.001432608813047409,0.003254309296607971,0.005860252305865288,0.009306701831519604,0.013661662116646767,0.01900196261703968,0.02540195919573307,0.03293484076857567,0.04168214276432991],[9.639474995992714e-9,0.00034734600922092795,0.0013998073991388083,0.003180866362527013,0.005729907192289829,0.009102624841034412,0.013362959958612919,0.01858903281390667,0.024851083755493164,0.03222225606441498,0.04078624024987221]]}