{"training_accuracies":[1.0],"attacked_training_accuracies":[0.0],"kl_over_time":[[-6.289649689961152e-9,0.000002900364734159666,0.000011573238225537352,0.000025828301659203134,0.00004656887904275209,0.00007251413626363501,0.00010409257811261341,0.0001426676317350939,0.00018729241855908185,0.00023943991982378066,0.00029530044412240386]],"validation_accuracy":[0.4134697914123535,0.4113972783088684,0.41243353486061096],"attacked_validation_accuracy":[0.3336780369281769,0.36994701623916626,0.3305692672729492],"validation_kl_over_time":[[2.0403092548804125e-9,0.000003331163497932721,0.00001339285427093273,0.000030254010198405012,0.00005401758971856907,0.00008475557115161791,0.0001228474429808557,0.00016828993102535605,0.00022145017283037305,0.000282616209005937,0.00035227485932409763],[1.4277368176607297e-9,0.0000033421854368498316,0.000013407287951849867,0.000030266181056504138,0.00005401736780186184,0.00008485453872708604,0.0001228604232892394,0.0001684914604993537,0.0002217163419118151,0.0002830357407219708,0.0003527211374603212],[3.3506917240799794e-9,0.0000033512267236801563,0.00001347304987575626,0.000030404249628190883,0.000054262945923255756,0.0000851416407385841,0.0001233108778251335,0.00016900031187105924,0.00022238782548811287,0.00028381115407682955,0.000353612209437415]]}