{"training_accuracies":[],"attacked_training_accuracies":[],"kl_over_time":[],"validation_accuracy":[0.403107225894928,0.41036102175712585,0.4093247652053833],"attacked_validation_accuracy":[0.326424241065979,0.32746049761772156,0.335750550031662],"validation_kl_over_time":[[6.5056604547919505e-9,0.0002477398084010929,0.0009978767484426498,0.0022635655477643013,0.004071165341883898,0.006454906426370144,0.00945814698934555,0.013130741193890572,0.01751505210995674,0.022665301337838173,0.02864481881260872],[7.845343930057425e-9,0.00024677705368958414,0.0009932585526257753,0.0022532944567501545,0.004051501397043467,0.006424451246857643,0.009414509870111942,0.013067064806818962,0.017431678250432014,0.022555511444807053,0.02849663980305195],[9.313323445780952e-9,0.0002441772085148841,0.000982585595920682,0.0022276253439486027,0.004003607202321291,0.006349227856844664,0.009302943013608456,0.012911136262118816,0.01722007803618908,0.022284813225269318,0.02815220318734646]]}