{"training_accuracies":[],"attacked_training_accuracies":[],"kl_over_time":[],"validation_accuracy":[0.4207235872745514,0.4207235872745514,0.4207235872745514],"attacked_validation_accuracy":[0.26528510451316833,0.2424873411655426,0.259067565202713],"validation_kl_over_time":[[1.987072284492797e-9,0.00003478509825072251,0.00013967204722575843,0.000315535522531718,0.0005644648335874081,0.000888823822606355,0.001292061759158969,0.001778140664100647,0.0023497305810451508,0.003010393586009741,0.0037635578773915768],[2.250985176033282e-9,0.00003467339411145076,0.00013925925304647535,0.00031465699430555105,0.0005624809418804944,0.000886221881955862,0.0012880880385637283,0.0017717721639201045,0.002341593848541379,0.0029999606776982546,0.00374972983263433],[2.0530392941253695e-9,0.00003451066368143074,0.00013818559818901122,0.0003121889603789896,0.0005579577409662306,0.0008785341051407158,0.0012765702558681369,0.0017558600520715117,0.002320158062502742,0.002971417037770152,0.0037146962713450193]]}