{"training_accuracies":[],"attacked_training_accuracies":[],"kl_over_time":[],"validation_accuracy":[0.2953365445137024,0.3129529058933258,0.326424241065979],"attacked_validation_accuracy":[0.3067353665828705,0.32331547141075134,0.3243517279624939],"validation_kl_over_time":[[1.7696398790789658e-9,0.000005670989139616722,0.00002269530887133442,0.000051301514758961275,0.0000916856006369926,0.00014409275900106877,0.0002090359921567142,0.0002867711882572621,0.00037813675589859486,0.0004833890707232058,0.0006037409184500575],[2.5893263089216134e-9,0.000005590037289948668,0.000022392885512090288,0.000050583446864038706,0.00009047795174410567,0.0001422483182977885,0.00020645886252168566,0.0002831855381373316,0.00037349070771597326,0.0004774073895532638,0.0005963059957139194],[3.217721866732859e-9,0.000005602262262982549,0.00002249801946163643,0.000050865925004472956,0.00009103713819058612,0.00014321034541353583,0.00020786530512850732,0.0002853992336895317,0.00037632553721778095,0.00048152561066672206,0.0006010347860865295]]}