{"training_accuracies":[1.0],"attacked_training_accuracies":[1.0],"kl_over_time":[[-2.827547262995722e-8,0.000002392867145317723,0.00001044397686200682,0.000023192204025690444,0.00004255649764672853,0.0000673875620122999,0.00009598489850759506,0.0001337432477157563,0.00017391883011441678,0.00022436365543399006,0.0002784632670227438]],"validation_accuracy":[0.4207235872745514,0.4207235872745514,0.4207235872745514],"attacked_validation_accuracy":[0.28704649209976196,0.31917044520378113,0.326424241065979],"validation_kl_over_time":[[3.446792851136138e-9,0.000002724038722590194,0.00001093040918931365,0.00002466397017997224,0.00004406802690937184,0.00006910231604706496,0.00010009542165789753,0.00013685019803233445,0.00017989803745876998,0.00022925536904949695,0.000285054265987128],[-9.710622306258188e-10,0.0000027263088213658193,0.000010919476153503638,0.000024631197447888553,0.0000439401192124933,0.00006892805686220527,0.00009975079592550173,0.0001365307834930718,0.00017936290532816201,0.0002284780639456585,0.00028410449158400297],[2.155374545509403e-9,0.000002749694886006182,0.000011020744750567246,0.00002483598655089736,0.00004427226303960197,0.00006940970342839137,0.00010047401883639395,0.00013746696640737355,0.00018059047579299659,0.0002299943589605391,0.00028607886633835733]]}