{"training_accuracies":[0.0],"attacked_training_accuracies":[0.0],"kl_over_time":[[3.2583653108986255e-8,0.000003881055818055756,0.000015869229173404165,0.00003540403122315183,0.00006396841490641236,0.00009992959530791268,0.0001436722814105451,0.0001953279715962708,0.00025500799529254436,0.00032539039966650307,0.0004014460137113929]],"validation_accuracy":[0.4321224093437195,0.4497387707233429,0.4673551321029663],"attacked_validation_accuracy":[0.3440406024456024,0.36165696382522583,0.3730557858943939],"validation_kl_over_time":[[4.672445097497757e-9,0.000003662745484689367,0.000014680431377200875,0.00003310444299131632,0.000058988101955037564,0.00009238866186933592,0.00013334021787159145,0.00018201339116785675,0.0002384877880103886,0.00030276732286438346,0.0003750954056158662],[4.546994780696423e-9,0.0000036745054785569664,0.000014713175914948806,0.00003315087087685242,0.00005908160892431624,0.00009248562855646014,0.0001335121487500146,0.00018230517162010074,0.00023881492961663753,0.00030316170887090266,0.0003756217483896762],[4.070975556658141e-9,0.000003657006118373829,0.000014636187188443728,0.000032990788895403966,0.000058777575759449974,0.0000920260208658874,0.00013284501619637012,0.00018137134611606598,0.00023759623582009226,0.0003016741538885981,0.00037365546450018883]]}