{"training_accuracies":[1.0],"attacked_training_accuracies":[1.0],"kl_over_time":[[-4.645805073977272e-9,0.00001545860322949011,0.00005797628182335757,0.00013234734069555998,0.00023631549265701324,0.0003682943060994148,0.0005293434369377792,0.0007278030971065164,0.0009588542161509395,0.0012182157952338457,0.0014965578448027372]],"validation_accuracy":[0.4207235872745514,0.4207235872745514,0.4207235872745514],"attacked_validation_accuracy":[0.3461131155490875,0.3689107596874237,0.37720081210136414],"validation_kl_over_time":[[5.788474144452493e-10,0.000011425840057199821,0.000045653046981897205,0.0001027673642965965,0.00018308329163119197,0.0002868934825528413,0.00041440007044002414,0.0005661360919475555,0.0007430615951307118,0.000945155625231564,0.0011731595732271671],[1.7041689170937957e-9,0.000011466158866824117,0.00004585041097016074,0.00010321709123672917,0.00018385692965239286,0.00028816910344175994,0.00041635127854533494,0.0005690839025191963,0.000746523670386523,0.0009493129909969866,0.0011783168883994222],[9.218203422811655e-10,0.00001137991148425499,0.00004560584056889638,0.00010274701344314963,0.00018297514179721475,0.0002866924914997071,0.0004140885721426457,0.0005657683359459043,0.0007418485474772751,0.0009434986277483404,0.0011708909878507257]]}