{"training_accuracies":[],"attacked_training_accuracies":[],"kl_over_time":[],"validation_accuracy":[0.2818652093410492,0.35854819416999817,0.3917084038257599],"attacked_validation_accuracy":[0.27150264382362366,0.2725389003753662,0.29637280106544495],"validation_kl_over_time":[[1.0783643977774204e-9,0.000031690615287516266,0.0001271974906558171,0.0002873120247386396,0.0005133103695698082,0.0008068616734817624,0.001170684234239161,0.0016076172469183803,0.0021193523425608873,0.0027093670796602964,0.0033798071090132],[9.634861797280792e-10,0.0000319029604725074,0.00012801768025383353,0.0002891544718295336,0.0005166397895663977,0.0008122599683701992,0.0011788966367021203,0.0016183264087885618,0.0021336807403713465,0.0027276535984128714,0.003402457572519779],[2.005867694165886e-9,0.0000319410755764693,0.00012808505562134087,0.00028936724993400276,0.0005166874616406858,0.0008119898266158998,0.0011781357461586595,0.0016172592295333743,0.002132517285645008,0.0027260510250926018,0.003399340668693185]]}