{"training_accuracies":[],"attacked_training_accuracies":[],"kl_over_time":[],"validation_accuracy":[0.4227961003780365,0.41761481761932373,0.41761481761932373],"attacked_validation_accuracy":[0.29844531416893005,0.3088078796863556,0.28290146589279175],"validation_kl_over_time":[[1.0414291651272833e-9,0.000009068012332136277,0.00003633433152572252,0.00008191878441721201,0.00014624524919781834,0.00022950838319957256,0.00033223890932276845,0.00045473373029381037,0.0005977132823318243,0.0007616484072059393,0.0009466669871471822],[2.022809697521666e-9,0.000009020616744237486,0.00003617629045038484,0.00008169484499376267,0.0001458179031033069,0.00022879843891132623,0.00033122143941000104,0.0004535405314527452,0.0005960679845884442,0.0007594436756335199,0.0009443038725294173],[-9.315856419611634e-11,0.00000904798162082443,0.00003631140134530142,0.00008198619616450742,0.00014636451669503003,0.00022977533808443695,0.00033280893694609404,0.00045588359353132546,0.0005991721991449594,0.0007634558132849634,0.0009495310368947685]]}