{"training_accuracies":[],"attacked_training_accuracies":[],"kl_over_time":[],"validation_accuracy":[0.1316062957048416,0.175129696726799,0.23212462663650513],"attacked_validation_accuracy":[0.2031090259552002,0.21139919757843018,0.23212462663650513],"validation_kl_over_time":[[7.193563966723104e-9,0.0003542883787304163,0.0014272774569690228,0.0032397557515650988,0.005835195537656546,0.009263832122087479,0.01359760295599699,0.018905319273471832,0.025272615253925323,0.03276756778359413,0.041480157524347305],[9.593348337944008e-9,0.00036079948768019676,0.0014526343438774347,0.003298594383522868,0.005941953044384718,0.00943534355610609,0.013847569935023785,0.019258864223957062,0.025743141770362854,0.03337383270263672,0.04223618656396866],[8.974578413756262e-9,0.0003553215356077999,0.0014323660871014,0.0032530929893255234,0.005858728662133217,0.00930444709956646,0.013657080940902233,0.018997343257069588,0.025408830493688583,0.03296184539794922,0.04173210635781288]]}