{"training_accuracies":[],"attacked_training_accuracies":[],"kl_over_time":[],"validation_accuracy":[0.4652826189994812,0.4766814410686493,0.451811283826828],"attacked_validation_accuracy":[0.30984413623809814,0.3181341886520386,0.32746049761772156],"validation_kl_over_time":[[2.8960895903651362e-9,0.00010153418406844139,0.0004072666051797569,0.0009212603326886892,0.0016496962634846568,0.0026037590578198433,0.0037964365910738707,0.005239691119641066,0.006947746500372887,0.00893411785364151,0.01121486071497202],[2.6608812930817294e-9,0.00010120592196471989,0.00040682655526325107,0.0009200634085573256,0.0016474882140755653,0.002601390006020665,0.003791478928178549,0.0052347332239151,0.006942183710634708,0.008928981609642506,0.011211511678993702],[2.9104569865268104e-9,0.00010056734026875347,0.0004042700456921011,0.0009148260578513145,0.0016382004832848907,0.0025851973332464695,0.0037689111195504665,0.0052027287892997265,0.00689926790073514,0.008871753700077534,0.011135830543935299]]}