{"training_accuracies":[],"attacked_training_accuracies":[],"kl_over_time":[],"validation_accuracy":[0.22383445501327515,0.1854924112558365,0.1637307107448578],"attacked_validation_accuracy":[0.21554428339004517,0.20207275450229645,0.21036292612552643],"validation_kl_over_time":[[7.254919442978291e-10,0.00003971085970988497,0.0001591085019754246,0.000359076977474615,0.0006407816545106471,0.0010066225659102201,0.001458137878216803,0.001997767249122262,0.0026271052192896605,0.0033509593922644854,0.004169654566794634],[9.578936532861348e-10,0.00003960389585699886,0.0001586281432537362,0.00035795217263512313,0.0006389571935869753,0.0010035610757768154,0.0014539026888087392,0.001992136938497424,0.002621182706207037,0.003342311130836606,0.004159110598266125],[5.400161429136574e-10,0.00003937555447919294,0.00015775681822560728,0.0003559285250958055,0.0006350468611344695,0.0009976422879844904,0.00144502695184201,0.0019803415052592754,0.002604785142466426,0.0033213524147868156,0.004134539049118757]]}