{"training_accuracies":[],"attacked_training_accuracies":[],"kl_over_time":[],"validation_accuracy":[0.4113972783088684,0.4113972783088684,0.4113972783088684],"attacked_validation_accuracy":[0.2860102355480194,0.29430028796195984,0.31606167554855347],"validation_kl_over_time":[[4.742650272504534e-9,0.00009721036622067913,0.00039045047014951706,0.0008827351266518235,0.0015776898944750428,0.002484043361619115,0.0036089506465941668,0.0049629793502390385,0.006553126499056816,0.008394677191972733,0.010500719770789146],[2.7962101523115734e-9,0.00009714680345496163,0.0003896937414538115,0.000880169274751097,0.0015740763628855348,0.0024771220050752163,0.00359876430593431,0.004948611371219158,0.006536881439387798,0.008373863995075226,0.01047598384320736],[4.323514435355946e-9,0.00009702340321382508,0.0003894156834576279,0.0008791285217739642,0.0015719569055363536,0.002474382286891341,0.0035942718386650085,0.00494192261248827,0.006528588943183422,0.008363790810108185,0.01046179048717022]]}