{"training_accuracies":[],"attacked_training_accuracies":[],"kl_over_time":[],"validation_accuracy":[0.41761481761932373,0.41761481761932373,0.4207235872745514],"attacked_validation_accuracy":[0.2621763348579407,0.2860102355480194,0.28290146589279175],"validation_kl_over_time":[[3.0540319162497553e-9,0.000019537657863111235,0.00007827001536497846,0.00017681729514151812,0.00031623957329429686,0.0004974168841727078,0.0007220047409646213,0.0009918627329170704,0.0013081892393529415,0.0016735369572415948,0.002088923705741763],[1.69338976174771e-9,0.000019463623175397515,0.00007815914432285354,0.000176783578353934,0.0003162892535328865,0.0004977700882591307,0.000722791301086545,0.0009933338733389974,0.0013107538688927889,0.0016770404763519764,0.002094650873914361],[1.9305507192868276e-10,0.00001926089134940412,0.00007731261575827375,0.00017485096759628505,0.0003126231604255736,0.0004921109066344798,0.0007148500299081206,0.0009820876875892282,0.0012957655126228929,0.0016576112248003483,0.002069785026833415]]}