{"training_accuracies":[0.0],"attacked_training_accuracies":[0.0],"kl_over_time":[[-5.2181974297127454e-8,0.0000017083124248529202,0.000007135608029784635,0.0000159116207214538,0.000028528211259981617,0.00004476812682696618,0.00006658168422291055,0.00009024408791447058,0.00011962341523030773,0.00015284851542674005,0.00018987839575856924]],"validation_accuracy":[0.4165785610675812,0.41450604796409607,0.4134697914123535],"attacked_validation_accuracy":[0.3492218852043152,0.33471429347991943,0.31398916244506836],"validation_kl_over_time":[[1.6637905497773886e-9,0.000002902166215790203,0.000011666777027130593,0.000026387460820842534,0.000047160483518382534,0.00007410406396957114,0.0001074388565029949,0.00014735978038515896,0.00019386730855330825,0.0002473164931870997,0.00030792877078056335],[2.255110986837394e-9,0.0000029152504339435836,0.000011693872693285812,0.0000263867768808268,0.000047172230551950634,0.00007408861711155623,0.00010733909584814683,0.0001471029972890392,0.00019344537577126175,0.00024675013264641166,0.0003071381361223757],[8.794879269302669e-10,0.0000028806286991311936,0.000011564727174118161,0.00002610575575090479,0.00004664248262997717,0.00007326693594222888,0.0001060602517100051,0.00014530823682434857,0.00019117206102237105,0.00024374996428377926,0.00030327230342663825]]}