{"training_accuracies":[],"attacked_training_accuracies":[],"kl_over_time":[],"validation_accuracy":[0.41036102175712585,0.41036102175712585,0.41036102175712585],"attacked_validation_accuracy":[0.29222777485847473,0.326424241065979,0.3730557858943939],"validation_kl_over_time":[[7.515098765509265e-9,0.00025490522966720164,0.001026125275529921,0.0023281758185476065,0.004188187886029482,0.006640448700636625,0.009727247059345245,0.013496868312358856,0.018005026504397392,0.023295341059565544,0.02942303754389286],[8.93646667776693e-9,0.0002533557126298547,0.0010192992631345987,0.0023117950186133385,0.00415680231526494,0.006588716991245747,0.009651110507547855,0.013394265435636044,0.01785973832011223,0.02310127578675747,0.02917569875717163],[6.675793251531559e-9,0.00025325155002065003,0.0010215488728135824,0.0023176386021077633,0.004169093910604715,0.006611979100853205,0.009688942693173885,0.013449194841086864,0.017940673977136612,0.023211633786559105,0.029319988563656807]]}