{"training_accuracies":[],"attacked_training_accuracies":[],"kl_over_time":[],"validation_accuracy":[0.4207235872745514,0.4207235872745514,0.4207235872745514],"attacked_validation_accuracy":[0.32538798451423645,0.3284967541694641,0.3378230631351471],"validation_kl_over_time":[[8.219903091521985e-10,0.00004133627226110548,0.00016560965741518885,0.00037383168819360435,0.000667012354824692,0.0010467753745615482,0.001516301417723298,0.0020773899741470814,0.002733317669481039,0.0034876938443630934,0.004343666601926088],[2.1770454328162714e-9,0.00004170397005509585,0.00016712451179046184,0.0003773685311898589,0.0006732306792400777,0.0010565918637439609,0.0015299824299290776,0.0020962911657989025,0.0027578738518059254,0.0035187164321541786,0.004380958620458841],[3.543878746015139e-9,0.00004140330929658376,0.00016589820734225214,0.00037443998735398054,0.0006681336089968681,0.0010483505902811885,0.0015181690687313676,0.002079548081383109,0.0027357907965779305,0.0034901981707662344,0.004347316455096006]]}