{"training_accuracies":[1.0],"attacked_training_accuracies":[0.0],"kl_over_time":[[-3.786629676483244e-8,0.000007633233508386184,0.000029810480555170216,0.00006700566154904664,0.00011878981604240835,0.00018653535516932607,0.0002671526453923434,0.0003643465170171112,0.0004766707425005734,0.0006090776296332479,0.0007591068861074746]],"validation_accuracy":[0.4113972783088684,0.4113972783088684,0.4113972783088684],"attacked_validation_accuracy":[0.3533669114112854,0.3419680893421173,0.32953301072120667],"validation_kl_over_time":[[2.064001858315123e-9,0.00000907199955690885,0.00003631632716860622,0.00008182540477719158,0.00014584336895495653,0.00022876684670336545,0.0003309244057163596,0.00045284940279088914,0.000595024845097214,0.0007577675278298557,0.0009418678819201887],[1.2574992158675968e-9,0.000009049327672983054,0.00003629413913586177,0.0000818961052573286,0.00014607627235818654,0.00022911938140168786,0.00033137656282633543,0.0004535941407084465,0.0005958453984931111,0.0007592958281747997,0.0009440032299607992],[-1.0553867779705683e-9,0.00000903807540453272,0.00003626018587965518,0.00008183862519217655,0.00014593088417313993,0.00022892757260706276,0.00033108569914475083,0.00045296730240806937,0.0005951208295300603,0.0007580957608297467,0.0009422186994925141]]}