{"training_accuracies":[0.0],"attacked_training_accuracies":[1.0],"kl_over_time":[[1.4379638813011297e-8,0.000008865084964782,0.00003493574331514537,0.0000790677368058823,0.00014350615674629807,0.00022291963978204876,0.00032491053570993245,0.0004425942897796631,0.0005890353349968791,0.0007440822082571685,0.0009309120941907167]],"validation_accuracy":[0.3709832727909088,0.3378230631351471,0.32953301072120667],"attacked_validation_accuracy":[0.32538798451423645,0.35025814175605774,0.34818562865257263],"validation_kl_over_time":[[2.491350015176863e-9,0.000011197855201316997,0.00004493906089919619,0.0001015161324176006,0.00018133789126295596,0.0002849735610652715,0.0004130025045014918,0.0005659955786541104,0.0007448195829056203,0.000949402863625437,0.0011810067808255553],[1.7026974274969575e-9,0.000011034991985070519,0.00004428004103829153,0.00010015696898335591,0.00017915900389198214,0.0002816100895870477,0.00040826929034665227,0.0005596347618848085,0.000736412825062871,0.0009391296189278364,0.0011685603531077504],[1.9612955703962598e-9,0.000011116385394416284,0.000044555843487614766,0.00010064853995572776,0.00017999456031247973,0.0002829640870913863,0.00041017765761353076,0.0005621191812679172,0.0007394825224764645,0.0009430050267837942,0.0011733014835044742]]}