{"training_accuracies":[],"attacked_training_accuracies":[],"kl_over_time":[],"validation_accuracy":[0.10362697392702103,0.25388628244400024,0.3709832727909088],"attacked_validation_accuracy":[0.19378258287906647,0.2248707264661789,0.2569950520992279],"validation_kl_over_time":[[1.4297725225986824e-9,0.00009049358777701855,0.0003639489586930722,0.0008239645976573229,0.001476989476941526,0.0023304051719605923,0.0033942246809601784,0.0046801092103123665,0.006197923794388771,0.007963502779603004,0.009991554543375969],[2.1682837747505346e-9,0.00009027798660099506,0.0003626109391916543,0.0008207823848351836,0.0014712740667164326,0.0023212688975036144,0.0033809023443609476,0.004660895559936762,0.006174132227897644,0.007932675071060658,0.009950334206223488],[3.0131397377175517e-9,0.00008964589505922049,0.00036053863004781306,0.0008163393940776587,0.0014625745825469494,0.0023079903330653906,0.0033617373555898666,0.00463443249464035,0.00613899901509285,0.007888155989348888,0.0098965959623456]]}