{"training_accuracies":[],"attacked_training_accuracies":[],"kl_over_time":[],"validation_accuracy":[0.4227961003780365,0.4227961003780365,0.4269411265850067],"attacked_validation_accuracy":[0.35647568106651306,0.3533669114112854,0.3606207072734833],"validation_kl_over_time":[[3.3136676735878723e-10,0.000044196262024343014,0.00017734395805746317,0.00040043782792054117,0.0007148112636059523,0.0011219704756513238,0.0016253101639449596,0.002227497985586524,0.002931036986410618,0.003740084357559681,0.00465678796172142],[7.010204083890414e-10,0.00004462770084501244,0.0001788715017028153,0.00040356366662308574,0.0007205037982203066,0.0011308707762509584,0.0016379969893023372,0.0022438080050051212,0.0029520378448069096,0.0037651038728654385,0.004687699489295483],[8.33945135170211e-10,0.00004445414379006252,0.00017797175678424537,0.0004015463055111468,0.0007167338626459241,0.001125312177464366,0.0016296871472150087,0.0022337145637720823,0.002939376048743725,0.0037497251760214567,0.00466866185888648]]}