{"training_accuracies":[],"attacked_training_accuracies":[],"kl_over_time":[],"validation_accuracy":[0.08393781632184982,0.08601035922765732,0.08808290213346481],"attacked_validation_accuracy":[0.15129545331001282,0.14507782459259033,0.14715036749839783],"validation_kl_over_time":[[2.2798021248604527e-9,0.00001292558681598166,0.00005189107105252333,0.00011712121340679005,0.00020904441771563143,0.0003279446973465383,0.0004746717750094831,0.0006500852177850902,0.000854683865327388,0.0010897136526182294,0.0013565021799877286],[7.61338769805775e-10,0.000013046112144365907,0.00005238519952399656,0.00011825920228147879,0.00021102467144373804,0.0003313175984658301,0.00047955254558473825,0.0006564228679053485,0.0008636502316221595,0.0011011494789272547,0.0013707211473956704],[2.7836017935101154e-9,0.000012906174561067019,0.00005168207280803472,0.00011665099737001583,0.00020818851771764457,0.0003265885461587459,0.0004726418119389564,0.0006469775107689202,0.0008507048478350043,0.0010846409713849425,0.0013498953776434064]]}