{"training_accuracies":[],"attacked_training_accuracies":[],"kl_over_time":[],"validation_accuracy":[0.4207235872745514,0.4207235872745514,0.4207235872745514],"attacked_validation_accuracy":[0.31917044520378113,0.317097932100296,0.3336780369281769],"validation_kl_over_time":[[2.921523023502459e-9,0.000017036692952387966,0.0000681970122968778,0.00015371602785307914,0.0002740019408520311,0.0004297286504879594,0.0006218946073204279,0.0008514563669450581,0.0011198153952136636,0.0014277116861194372,0.0017762287752702832],[2.0499772990234533e-9,0.000016952812075032853,0.000067878958361689,0.00015305622946470976,0.00027291843434795737,0.00042784350807778537,0.0006193364970386028,0.0008480314281769097,0.0011153618106618524,0.001422104425728321,0.0017694340785965323],[2.4741293458419022e-9,0.000017140962881967425,0.00006872097583254799,0.00015499969595111907,0.0002763594384305179,0.0004335322300903499,0.0006274773040786386,0.0008593907696194947,0.001130008022300899,0.001441064290702343,0.0017934999195858836]]}