{"training_accuracies":[],"attacked_training_accuracies":[],"kl_over_time":[],"validation_accuracy":[0.4207235872745514,0.4207235872745514,0.4207235872745514],"attacked_validation_accuracy":[0.24145106971263885,0.24352361261844635,0.26943013072013855],"validation_kl_over_time":[[8.418154173739367e-9,0.0003244070103392005,0.0013068201951682568,0.0029652637895196676,0.005333921406418085,0.008459263481199741,0.012400013394653797,0.017223695293068886,0.02300436422228813,0.02981020137667656,0.037731584161520004],[1.2302120211415968e-8,0.00032746241777203977,0.0013195013161748648,0.0029940814711153507,0.005384428892284632,0.008540397509932518,0.01251658983528614,0.017391782253980637,0.02322661317884922,0.03010382317006588,0.03810151666402817],[6.9066539154505335e-9,0.0003255352203268558,0.0013129770522937179,0.0029798843897879124,0.005362321622669697,0.00850997120141983,0.012482215650379658,0.017347602173686028,0.0231738593429327,0.03005072847008705,0.03804842010140419]]}