{"training_accuracies":[1.0],"attacked_training_accuracies":[1.0],"kl_over_time":[[-1.4785970225972278e-9,0.0000043693958104995545,0.000016444071661680937,0.00003662699236883782,0.00006505422061309218,0.00010363793262513354,0.0001483877858845517,0.00020391806901898235,0.00026556363445706666,0.0003355405351612717,0.0004199982213322073]],"validation_accuracy":[0.4227961003780365,0.42175984382629395,0.42175984382629395],"attacked_validation_accuracy":[0.32124295830726624,0.3222792148590088,0.31398916244506836],"validation_kl_over_time":[[1.1156504886589147e-10,0.000004344715762272244,0.000017379194105160423,0.00003916037530871108,0.0000697862560627982,0.00010933337762253359,0.0001579576637595892,0.00021581565670203418,0.0002830734010785818,0.00035982628469355404,0.00044648724724538624],[8.695919540002706e-10,0.000004349042228568578,0.000017382253645337187,0.00003914861008524895,0.00006972588744247332,0.00010930794815067202,0.00015790731413289905,0.00021577024017460644,0.00028295195079408586,0.0003597179602365941,0.0004463469085749239],[1.8019894465481912e-9,0.000004340638497524196,0.000017370470231981017,0.00003914965418516658,0.00006975239375606179,0.00010936810576822609,0.00015806207375135273,0.00021602975903078914,0.00028333847876638174,0.00036033467040397227,0.0004471000866033137]]}