{"training_accuracies":[],"attacked_training_accuracies":[],"kl_over_time":[],"validation_accuracy":[0.2953365445137024,0.3129529058933258,0.32538798451423645],"attacked_validation_accuracy":[0.30777162313461304,0.33885931968688965,0.31917044520378113],"validation_kl_over_time":[[1.029212715053518e-9,0.000005668272024195176,0.000022695721781929024,0.00005130350837134756,0.0000916931894607842,0.00014411896700039506,0.0002090599009534344,0.00028687113081105053,0.0003782169078476727,0.0004835097352042794,0.0006038837600499392],[2.3551194328064184e-9,0.000005592695742961951,0.000022398709916160442,0.00005058290116721764,0.00009048562060343102,0.00014225576887838542,0.00020645043696276844,0.0002831931342370808,0.00037346850149333477,0.0004774369590450078,0.0005962044233456254],[2.7098241428547e-9,0.000005594995855062734,0.000022446713046520017,0.0000506985088577494,0.00009074761328520253,0.00014271572581492364,0.00020706331997644156,0.0002843181136995554,0.00037486274959519506,0.00047940120566636324,0.0005986253381706774]]}