{"training_accuracies":[],"attacked_training_accuracies":[],"kl_over_time":[],"validation_accuracy":[0.41761481761932373,0.41761481761932373,0.4207235872745514],"attacked_validation_accuracy":[0.2663213610649109,0.2901552617549896,0.2818652093410492],"validation_kl_over_time":[[2.9456614925038593e-9,0.0000195567736227531,0.00007836460281396285,0.00017710124666336924,0.0003168003458995372,0.0004983068793080747,0.0007232287316583097,0.000993628054857254,0.0013105140533298254,0.0016765500186011195,0.0020924964919686317],[2.930980125270821e-9,0.000019422552213654853,0.0000780605842010118,0.00017659312288742512,0.00031596558983437717,0.0004972516908310354,0.0007221683044917881,0.0009924776386469603,0.0013097990304231644,0.0016755416290834546,0.002092714188620448],[2.617492000922539e-9,0.000019285400412627496,0.00007742396701360121,0.00017510319594293833,0.00031312639475800097,0.0004928414709866047,0.0007159564993344247,0.0009836794342845678,0.001297821756452322,0.0016604484990239143,0.0020732341799885035]]}