{"training_accuracies":[1.0],"attacked_training_accuracies":[0.0],"kl_over_time":[[-3.934147585482606e-8,0.00000367600523532019,0.00001450197942176601,0.00003274853588663973,0.000057840676163323224,0.00008988439367385581,0.0001316496782237664,0.00017877299978863448,0.00023580496781505644,0.0003021245065610856,0.00037311940104700625]],"validation_accuracy":[0.4207235872745514,0.4207235872745514,0.4207235872745514],"attacked_validation_accuracy":[0.3595844507217407,0.32746049761772156,0.33471429347991943],"validation_kl_over_time":[[2.5904041134339195e-9,0.0000033745852761057904,0.000013557455531554297,0.00003067190118599683,0.00005485769361257553,0.00008624104521004483,0.00012507442443165928,0.00017155725799966604,0.00022588702267967165,0.0002884701534640044,0.0003593684232328087],[2.604059190502994e-9,0.0000033953738238778897,0.000013623732229461893,0.00003079513771808706,0.00005501899795490317,0.00008644387708045542,0.0001252984075108543,0.00017186565673910081,0.0002263528440380469,0.0002889014140237123,0.000359924859367311],[-5.692635252074751e-10,0.000003393739007151453,0.000013588327419711277,0.0000307092814182397,0.000054875778005225584,0.00008623991016065702,0.00012499451986514032,0.0001713350648060441,0.0002255621802760288,0.0002879352541640401,0.0003586990060284734]]}