{"training_accuracies":[],"attacked_training_accuracies":[],"kl_over_time":[],"validation_accuracy":[0.4113972783088684,0.4113972783088684,0.4113972783088684],"attacked_validation_accuracy":[0.35025814175605774,0.35647568106651306,0.3575119376182556],"validation_kl_over_time":[[8.298953524388253e-9,0.00026840021018870175,0.0010818751761689782,0.0024600070901215076,0.004431434441357851,0.007040425669401884,0.010334447026252747,0.014366698451340199,0.019198080524802208,0.02489030547440052,0.031512435525655746],[9.564953273866195e-9,0.00027111481176689267,0.001092381658963859,0.002482025418430567,0.004469328094273806,0.007096927613019943,0.010412462055683136,0.014465594664216042,0.019318152219057083,0.025033796206116676,0.03166837990283966],[8.968623177452173e-9,0.00026927507133223116,0.001085068448446691,0.0024645503144711256,0.004439140670001507,0.0070502725429832935,0.010344594717025757,0.01437609177082777,0.0192037932574749,0.02489318698644638,0.03149617835879326]]}