{"training_accuracies":[],"attacked_training_accuracies":[],"kl_over_time":[],"validation_accuracy":[0.4134697914123535,0.4165785610675812,0.4186510741710663],"attacked_validation_accuracy":[0.2487049698829651,0.26010382175445557,0.2725389003753662],"validation_kl_over_time":[[1.1674860189714309e-8,0.00037934817373752594,0.0015283175744116306,0.0034687642473727465,0.006240507587790489,0.009904182516038418,0.014533035457134247,0.02021011710166931,0.027021320536732674,0.03505105897784233,0.04440511763095856],[1.070432364969065e-8,0.0003828818444162607,0.001543742953799665,0.003506564302369952,0.006311655975878239,0.010022648610174656,0.014715299010276794,0.020471272990107536,0.027374979108572006,0.035523995757102966,0.04502083361148834],[1.0174320053124575e-8,0.00038405979285016656,0.0015477582346647978,0.0035144630819559097,0.006325883325189352,0.010043824091553688,0.01474203821271658,0.020504890009760857,0.027420811355113983,0.03558307886123657,0.045084577053785324]]}