{"training_accuracies":[],"attacked_training_accuracies":[],"kl_over_time":[],"validation_accuracy":[0.4207235872745514,0.4207235872745514,0.4207235872745514],"attacked_validation_accuracy":[0.2839377224445343,0.2569950520992279,0.27564767003059387],"validation_kl_over_time":[[3.803866999163574e-9,0.00013730672071687877,0.0005518508842214942,0.0012485660845413804,0.0022356987465173006,0.0035241846926510334,0.005126121453940868,0.007055341266095638,0.009330091066658497,0.011963389813899994,0.014971783384680748],[4.492433536285034e-9,0.00014096706581767648,0.000566262227948755,0.001281363656744361,0.002294387901201844,0.003618228016421199,0.005262450780719519,0.00724377017468214,0.00958256609737873,0.012287537567317486,0.015382071025669575],[3.553984218029882e-9,0.00013762383605353534,0.0005525867454707623,0.001249919761903584,0.002238971646875143,0.0035277223214507103,0.005131696816533804,0.007064118981361389,0.009341688826680183,0.011983156204223633,0.01500024739652872]]}