{"training_accuracies":[],"attacked_training_accuracies":[],"kl_over_time":[],"validation_accuracy":[0.4134697914123535,0.41450604796409607,0.4155423045158386],"attacked_validation_accuracy":[0.2797926962375641,0.31398916244506836,0.32331547141075134],"validation_kl_over_time":[[8.194522282956029e-10,0.000028364875106490217,0.00011388707207515836,0.0002576538536231965,0.00046077935257926583,0.0007257234537974,0.0010535247856751084,0.0014479716774076223,0.001910912455059588,0.002444732468575239,0.0030526265036314726],[9.881712115245023e-10,0.000028464624847401865,0.00011418798385420814,0.0002583005407359451,0.00046198247582651675,0.0007271320791915059,0.001055450178682804,0.00145049043931067,0.0019134893082082272,0.0024482724256813526,0.0030555652920156717],[2.565839984924878e-9,0.000028602076781680807,0.00011470317258499563,0.00025960925268009305,0.0004643669235520065,0.0007310057408176363,0.001061441726051271,0.0014584194868803024,0.0019243467831984162,0.002462156116962433,0.0030743018724024296]]}