{"training_accuracies":[],"attacked_training_accuracies":[],"kl_over_time":[],"validation_accuracy":[0.41036102175712585,0.41036102175712585,0.41036102175712585],"attacked_validation_accuracy":[0.3036265969276428,0.32746049761772156,0.3875633776187897],"validation_kl_over_time":[[7.790660561113327e-9,0.00025509041734039783,0.0010264802258461714,0.002328890608623624,0.00418756203725934,0.006640639156103134,0.009726718068122864,0.013494230806827545,0.018000071868300438,0.023283911868929863,0.02941312827169895],[8.286853869776678e-9,0.0002530223864596337,0.0010187015868723392,0.002310542855411768,0.004154086112976074,0.0065851942636072636,0.009642898105084896,0.013380510732531548,0.01783965714275837,0.02307005040347576,0.02913610078394413],[6.1622333902278115e-9,0.0002546717587392777,0.001026804093271494,0.0023299783933907747,0.004190035630017519,0.006645328365266323,0.009737676940858364,0.013514863327145576,0.018029408529400826,0.023324426263570786,0.02946430630981922]]}