{"training_accuracies":[1.0],"attacked_training_accuracies":[0.0],"kl_over_time":[[-6.289422316285709e-9,0.000002900481149481493,0.000011499081665533595,0.00002576881342974957,0.00004645040462492034,0.00007247036410262808,0.00010403417400084436,0.0001426084927516058,0.00018721884407568723,0.00023938124650157988,0.00029525667196139693]],"validation_accuracy":[0.4134697914123535,0.4113972783088684,0.41243353486061096],"attacked_validation_accuracy":[0.33471429347991943,0.3730557858943939,0.3336780369281769],"validation_kl_over_time":[[-6.930162693707942e-11,0.00000333843968292058,0.000013402230251813307,0.000030264107408584096,0.00005401681119110435,0.00008475133654428646,0.00012281237286515534,0.0001682354195509106,0.00022136516054160893,0.00028244408895261586,0.0003520568716339767],[1.2781109504089727e-9,0.0000033536819046275923,0.000013453603969537653,0.000030370838430826552,0.000054202177125262097,0.00008515465015079826,0.00012330585741437972,0.00016908264660742134,0.0002224859199486673,0.00028399412985891104,0.0003538906457833946],[2.9888473918049385e-9,0.000003350658744238899,0.000013458294233714696,0.000030363185942405835,0.00005417688225861639,0.00008498870010953397,0.000123083358630538,0.00016866634541656822,0.00022191838070284575,0.000283207802567631,0.0003527792578097433]]}