{"training_accuracies":[],"attacked_training_accuracies":[],"kl_over_time":[],"validation_accuracy":[0.4207235872745514,0.4207235872745514,0.4207235872745514],"attacked_validation_accuracy":[0.3181341886520386,0.33471429347991943,0.3243517279624939],"validation_kl_over_time":[[3.6094718325330177e-9,0.00004128114596824162,0.00016546156257390976,0.0003733967896550894,0.0006663047824986279,0.0010458900360390544,0.0015150458784773946,0.002075853990390897,0.0027317290659993887,0.0034855888225138187,0.004341672174632549],[1.2006025063016068e-9,0.00004204663127893582,0.00016847121878527105,0.00038036497426219285,0.0006785891600884497,0.0010650260373950005,0.0015421162825077772,0.002112369053065777,0.002779128961265087,0.003545429790392518,0.004415865987539291],[3.3028464407891533e-9,0.00004142685065744445,0.00016592108295299113,0.00037447246722877026,0.0006681844242848456,0.001048227772116661,0.0015175476437434554,0.00207858020439744,0.002734848763793707,0.0034887033980339766,0.004344191402196884]]}