{"training_accuracies":[],"attacked_training_accuracies":[],"kl_over_time":[],"validation_accuracy":[0.4113972783088684,0.4134697914123535,0.4155423045158386],"attacked_validation_accuracy":[0.3150254189968109,0.3015540838241577,0.32746049761772156],"validation_kl_over_time":[[7.390084988401213e-9,0.0003148795512970537,0.0012686057016253471,0.0028801916632801294,0.00518141221255064,0.008208882063627243,0.012017777189612389,0.016663914546370506,0.022211652249097824,0.028722405433654785,0.036262087523937225],[6.683736675228147e-9,0.00031368446070700884,0.0012629731791093946,0.0028678064700216055,0.005159191321581602,0.008176058530807495,0.011969457380473614,0.016599971801042557,0.022126568481326103,0.028615031391382217,0.0361320786178112],[9.437542303203372e-9,0.0003130527038592845,0.0012615693267434835,0.0028643878176808357,0.00515200849622488,0.00816726591438055,0.011956557631492615,0.016580166295170784,0.022102035582065582,0.028582466766238213,0.0360824353992939]]}