{"training_accuracies":[],"attacked_training_accuracies":[],"kl_over_time":[],"validation_accuracy":[0.41968733072280884,0.4207235872745514,0.42175984382629395],"attacked_validation_accuracy":[0.35025814175605774,0.3471493721008301,0.3305692672729492],"validation_kl_over_time":[[9.667883382746822e-9,0.00032624579034745693,0.0013163721887394786,0.002991660265251994,0.005384190008044243,0.008542753756046295,0.01252767164260149,0.017402494326233864,0.023243973031640053,0.03012542985379696,0.038110122084617615],[7.625014397660834e-9,0.00032539773383177817,0.0013119284994900227,0.0029790587723255157,0.00536202359944582,0.008507550694048405,0.01247266586869955,0.017325446009635925,0.023138660937547684,0.029977276921272278,0.037920933216810226],[1.0367216418671887e-8,0.0003277597716078162,0.0013223950518295169,0.0030038985423743725,0.005407261662185192,0.008580924943089485,0.012581776827573776,0.01748419739305973,0.023352356627583504,0.03027518279850483,0.03830600529909134]]}