{"training_accuracies":[],"attacked_training_accuracies":[],"kl_over_time":[],"validation_accuracy":[0.40103471279144287,0.40621599555015564,0.4093247652053833],"attacked_validation_accuracy":[0.24559615552425385,0.2487049698829651,0.26943013072013855],"validation_kl_over_time":[[2.4275117471717067e-9,0.00002440076059428975,0.00009794297511689365,0.00022176910715643317,0.00039755841135047376,0.0006271901656873524,0.0009135383297689259,0.0012593839783221483,0.0016674023354426026,0.0021403662394732237,0.002681814366951585],[1.9924790706227213e-9,0.0000245869505306473,0.0000986597005976364,0.00022345966135617346,0.0004003570065833628,0.0006317849620245397,0.0009197458275593817,0.0012672673910856247,0.0016776109114289284,0.002153342589735985,0.0026973928324878216],[2.4534312359492105e-9,0.000024164100977941416,0.00009707737626740709,0.00021976185962557793,0.00039403053233399987,0.0006217679474502802,0.0009053305839188397,0.0012472380185499787,0.0016516270115971565,0.002119250362738967,0.002655600430443883]]}