{"training_accuracies":[1.0],"attacked_training_accuracies":[1.0],"kl_over_time":[[-4.350739857272856e-8,0.0000018413884390611202,0.0000073630108090583235,0.000016589319784543477,0.00003054577246075496,0.00004751209053210914,0.00006796025991206989,0.00009229894203599542,0.00012335344217717648,0.00015626204549334943,0.00019617103680502623]],"validation_accuracy":[0.4207235872745514,0.4207235872745514,0.4207235872745514],"attacked_validation_accuracy":[0.2994815707206726,0.30569911003112793,0.2911915183067322],"validation_kl_over_time":[[2.127857001710254e-9,0.000002742709057201864,0.000010999822734447662,0.00002480747934896499,0.00004432144851307385,0.0000695637208991684,0.00010079197090817615,0.00013793283142149448,0.00018135698337573558,0.00023095414508134127,0.0002873360936064273],[2.272927401847369e-9,0.0000027466780920804013,0.000011030433597625233,0.00002487435267539695,0.000044375337893143296,0.0000696083516231738,0.00010071641736431047,0.00013787159696221352,0.00018120315507985651,0.00023073545889928937,0.0002868780866265297],[-6.851836459320637e-11,0.0000027043611225963105,0.000010879895853577182,0.000024544229745515622,0.00004377440927783027,0.00006871470395708457,0.00009946618956746534,0.00013613689225167036,0.00017892103642225266,0.00022800892475061119,0.00028349165222607553]]}