{"training_accuracies":[1.0],"attacked_training_accuracies":[0.0],"kl_over_time":[[-2.3647743319088477e-8,0.0000037486886412807507,0.000014720475519425236,0.00003302942059235647,0.00005881921242689714,0.00009119603055296466,0.0001331203238805756,0.0001815271971281618,0.00023691696696914732,0.0003028145292773843,0.0003761302214115858]],"validation_accuracy":[0.4207235872745514,0.4207235872745514,0.4207235872745514],"attacked_validation_accuracy":[0.36372947692871094,0.3398955762386322,0.33471429347991943],"validation_kl_over_time":[[4.412704424083813e-9,0.000003406091991564608,0.000013662935089087114,0.000030897419492248446,0.000055213640735019,0.0000867908020154573,0.00012585398508235812,0.000172700485563837,0.00022739566338714212,0.0002903185086324811,0.0003615265304688364],[4.709528877988589e-10,0.0000034291886095161317,0.000013740433132625185,0.00003104948700638488,0.00005544509258470498,0.00008708533277967945,0.00012625304225366563,0.00017314538126811385,0.00022797382553108037,0.00029093623743392527,0.00036231844569556415],[2.4799036157929777e-9,0.0000034132972359657288,0.000013704457160201855,0.000030996641726233065,0.0000553726677026134,0.00008702330524101853,0.00012617673201020807,0.00017301620391663164,0.00022767559858039021,0.0002906146692112088,0.00036212228587828577]]}