{"training_accuracies":[],"attacked_training_accuracies":[],"kl_over_time":[],"validation_accuracy":[0.40414348244667053,0.3875633776187897,0.37512829899787903],"attacked_validation_accuracy":[0.3326417803764343,0.3243517279624939,0.34818562865257263],"validation_kl_over_time":[[3.814387916634132e-9,0.000016234851500485092,0.00006514329288620502,0.00014730810653418303,0.0002634954289533198,0.0004147912550251931,0.0006029687356203794,0.0008294539293274283,0.0010954609606415033,0.0014028429286554456,0.0017534131184220314],[4.399880459970973e-9,0.000016026013327063993,0.0000642480663373135,0.00014526535233017057,0.0002597339916974306,0.0004090137663297355,0.0005946463206782937,0.0008174687391147017,0.0010798067087307572,0.0013830824755132198,0.001728920266032219],[1.7838343024934034e-9,0.00001593448905623518,0.00006398231926141307,0.00014477765944320709,0.0002591312222648412,0.0004080361395608634,0.0005930722109042108,0.0008155691321007907,0.0010771009838208556,0.0013796809362247586,0.001724323141388595]]}