{"training_accuracies":[],"attacked_training_accuracies":[],"kl_over_time":[],"validation_accuracy":[0.4113972783088684,0.4113972783088684,0.4113972783088684],"attacked_validation_accuracy":[0.34093183279037476,0.3326417803764343,0.3554394245147705],"validation_kl_over_time":[[7.521727241055487e-9,0.0002686693915165961,0.001081764930859208,0.002457665977999568,0.0044253128580749035,0.007027696818113327,0.010309511795639992,0.014328321442008018,0.019133420661091805,0.024795008823275566,0.031373146921396255],[9.507563625277271e-9,0.00027224220684729517,0.0010969676077365875,0.0024934594985097647,0.004491823259741068,0.007132313679903746,0.01046762429177761,0.014544136822223663,0.019427986815571785,0.025174962356686592,0.031851764768362045],[7.693465420288703e-9,0.00027076498372480273,0.0010907527757808566,0.0024783906992524862,0.004463278688490391,0.007087440695613623,0.010398438200354576,0.014449667185544968,0.01930524967610836,0.025011518970131874,0.031649231910705566]]}