{"training_accuracies":[0.0],"attacked_training_accuracies":[0.0],"kl_over_time":[[2.5055387098404935e-8,0.0000018023035863734549,0.0000072615998760738876,0.00001608575439604465,0.00002904456232499797,0.00004495777830015868,0.00006539338210131973,0.00008953142241807655,0.00011657638242468238,0.00015037129924166948,0.00018747974536381662]],"validation_accuracy":[0.41761481761932373,0.41450604796409607,0.4134697914123535],"attacked_validation_accuracy":[0.3398955762386322,0.3326417803764343,0.33471429347991943],"validation_kl_over_time":[[1.4926263558479036e-9,0.0000029377347345871385,0.000011779174201365095,0.000026614792659529485,0.000047511359298368916,0.00007460991037078202,0.00010810745152411982,0.0001482555380789563,0.00019491519196890295,0.00024862101417966187,0.0003094376006629318],[4.19839496501595e-9,0.000002975087227241602,0.00001188226724480046,0.00002681125988601707,0.00004783173426403664,0.00007514996104873717,0.00010888273391174152,0.0001491738366894424,0.00019620235252659768,0.0002502588031347841,0.0003114617138635367],[2.527454689982278e-9,0.0000029801542495988542,0.000011925224498554599,0.000026886547857429832,0.00004797903238795698,0.00007534049655077979,0.0001090776058845222,0.0001493606250733137,0.00019633499323390424,0.00025039672618731856,0.0003115693689323962]]}