{"training_accuracies":[],"attacked_training_accuracies":[],"kl_over_time":[],"validation_accuracy":[0.4207235872745514,0.4207235872745514,0.4207235872745514],"attacked_validation_accuracy":[0.37927332520484924,0.3626932203769684,0.3398955762386322],"validation_kl_over_time":[[8.663041839440666e-9,0.0003807322937063873,0.0015333180781453848,0.0034782513976097107,0.006248224060982466,0.009889975190162659,0.014460298232734203,0.02002635784447193,0.02665058523416519,0.03441264480352402,0.04338419437408447],[1.0403719663543143e-8,0.0003859779972117394,0.0015534238191321492,0.0035235965624451637,0.006325908470898867,0.010013178922235966,0.014638236723840237,0.020268740132451057,0.026965681463479996,0.03480960428714752,0.04386373236775398],[1.076459632542992e-8,0.00038606274756602943,0.0015546976355835795,0.003527845721691847,0.006339564453810453,0.010034219361841679,0.014674223959445953,0.020322157070040703,0.027045488357543945,0.03491976857185364,0.04400882497429848]]}