{"training_accuracies":[],"attacked_training_accuracies":[],"kl_over_time":[],"validation_accuracy":[0.4435212314128876,0.45492005348205566,0.44663000106811523],"attacked_validation_accuracy":[0.2880827486515045,0.3036265969276428,0.31917044520378113],"validation_kl_over_time":[[1.0917402537558019e-9,0.000021653557269019075,0.0000869754294399172,0.00019659804820548743,0.0003519766905810684,0.0005544770392589271,0.0008064933936111629,0.0011108926264569163,0.0014693615958094597,0.0018856992246583104,0.0023628571070730686],[7.044786420884463e-10,0.000021520563677768223,0.00008644420449854806,0.0001954117906279862,0.00034982431679964066,0.0005512636271305382,0.0008019529632292688,0.0011046451982110739,0.0014615486143156886,0.0018759017111733556,0.002351272851228714],[2.5080413301736826e-9,0.000021560925233643502,0.00008670314855407923,0.00019585969857871532,0.00035047155688516796,0.0005520887207239866,0.0008034538477659225,0.0011067296145483851,0.00146407017018646,0.0018782721599563956,0.0023539625108242035]]}