{"training_accuracies":[],"attacked_training_accuracies":[],"kl_over_time":[],"validation_accuracy":[0.4207235872745514,0.4207235872745514,0.4207235872745514],"attacked_validation_accuracy":[0.32746049761772156,0.3284967541694641,0.3378230631351471],"validation_kl_over_time":[[9.268589784561243e-10,0.00004134524715482257,0.0001656083040870726,0.0003738199011422694,0.0006669732974842191,0.0010466751409694552,0.0015161504270508885,0.0020770595874637365,0.0027329528238624334,0.003487328300252557,0.004343162756413221],[2.4014659150140005e-9,0.00004169541352894157,0.0001671021746005863,0.00037735007936134934,0.0006731968023814261,0.0010566165437921882,0.001530080451630056,0.002096449723467231,0.0027580366004258394,0.0035188887268304825,0.004381352569907904],[5.083675702621804e-9,0.000041337938455399126,0.00016571377636864781,0.0003741062537301332,0.0006676045013591647,0.0010476175229996443,0.0015171259874477983,0.0020781797356903553,0.002734065754339099,0.003487903857603669,0.004344623070210218]]}