{"training_accuracies":[0.0],"attacked_training_accuracies":[0.0],"kl_over_time":[[-1.2172391095077728e-8,0.000003907869995600777,0.000015733434338471852,0.00003541982368915342,0.00006377028330462053,0.00009958660666598007,0.00014334789011627436,0.00019673431233968586,0.00025681068655103445,0.00032483882387168705,0.0004034562734887004]],"validation_accuracy":[0.4321224093437195,0.451811283826828,0.4694276452064514],"attacked_validation_accuracy":[0.34093183279037476,0.3575119376182556,0.36787450313568115],"validation_kl_over_time":[[5.948142867140405e-9,0.0000036666413052444113,0.000014695332538394723,0.00003314846253488213,0.00005906607839278877,0.00009250039147445932,0.00013354510883800685,0.00018229696433991194,0.00023884206893853843,0.00030325184343382716,0.00037554476875811815],[2.9996396477827147e-9,0.0000036760020520887338,0.000014740337974217255,0.00003320736141176894,0.00005917031012359075,0.00009265773405786604,0.00013378358562476933,0.00018263091624248773,0.0002392150490777567,0.0003037528367713094,0.0003762206179089844],[5.311732831358995e-9,0.00000365378764399793,0.00001465495370212011,0.0000330436450894922,0.0000588883449381683,0.00009225629037246108,0.00013321290316525847,0.00018185014778282493,0.00023819880152586848,0.00030244002118706703,0.0003745797439478338]]}