{"training_accuracies":[],"attacked_training_accuracies":[],"kl_over_time":[],"validation_accuracy":[0.3865271210670471,0.41968733072280884,0.4207235872745514],"attacked_validation_accuracy":[0.28290146589279175,0.25595879554748535,0.2611400783061981],"validation_kl_over_time":[[4.543013465418966e-10,0.00008361045911442488,0.000335974182235077,0.0007614135975018144,0.001366045093163848,0.0021582075860351324,0.0031478656455874443,0.004345455206930637,0.005765707232058048,0.007418545428663492,0.009319675154983997],[2.6378914608216064e-9,0.00008335106394952163,0.0003349960024934262,0.0007589122978970408,0.0013617530930787325,0.0021515314001590014,0.0031376963015645742,0.004330327268689871,0.005743617191910744,0.007391422986984253,0.009286600165069103],[4.6114689844500845e-9,0.00008280797192128375,0.0003327065205667168,0.000753602187614888,0.0013521633809432387,0.002136626746505499,0.0031149655114859343,0.004301413893699646,0.005706353113055229,0.007343882694840431,0.009227026253938675]]}