{"training_accuracies":[],"attacked_training_accuracies":[],"kl_over_time":[],"validation_accuracy":[0.2227981835603714,0.183419868350029,0.16269443929195404],"attacked_validation_accuracy":[0.21139919757843018,0.18860122561454773,0.19274631142616272],"validation_kl_over_time":[[1.2223716483461544e-9,0.000039734622987452894,0.00015927659114822745,0.0003595930174924433,0.0006419105338864028,0.0010085573885589838,0.001461021602153778,0.0020018708892166615,0.0026326675433665514,0.0033583666663616896,0.004179393406957388],[1.3420693445453935e-9,0.00003953787017962895,0.00015831370546948165,0.00035705656046047807,0.0006371992640197277,0.0010005886433646083,0.0014489578315988183,0.001985410461202264,0.002611688571050763,0.0033293496817350388,0.004142798949033022],[3.140583348937298e-9,0.00003934066990041174,0.00015764377894811332,0.0003557564050424844,0.0006347027374431491,0.0009970242390409112,0.0014443501131609082,0.0019796460401266813,0.0026038584765046835,0.0033206259831786156,0.0041330731473863125]]}