{"training_accuracies":[0.0],"attacked_training_accuracies":[0.0],"kl_over_time":[[6.946832442622508e-9,0.000003929470494767884,0.000015727422578493133,0.000035399294574745,0.00006297351501416415,0.0000984313155640848,0.00014467457367572933,0.0001987858267966658,0.00025932531571015716,0.00032795913284644485,0.000404609483666718]],"validation_accuracy":[0.4321224093437195,0.451811283826828,0.4694276452064514],"attacked_validation_accuracy":[0.35647568106651306,0.34507685899734497,0.35854819416999817],"validation_kl_over_time":[[6.486046810749713e-9,0.0000036677793104900047,0.000014715228644490708,0.00003319717143313028,0.00005914811845286749,0.00009264860273106024,0.000133781781187281,0.000182684714673087,0.0002393101603956893,0.00030387259903363883,0.0003764370339922607],[3.5406491072365043e-9,0.000003668717681648559,0.000014699839084642008,0.00003314212153782137,0.00005906619117013179,0.00009251319715986028,0.000133568377350457,0.00018235518655274063,0.00023890727607067674,0.00030333036556839943,0.00037568359402939677],[6.2520713051128496e-9,0.000003657538172774366,0.000014664686204923782,0.000033041978895198554,0.000058884412283077836,0.00009220914944307879,0.00013310162466950715,0.00018167292000725865,0.00023797698668204248,0.00030224668444134295,0.00037435401463881135]]}