{"training_accuracies":[],"attacked_training_accuracies":[],"kl_over_time":[],"validation_accuracy":[0.4113972783088684,0.4113972783088684,0.4113972783088684],"attacked_validation_accuracy":[0.31191664934158325,0.3554394245147705,0.32746049761772156],"validation_kl_over_time":[[5.706977113106859e-9,0.00026862966478802264,0.0010824328055605292,0.0024584520142525434,0.004427245352417231,0.007028613705188036,0.010315383784472942,0.014335745945572853,0.01914999820291996,0.024821631610393524,0.03141084313392639],[6.9643801836605235e-9,0.00027061597211286426,0.0010896418243646622,0.002475482178851962,0.004456250462681055,0.0070724100805819035,0.010371997021138668,0.014408345334231853,0.01923694647848606,0.024916578084230423,0.03151687607169151],[9.258010358337287e-9,0.00026902719400823116,0.0010845817159861326,0.002463744953274727,0.004436034709215164,0.00704490439966321,0.01033622957766056,0.014362522400915623,0.019185183569788933,0.02486225962638855,0.031451910734176636]]}