{"training_accuracies":[],"attacked_training_accuracies":[],"kl_over_time":[],"validation_accuracy":[0.43523117899894714,0.42383235692977905,0.4300498962402344],"attacked_validation_accuracy":[0.35233065485954285,0.31917044520378113,0.32124295830726624],"validation_kl_over_time":[[2.623891992570293e-9,0.00000829684086056659,0.000033294010790996253,0.00007541500963270664,0.0001349172816844657,0.00021224604279268533,0.0003080720198340714,0.00042276267777197063,0.0005572045338340104,0.0007117154891602695,0.0008870890596881509],[3.395209668966004e-9,0.000008274728315882385,0.0000332316049025394,0.000075262323662173,0.00013463916548062116,0.00021180683688726276,0.000307288282783702,0.0004217399109620601,0.0005557104595936835,0.0007100601796992123,0.0008849369478411973],[3.1504399089499202e-9,0.000008322757821588311,0.00003339583781780675,0.00007561748498119414,0.0001353081752313301,0.00021288882999215275,0.0003090610262006521,0.00042408783338032663,0.0005586707266047597,0.0007137010688893497,0.000889756076503545]]}