{"training_accuracies":[1.0],"attacked_training_accuracies":[1.0],"kl_over_time":[[-1.3405944798705605e-8,0.00000237916628975654,0.000010401405234006234,0.000023180984499049373,0.000042502077121753246,0.00006739359378116205,0.00009702386887511238,0.00013373777619563043,0.0001749789371388033,0.00022673135390505195,0.0002831712190527469]],"validation_accuracy":[0.4207235872745514,0.4207235872745514,0.4207235872745514],"attacked_validation_accuracy":[0.28911900520324707,0.3243517279624939,0.32953301072120667],"validation_kl_over_time":[[2.8922120254293304e-9,0.0000027283715553494403,0.000010954975550703239,0.00002469923856551759,0.000044116990466136485,0.00006918137660250068,0.00010020771151175722,0.0001370604441035539,0.00018015271052718163,0.0002295009180670604,0.00028540677158162],[2.1117874116072244e-9,0.00000274231456387497,0.000010974369615723845,0.000024738443244132213,0.00004413867281982675,0.00006927443610038608,0.00010025855590356514,0.00013720456627197564,0.00018028570048045367,0.00022966848337091506,0.0002855915226973593],[4.923543239776507e-10,0.000002746229029071401,0.000010990785085596144,0.000024779197701718658,0.000044169304601382464,0.000069269364757929,0.00010023512732004747,0.00013719427806790918,0.00018019626440946013,0.00022949217236600816,0.00028545153327286243]]}