{"training_accuracies":[],"attacked_training_accuracies":[],"kl_over_time":[],"validation_accuracy":[0.40414348244667053,0.38549086451530457,0.37512829899787903],"attacked_validation_accuracy":[0.33471429347991943,0.33885931968688965,0.3316055238246918],"validation_kl_over_time":[[3.2311429087883425e-9,0.00001624903961783275,0.00006525570643134415,0.00014760960766579956,0.000264007190708071,0.00041564967250451446,0.0006045308546163142,0.0008314757142215967,0.0010980612132698298,0.001406714553013444,0.0017585300374776125],[1.4386228874840867e-9,0.000016044097719714046,0.0000643725652480498,0.00014554394874721766,0.00026032852474600077,0.00040993362199515104,0.0005960670532658696,0.0008194412803277373,0.0010823862394317985,0.0013864055508747697,0.0017328634858131409],[-3.1298305613880473e-10,0.000015886931578279473,0.00006377295358106494,0.00014413963072001934,0.000257982115726918,0.00040614925092086196,0.0005903140990994871,0.0008119119447655976,0.0010723460000008345,0.0013732045190408826,0.0017164804739877582]]}