{"training_accuracies":[1.0],"attacked_training_accuracies":[1.0],"kl_over_time":[[9.056486810488096e-11,0.000002624294893394108,0.000011935160728171468,0.000029527731385314837,0.00005450236494652927,0.0000878592545632273,0.00013100025535095483,0.00018195822485722601,0.00024352414766326547,0.0003090844547841698,0.00038551323814317584]],"validation_accuracy":[0.4207235872745514,0.4207235872745514,0.4207235872745514],"attacked_validation_accuracy":[0.3626932203769684,0.3606207072734833,0.35025814175605774],"validation_kl_over_time":[[8.142678753486621e-10,0.0000034144820801884634,0.000013719149137614295,0.00003101217225776054,0.00005544233863474801,0.00008716094453120604,0.00012642402725759894,0.00017340798513032496,0.00022830927628092468,0.0002915374643635005,0.00036310439463704824],[1.6259650292838046e-9,0.0000034391455301374663,0.000013823394510836806,0.00003124593058601022,0.00005581467121373862,0.00008774812886258587,0.00012720095401164144,0.0001744557812344283,0.000229665994993411,0.00029299870948307216,0.00036505202297121286],[3.112446300690408e-9,0.0000034401562061248114,0.000013809339179715607,0.00003122632188023999,0.0000558070169063285,0.00008774227171670645,0.00012725358828902245,0.00017454367480240762,0.00022985399118624628,0.00029347892268560827,0.00036563549656420946]]}