{"training_accuracies":[],"attacked_training_accuracies":[],"kl_over_time":[],"validation_accuracy":[0.42175984382629395,0.42175984382629395,0.4248686134815216],"attacked_validation_accuracy":[0.3533669114112854,0.3492218852043152,0.37927332520484924],"validation_kl_over_time":[[1.7334674806690487e-9,0.00004415591320139356,0.00017689344531390816,0.0003990542609244585,0.0007121355156414211,0.0011179923312738538,0.001619317103177309,0.002219586633145809,0.00292033888399601,0.003725147806107998,0.004638443235307932],[2.5512134627092564e-9,0.00004440825796336867,0.00017790291167329997,0.0004012570425402373,0.0007160865934565663,0.001124084461480379,0.0016281178686767817,0.002230741549283266,0.0029353881254792213,0.0037445162888616323,0.004661152604967356],[1.694134832419536e-9,0.000044224554585525766,0.00017707041115500033,0.00040001844172365963,0.0007138483342714608,0.001120422501116991,0.0016231597401201725,0.002224354073405266,0.0029262227471917868,0.003733009099960327,0.004645807668566704]]}