{"training_accuracies":[],"attacked_training_accuracies":[],"kl_over_time":[],"validation_accuracy":[0.4207235872745514,0.4207235872745514,0.4207235872745514],"attacked_validation_accuracy":[0.2704663872718811,0.2746114134788513,0.28290146589279175],"validation_kl_over_time":[[5.561205718151996e-9,0.0001392725680489093,0.0005592576344497502,0.001265301601961255,0.0022662628907710314,0.003571676556020975,0.005194824654608965,0.007153171114623547,0.00946001149713993,0.012135573662817478,0.015191488899290562],[2.8454945066869186e-9,0.00013920319906901568,0.0005590292275883257,0.0012639490887522697,0.002262608613818884,0.0035648962948471308,0.005183849483728409,0.007133868522942066,0.009430848062038422,0.012091758660972118,0.015131358057260513],[2.0938621947408365e-9,0.00013787686475552619,0.0005535963573493063,0.0012515434063971043,0.0022407311480492353,0.003530327696353197,0.005132349207997322,0.007063007447868586,0.009337140247225761,0.011971654370427132,0.014980596490204334]]}