{"training_accuracies":[0.0],"attacked_training_accuracies":[0.0],"kl_over_time":[[-3.731715381150025e-8,0.000005429646080301609,0.000021009371266700327,0.000046732235205126926,0.00008447009167866781,0.00013450499682221562,0.00019545856048353016,0.0002693187852855772,0.0003495252749416977,0.0004493112792260945,0.000552151002921164]],"validation_accuracy":[0.41036102175712585,0.4113972783088684,0.4113972783088684],"attacked_validation_accuracy":[0.34818562865257263,0.3647657334804535,0.36580199003219604],"validation_kl_over_time":[[1.2722152220590033e-9,0.000005540995971387019,0.00002216472421423532,0.00005000191231374629,0.00008910847100196406,0.00013958927593193948,0.00020154917729087174,0.0002753520093392581,0.00036122003803029656,0.0004592857148963958,0.0005698197637684643],[-7.428353765437379e-11,0.000005594416506937705,0.000022380925656761974,0.000050447401008568704,0.00008985375461634248,0.00014073110651224852,0.00020314012363087386,0.0002774643071461469,0.0003637969493865967,0.00046247971476987004,0.0005735264276154339],[1.2433165608172203e-9,0.0000056165358728321735,0.0000224812283704523,0.000050700193241937086,0.00009034320100909099,0.0001414968428434804,0.00020429398864507675,0.0002789303252939135,0.0003658680070657283,0.00046510592801496387,0.0005768871051259339]]}