{"training_accuracies":[],"attacked_training_accuracies":[],"kl_over_time":[],"validation_accuracy":[0.22383445501327515,0.1854924112558365,0.1637307107448578],"attacked_validation_accuracy":[0.2165805548429489,0.2010364830493927,0.2031090259552002],"validation_kl_over_time":[[2.215906624858377e-10,0.000039738974010106176,0.0001592217304278165,0.00035933934850618243,0.0006411912036128342,0.0010072733275592327,0.0014590579085052013,0.0019990599248558283,0.002628750866279006,0.0033529605716466904,0.004172122571617365],[1.0258268678953186e-9,0.000039627819205634296,0.00015878406702540815,0.0003582890494726598,0.0006395954987965524,0.0010046029929071665,0.0014554153895005584,0.0019942272920161486,0.002623950829729438,0.003345913952216506,0.0041636512614786625],[4.801917752317308e-10,0.000039260856283362955,0.00015739575610496104,0.00035527627915143967,0.0006340334075503051,0.000996142509393394,0.0014429575530812144,0.0019776802510023117,0.0026013858150690794,0.0033171705435961485,0.004129472188651562]]}