{"training_accuracies":[],"attacked_training_accuracies":[],"kl_over_time":[],"validation_accuracy":[0.4207235872745514,0.4207235872745514,0.4207235872745514],"attacked_validation_accuracy":[0.259067565202713,0.26528510451316833,0.27564767003059387],"validation_kl_over_time":[[1.00956389914586e-8,0.0003284987760707736,0.0013237742241472006,0.0030021697748452425,0.005401834845542908,0.008566065691411495,0.012557221576571465,0.017444567754864693,0.023296518251299858,0.03019079752266407,0.038215622305870056],[9.720901417153982e-9,0.00032498958171345294,0.0013106603873893619,0.0029735739808529615,0.005345628131181002,0.00847593042999506,0.012424850836396217,0.017254361882805824,0.023036682978272438,0.029851919040083885,0.03777666017413139],[1.0083883061895449e-8,0.0003249302098993212,0.0013099747011438012,0.0029733823612332344,0.00534626143053174,0.008480147458612919,0.012438197620213032,0.017278509214520454,0.02307315729558468,0.029907744377851486,0.037854041904211044]]}