{"training_accuracies":[],"attacked_training_accuracies":[],"kl_over_time":[],"validation_accuracy":[0.41243353486061096,0.4155423045158386,0.41761481761932373],"attacked_validation_accuracy":[0.24974124133586884,0.27150264382362366,0.26943013072013855],"validation_kl_over_time":[[1.1006128453061592e-8,0.0003766354639083147,0.0015189906116575003,0.0034514206927269697,0.006214907858520746,0.009869236499071121,0.014493593946099281,0.020166020840406418,0.02697433903813362,0.03501391410827637,0.044371094554662704],[1.1092478935381678e-8,0.0003721445391420275,0.0015006127068772912,0.0034087945241481066,0.006137938238680363,0.009745369665324688,0.014303977601230145,0.019896429032087326,0.02659972943365574,0.03452111408114433,0.04374252259731293],[1.088781065305966e-8,0.0003730074386112392,0.0015048267086967826,0.003419283078983426,0.006155696231871843,0.00977406557649374,0.014348692260682583,0.019964948296546936,0.026697302237153053,0.034649819135665894,0.043912358582019806]]}