{"training_accuracies":[],"attacked_training_accuracies":[],"kl_over_time":[],"validation_accuracy":[0.4404124617576599,0.4497387707233429,0.442484974861145],"attacked_validation_accuracy":[0.35233065485954285,0.3554394245147705,0.3398955762386322],"validation_kl_over_time":[[1.1031159097285581e-8,0.0003452161035966128,0.0013897003373131156,0.0031533497385680676,0.005672449711710215,0.008992189541459084,0.013171418569982052,0.01828213967382908,0.024398067966103554,0.03159773349761963,0.03995208442211151],[8.736639856010697e-9,0.00034211695310659707,0.0013766394695267081,0.003123670583590865,0.005614788271486759,0.008899655193090439,0.013032987713813782,0.01808212697505951,0.024122312664985657,0.03123593144118786,0.03949371725320816],[1.0268171202199028e-8,0.00034091019188053906,0.001374454703181982,0.0031204100232571363,0.005611817352473736,0.00889778696000576,0.013039949350059032,0.018096936866641045,0.024155819788575172,0.03128523379564285,0.039564818143844604]]}