{"training_accuracies":[],"attacked_training_accuracies":[],"kl_over_time":[],"validation_accuracy":[0.4652826189994812,0.4766814410686493,0.45284754037857056],"attacked_validation_accuracy":[0.3284967541694641,0.32538798451423645,0.3036265969276428],"validation_kl_over_time":[[5.052021911922111e-9,0.00010115988698089495,0.00040695624193176627,0.0009214587626047432,0.0016506083775311708,0.002606537425890565,0.0038017872720956802,0.005246520042419434,0.006958154961466789,0.00894918292760849,0.011234606616199017],[3.974848450383206e-9,0.00010080524225486442,0.00040531886043027043,0.0009167747921310365,0.0016417523147538304,0.0025895251892507076,0.003774823620915413,0.005209869705140591,0.0069047496654093266,0.00888277031481266,0.011147724464535713],[2.3399424620151876e-9,0.00010131223825737834,0.0004071863950230181,0.0009210661519318819,0.0016487723914906383,0.0026024067774415016,0.003792773699387908,0.005233668722212315,0.006937985308468342,0.008920729160308838,0.011195380240678787]]}