{"training_accuracies":[],"attacked_training_accuracies":[],"kl_over_time":[],"validation_accuracy":[0.10466324537992477,0.2569950520992279,0.36580199003219604],"attacked_validation_accuracy":[0.1968913972377777,0.24145106971263885,0.25803130865097046],"validation_kl_over_time":[[5.446060047376022e-9,0.00009014632814796641,0.00036209894460625947,0.0008191076340153813,0.0014681093161925673,0.0023156008683145046,0.0033727658446878195,0.004648806061595678,0.006157252937555313,0.007909484207630157,0.009920956566929817],[3.0181732668665973e-9,0.00008977944526122883,0.00036067349719814956,0.0008158282143995166,0.001462186104618013,0.002306894864886999,0.0033588979858905077,0.004629040136933327,0.0061315614730119705,0.007878705859184265,0.00988185964524746],[2.4895945305303258e-9,0.0000897057107067667,0.00036053411895409226,0.0008159663993865252,0.001462058164179325,0.002307040151208639,0.003358966438099742,0.00463034538552165,0.006133813410997391,0.00788129959255457,0.009887034073472023]]}