{"training_accuracies":[0.0],"attacked_training_accuracies":[0.0],"kl_over_time":[[1.6419402726342014e-8,0.000002863928557417239,0.000011736097803805023,0.000027463083824841306,0.00004940160215483047,0.00007728327909717336,0.00011048203305108473,0.0001513923198217526,0.0001990053860936314,0.00025063080829568207,0.00032392083085142076]],"validation_accuracy":[0.4113972783088684,0.4113972783088684,0.4113972783088684],"attacked_validation_accuracy":[0.3647657334804535,0.35854819416999817,0.3626932203769684],"validation_kl_over_time":[[1.081810085956647e-9,0.000007634590474481229,0.00003054299304494634,0.00006892369856359437,0.000122736077173613,0.00019225754658691585,0.0002777338959276676,0.0003796204400714487,0.0004979181103408337,0.000632981420494616,0.0007855677977204323],[9.890955832148052e-10,0.000007637370799784549,0.000030507495466736145,0.00006870839570183307,0.00012229148705955595,0.00019162287935614586,0.00027677102480083704,0.00037818445707671344,0.0004959797952324152,0.000630708469543606,0.0007824451313354075],[1.562517226716409e-9,0.000007669616024941206,0.000030649931431980804,0.00006909178773639724,0.00012301819515414536,0.0001926814002217725,0.00027848852914758027,0.00038050292641855776,0.0004989788867533207,0.0006343813729472458,0.0007872194400988519]]}