{"training_accuracies":[],"attacked_training_accuracies":[],"kl_over_time":[],"validation_accuracy":[0.4134697914123535,0.4155423045158386,0.4155423045158386],"attacked_validation_accuracy":[0.33885931968688965,0.3398955762386322,0.35025814175605774],"validation_kl_over_time":[[4.5360311062836445e-9,0.00011942111450480297,0.0004800395399797708,0.001085583120584488,0.0019437995506450534,0.003061816329136491,0.0044527361169457436,0.006128192413598299,0.00810238067060709,0.010392634198069572,0.013010057620704174],[3.855323615908901e-9,0.00011915378127014264,0.0004787968937307596,0.0010821240721270442,0.001936900313012302,0.003051798790693283,0.0044379266910254955,0.006107873748987913,0.008077257312834263,0.010358930565416813,0.012969223782420158],[3.015816707474528e-9,0.0001203334832098335,0.00048352606245316565,0.0010932140285149217,0.0019570773001760244,0.0030822090338915586,0.0044822110794484615,0.0061692786403000355,0.008155995979905128,0.010460101068019867,0.013095421716570854]]}