{"training_accuracies":[],"attacked_training_accuracies":[],"kl_over_time":[],"validation_accuracy":[0.41968733072280884,0.41968733072280884,0.4207235872745514],"attacked_validation_accuracy":[0.26943013072013855,0.2611400783061981,0.28082895278930664],"validation_kl_over_time":[[3.8510985511663876e-9,0.000012412583600962535,0.000049777918320614845,0.00011230669042561203,0.00020037454669363797,0.0003144160727970302,0.00045489351032301784,0.000622440769802779,0.0008180519216693938,0.0010419752215966582,0.001295161317102611],[1.4524051961117834e-9,0.000012560100913105998,0.000050296443077968433,0.0001135213824454695,0.00020247595966793597,0.00031761088757775724,0.00045955582754686475,0.0006285933777689934,0.0008262103656306863,0.0010519701754674315,0.001307274796999991],[6.83416712110585e-10,0.000012340045032033231,0.000049415368266636506,0.00011152603110531345,0.00019887549569830298,0.0003120007459074259,0.0004514014581218362,0.0006178375915624201,0.0008117766119539738,0.0010342112509533763,0.0012859777780249715]]}