{"training_accuracies":[],"attacked_training_accuracies":[],"kl_over_time":[],"validation_accuracy":[0.4404124617576599,0.4476662576198578,0.442484974861145],"attacked_validation_accuracy":[0.3461131155490875,0.3782370686531067,0.3647657334804535],"validation_kl_over_time":[[7.843361515824654e-9,0.0003315117210149765,0.0013347584754228592,0.003027581609785557,0.005442221183329821,0.008626949042081833,0.012636489234864712,0.017545508220791817,0.023416046053171158,0.030339309945702553,0.038377564400434494],[9.833045488960579e-9,0.0003270850866101682,0.001318014576099813,0.0029929045122116804,0.005383395589888096,0.00853685662150383,0.012506979517638683,0.017366614192724228,0.023184308782219887,0.030032264068722725,0.03798602148890495],[1.1232432761687505e-8,0.0003252175229135901,0.0013108837883919477,0.002973757218569517,0.0053508044220507145,0.008481545373797417,0.012427261099219322,0.017254849895834923,0.02303118072450161,0.029826905578374863,0.03772665932774544]]}