{"training_accuracies":[],"attacked_training_accuracies":[],"kl_over_time":[],"validation_accuracy":[0.4207235872745514,0.4207235872745514,0.4207235872745514],"attacked_validation_accuracy":[0.3108803927898407,0.3554394245147705,0.335750550031662],"validation_kl_over_time":[[1.525040760341767e-9,0.00010138764628209174,0.00040723089477978647,0.0009222717490047216,0.00165239826310426,0.002607060130685568,0.003801516257226467,0.0052454546093940735,0.00695753563195467,0.008952625095844269,0.01124495267868042],[4.9200532536985975e-9,0.00010225783626083285,0.0004104803374502808,0.0009289418812841177,0.0016644570278003812,0.0026262206956744194,0.003829432185739279,0.005285273306071758,0.007012281566858292,0.009021788835525513,0.011332628317177296],[1.7469522495261458e-9,0.00010220379044767469,0.00041006895480677485,0.0009274040930904448,0.0016610847087576985,0.002619523787871003,0.003818028373643756,0.005266804248094559,0.006982587277889252,0.008979635313153267,0.011276920326054096]]}