{"training_accuracies":[0.5400000214576721],"attacked_training_accuracies":[0.09000000357627869],"kl_over_time":[[2.227498363538416e-8,0.0003669636498671025,0.001514127478003502,0.003462081542238593,0.006237937603145838,0.009915348142385483,0.014548392035067081,0.02027180604636669,0.02719026431441307,0.035478703677654266,0.04521845653653145]],"validation_accuracy":[0.5300119519233704],"attacked_validation_accuracy":[0.08258269727230072],"validation_kl_over_time":[[1.473291622033912e-8,0.000478019705042243,0.0019398188451305032,0.004396115895360708,0.007887901738286018,0.012489231303334236,0.018282970413565636,0.025406992062926292,0.03400410711765289,0.044252291321754456,0.05630002170801163]]}