{"training_accuracies":[0.0],"attacked_training_accuracies":[0.0],"kl_over_time":[[8.14707945551163e-9,0.0000028916585961269448,0.000011742264177883044,0.000027355335987522267,0.00004936498589813709,0.00007669947808608413,0.00010957696213154122,0.00015136600995901972,0.00019672108464874327,0.00025062033091671765,0.000320389517582953]],"validation_accuracy":[0.4113972783088684,0.4113972783088684,0.4113972783088684],"attacked_validation_accuracy":[0.34507685899734497,0.3471493721008301,0.35025814175605774],"validation_kl_over_time":[[9.49645695413892e-10,0.000007597724561492214,0.00003044222466996871,0.0000686263301759027,0.00012224576494190842,0.0001916448527481407,0.00027685778331942856,0.00037852427340112627,0.0004966867272742093,0.0006314752972684801,0.0007834395510144532],[8.797759742940059e-10,0.000007604467100463808,0.000030407662052311935,0.00006848943303339183,0.00012193240399938077,0.00019107019761577249,0.00027595896972343326,0.0003769754257518798,0.0004946344415657222,0.0006289717275649309,0.0007803882472217083],[7.328320172916847e-10,0.000007725621799181681,0.00003091840335400775,0.00006965347711229697,0.00012401909043546766,0.00019428810628596693,0.00028064544312655926,0.0003834633680526167,0.0005029546446166933,0.0006393743096850812,0.0007930488791316748]]}