{"training_accuracies":[],"attacked_training_accuracies":[],"kl_over_time":[],"validation_accuracy":[0.4207235872745514,0.4207235872745514,0.4207235872745514],"attacked_validation_accuracy":[0.36165696382522583,0.3730557858943939,0.3471493721008301],"validation_kl_over_time":[[1.0520640358890887e-8,0.0003815089585259557,0.001536594470962882,0.003487174166366458,0.006268324796110392,0.009923845529556274,0.014519997872412205,0.02011064626276493,0.026773542165756226,0.03457873314619064,0.043604776263237],[9.368987363700398e-9,0.00038456293987110257,0.0015491795493289828,0.003512849099934101,0.006308679934591055,0.009981603361666203,0.01459328830242157,0.020204046741127968,0.026882857084274292,0.03470175340771675,0.04374244436621666],[8.761354308717273e-9,0.00038569295429624617,0.0015520137967541814,0.003521328093484044,0.006323790177702904,0.010010146535933018,0.014640356414020061,0.020273661240935326,0.02698507346212864,0.034848105162382126,0.043940987437963486]]}