{"training_accuracies":[1.0],"attacked_training_accuracies":[0.0],"kl_over_time":[[9.014987867317359e-9,0.000002914910055551445,0.000011572742550924886,0.00002590172334748786,0.00004656788587453775,0.00007251257193274796,0.0001041793220792897,0.00014270786778070033,0.00018728975555859506,0.0002394515322521329,0.00029534101486206055]],"validation_accuracy":[0.4134697914123535,0.4113972783088684,0.41243353486061096],"attacked_validation_accuracy":[0.34093183279037476,0.36994701623916626,0.32538798451423645],"validation_kl_over_time":[[1.1816436717992929e-9,0.0000033403935049136635,0.000013433218555292115,0.000030349705411936156,0.00005417296415544115,0.00008498247916577384,0.0001231540081789717,0.00016871746629476547,0.00022207875736057758,0.0002834061742760241,0.00035323220072314143],[2.4629051575963956e-10,0.0000033479575449746335,0.000013425497854768764,0.00003031339292647317,0.000054090411140350625,0.00008495317888446152,0.00012303015682846308,0.00016862538177520037,0.00022197049111127853,0.0002833001781255007,0.00035305763594806194],[2.507776653004612e-9,0.000003342981699461234,0.000013420077266346198,0.00003029112849617377,0.00005405172487371601,0.00008482939301757142,0.00012288999278098345,0.00016840505122672766,0.00022158792125992477,0.00028284647851251066,0.00035231997026130557]]}