{"training_accuracies":[],"attacked_training_accuracies":[],"kl_over_time":[],"validation_accuracy":[0.4207235872745514,0.4207235872745514,0.4207235872745514],"attacked_validation_accuracy":[0.32538798451423645,0.3647657334804535,0.35025814175605774],"validation_kl_over_time":[[4.913059292732669e-9,0.00010169685265282169,0.00040847156196832657,0.0009247091948054731,0.0016570893349125981,0.0026151875499635935,0.00381304114125669,0.005263334605842829,0.006985350977629423,0.008988738991320133,0.011290835216641426],[5.529729563136243e-9,0.00010190428292844445,0.0004086076223757118,0.0009243697277270257,0.0016552454326301813,0.0026105535216629505,0.0038052452728152275,0.005249359179288149,0.0069640027359128,0.008956892415881157,0.01124551147222519],[4.157784783132001e-9,0.00010152961476705968,0.00040758991963230073,0.0009221471264027059,0.0016516493633389473,0.0026037413626909256,0.003796044271439314,0.0052378736436367035,0.006944295484572649,0.00893212016671896,0.011216719634830952]]}