{"training_accuracies":[],"attacked_training_accuracies":[],"kl_over_time":[],"validation_accuracy":[0.41036102175712585,0.41036102175712585,0.41036102175712585],"attacked_validation_accuracy":[0.2911915183067322,0.3378230631351471,0.34300434589385986],"validation_kl_over_time":[[8.490908420810683e-9,0.000257012463407591,0.0010341973975300789,0.0023454558104276657,0.004217640496790409,0.006688221823424101,0.00979697797447443,0.013593556359410286,0.01813233084976673,0.023459846153855324,0.029624374583363533],[9.261819755579381e-9,0.0002536816173233092,0.0010217954404652119,0.002318542916327715,0.004166699014604092,0.006602906156331301,0.009673409163951874,0.013417234644293785,0.017888888716697693,0.023138070479035378,0.029212752357125282],[7.681186353636349e-9,0.0002551195793785155,0.001027572900056839,0.002331719733774662,0.0041923923417925835,0.006648889277130365,0.009743551723659039,0.01352528017014265,0.018043067306280136,0.023346031084656715,0.02949223481118679]]}