{"training_accuracies":[],"attacked_training_accuracies":[],"kl_over_time":[],"validation_accuracy":[0.4134697914123535,0.4134697914123535,0.4165785610675812],"attacked_validation_accuracy":[0.3730557858943939,0.3326417803764343,0.3803095817565918],"validation_kl_over_time":[[2.8888476055755063e-9,0.00011783677473431453,0.0004736714472528547,0.001071664853952825,0.0019191585015505552,0.0030233776196837425,0.004396481439471245,0.006053155288100243,0.008003010414540768,0.010264141485095024,0.012851892970502377],[4.003049003387105e-9,0.00011771539720939472,0.00047278866986744106,0.001069981255568564,0.0019150541629642248,0.0030179177410900593,0.00438893586397171,0.006041749846190214,0.007989645004272461,0.010248608887195587,0.012832093052566051],[5.073963915691593e-9,0.00011787375842686743,0.00047361807082779706,0.001071500824764371,0.0019181461539119482,0.003021610202267766,0.004395266063511372,0.006049016956239939,0.007999983616173267,0.010263021104037762,0.012851516716182232]]}