{"training_accuracies":[],"attacked_training_accuracies":[],"kl_over_time":[],"validation_accuracy":[0.4207235872745514,0.4207235872745514,0.4207235872745514],"attacked_validation_accuracy":[0.3108803927898407,0.3575119376182556,0.3243517279624939],"validation_kl_over_time":[[4.006806886280856e-9,0.0001013436121866107,0.00040691663161851466,0.000921403057873249,0.0016506992978975177,0.002604343229904771,0.003796932753175497,0.005239327438175678,0.006948830094188452,0.00894100870937109,0.011231976561248302],[3.6793834645720835e-9,0.00010221783304587007,0.00041037157643586397,0.0009286261047236621,0.0016638600500300527,0.002625384135171771,0.0038277937564998865,0.005283094011247158,0.0070097558200359344,0.00901910848915577,0.01132954377681017],[2.714734659292617e-9,0.0001023451259243302,0.0004106008564122021,0.0009287032298743725,0.0016631368780508637,0.002622458152472973,0.0038225294556468725,0.005272677633911371,0.006990079302340746,0.00898899044841528,0.011289287358522415]]}