{"training_accuracies":[],"attacked_training_accuracies":[],"kl_over_time":[],"validation_accuracy":[0.4113972783088684,0.4113972783088684,0.4113972783088684],"attacked_validation_accuracy":[0.28290146589279175,0.32124295830726624,0.32124295830726624],"validation_kl_over_time":[[3.190104846950703e-9,0.00009848183253780007,0.00039519512210972607,0.0008932337514124811,0.001596774091012776,0.002513007028028369,0.003650345839560032,0.005019782576709986,0.006630830001085997,0.008492114022374153,0.010621334426105022],[2.530481824081221e-9,0.00009886305633699521,0.00039662880590185523,0.0008954671793617308,0.001600782386958599,0.00251899566501379,0.0036585810594260693,0.0050291633233428,0.006640033330768347,0.008503306657075882,0.010630547069013119],[3.568544792997841e-9,0.0000985694641713053,0.00039550449582748115,0.0008929544128477573,0.0015960002783685923,0.0025116766337305307,0.003647505771368742,0.0050147599540650845,0.006621490698307753,0.008479508571326733,0.010604072362184525]]}