{"training_accuracies":[1.0],"attacked_training_accuracies":[1.0],"kl_over_time":[[-7.536778667827093e-8,0.000004237321718392195,0.000016417583537986502,0.00003660318543552421,0.00006507653597509488,0.00010355925769545138,0.00014835498586762697,0.00020384247181937099,0.00026555059594102204,0.0003355125372763723,0.00041990046156570315]],"validation_accuracy":[0.4227961003780365,0.42175984382629395,0.42175984382629395],"attacked_validation_accuracy":[0.3181341886520386,0.3326417803764343,0.317097932100296],"validation_kl_over_time":[[3.245888446912204e-9,0.000004336940037319437,0.000017364262021146715,0.00003913228283636272,0.00006973596464376897,0.00010929922427749261,0.0001578978990437463,0.00021572747209575027,0.0002829842269420624,0.0003597362956497818,0.00044621818233281374],[2.6976052502902803e-9,0.00000435056153946789,0.00001740114930726122,0.000039195383578771725,0.00006982347258599475,0.00010948552517220378,0.0001581897959113121,0.00021614621800836176,0.00028348775231279433,0.00036044142325408757,0.00044719132711179554],[1.9036669463012856e-10,0.000004334060122346273,0.000017349417248624377,0.00003909031511284411,0.00006962776387808844,0.00010916229075519368,0.00015779247041791677,0.00021563917107414454,0.0002828124852385372,0.00035965032293461263,0.00044621710549108684]]}