{"training_accuracies":[],"attacked_training_accuracies":[],"kl_over_time":[],"validation_accuracy":[0.4186510741710663,0.4207235872745514,0.42175984382629395],"attacked_validation_accuracy":[0.35854819416999817,0.3575119376182556,0.326424241065979],"validation_kl_over_time":[[8.463568512695474e-9,0.00032781666959635913,0.0013226473238319159,0.0030028889887034893,0.005404661875218153,0.008573565632104874,0.012569797225296497,0.017461851239204407,0.023324385285377502,0.030222589150071144,0.03823431208729744],[7.174090654871179e-9,0.00032925771665759385,0.0013270210474729538,0.003012364963069558,0.005418121814727783,0.00859250221401453,0.012591530568897724,0.017485782504081726,0.02334742620587349,0.03022792376577854,0.03822777792811394],[1.2614626676565877e-8,0.0003289920568931848,0.001326817786321044,0.003011230146512389,0.00542090181261301,0.008597979322075844,0.012600135058164597,0.017499824985861778,0.023367686197161674,0.03027191013097763,0.038282692432403564]]}