{"training_accuracies":[1.0],"attacked_training_accuracies":[1.0],"kl_over_time":[[5.46107727927847e-8,0.000006366142315528123,0.00002435377064102795,0.00005450111711979844,0.00009819357364904135,0.0001519432698842138,0.00021733426547143608,0.00029481519595719874,0.0003833277150988579,0.0004870134871453047,0.0006055755075067282]],"validation_accuracy":[0.41450604796409607,0.41450604796409607,0.4155423045158386],"attacked_validation_accuracy":[0.3606207072734833,0.3647657334804535,0.3378230631351471],"validation_kl_over_time":[[3.2468292499032714e-9,0.000005134749699209351,0.00002050579132628627,0.000046209861466195434,0.00008229872764786705,0.0001288427010877058,0.0001859179901657626,0.00025380190345458686,0.0003325762809254229,0.00042233176645822823,0.0005232216790318489],[5.665878322069773e-10,0.000005168675670574885,0.0000206757085834397,0.000046536311856471,0.00008288721437565982,0.00012972630793228745,0.00018729204020928591,0.0002556317485868931,0.0003349902981426567,0.00042539031710475683,0.0005270898691378534],[7.80329800775803e-10,0.000005147189767740201,0.000020547100575640798,0.00004624413850251585,0.00008233311382355168,0.00012888059427496046,0.0001859447220340371,0.0002536144165787846,0.00033222741330973804,0.00042198633309453726,0.0005228834925219417]]}