{"training_accuracies":[],"attacked_training_accuracies":[],"kl_over_time":[],"validation_accuracy":[0.4134697914123535,0.41450604796409607,0.4155423045158386],"attacked_validation_accuracy":[0.29844531416893005,0.2974090576171875,0.3326417803764343],"validation_kl_over_time":[[4.613523341134851e-9,0.000028437663786462508,0.00011411707964725792,0.00025814169202931225,0.0004616339283529669,0.0007266643224284053,0.0010549206053838134,0.001449865405447781,0.0019128596177324653,0.0024476998951286077,0.003056167159229517],[1.803145188716826e-9,0.00002823525937856175,0.00011334392911521718,0.00025651411851868033,0.0004586635041050613,0.0007221500272862613,0.001048500300385058,0.0014410276198759675,0.0019011537078768015,0.002432138891890645,0.0030374194029718637],[2.834635637327665e-9,0.000028525179004645906,0.00011437562352512032,0.00025875557912513614,0.0004628098395187408,0.0007287626503966749,0.0010580919915810227,0.0014536224771291018,0.001917804591357708,0.0024537472054362297,0.0030632284469902515]]}