{"training_accuracies":[1.0],"attacked_training_accuracies":[0.0],"kl_over_time":[[-1.9516003035846552e-8,0.000007309653483389411,0.00002915190088970121,0.0000641497754259035,0.00011552272189874202,0.00018190739501733333,0.00026111677289009094,0.0003584620135370642,0.0004699710407294333,0.0006047074566595256,0.0007517627091147006]],"validation_accuracy":[0.4207235872745514,0.4207235872745514,0.4207235872745514],"attacked_validation_accuracy":[0.3398955762386322,0.35440316796302795,0.3440406024456024],"validation_kl_over_time":[[1.0804809269515658e-9,0.00000745188981454703,0.0000298510494758375,0.00006736777868354693,0.0001204102736664936,0.00018916589033324271,0.0002743374207057059,0.0003762617416214198,0.0004957503988407552,0.0006328376475721598,0.0007886548992246389],[3.2947708450414837e-10,0.0000074077101999137085,0.00002970578134409152,0.00006703117833239958,0.00011978300608461723,0.00018829935288522393,0.0002730124688241631,0.0003745093126781285,0.0004934618482366204,0.0006300755776464939,0.0007854558061808348],[3.376891266615445e-10,0.000007384325726889074,0.00002956846401502844,0.00006672063318546861,0.00011920560791622847,0.00018722779350355268,0.00027136056451126933,0.0003722242545336485,0.0004901856300421059,0.0006257577333599329,0.0007798826554790139]]}