{"training_accuracies":[],"attacked_training_accuracies":[],"kl_over_time":[],"validation_accuracy":[0.44870251417160034,0.43523117899894714,0.4383399486541748],"attacked_validation_accuracy":[0.33885931968688965,0.3419680893421173,0.3419680893421173],"validation_kl_over_time":[[3.6834855166034686e-9,0.00009977738955058157,0.000400848250137642,0.0009073719847947359,0.0016253013163805008,0.002562691690400243,0.0037317045498639345,0.0051447730511426926,0.006811277940869331,0.008748729713261127,0.010972825810313225],[5.487673870874232e-9,0.00010033372382167727,0.0004030965210404247,0.0009120219037868083,0.0016336537664756179,0.002576775848865509,0.003753031836822629,0.005171001423150301,0.006848114542663097,0.008794929832220078,0.01102808490395546],[5.994542195963959e-9,0.00009952350956154987,0.0004000265907961875,0.000905409746337682,0.0016220426186919212,0.0025587675627321005,0.0037250707391649485,0.005135681945830584,0.006798281334340572,0.00873191561549902,0.010946646332740784]]}