{"training_accuracies":[],"attacked_training_accuracies":[],"kl_over_time":[],"validation_accuracy":[0.4186510741710663,0.4207235872745514,0.42175984382629395],"attacked_validation_accuracy":[0.36580199003219604,0.3554394245147705,0.3398955762386322],"validation_kl_over_time":[[8.180440325133986e-9,0.0003289280575700104,0.0013259447878226638,0.0030101672746241093,0.005417704116553068,0.008594166487455368,0.012594165280461311,0.017494238913059235,0.02335948497056961,0.030261801555752754,0.03827495500445366],[9.640223730400521e-9,0.00032501076930202544,0.001310735591687262,0.0029766352381557226,0.005355244968086481,0.00849283579736948,0.012448529712855816,0.017287516966462135,0.02307918854057789,0.02988678589463234,0.037795186042785645],[1.0349489265593093e-8,0.000326094392221421,0.0013140033697709441,0.002981588477268815,0.00536556588485837,0.008512917906045914,0.01247619092464447,0.01732751540839672,0.02314300462603569,0.029974713921546936,0.037915267050266266]]}