{"training_accuracies":[],"attacked_training_accuracies":[],"kl_over_time":[],"validation_accuracy":[0.08393781632184982,0.08497408777475357,0.08808290213346481],"attacked_validation_accuracy":[0.1533679962158203,0.1554405391216278,0.15025918185710907],"validation_kl_over_time":[[2.3696911100046236e-10,0.000012895460713480134,0.00005176089325686917,0.00011678400915116072,0.00020844039681833237,0.0003270644519943744,0.00047349161468446255,0.0006484859623014927,0.0008526092278771102,0.0010871408740058541,0.0013534374302253127],[1.335998867091348e-9,0.000013004702850594185,0.00005219309241510928,0.000117820905870758,0.00021024563466198742,0.0003300334792584181,0.000477666559163481,0.0006538811721839011,0.0008602186571806669,0.0010969660943374038,0.0013654236681759357],[2.8154294451354644e-9,0.000012910139957966749,0.00005172430246602744,0.0001167209047707729,0.0002082953869830817,0.0003267635474912822,0.0004730872460640967,0.0006478731520473957,0.0008518793038092554,0.001086238189600408,0.0013523382367566228]]}