{"training_accuracies":[],"attacked_training_accuracies":[],"kl_over_time":[],"validation_accuracy":[0.4359505772590637,0.4380231201648712],"attacked_validation_accuracy":[0.23634913563728333,0.3415703773498535],"validation_kl_over_time":[[-7.28624438561809e-10,0.000004083666681253817,0.000016654781575198285,0.000037849553336855024,0.00006771128391847014,0.00010636608203640208,0.00015399008407257497,0.00021065518376417458,0.00027675152523443103,0.0003523948253132403,0.00043797586113214493],[-1.253159576108942e-9,0.0000037362801776907872,0.000015265901311067864,0.00003476719939499162,0.0000622855150140822,0.00009786227019503713,0.00014169077621772885,0.00019388055079616606,0.00025457009905949235,0.00032400264171883464,0.00040253152837976813]]}