{"training_accuracies":[0.0],"attacked_training_accuracies":[0.0],"kl_over_time":[[4.7521972135200485e-8,0.00000390792820326169,0.0000157382801262429,0.00003544991704984568,0.00006388960173353553,0.00009961693285731599,0.00014334835577756166,0.00019682383572217077,0.0002568414784036577,0.00032492782338522375,0.000403516402002424]],"validation_accuracy":[0.4321224093437195,0.451811283826828,0.4694276452064514],"attacked_validation_accuracy":[0.3461131155490875,0.35647568106651306,0.3730557858943939],"validation_kl_over_time":[[6.126733342881607e-9,0.0000036743269902217435,0.000014706587535329163,0.00003315375579404645,0.000059050435083918273,0.00009244632383342832,0.0001334454136667773,0.00018214009469375014,0.0002386020787525922,0.00030293353484012187,0.0003751224430743605],[4.409081544309856e-9,0.000003680723693832988,0.000014747626664757263,0.00003321663461974822,0.00005918122042203322,0.00009266817505704239,0.0001338083966402337,0.0001826511143008247,0.00023923256958369166,0.00030377646908164024,0.0003762519045267254],[4.161961886239851e-9,0.0000036539715893013636,0.000014658343388873618,0.00003305367863504216,0.00005890714601264335,0.00009228003182215616,0.00013326107000466436,0.00018193286086898297,0.0002382968959864229,0.00030258685001172125,0.0003747785522136837]]}