{"training_accuracies":[],"attacked_training_accuracies":[],"kl_over_time":[],"validation_accuracy":[0.27150264382362366,0.3512943983078003,0.3865271210670471],"attacked_validation_accuracy":[0.24559615552425385,0.2911915183067322,0.27357515692710876],"validation_kl_over_time":[[7.951915237391916e-10,0.00003142044442938641,0.00012627353135030717,0.00028542839572764933,0.0005101240240037441,0.0008022717083804309,0.0011642527533695102,0.0015987278893589973,0.002108913380652666,0.0026955646462738514,0.0033616763539612293],[1.0073981648872632e-9,0.00003120471956208348,0.00012533002882264555,0.0002831318706739694,0.0005058492533862591,0.0007957923226058483,0.0011552631622180343,0.00158673373516649,0.0020922308322042227,0.0026751873083412647,0.0033371748868376017],[2.5329796038420227e-9,0.00003123830902040936,0.00012540575698949397,0.0002833684557117522,0.0005064293509349227,0.0007965501281432807,0.001155648846179247,0.0015871559735387564,0.0020938569214195013,0.0026762119960039854,0.00333981029689312]]}