{"training_accuracies":[],"attacked_training_accuracies":[],"kl_over_time":[],"validation_accuracy":[0.43315866589546204,0.4227961003780365,0.4227961003780365],"attacked_validation_accuracy":[0.3823820948600769,0.3606207072734833,0.3595844507217407],"validation_kl_over_time":[[1.1992135062754983e-9,0.000011922592420887668,0.00004781054303748533,0.00010796592687256634,0.00019286134920548648,0.000302790169371292,0.00043912482215091586,0.0006021622102707624,0.0007928973063826561,0.0010129985166713595,0.0012629023985937238],[1.574331554010655e-9,0.000011921669283765368,0.00004774081753566861,0.00010785301856230944,0.00019258579413872212,0.0003022784658242017,0.0004381354956422001,0.0006006417097523808,0.0007909048581495881,0.001009869622066617,0.0012584595242515206],[1.2951134609195947e-9,0.000011917206393263768,0.00004785104465554468,0.00010805133206304163,0.00019289190822746605,0.00030288894777186215,0.00043911891407333314,0.0006022199522703886,0.0007929591229185462,0.0010123024694621563,0.0012618700275197625]]}