{"training_accuracies":[],"attacked_training_accuracies":[],"kl_over_time":[],"validation_accuracy":[0.4207235872745514,0.4186510741710663,0.4207235872745514],"attacked_validation_accuracy":[0.25803130865097046,0.25803130865097046,0.277720183134079],"validation_kl_over_time":[[2.3188153619457808e-9,0.000007424694558721967,0.000029775637813145295,0.00006724649574607611,0.00012015944957965985,0.0001889878767542541,0.0002740631753113121,0.0003762094711419195,0.0004956921911798418,0.0006331498152576387,0.0007889902917668223],[3.6181537765855865e-9,0.000007389206984953489,0.00002964422310469672,0.00006688787834718823,0.00011955008812947199,0.00018795559299178421,0.00027258481713943183,0.000374120834749192,0.0004927528207190335,0.0006293279584497213,0.0007842321647331119],[2.441342683567882e-9,0.0000074035324360011145,0.000029633538360940292,0.00006696536729577929,0.00011966773308813572,0.00018814479699358344,0.0002729529223870486,0.0003744848945643753,0.0004931448493152857,0.0006299711531028152,0.0007851279224269092]]}