{"training_accuracies":[],"attacked_training_accuracies":[],"kl_over_time":[],"validation_accuracy":[0.4435212314128876,0.45492005348205566,0.44663000106811523],"attacked_validation_accuracy":[0.2974090576171875,0.30051782727241516,0.30051782727241516],"validation_kl_over_time":[[-8.967010467486602e-10,0.000021653526346199214,0.00008702345803612843,0.00019669787434395403,0.0003523703489918262,0.0005552786751650274,0.0008079652325250208,0.0011130900820717216,0.0014722527703270316,0.0018896429101005197,0.002368232700973749],[-8.218973834850374e-10,0.00002141442382708192,0.00008600432920502499,0.00019454045104794204,0.0003483012260403484,0.0005490664625540376,0.0007991044549271464,0.0011009947629645467,0.0014569858321920037,0.0018699574284255505,0.0023443521931767464],[9.341664108930559e-10,0.000021385303625720553,0.00008605135371908545,0.00019454455468803644,0.00034820407745428383,0.0005486271111294627,0.0007985132979229093,0.0011002699611708522,0.001455283141694963,0.0018675306346267462,0.0023409242276102304]]}