{"training_accuracies":[],"attacked_training_accuracies":[],"kl_over_time":[],"validation_accuracy":[0.3865271210670471,0.41968733072280884,0.4207235872745514],"attacked_validation_accuracy":[0.2839377224445343,0.259067565202713,0.25181376934051514],"validation_kl_over_time":[[2.7984778938616728e-9,0.00008372298907488585,0.0003365970333106816,0.0007627361919730902,0.0013681537238880992,0.002161985030397773,0.003153241006657481,0.004353130701929331,0.005775646772235632,0.007430971600115299,0.009335484355688095],[3.1156908164575725e-9,0.00008339446503669024,0.00033527673804201186,0.0007593762129545212,0.0013623613631352782,0.0021529491059482098,0.0031391417142003775,0.004331937991082668,0.005746901500970125,0.0073954397812485695,0.009291814640164375],[2.495010642533657e-9,0.00008289832476293668,0.00033335533225908875,0.0007556055206805468,0.0013559013605117798,0.0021429199259728193,0.0031255376525223255,0.004315714351832867,0.005727145355194807,0.007370764389634132,0.009262786246836185]]}