{"training_accuracies":[0.0],"attacked_training_accuracies":[1.0],"kl_over_time":[[-6.596785784296344e-9,0.00000695755170454504,0.000027179177777725272,0.00006125105574028566,0.000109113723738119,0.00017067888984456658,0.00024331462918780744,0.0003320249088574201,0.0004358915030024946,0.0005495391669683158,0.0006832321523688734]],"validation_accuracy":[0.3709832727909088,0.3378230631351471,0.32953301072120667],"attacked_validation_accuracy":[0.3461131155490875,0.3316055238246918,0.33678680658340454],"validation_kl_over_time":[[1.464338428291967e-9,0.00001114232509280555,0.000044690892536891624,0.00010096522601088509,0.00018042075680568814,0.000283558591036126,0.0004109890141990036,0.0005630649975501001,0.0007409763056784868,0.0009447568445466459,0.0011751038255169988],[3.074774879152642e-10,0.00001113087000703672,0.000044708431232720613,0.00010104186367243528,0.0001806666114134714,0.00028404814656823874,0.00041188253089785576,0.000564655230846256,0.0007431143894791603,0.0009474653634242713,0.001178726670332253],[2.8663367235282067e-9,0.000011120882845716551,0.00004459894626052119,0.0001007827595458366,0.00018011117936111987,0.00028315637609921396,0.0004103661922272295,0.0005625816411338747,0.0007401691400445998,0.0009437230182811618,0.0011743230279535055]]}