{"training_accuracies":[1.0],"attacked_training_accuracies":[1.0],"kl_over_time":[[3.123233582869034e-8,0.0000017116132084993296,0.000008433764378423803,0.00002000631320697721,0.000037921403418295085,0.00006163056968944147,0.00008910946053219959,0.00012578013411257416,0.00016493865405209363,0.0002127905172528699,0.00027007583412341774]],"validation_accuracy":[0.4207235872745514,0.4207235872745514,0.4207235872745514],"attacked_validation_accuracy":[0.28911900520324707,0.3243517279624939,0.33471429347991943],"validation_kl_over_time":[[2.0816690593505882e-9,0.000002735058160396875,0.000010967695743602235,0.0000247295611188747,0.00004415678631630726,0.0000692263784003444,0.00010026229574577883,0.00013711219071410596,0.00018025102326646447,0.00022964662639424205,0.00028550895513035357],[-5.933827873505493e-10,0.0000027332964691595407,0.000010959168321278412,0.00002471102743584197,0.00004408304812386632,0.00006918583676451817,0.00010013753490056843,0.00013704637240152806,0.00018009217455983162,0.00022938848997000605,0.0002852519683074206],[6.562418386479862e-10,0.000002744020775935496,0.00001098476514016511,0.0000247671632678248,0.00004415933653945103,0.00006925253546796739,0.00010021983325714245,0.00013717978436034173,0.00018015199748333544,0.00022946135140955448,0.0002854033373296261]]}