{"training_accuracies":[],"attacked_training_accuracies":[],"kl_over_time":[],"validation_accuracy":[0.4207235872745514,0.4207235872745514,0.4207235872745514],"attacked_validation_accuracy":[0.24559615552425385,0.26010382175445557,0.26010382175445557],"validation_kl_over_time":[[1.0591369559165287e-8,0.00032494624610990286,0.001307737547904253,0.002964712679386139,0.005329487845301628,0.008450515568256378,0.012381920590996742,0.017189305275678635,0.022953927516937256,0.02973756566643715,0.037631236016750336],[8.911919202603258e-9,0.00032689087674953043,0.001317171729169786,0.002987930551171303,0.005372529849410057,0.008520947769284248,0.01248704269528389,0.01734567992389202,0.02316415309906006,0.030016927048563957,0.037986598908901215],[1.2282136196972715e-8,0.00032594322692602873,0.0013140486553311348,0.00298140081577003,0.005363848526030779,0.008509119041264057,0.012477098032832146,0.01733299158513546,0.023152973502874374,0.03001302294433117,0.03798939660191536]]}