{"training_accuracies":[],"attacked_training_accuracies":[],"kl_over_time":[],"validation_accuracy":[0.4300498962402344,0.42590487003326416,0.4207235872745514],"attacked_validation_accuracy":[0.3036265969276428,0.3181341886520386,0.31606167554855347],"validation_kl_over_time":[[9.353466445816139e-9,0.00026353358407504857,0.0010621523251757026,0.002412237925454974,0.004338244907557964,0.006877682637423277,0.010074871592223644,0.013979295268654823,0.018653539940714836,0.024155188351869583,0.03054085746407509],[8.323257638664927e-9,0.0002613210817798972,0.001052105100825429,0.0023870663717389107,0.004292955156415701,0.0068033067509531975,0.009960664436221123,0.013816210441291332,0.018426060676574707,0.023849913850426674,0.030146313831210136],[1.0651555193419426e-8,0.0002602400491014123,0.0010486781829968095,0.0023812397848814726,0.004283906426280737,0.006787819787859917,0.009943731129169464,0.013795348815619946,0.018403878435492516,0.023822247982025146,0.030112886801362038]]}