{"training_accuracies":[1.0],"attacked_training_accuracies":[0.0],"kl_over_time":[[6.053201939693054e-9,0.0000037635873013641685,0.000014780061974306591,0.00003284381455159746,0.00005883430640096776,0.00009118094749283046,0.00013310722715687007,0.00018157252634409815,0.0002369620488025248,0.00030076774419285357,0.000377567921532318]],"validation_accuracy":[0.4207235872745514,0.4207235872745514,0.4207235872745514],"attacked_validation_accuracy":[0.35233065485954285,0.34300434589385986,0.34093183279037476],"validation_kl_over_time":[[2.37758035481761e-9,0.0000033985654681600863,0.000013636551557283383,0.000030852912459522486,0.00005513782525667921,0.00008669154340168461,0.0001256888936040923,0.0001724768808344379,0.00022709465702064335,0.00028994522290304303,0.0003610989369917661],[8.140765839215192e-10,0.0000034146969483117573,0.000013698782822757494,0.00003097850640187971,0.00005533261355594732,0.00008691207767697051,0.00012602082279045135,0.0001727793860482052,0.00022757481201551855,0.0002904187422245741,0.0003616389585658908],[3.030128647996122e-10,0.000003408443035368691,0.000013680876691068988,0.000030941053410060704,0.000055305074056377634,0.00008690395043231547,0.00012596274609677494,0.00017275357095059007,0.00022740275016985834,0.0002901779080275446,0.00036158168222755194]]}