{"training_accuracies":[],"attacked_training_accuracies":[],"kl_over_time":[],"validation_accuracy":[0.4207235872745514,0.4186510741710663,0.4207235872745514],"attacked_validation_accuracy":[0.2621763348579407,0.24974124133586884,0.2797926962375641],"validation_kl_over_time":[[3.6463445596268684e-9,0.000007409122190438211,0.00002971949288621545,0.00006713211769238114,0.00011997508408967406,0.00018866400932893157,0.0002735685557126999,0.00037561930366791785,0.0004948607529513538,0.0006320629036054015,0.0007878300966694951],[2.1087742663183917e-9,0.000007378657755907625,0.00002960711753985379,0.00006682959792669863,0.00011946677841478959,0.00018782414554152638,0.0002723952056840062,0.00037387359770946205,0.0004924095701426268,0.0006290501332841814,0.0007838039891794324],[4.3163788099320755e-9,0.000007395212833216647,0.000029639253625646234,0.00006699129880871624,0.00011971941421506926,0.00018832476052921265,0.0002732249558903277,0.0003749348397832364,0.0004937610356137156,0.000630838330835104,0.0007861469057388604]]}