{"training_accuracies":[],"attacked_training_accuracies":[],"kl_over_time":[],"validation_accuracy":[0.4113972783088684,0.4113972783088684,0.4113972783088684],"attacked_validation_accuracy":[0.2725389003753662,0.28704649209976196,0.30259034037590027],"validation_kl_over_time":[[4.029887090695183e-9,0.00008466267900075763,0.0003399216802790761,0.0007691403734497726,0.0013783933827653527,0.002175065455958247,0.003170082112774253,0.004372505471110344,0.005792639218270779,0.0074431863613426685,0.009334075264632702],[2.404225041274799e-9,0.00008610854274593294,0.00034554293961264193,0.000782019691541791,0.0014016920467838645,0.0022109514102339745,0.003221352817490697,0.004440185613930225,0.005882554687559605,0.007555095013231039,0.009471358731389046],[3.0511140280964355e-9,0.00008496431837556884,0.0003410685749258846,0.0007717238622717559,0.0013828485971316695,0.0021821754053235054,0.0031806316692382097,0.004385880660265684,0.005810734815895557,0.007468325551599264,0.009364212863147259]]}