{"training_accuracies":[],"attacked_training_accuracies":[],"kl_over_time":[],"validation_accuracy":[0.44870251417160034,0.43523117899894714,0.4383399486541748],"attacked_validation_accuracy":[0.34507685899734497,0.34507685899734497,0.3761645555496216],"validation_kl_over_time":[[4.210917836644512e-9,0.00009976423461921513,0.0004007458919659257,0.0009074850240722299,0.0016253242501989007,0.0025632947217673063,0.0037321755662560463,0.005145298317074776,0.006813726853579283,0.00875112134963274,0.0109769431874156],[1.7582285627426586e-9,0.00010041247878689319,0.0004033891891594976,0.0009132501436397433,0.001636435161344707,0.002582149114459753,0.0037599673960357904,0.005182829685509205,0.0068651712499558926,0.008818138390779495,0.011060895398259163],[4.081275761791403e-9,0.0001000666234176606,0.0004021802160423249,0.0009103041375055909,0.001631168182939291,0.0025737518444657326,0.003746996633708477,0.0051659997552633286,0.006840222980827093,0.008787261322140694,0.011017543263733387]]}