{"training_accuracies":[],"attacked_training_accuracies":[],"kl_over_time":[],"validation_accuracy":[0.05492224544286728,0.06424865871667862,0.07668391615152359],"attacked_validation_accuracy":[0.15129545331001282,0.179274782538414,0.2031090259552002],"validation_kl_over_time":[[2.6852189360937473e-9,0.00008617652929387987,0.00034598560887388885,0.0007825375651009381,0.0014004437252879143,0.002206668956205249,0.0032086968421936035,0.004415562376379967,0.0058377766981720924,0.00748453289270401,0.009365244768559933],[1.0361771440869916e-9,0.00008529466140316799,0.0003429435892030597,0.0007760231965221465,0.0013893799623474479,0.002189655788242817,0.003185153938829899,0.004383496008813381,0.00579630583524704,0.007432083133608103,0.009297617711126804],[4.0862175865186146e-9,0.0000858129933476448,0.00034424825571477413,0.0007783471955917776,0.0013925011735409498,0.002194324042648077,0.0031911919359117746,0.004390464164316654,0.0058030118234455585,0.0074386149644851685,0.009302153252065182]]}