{"training_accuracies":[],"attacked_training_accuracies":[],"kl_over_time":[],"validation_accuracy":[0.09015544503927231,0.1813473254442215,0.3015540838241577],"attacked_validation_accuracy":[0.20207275450229645,0.22383445501327515,0.24974124133586884],"validation_kl_over_time":[[5.422721383041562e-9,0.00008947970491135493,0.0003597512550186366,0.0008144598104991019,0.0014597912086173892,0.002303247107192874,0.003356732428073883,0.004628007300198078,0.0061333333142101765,0.007884027436375618,0.009892655536532402],[1.7936572227483794e-9,0.00008796180918579921,0.00035337958252057433,0.0008002015529200435,0.0014348375843837857,0.0022640505339950323,0.0032978570088744164,0.004547565709799528,0.0060249269008636475,0.007742923218756914,0.009713190607726574],[3.8141618752263184e-9,0.00008801182411843911,0.0003540452162269503,0.0008019794477149844,0.0014377732295542955,0.002269861288368702,0.0033069064375013113,0.004561396781355143,0.006043831817805767,0.0077695162035524845,0.009749363176524639]]}