{"training_accuracies":[],"attacked_training_accuracies":[],"kl_over_time":[],"validation_accuracy":[0.41761481761932373,0.41761481761932373,0.4207235872745514],"attacked_validation_accuracy":[0.2642488479614258,0.3046628534793854,0.27564767003059387],"validation_kl_over_time":[[6.138464736515914e-10,0.000019454313587630168,0.00007798206206643954,0.0001762437168508768,0.00031506275990977883,0.0004955959157086909,0.0007193845231086016,0.0009878524579107761,0.0013029132969677448,0.0016664351569488645,0.002080146688967943],[1.8823456127137206e-9,0.000019273924408480525,0.00007750536315143108,0.0001753740361891687,0.0003137742169201374,0.0004938645288348198,0.0007175180362537503,0.0009857930708676577,0.0013009868562221527,0.0016648839227855206,0.0020789839327335358],[2.7549671433035883e-9,0.00001923300624184776,0.00007712408842053264,0.00017428549472242594,0.0003116767620667815,0.0004902347573079169,0.0007117210770957172,0.0009775500511750579,0.0012893907260149717,0.0016488357214257121,0.0020585679449141026]]}