{"training_accuracies":[],"attacked_training_accuracies":[],"kl_over_time":[],"validation_accuracy":[0.4134697914123535,0.41450604796409607,0.4155423045158386],"attacked_validation_accuracy":[0.30259034037590027,0.2901552617549896,0.32124295830726624],"validation_kl_over_time":[[1.6539998259901267e-9,0.00002820422923832666,0.0001132311299443245,0.00025614973856136203,0.00045817531645298004,0.0007215674850158393,0.0010478295153006911,0.001440333086065948,0.001900296425446868,0.0024322953540831804,0.0030378287192434072],[2.1721902054849807e-9,0.000028189948352519423,0.00011317848111502826,0.0002558778796810657,0.0004574867198243737,0.0007201420958153903,0.0010454381117597222,0.0014362586662173271,0.0018951448146253824,0.0024243637453764677,0.003026999533176422],[3.844994989066208e-9,0.00002842389585566707,0.00011395225010346621,0.0002577022823970765,0.00046077894512563944,0.0007253592484630644,0.0010535684414207935,0.0014476862270385027,0.0019097367767244577,0.002443905221298337,0.003051669104024768]]}