{"training_accuracies":[],"attacked_training_accuracies":[],"kl_over_time":[],"validation_accuracy":[0.4300498962402344,0.42797738313674927,0.4227961003780365],"attacked_validation_accuracy":[0.3129529058933258,0.3284967541694641,0.3316055238246918],"validation_kl_over_time":[[6.84097001268924e-9,0.0002546302566770464,0.0010252237552776933,0.002325772074982524,0.004182820674031973,0.006626710761338472,0.009703890420496464,0.01345790084451437,0.017952729016542435,0.02323342114686966,0.02936907298862934],[8.452174071749141e-9,0.00025461180484853685,0.001025125733576715,0.0023261080496013165,0.0041836900636553764,0.006630884483456612,0.009711277671158314,0.013472631573677063,0.017974993214011192,0.023266028612852097,0.029412679374217987],[7.074713259669352e-9,0.00025131291477009654,0.0010121236555278301,0.0022976514883339405,0.004132777918130159,0.006550237070769072,0.009596027433872223,0.013311807997524738,0.01776665635406971,0.02299412339925766,0.02907104603946209]]}