{"training_accuracies":[],"attacked_training_accuracies":[],"kl_over_time":[],"validation_accuracy":[0.41968733072280884,0.42175984382629395,0.42175984382629395],"attacked_validation_accuracy":[0.35440316796302795,0.35233065485954285,0.3471493721008301],"validation_kl_over_time":[[1.1010083511564517e-8,0.0003283977275714278,0.001323869451880455,0.003004723461344838,0.005407500080764294,0.00857520755380392,0.012567256577312946,0.01745271123945713,0.023299386724829674,0.030184894800186157,0.0381602980196476],[9.315950677546425e-9,0.0003286900173407048,0.0013245401205495,0.003007065039128065,0.005409745499491692,0.008578842505812645,0.012569388374686241,0.017460081726312637,0.02330866828560829,0.03019075095653534,0.03818749636411667],[8.816314789328317e-9,0.00033063828595913947,0.0013334464747458696,0.0030273275915533304,0.005446940660476685,0.00863744504749775,0.012657858431339264,0.017577584832906723,0.023461274802684784,0.030386468395590782,0.03841697424650192]]}