{"training_accuracies":[],"attacked_training_accuracies":[],"kl_over_time":[],"validation_accuracy":[0.41968733072280884,0.41968733072280884,0.4207235872745514],"attacked_validation_accuracy":[0.27564767003059387,0.2611400783061981,0.2725389003753662],"validation_kl_over_time":[[1.5701321354200104e-9,0.000012435848475433886,0.00004985692794434726,0.00011248558439547196,0.00020066823344677687,0.00031488563399761915,0.00045560052967630327,0.0006234433967620134,0.0008192763780243695,0.001043614000082016,0.0012971300166100264],[1.3959919886730177e-9,0.000012578946552821435,0.0000503787596244365,0.00011371275468263775,0.00020282847981434315,0.00031811362714506686,0.00046039861626923084,0.000629686692263931,0.0008275735890492797,0.0010537576163187623,0.0013094755122438073],[4.367010364436652e-10,0.000012321865142439492,0.000049331407353747636,0.00011137282126583159,0.00019858039740938693,0.0003115986182820052,0.0004508039855863899,0.00061696587363258,0.0008106959285214543,0.0010327743366360664,0.0012839509872719646]]}