{"training_accuracies":[],"attacked_training_accuracies":[],"kl_over_time":[],"validation_accuracy":[0.43937620520591736,0.44870251417160034,0.442484974861145],"attacked_validation_accuracy":[0.36165696382522583,0.36372947692871094,0.36994701623916626],"validation_kl_over_time":[[1.1404034161444088e-8,0.0003424978058319539,0.0013790155062451959,0.0031300424598157406,0.005626934114843607,0.008922016248106956,0.013068507425487041,0.018140515312552452,0.02420414239168167,0.03134771063923836,0.03963140398263931],[8.300949261297319e-9,0.0003427315969020128,0.0013794496189802885,0.003129781223833561,0.005626726895570755,0.008919060230255127,0.013063893653452396,0.018131688237190247,0.024197926744818687,0.031341440975666046,0.039628300815820694],[8.433889142622775e-9,0.00034229501034133136,0.0013773661339655519,0.0031247420702129602,0.005618024151772261,0.00890321284532547,0.013038042932748795,0.018092289566993713,0.024144748225808144,0.031261805444955826,0.03952629864215851]]}