{"training_accuracies":[0.0],"attacked_training_accuracies":[0.0],"kl_over_time":[[-6.697117971299349e-9,0.000002829509412549669,0.000012010495083814021,0.00002617331665533129,0.00004777172580361366,0.0000753549684304744,0.00010959000064758584,0.00014953111531212926,0.00019666360458359122,0.00025064527289941907,0.000316941732307896]],"validation_accuracy":[0.4113972783088684,0.4113972783088684,0.4113972783088684],"attacked_validation_accuracy":[0.35647568106651306,0.3533669114112854,0.3471493721008301],"validation_kl_over_time":[[6.42565792241534e-11,0.000007546460892626783,0.00003021243173861876,0.00006810140621382743,0.00012135410361224785,0.00019015114230569452,0.000274763151537627,0.00037552599678747356,0.0004928502021357417,0.0006267131539061666,0.0007775934063829482],[-2.768591128923803e-12,0.0000075276852840033825,0.000030118433642201126,0.00006784383003832772,0.0001208547328133136,0.00018935560365207493,0.00027355007478035986,0.0003738401865120977,0.000490539416205138,0.0006238019559532404,0.0007740192813798785],[2.69116440243522e-9,0.00000764265496400185,0.000030575236451113597,0.00006884741742396727,0.000122630808618851,0.00019203146803192794,0.00027749378932639956,0.0003792066709138453,0.0004973516333848238,0.0006323219859041274,0.0007842810009606183]]}