{"training_accuracies":[],"attacked_training_accuracies":[],"kl_over_time":[],"validation_accuracy":[0.4134697914123535,0.41450604796409607,0.4155423045158386],"attacked_validation_accuracy":[0.2932640314102173,0.3129529058933258,0.31917044520378113],"validation_kl_over_time":[[1.7471084579057106e-9,0.000028377828130032867,0.00011387736594770104,0.0002575553662609309,0.0004605736758094281,0.0007252533687278628,0.0010528492275625467,0.0014469762099906802,0.00190964515786618,0.0024431287311017513,0.0030505280010402203],[1.3054241021492885e-9,0.000028466973162721843,0.00011418623762438074,0.0002583651221357286,0.00046208204003050923,0.0007272895891219378,0.0010556646157056093,0.0014505753060802817,0.0019135461188852787,0.0024482777807861567,0.003055161563679576],[4.5581973751041005e-9,0.000028665222998824902,0.00011493689817143604,0.00026005232939496636,0.00046509376261383295,0.0007320952718146145,0.0010630908655002713,0.0014606619952246547,0.0019272237550467253,0.0024659426417201757,0.0030787682626396418]]}