{"training_accuracies":[0.0],"attacked_training_accuracies":[0.0],"kl_over_time":[[3.682707827579179e-8,0.000007223964985314524,0.00003003441270266194,0.00006702841346850619,0.00011783617082983255,0.00018591734988149256,0.0002706978702917695,0.0003721090324688703,0.0004887584364041686,0.0006274430197663605,0.0007825679494999349]],"validation_accuracy":[0.4207235872745514,0.4207235872745514,0.4207235872745514],"attacked_validation_accuracy":[0.2880827486515045,0.2880827486515045,0.30259034037590027],"validation_kl_over_time":[[3.0292017783040137e-9,0.000012472412890929263,0.000049946378567256033,0.00011268483649473637,0.00020087233860976994,0.00031509704422205687,0.00045585352927446365,0.0006237612687982619,0.0008194438996724784,0.001043478725478053,0.0012968974187970161],[3.96405575031622e-10,0.000012655619684664998,0.00005061860065325163,0.00011407508281990886,0.0002032889606198296,0.00031878496520221233,0.0004611383192241192,0.0006309000891633332,0.0008288018871098757,0.001055200002156198,0.0013113330351188779],[1.713506780909313e-9,0.000012504146070568822,0.00005003206752007827,0.00011273021664237604,0.0002009215095313266,0.0003151195705868304,0.0004557268985081464,0.0006232871091924608,0.0008188875508494675,0.0010424575302749872,0.0012954692356288433]]}