{"training_accuracies":[],"attacked_training_accuracies":[],"kl_over_time":[],"validation_accuracy":[0.2953365445137024,0.3129529058933258,0.326424241065979],"attacked_validation_accuracy":[0.3067353665828705,0.32331547141075134,0.32538798451423645],"validation_kl_over_time":[[2.262566356492357e-9,0.000005666372999257874,0.00002268339812872,0.00005127937765792012,0.000091645895736292,0.00014404128887690604,0.00020896689966320992,0.0002866903378162533,0.0003780244733206928,0.0004832542617805302,0.0006035923724994063],[4.178983381564194e-9,0.000005590924956777599,0.000022387230274034664,0.00005056146255810745,0.00009043046156875789,0.00014218535216059536,0.00020634758402593434,0.00028304557781666517,0.000373256130842492,0.00047714108950458467,0.0005959945265203714],[2.374988206099715e-9,0.000005607185812550597,0.000022513806470669806,0.000050885402743006125,0.00009107169171329588,0.0001432380813639611,0.00020787835819646716,0.0002854244376067072,0.00037632256862707436,0.0004815285501535982,0.000601066742092371]]}