{"training_accuracies":[],"attacked_training_accuracies":[],"kl_over_time":[],"validation_accuracy":[0.4134697914123535,0.4155423045158386,0.4155423045158386],"attacked_validation_accuracy":[0.34507685899734497,0.36372947692871094,0.3492218852043152],"validation_kl_over_time":[[3.0194611255751624e-9,0.00012066484487149864,0.00048512249486520886,0.0010967155685648322,0.001963552553206682,0.0030935886316001415,0.004498036112636328,0.006190116982907057,0.008182450197637081,0.010497348383069038,0.013141806237399578],[2.9596112227636695e-9,0.00011983519652858377,0.00048138442798517644,0.001088664517737925,0.0019489862024784088,0.0030698818154633045,0.0044645266607403755,0.006142366677522659,0.008122212253510952,0.010414385236799717,0.013036694377660751],[4.970028832929074e-9,0.00012056849664077163,0.0004844593058805913,0.0010954301105812192,0.001961400266736746,0.0030904673039913177,0.004494713619351387,0.006185318809002638,0.008179767988622189,0.010491857305169106,0.01313625369220972]]}