{"training_accuracies":[1.0],"attacked_training_accuracies":[1.0],"kl_over_time":[[4.447173651556113e-8,0.000013285520253702998,0.00005490568219101988,0.00012599019100889564,0.00022363832977134734,0.0003560821060091257,0.0005201394087634981,0.0007041732897050679,0.0009338789386674762,0.0011775834718719125,0.001483630738221109]],"validation_accuracy":[0.4165785610675812,0.4165785610675812,0.4165785610675812],"attacked_validation_accuracy":[0.2642488479614258,0.25595879554748535,0.2797926962375641],"validation_kl_over_time":[[9.252401622639184e-10,0.000012772132322425023,0.000051199778681620955,0.00011548298061825335,0.00020589417545124888,0.00032306372304446995,0.0004677760589402169,0.0006405678577721119,0.0008430529269389808,0.001075522042810917,0.0013391942484304309],[1.0241134607014146e-9,0.000012784982573066372,0.0000512529986735899,0.00011570633068913594,0.00020637715351767838,0.00032383709913119674,0.0004688729823101312,0.0006421898724511266,0.0008451277972199023,0.0010780246229842305,0.0013428248930722475],[1.4502202771993211e-9,0.000012765685823978856,0.00005117159889778122,0.00011533954966580495,0.00020565226441249251,0.000322618056088686,0.00046689671580679715,0.0006394287920556962,0.0008414670592173934,0.001073216088116169,0.0013361044693738222]]}