{"training_accuracies":[],"attacked_training_accuracies":[],"kl_over_time":[],"validation_accuracy":[0.4113972783088684,0.4113972783088684,0.4113972783088684],"attacked_validation_accuracy":[0.2932640314102173,0.29430028796195984,0.30984413623809814],"validation_kl_over_time":[[1.5467195302321102e-9,0.0000841180226416327,0.00033783732214942575,0.000764385680668056,0.0013701730640605092,0.002162445103749633,0.0031520682387053967,0.004348631948232651,0.00576064083725214,0.007403085939586163,0.009285314939916134],[2.9253988120814256e-9,0.00008398632780881599,0.00033755277399905026,0.0007639221148565412,0.0013696241658180952,0.002161504700779915,0.0031498654279857874,0.004344815853983164,0.00575598981231451,0.007396666333079338,0.00927686132490635],[2.1225630142396312e-9,0.00008292202983284369,0.00033308155252598226,0.0007540886290371418,0.001351984916254878,0.0021336949430406094,0.0031102688517421484,0.004289550706744194,0.005683783907443285,0.0073038204573094845,0.00916177686303854]]}