{"training_accuracies":[],"attacked_training_accuracies":[],"kl_over_time":[],"validation_accuracy":[0.41761481761932373,0.41761481761932373,0.4207235872745514],"attacked_validation_accuracy":[0.25388628244400024,0.2549225389957428,0.2642488479614258],"validation_kl_over_time":[[2.477358540531327e-9,0.00001944283394550439,0.00007802253821864724,0.00017651352391112596,0.00031561485957354307,0.0004970605368725955,0.0007220908300951123,0.000992181128822267,0.001309078186750412,0.0016747746849432588,0.002091065514832735],[2.7477695674349434e-9,0.000019418264855630696,0.00007791985262883827,0.00017621013103052974,0.00031495795701630414,0.0004955667536705732,0.0007201454136520624,0.0009890982182696462,0.001304894802160561,0.0016694737132638693,0.0020844442769885063],[3.861996944465318e-9,0.000019331426301505417,0.00007757986168144271,0.0001752501993905753,0.00031338672852143645,0.0004932215088047087,0.0007160328677855432,0.0009839629055932164,0.0012982425978407264,0.0016607767902314663,0.0020732488483190536]]}