{"training_accuracies":[1.0],"attacked_training_accuracies":[1.0],"kl_over_time":[[-1.4196998021631657e-9,0.000004350495601102011,0.00001645117299631238,0.000036541583540383726,0.00006505672354251146,0.00010359588486608118,0.00014831157750450075,0.00020240141020622104,0.0002655007701832801,0.0003354758955538273,0.0004199062241241336]],"validation_accuracy":[0.4227961003780365,0.42175984382629395,0.42175984382629395],"attacked_validation_accuracy":[0.32331547141075134,0.32953301072120667,0.3181341886520386],"validation_kl_over_time":[[1.646633052132529e-9,0.000004338488906796556,0.00001736259764584247,0.00003915073466487229,0.00006974517600610852,0.0001092738239094615,0.00015788957534823567,0.0002156781847588718,0.00028292820206843317,0.0003597014583647251,0.00044620884000323713],[1.4152187199911737e-9,0.000004330526280682534,0.000017330154150840826,0.00003904450568370521,0.00006953231059014797,0.00010904495866270736,0.00015754427295178175,0.0002153215609723702,0.0002824795083142817,0.0003591832355596125,0.00044564754352904856],[3.6043197315649422e-9,0.000004356576027930714,0.000017410426153219305,0.000039198846934596077,0.00006983117782510817,0.00010942937660729513,0.0001581893302500248,0.00021610881958622485,0.00028348920750431716,0.0003604246012400836,0.0004471754073165357]]}