{"training_accuracies":[],"attacked_training_accuracies":[],"kl_over_time":[],"validation_accuracy":[0.4113972783088684,0.4134697914123535,0.4155423045158386],"attacked_validation_accuracy":[0.29430028796195984,0.2974090576171875,0.27875643968582153],"validation_kl_over_time":[[9.358563701766798e-9,0.00030701173818670213,0.0012359848478809,0.002806569216772914,0.005046088248491287,0.007997619919478893,0.011710024438798428,0.016237959265708923,0.02164076641201973,0.02798035554587841,0.035323504358530045],[5.103377720416802e-9,0.0003046708879992366,0.0012274018954485655,0.002786569530144334,0.005013512913137674,0.007947050034999847,0.011637204326689243,0.016142966225743294,0.02152048796415329,0.02783730812370777,0.03514578193426132],[5.951124482095338e-9,0.00030258792685344815,0.0012174183502793312,0.0027645595837384462,0.004973642528057098,0.007884726859629154,0.011544493027031422,0.016012944281101227,0.021347323432564735,0.027606502175331116,0.03485671058297157]]}