{"training_accuracies":[],"attacked_training_accuracies":[],"kl_over_time":[],"validation_accuracy":[0.4435212314128876,0.45492005348205566,0.44663000106811523],"attacked_validation_accuracy":[0.277720183134079,0.30569911003112793,0.3129529058933258],"validation_kl_over_time":[[-2.773774987474553e-9,0.00002173191933252383,0.00008729071851121262,0.00019727973267436028,0.00035304887569509447,0.000556282524485141,0.0008089215261861682,0.0011140399146825075,0.001474236836656928,0.0018913783133029938,0.002369977068156004],[9.755640739683713e-10,0.000021639005353790708,0.00008679470920469612,0.00019623110711108893,0.00035107380244880915,0.0005533041548915207,0.0008047279552556574,0.0011086572194471955,0.0014668054645881057,0.0018828925676643848,0.0023595523089170456],[5.020150406487289e-10,0.000021594778445432894,0.00008683193300385028,0.0001962523238034919,0.0003510662936605513,0.000553170801140368,0.0008050127071328461,0.0011091644410043955,0.0014672884717583656,0.001882399432361126,0.0023589932825416327]]}