{"training_accuracies":[0.0],"attacked_training_accuracies":[0.0],"kl_over_time":[[1.1587939496848776e-7,0.000006475499503721949,0.000025596706109354272,0.00005732263525715098,0.00010184322309214622,0.00015814481594134122,0.00022862393234390765,0.00031319912523031235,0.0004128051514271647,0.0005242509650997818,0.000647106091491878]],"validation_accuracy":[0.43523117899894714,0.42383235692977905,0.4248686134815216],"attacked_validation_accuracy":[0.33885931968688965,0.33471429347991943,0.3512943983078003],"validation_kl_over_time":[[3.3598785975641476e-9,0.000008460270692012273,0.0000339580474246759,0.000076722186349798,0.00013719085836783051,0.0002157522103516385,0.00031279525137506425,0.0004289594362489879,0.000564802554436028,0.0007208973402157426,0.0008978149271570146],[1.5998977698217232e-9,0.00000848036779643735,0.00003400736386538483,0.00007681454735575244,0.00013732744264416397,0.0002158245479222387,0.00031284629949368536,0.0004289623466320336,0.0005649225786328316,0.0007210008334368467,0.0008981988648883998],[1.9562549358198567e-9,0.000008455431270704139,0.000033922613511094823,0.00007668518810532987,0.00013713254884351045,0.0002156531991204247,0.0003127474046777934,0.0004288596101105213,0.000564767571631819,0.0007212064228951931,0.0008989423513412476]]}