{"training_accuracies":[],"attacked_training_accuracies":[],"kl_over_time":[],"validation_accuracy":[0.22383445501327515,0.1854924112558365,0.1637307107448578],"attacked_validation_accuracy":[0.20829038321971893,0.20621784031391144,0.2051815688610077],"validation_kl_over_time":[[2.2154178491717857e-9,0.00003972818740294315,0.00015919645375106484,0.0003592263674363494,0.0006412618677131832,0.0010071019642055035,0.0014588573249056935,0.001998662715777755,0.0026290100067853928,0.003352272789925337,0.0041710082441568375],[2.6510538209123524e-9,0.00003948093581129797,0.00015837413957342505,0.0003573962312657386,0.0006379476981237531,0.0010021430207416415,0.0014518966199830174,0.001989050069823861,0.002617099555209279,0.0033373720943927765,0.004153330344706774],[1.7544844743699883e-10,0.000039356786146527156,0.00015783468552399427,0.00035634191590361297,0.0006361259147524834,0.0009990636026486754,0.0014476649230346084,0.0019835911225527525,0.002609723247587681,0.003327568294480443,0.004141818266361952]]}