{"training_accuracies":[],"attacked_training_accuracies":[],"kl_over_time":[],"validation_accuracy":[0.4404124617576599,0.44870251417160034,0.442484974861145],"attacked_validation_accuracy":[0.3419680893421173,0.37512829899787903,0.3575119376182556],"validation_kl_over_time":[[9.14314135513905e-9,0.0003423743473831564,0.0013781400630250573,0.0031265283469110727,0.005621699616312981,0.00891230907291174,0.013051649555563927,0.018117986619472504,0.02417762577533722,0.031317174434661865,0.0395980067551136],[8.211697988258493e-9,0.0003409369383007288,0.0013726291945204139,0.0031140726059675217,0.005599677562713623,0.008876330219209194,0.013001145794987679,0.01804269663989544,0.024082956835627556,0.03118639811873436,0.039438024163246155],[9.272739021071175e-9,0.0003412364167161286,0.001374516636133194,0.0031178700737655163,0.005605604033917189,0.008884180337190628,0.01301161851733923,0.01805228367447853,0.024086875841021538,0.03118632175028324,0.03941828012466431]]}