{"training_accuracies":[1.0],"attacked_training_accuracies":[1.0],"kl_over_time":[[1.6856326112701936e-8,0.0000026187308321823366,0.000010789523912535515,0.000023470973246730864,0.00004341760359238833,0.00006678088539047167,0.00009728306758916005,0.00013390973617788404,0.0001758575817802921,0.00022652678308077157,0.0002779620699584484]],"validation_accuracy":[0.4207235872745514,0.4207235872745514,0.4207235872745514],"attacked_validation_accuracy":[0.2953365445137024,0.317097932100296,0.3336780369281769],"validation_kl_over_time":[[2.255167830256255e-9,0.00000271356134362577,0.000010893334547290578,0.00002456932998029515,0.000043895004637306556,0.00006886840128572658,0.00009971416875487193,0.00013643242709804326,0.00017937463417183608,0.00022851277026347816,0.0002841356326825917],[9.090784791609963e-10,0.0000027193339064979227,0.000010889053555729333,0.000024556020434829406,0.000043859407014679164,0.00006878762360429391,0.00009951423271559179,0.00013626785948872566,0.00017911697796080261,0.00022812884708400816,0.00028371100779622793],[-9.174840331915846e-10,0.000002735995394687052,0.000010940239917545114,0.00002463563760102261,0.00004393376730149612,0.00006890333315823227,0.00009965717617888004,0.000136335234856233,0.0001791719114407897,0.0002281632332596928,0.000283782253973186]]}