{"training_accuracies":[],"attacked_training_accuracies":[],"kl_over_time":[],"validation_accuracy":[0.4227961003780365,0.4165785610675812,0.41761481761932373],"attacked_validation_accuracy":[0.29222777485847473,0.29844531416893005,0.2746114134788513],"validation_kl_over_time":[[1.707996410971191e-9,0.000009114534805121366,0.000036501820432022214,0.00008230399544117972,0.0001469081616960466,0.00023053960467223078,0.00033367410651408136,0.0004567404102999717,0.0006002876325510442,0.0007647321908734739,0.0009505314519628882],[-6.110493222521995e-10,0.000009048199899552856,0.000036304252716945484,0.00008195434929803014,0.0001462665240978822,0.00022960331989452243,0.00033239275217056274,0.000455153058283031,0.0005982997245155275,0.0007624007994309068,0.000947864493355155],[3.4365141843295532e-9,0.000009099791896005627,0.00003650832150015049,0.00008241141040343791,0.00014717217709403485,0.00023113498173188418,0.0003347415185999125,0.0004583948466461152,0.0006025046459399164,0.0007679712143726647,0.0009551647817716002]]}