{"training_accuracies":[1.0],"attacked_training_accuracies":[1.0],"kl_over_time":[[-2.8275159991153487e-8,0.0000023642651285626926,0.000010401405234006234,0.0000231659669225337,0.000042502077121753246,0.00006739359378116205,0.00009700873488327488,0.00013372240937314928,0.0001749789371388033,0.00022673135390505195,0.0002831712190527469]],"validation_accuracy":[0.4207235872745514,0.4207235872745514,0.4207235872745514],"attacked_validation_accuracy":[0.2880827486515045,0.32331547141075134,0.32953301072120667],"validation_kl_over_time":[[2.6036728328904246e-9,0.0000027327146199240815,0.000010961473890347406,0.00002471125844749622,0.00004413179703988135,0.0000691880559315905,0.00010020676563726738,0.00013705114542972296,0.00018013050430454314,0.00022949394769966602,0.0002853501355275512],[1.2201102350672954e-9,0.000002741451680776663,0.000010971680239890702,0.000024728235075599514,0.00004411322152009234,0.00006922970351297408,0.00010018715693149716,0.00013711192877963185,0.0001801611651899293,0.00022949156118556857,0.00028535962337628007],[1.747352929015733e-9,0.000002746432301137247,0.000010991025192197412,0.00002478028181940317,0.00004417902891873382,0.0000692852700012736,0.00010026743984781206,0.00013723511074203998,0.000180259085027501,0.00022957607870921493,0.0002855471393559128]]}