{"training_accuracies":[],"attacked_training_accuracies":[],"kl_over_time":[],"validation_accuracy":[0.4207235872745514,0.4207235872745514,0.4207235872745514],"attacked_validation_accuracy":[0.2611400783061981,0.2549225389957428,0.26943013072013855],"validation_kl_over_time":[[2.923744302218978e-10,0.000034767268516588956,0.00013951172877568752,0.0003151896526105702,0.0005639888695441186,0.0008880828390829265,0.00129109772387892,0.0017763839568942785,0.0023475138004869223,0.003007343737408519,0.0037598886992782354],[6.903539406799553e-10,0.00003456861668382771,0.00013881843187846243,0.0003136847517453134,0.0005609036888927221,0.0008834474720060825,0.0012844059383496642,0.0017666936619207263,0.002334598219022155,0.0029916311614215374,0.003739399602636695],[2.3401558468805206e-9,0.00003453444878687151,0.00013827820657752454,0.0003123704227618873,0.0005583242163993418,0.0008791994769126177,0.0012778353411704302,0.0017578077968209982,0.002322801621630788,0.0029755053110420704,0.0037190751172602177]]}