{"training_accuracies":[],"attacked_training_accuracies":[],"kl_over_time":[],"validation_accuracy":[0.09844561666250229,0.10466324537992477,0.10777205973863602],"attacked_validation_accuracy":[0.1968913972377777,0.17823851108551025,0.19481885433197021],"validation_kl_over_time":[[8.419581476459825e-9,0.0003410338831599802,0.0013737644767388701,0.00311959907412529,0.005619603209197521,0.008925719186663628,0.013110757805407047,0.018239757046103477,0.02439500205218792,0.03164571896195412,0.04008200392127037],[8.935113982033727e-9,0.0003449232899583876,0.0013895955635234714,0.003156280843541026,0.005684523843228817,0.00902868714183569,0.01326039619743824,0.018450602889060974,0.02467074617743492,0.0319996252655983,0.040507588535547256],[8.724070355015101e-9,0.0003376787935849279,0.0013610371388494968,0.003093311097472906,0.005573061294853687,0.008855956606566906,0.013012712821364403,0.018113045021891594,0.024230269715189934,0.03144492954015732,0.039832670241594315]]}