{"training_accuracies":[],"attacked_training_accuracies":[],"kl_over_time":[],"validation_accuracy":[0.22383445501327515,0.1854924112558365,0.1637307107448578],"attacked_validation_accuracy":[0.2186530977487564,0.2010364830493927,0.20000021159648895],"validation_kl_over_time":[[2.6135003050598016e-9,0.00003973174898419529,0.0001591686304891482,0.0003591412678360939,0.0006408823537640274,0.001006617210805416,0.0014581633731722832,0.0019976238254457712,0.002626841887831688,0.003350529819726944,0.004168848041445017],[2.3776058899471764e-9,0.00003951017060899176,0.00015831283235456795,0.00035715539706870914,0.0006375570083037019,0.001001345575787127,0.0014505489962175488,0.0019873413257300854,0.002614513970911503,0.0033335478510707617,0.004148132633417845],[1.2612924038535311e-9,0.000039234510040842,0.0001572795445099473,0.0003550048277247697,0.0006335600046440959,0.0009954414563253522,0.0014418987557291985,0.001976608531549573,0.0025999671779572964,0.0033153595868498087,0.004127608612179756]]}