{"training_accuracies":[0.0],"attacked_training_accuracies":[0.0],"kl_over_time":[[-5.1452889948677694e-8,0.000005628037342830794,0.000021007514078519307,0.000047575395001331344,0.00008455301576759666,0.00013445627701003104,0.00019553153833840042,0.0002693336282391101,0.00035339492023922503,0.0004494493769016117,0.0005575651885010302]],"validation_accuracy":[0.41036102175712585,0.4113972783088684,0.4113972783088684],"attacked_validation_accuracy":[0.36580199003219604,0.3533669114112854,0.3647657334804535],"validation_kl_over_time":[[2.5368225298194602e-9,0.000005582387530012056,0.000022330483261612244,0.00005030359170632437,0.00008959646947914734,0.00014026573626324534,0.0002025606663664803,0.00027655423036776483,0.00036273201112635434,0.0004610026953741908,0.0005719684413634241],[1.4395016290080775e-9,0.000005568299002334243,0.00002225900607299991,0.00005016252907807939,0.00008929113391786814,0.0001397751912008971,0.0002017859515035525,0.0002754299493972212,0.0003611318825278431,0.00045907602179795504,0.0005695500876754522],[1.552806661031525e-9,0.000005590942237176932,0.000022371814338839613,0.000050475056923460215,0.00008996945689432323,0.0001409273681929335,0.00020347149984445423,0.00027788575971499085,0.0003644088574219495,0.0004632247728295624,0.0005745989619754255]]}