{"training_accuracies":[],"attacked_training_accuracies":[],"kl_over_time":[],"validation_accuracy":[0.43523117899894714,0.42383235692977905,0.4300498962402344],"attacked_validation_accuracy":[0.35440316796302795,0.3284967541694641,0.3243517279624939],"validation_kl_over_time":[[2.640620833105345e-9,0.000008219350092986133,0.0000330715010932181,0.00007479839405277744,0.00013377389404922724,0.0002104736922774464,0.0003055818669963628,0.00041933017200790346,0.0005525886663235724,0.000706033140886575,0.0008801578660495579],[2.003086363444595e-9,0.00000819589968159562,0.00003292322435299866,0.00007451794226653874,0.00013330182991921902,0.00020972106722183526,0.0003043308388441801,0.00041771537507884204,0.0005505539593286812,0.0007034899317659438,0.000876658596098423],[2.0180102033862113e-9,0.000008274917490780354,0.00003321819895063527,0.00007515285687986761,0.0001344943739240989,0.00021153496345505118,0.00030721098301000893,0.0004215740191284567,0.0005557776312343776,0.0007101630908437073,0.0008852537721395493]]}