{"training_accuracies":[0.0],"attacked_training_accuracies":[0.0],"kl_over_time":[[2.2179918346409977e-8,0.000005413871349446708,0.00002102323924191296,0.00004668703695642762,0.00008446849096799269,0.0001344712800346315,0.00019548226555343717,0.0002692997513804585,0.0003533255076035857,0.0004492716398090124,0.0005521266721189022]],"validation_accuracy":[0.41036102175712585,0.4113972783088684,0.4113972783088684],"attacked_validation_accuracy":[0.3471493721008301,0.36994701623916626,0.3668382465839386],"validation_kl_over_time":[[3.268191550720445e-10,0.000005527805114979856,0.000022113823433755897,0.00004987265492673032,0.00008881678513716906,0.00013912899885326624,0.00020084873540326953,0.0002743778459262103,0.0003598902840167284,0.00045748765114694834,0.0005675487918779254],[5.289080839965266e-10,0.00000557854218641296,0.000022338041162583977,0.00005033600973547436,0.00008966409950517118,0.00014040677342563868,0.00020270330423954874,0.00027688624686561525,0.000363044673576951,0.0004615332873072475,0.0005723471404053271],[3.3143705557847625e-9,0.000005631293788610492,0.000022527199689648114,0.00005078303729533218,0.00009051044617081061,0.00014172092778608203,0.00020463601686060429,0.0002794454921968281,0.00036649141111411154,0.00046584769734181464,0.0005778545746579766]]}