{"training_accuracies":[],"attacked_training_accuracies":[],"kl_over_time":[],"validation_accuracy":[0.40103471279144287,0.40621599555015564,0.4093247652053833],"attacked_validation_accuracy":[0.2424873411655426,0.24766869843006134,0.2704663872718811],"validation_kl_over_time":[[4.306663359265883e-10,0.000024240704078692943,0.00009745134593686089,0.0002207942452514544,0.0003958188171964139,0.0006246503326110542,0.0009099877788685262,0.0012543117627501488,0.0016609316226094961,0.0021320839878171682,0.0026719109155237675],[3.0471773992957196e-9,0.000024561215468565933,0.00009860554564511403,0.00022343061573337764,0.0004002685600426048,0.0006315822247415781,0.0009194883168675005,0.0012671395670622587,0.0016775693511590362,0.0021532292012125254,0.0026975020300596952],[3.8435521432234054e-9,0.000024095714252325706,0.00009686631528893486,0.00021934101823717356,0.00039343800744973123,0.0006208770791999996,0.0009041193407028913,0.0012455511605367064,0.001649631536565721,0.0021167797967791557,0.0026522830594331026]]}