{"training_accuracies":[],"attacked_training_accuracies":[],"kl_over_time":[],"validation_accuracy":[0.4113972783088684,0.4113972783088684,0.4113972783088684],"attacked_validation_accuracy":[0.31191664934158325,0.3067353665828705,0.30984413623809814],"validation_kl_over_time":[[1.6426576765482537e-9,0.00008410035661654547,0.000337618519552052,0.000764216179959476,0.0013695970410481095,0.002161766169592738,0.0031506118830293417,0.004345357418060303,0.005756680853664875,0.0073975734412670135,0.009279918856918812],[2.6780471173992737e-9,0.0000855672697070986,0.0003437395498622209,0.0007779737934470177,0.0013942832592874765,0.0022006777580827475,0.0032068355940282345,0.004422115162014961,0.005856378469616175,0.0075216409750282764,0.009430298581719398],[3.2187090770463556e-9,0.0000844905516714789,0.000339249410899356,0.0007678181282244623,0.001375484629534185,0.0021712055895477533,0.003164234571158886,0.004362268839031458,0.005777959246188402,0.007424591574817896,0.009311499074101448]]}