{"training_accuracies":[],"attacked_training_accuracies":[],"kl_over_time":[],"validation_accuracy":[0.2818652093410492,0.35854819416999817,0.3917084038257599],"attacked_validation_accuracy":[0.24974124133586884,0.2860102355480194,0.3015540838241577],"validation_kl_over_time":[[2.1716666243065674e-9,0.00003168246985296719,0.0001273679081350565,0.0002879539388231933,0.0005145633476786315,0.0008091719937510788,0.001174435717985034,0.0016121987719088793,0.0021258993074297905,0.0027181017212569714,0.0033900488633662462],[3.6162930427963147e-9,0.00003157239189022221,0.0001267806946998462,0.00028635631315410137,0.0005116858519613743,0.000804699317086488,0.0011675762943923473,0.0016034817090258002,0.0021141855977475643,0.002702280879020691,0.0033716214820742607],[3.690050043303472e-9,0.00003165772795910016,0.00012707716086879373,0.00028716117958538234,0.0005131054203957319,0.0008067801245488226,0.0011702431365847588,0.0016064116498455405,0.002117917174473405,0.002707074861973524,0.003376742359250784]]}