{"training_accuracies":[1.0],"attacked_training_accuracies":[0.0],"kl_over_time":[[4.7925521329261755e-8,0.000011360551980033051,0.000044735203118762,0.00009702045645099133,0.00017485277203377336,0.0002756226749625057,0.0003889889921993017,0.0005297082243487239,0.0007017682073637843,0.0008836315828375518,0.0010923821246251464]],"validation_accuracy":[0.4165785610675812,0.4165785610675812,0.4165785610675812],"attacked_validation_accuracy":[0.26735761761665344,0.25595879554748535,0.2507775127887726],"validation_kl_over_time":[[9.833982517193363e-10,0.000012919402252009604,0.00005179862637305632,0.00011684624769259244,0.00020842786761932075,0.0003271384921390563,0.0004737275012303144,0.0006489817169494927,0.0008539134287275374,0.001089753583073616,0.0013571134768426418],[7.339613361523334e-10,0.000012754666386172175,0.00005106102253193967,0.00011523759894771501,0.00020563970610965043,0.0003226730623282492,0.0004673166258726269,0.000640008831396699,0.0008423348190262914,0.0010746900225058198,0.0013383908662945032],[1.4989818275523703e-9,0.00001284854624827858,0.00005145522300153971,0.00011608489148784429,0.00020718027371913195,0.0003251208981964737,0.0004706357140094042,0.0006448491476476192,0.0008484303252771497,0.0010829591192305088,0.0013486361131072044]]}