{"training_accuracies":[1.0],"attacked_training_accuracies":[1.0],"kl_over_time":[[-1.4785970225972278e-9,0.0000043087311496492475,0.000016473408322781324,0.000036553294194163755,0.00006505422061309218,0.00010363793262513354,0.00014834271860308945,0.00020384507661219686,0.00026556363445706666,0.0003355405351612717,0.0004199820104986429]],"validation_accuracy":[0.4227961003780365,0.42175984382629395,0.42175984382629395],"attacked_validation_accuracy":[0.3202067017555237,0.3243517279624939,0.31606167554855347],"validation_kl_over_time":[[4.05890043797541e-10,0.000004347785761638079,0.000017393918824382126,0.00003919640585081652,0.0000698413496138528,0.0001094224353437312,0.0001580805837875232,0.00021598687453661114,0.0002833099279087037,0.000360121950507164,0.0004468544211704284],[1.1810232791731323e-9,0.000004341539806773653,0.000017363086953992024,0.0000391129833587911,0.00006966860382817686,0.0001092259626602754,0.00015779507521074265,0.00021561162429861724,0.00028277173987589777,0.0003594771260395646,0.00044605485163629055],[1.8721273142841e-10,0.000004341118710726732,0.000017372782167512923,0.00003915723937097937,0.0000697629147907719,0.00010937915794784203,0.00015807815361768007,0.00021604026551358402,0.0002833505568560213,0.0003603341174311936,0.00044710925430990756]]}