{"training_accuracies":[],"attacked_training_accuracies":[],"kl_over_time":[],"validation_accuracy":[0.4134697914123535],"attacked_validation_accuracy":[0.34093183279037476],"validation_kl_over_time":[[1.1816436717992929e-9,0.0000033403935049136635,0.000013433218555292115,0.000030349705411936156,0.00005417296415544115,0.00008498247916577384,0.0001231540081789717,0.00016871746629476547,0.00022207875736057758,0.0002834061742760241,0.00035323220072314143]]}