{"training_accuracies":[1.0],"attacked_training_accuracies":[0.0],"kl_over_time":[[-5.60491031365018e-8,0.000002834000270013348,0.000011853055184474215,0.000027277634217171,0.00004846769297728315,0.00007497880869777873,0.00011232415999984369,0.00015171364066191018,0.00019697091192938387,0.00024939386639744043,0.0003068519290536642]],"validation_accuracy":[0.4134697914123535,0.4113972783088684,0.41243353486061096],"attacked_validation_accuracy":[0.3316055238246918,0.34818562865257263,0.326424241065979],"validation_kl_over_time":[[1.2575187557928302e-9,0.000003317298933325219,0.00001331726980424719,0.000030059312848607078,0.00005370374128688127,0.00008432617323705927,0.00012215235619805753,0.00016733133816160262,0.00022028901730664074,0.0002812387829180807,0.00035046800621785223],[1.7505182858812418e-9,0.0000033671362871245947,0.000013490031960827764,0.000030467599572148174,0.00005433461410575546,0.00008531803177902475,0.00012352281191851944,0.0001691071520326659,0.000222619462874718,0.00028404153999872506,0.0003539980680216104],[1.2362594281611905e-9,0.0000033356939184159273,0.000013395951100392267,0.000030233601137297228,0.0000539624597877264,0.00008467316365567967,0.00012262938253115863,0.00016804542974568903,0.00022121604706626385,0.00028236262733116746,0.0003517807344906032]]}