{"training_accuracies":[],"attacked_training_accuracies":[],"kl_over_time":[],"validation_accuracy":[0.3865271210670471,0.41968733072280884,0.4207235872745514],"attacked_validation_accuracy":[0.2746114134788513,0.2642488479614258,0.26010382175445557],"validation_kl_over_time":[[6.958285614366844e-10,0.00008372528100153431,0.0003367277968209237,0.0007629556930623949,0.0013692324282601476,0.0021629782859236,0.003154588397592306,0.004354241769760847,0.0057762181386351585,0.00743286544457078,0.009335873648524284],[5.3735123017872866e-9,0.0000834185048006475,0.0003355701919645071,0.0007604302954860032,0.0013644729042425752,0.00215554959140718,0.0031449508387595415,0.004341539461165667,0.00575923640280962,0.0074108680710196495,0.009309651330113411],[3.870416875884075e-9,0.00008255214197561145,0.0003319100651424378,0.0007522134692408144,0.001349118072539568,0.002131809713318944,0.003108620410785079,0.004290968179702759,0.005691623780876398,0.0073229786939918995,0.009198298677802086]]}