{"training_accuracies":[],"attacked_training_accuracies":[],"kl_over_time":[],"validation_accuracy":[0.13057002425193787,0.17409342527389526,0.23316089808940887],"attacked_validation_accuracy":[0.19585512578487396,0.21761682629585266,0.24145106971263885],"validation_kl_over_time":[[8.099530823812984e-9,0.0003575880255084485,0.0014405784895643592,0.0032704658806324005,0.005889233201742172,0.009346779435873032,0.01371582131832838,0.019071364775300026,0.02549111843109131,0.03305203840136528,0.0418270081281662],[9.67698454701349e-9,0.00036010981420986354,0.0014523188583552837,0.003300366923213005,0.005948415491729975,0.009449667297303677,0.013878864236176014,0.019311919808387756,0.025829825550317764,0.033505309373140335,0.04241814836859703],[8.362248671289763e-9,0.00035508081782609224,0.0014316474553197622,0.003252878552302718,0.005859927274286747,0.009308615699410439,0.013662552461028099,0.019008032977581024,0.02541489154100418,0.03295717388391495,0.041721880435943604]]}