{"training_accuracies":[],"attacked_training_accuracies":[],"kl_over_time":[],"validation_accuracy":[0.4134697914123535,0.41761481761932373,0.4186510741710663],"attacked_validation_accuracy":[0.2953365445137024,0.2746114134788513,0.27357515692710876],"validation_kl_over_time":[[1.0789028337399031e-8,0.00037937946035526693,0.0015305404085665941,0.003476782003417611,0.006261066067963839,0.00994159560650587,0.01459425687789917,0.02030351012945175,0.027144672349095345,0.03523475304245949,0.04464338719844818],[1.141664451864699e-8,0.00038089670124463737,0.0015365376602858305,0.003491744166240096,0.006289226468652487,0.009988460689783096,0.014667716808617115,0.020404405891895294,0.027297398075461388,0.035424236208200455,0.04490884393453598],[9.82170078600575e-9,0.0003826099564321339,0.001541679142974317,0.0035019773058593273,0.006300929933786392,0.010002822615206242,0.014681071974337101,0.02041010372340679,0.02729097753763199,0.03540382906794548,0.04483981058001518]]}