{"training_accuracies":[],"attacked_training_accuracies":[],"kl_over_time":[],"validation_accuracy":[0.05492224544286728,0.06424865871667862,0.07668391615152359],"attacked_validation_accuracy":[0.1533679962158203,0.18860122561454773,0.18860122561454773],"validation_kl_over_time":[[1.436801788656794e-9,0.00008642582542961463,0.00034715092624537647,0.0007845638901926577,0.0014039957895874977,0.0022118310444056988,0.0032161264680325985,0.004424587823450565,0.005848411004990339,0.007495586760342121,0.00937450211495161],[2.912335483884476e-9,0.00008517513197148219,0.0003422478912398219,0.0007742538582533598,0.001385884708724916,0.002184080658480525,0.003175979247316718,0.004372089635580778,0.0057800207287073135,0.007408490404486656,0.009267526678740978],[3.1239304476571306e-9,0.00008535359665984288,0.0003426596522331238,0.0007750396034680307,0.0013868843670934439,0.0021852273494005203,0.0031765708699822426,0.0043719857931137085,0.005780347622931004,0.007408533710986376,0.009266029112040997]]}