{"training_accuracies":[1.0],"attacked_training_accuracies":[0.0],"kl_over_time":[[4.850063461958598e-9,0.000007313793048524531,0.000029195953175076284,0.0000642058439552784,0.00011567984620342031,0.00018195602751802653,0.0002611897944007069,0.0003585746744647622,0.0004701083817053586,0.0006048831273801625,0.0007519721984863281]],"validation_accuracy":[0.4207235872745514,0.4207235872745514,0.4207235872745514],"attacked_validation_accuracy":[0.33678680658340454,0.35647568106651306,0.36372947692871094],"validation_kl_over_time":[[1.625329759669114e-9,0.000007358835318882484,0.00002943524123111274,0.00006653903255937621,0.00011887682194355875,0.00018686152179725468,0.0002709692344069481,0.0003717936051543802,0.000489661586470902,0.0006252055754885077,0.000779497146140784],[8.036004084388537e-10,0.0000074663958002929576,0.00002988497362821363,0.00006746793951606378,0.00012064350448781624,0.00018948010983876884,0.0002746092504821718,0.0003766649169847369,0.0004961602971889079,0.0006335521466098726,0.0007899896590970457],[1.259209292392427e-9,0.0000073646051532705314,0.00002952098657260649,0.00006665990804322064,0.00011909521708730608,0.00018713503959588706,0.00027122479514218867,0.0003721143875736743,0.0004903074004687369,0.0006257419590838253,0.0007799334125593305]]}