{"training_accuracies":[],"attacked_training_accuracies":[],"kl_over_time":[],"validation_accuracy":[0.43315866589546204,0.42383235692977905,0.4227961003780365],"attacked_validation_accuracy":[0.3875633776187897,0.3595844507217407,0.3689107596874237],"validation_kl_over_time":[[1.552430295426177e-9,0.00001193129901366774,0.00004782834366778843,0.00010798856237670407,0.00019293453078716993,0.0003028950886800885,0.00043920299503952265,0.0006022715242579579,0.0007930179126560688,0.0010132966563105583,0.0012632672442123294],[1.9186550126448765e-9,0.000011921062650799286,0.00004772120155394077,0.00010775931878015399,0.00019241543486714363,0.0003019641153514385,0.0004377136647235602,0.0006001258734613657,0.0007901241187937558,0.0010090324794873595,0.0012571789557114244],[4.832624300732391e-10,0.000011936621376662515,0.0000478497204312589,0.00010799628216773272,0.00019272642384748906,0.0003025344049092382,0.0004385683569125831,0.0006012876401655376,0.0007916573085822165,0.001010493258945644,0.0012594780419021845]]}