{"training_accuracies":[],"attacked_training_accuracies":[],"kl_over_time":[],"validation_accuracy":[0.4113972783088684,0.4113972783088684,0.4113972783088684],"attacked_validation_accuracy":[0.2932640314102173,0.2974090576171875,0.30984413623809814],"validation_kl_over_time":[[2.524594311381634e-9,0.00008480600808979943,0.00034052811679430306,0.0007707449258305132,0.0013810740783810616,0.002179832896217704,0.003176645142957568,0.004381208680570126,0.005801965482532978,0.007455268409103155,0.009349711239337921],[2.2818285039249986e-9,0.0000861255030031316,0.00034584925742819905,0.0007823453051969409,0.0014012076426297426,0.002209876896813512,0.003219069680199027,0.004437966737896204,0.00587607454508543,0.007546077948063612,0.009458603337407112],[3.008547633243097e-9,0.00008470789180137217,0.0003395880339667201,0.0007683812873438001,0.0013771371450275183,0.0021735411137342453,0.0031669309828430414,0.004366970155388117,0.005784953013062477,0.0074336049146950245,0.009323283098638058]]}