{"training_accuracies":[],"attacked_training_accuracies":[],"kl_over_time":[],"validation_accuracy":[0.41761481761932373,0.4207235872745514,0.4227961003780365],"attacked_validation_accuracy":[0.33471429347991943,0.3398955762386322,0.36165696382522583],"validation_kl_over_time":[[9.108168441684938e-9,0.0003292609180789441,0.0013270678464323282,0.003014538437128067,0.005425082519650459,0.008607052266597748,0.012617857195436954,0.01753189228475094,0.023409724235534668,0.03032940998673439,0.03836849704384804],[9.477687079595398e-9,0.0003242080274503678,0.0013069926062598825,0.0029676812700927258,0.0053376671858131886,0.008464261889457703,0.012403220869600773,0.01722102053463459,0.022989725694060326,0.029778556898236275,0.03766261413693428],[6.307405264749377e-9,0.000325974979205057,0.0013148159487172961,0.002984290476888418,0.005370046012103558,0.008516541682183743,0.012479276396334171,0.017328551039099693,0.023130614310503006,0.029946915805339813,0.03786095231771469]]}