{"training_accuracies":[0.0],"attacked_training_accuracies":[0.0],"kl_over_time":[[-3.2058373733434564e-8,0.00000540204791832366,0.000020941633920301683,0.00004665807864512317,0.0000836984982015565,0.00013000625767745078,0.00018779824313241988,0.0002547579351812601,0.00033546969643794,0.0004279745335225016,0.0005343666998669505]],"validation_accuracy":[0.25181376934051514,0.34507685899734497,0.3689107596874237],"attacked_validation_accuracy":[0.23005208373069763,0.2725389003753662,0.2911915183067322],"validation_kl_over_time":[[1.347750022695493e-9,0.000004635193363355938,0.000018572354747448117,0.00004188766251900233,0.00007472636934835464,0.00011717093002516776,0.0001694971724646166,0.00023177471302915365,0.00030422760755755007,0.0003872439847327769,0.00048077345127239823],[3.088691247210562e-10,0.000004605637968779774,0.000018448996343067847,0.00004157484363531694,0.00007413355342578143,0.00011625976912910119,0.00016814454284030944,0.0002298144536325708,0.00030160174355842173,0.00038390429108403623,0.00047677650582045317],[2.979504643008113e-9,0.0000046093987293716054,0.00001842898018367123,0.00004159778109169565,0.00007418754830723628,0.00011631330562522635,0.00016822812904138118,0.0002300863852724433,0.00030210305703803897,0.00038445915561169386,0.0004776081768795848]]}