{"training_accuracies":[],"attacked_training_accuracies":[],"kl_over_time":[],"validation_accuracy":[0.049740906804800034,0.04352330043911934,0.049740906804800034],"attacked_validation_accuracy":[0.16476698219776154,0.15440426766872406,0.12538866698741913],"validation_kl_over_time":[[2.5424586880262723e-9,0.000011204620932403486,0.000044905507820658386,0.00010139798541786149,0.0001809625537134707,0.0002840378147084266,0.0004114768235012889,0.0005636095884256065,0.0007412005215883255,0.0009449055651202798,0.0011751881102100015],[2.1249935144851406e-9,0.000011076901500928216,0.00004443753641680814,0.00010035526793217286,0.0001791787362890318,0.000281442713458091,0.00040748651372268796,0.0005583486054092646,0.0007345433696173131,0.0009365068981423974,0.0011646599741652608],[3.1786053789062407e-9,0.000011131682185805403,0.000044681812141789123,0.0001009938059723936,0.00018044456373900175,0.00028350355569273233,0.00041073403554037213,0.0005628467188216746,0.0007400766480714083,0.0009438598062843084,0.0011740062618628144]]}