{"training_accuracies":[],"attacked_training_accuracies":[],"kl_over_time":[],"validation_accuracy":[0.3999984562397003,0.4072522521018982,0.41243353486061096],"attacked_validation_accuracy":[0.26943013072013855,0.27357515692710876,0.27875643968582153],"validation_kl_over_time":[[9.75227099075937e-9,0.00036581605672836304,0.0014741842169314623,0.0033482429571449757,0.006029555574059486,0.00957302562892437,0.014056931249797344,0.019559288397431374,0.026171915233135223,0.033977944403886795,0.04306008294224739],[9.600808148491069e-9,0.00036624917993322015,0.0014764873776584864,0.003354310756549239,0.006040308624505997,0.009589774534106255,0.014078251086175442,0.019592255353927612,0.0262026134878397,0.03401217982172966,0.043100859969854355],[9.092246955333394e-9,0.00036555808037519455,0.001473422977142036,0.0033476012758910656,0.00602988013997674,0.009575012139976025,0.014061802998185158,0.019571995362639427,0.02618142031133175,0.033994365483522415,0.043091557919979095]]}