{"training_accuracies":[],"attacked_training_accuracies":[],"kl_over_time":[],"validation_accuracy":[0.40103471279144287,0.4072522521018982,0.4093247652053833],"attacked_validation_accuracy":[0.2569950520992279,0.2466324269771576,0.25181376934051514],"validation_kl_over_time":[[2.005784427439039e-9,0.000024335204216185957,0.00009777067316463217,0.00022139467182569206,0.0003968304372392595,0.0006260588415898383,0.0009120035683736205,0.0012570425169542432,0.0016640482936054468,0.0021359119564294815,0.0026763388887047768],[3.683677363142124e-9,0.000024629560357425362,0.00009890117507893592,0.00022402229660656303,0.0004014743317384273,0.0006334703066386282,0.0009221991058439016,0.001270680921152234,0.0016821973258629441,0.002159528434276581,0.0027051300276070833],[2.6014839171750737e-9,0.000024193657736759633,0.00009728508302941918,0.00022031385742593557,0.00039506854955106974,0.0006234797765500844,0.000908273970708251,0.0012516191927716136,0.001657108194194734,0.0021261631045490503,0.0026646621990948915]]}