{"training_accuracies":[1.0],"attacked_training_accuracies":[0.0],"kl_over_time":[[8.54671711181254e-9,0.000002939175374194747,0.000011531171367096249,0.000025918894607457332,0.000046638229832751676,0.00007254378579091281,0.00010475789895281196,0.00014268419181462377,0.0001891969732241705,0.0002389582950854674,0.00029530268511734903]],"validation_accuracy":[0.4134697914123535,0.4113972783088684,0.4134697914123535],"attacked_validation_accuracy":[0.34093183279037476,0.36372947692871094,0.33885931968688965],"validation_kl_over_time":[[1.580045205784586e-9,0.000003305506879769382,0.000013311687325767707,0.00003008652311109472,0.00005369689461076632,0.00008431709284195676,0.00012215458264108747,0.00016736489487811923,0.0002203423937316984,0.00028111672145314515,0.00035047534038312733],[-9.355187735593518e-10,0.0000033475887448730646,0.000013406222024059389,0.000030273416996351443,0.00005400795635068789,0.00008483757846988738,0.00012285444245208055,0.00016835881979204714,0.0002216480061179027,0.00028290945920161903,0.0003525365609675646],[1.9526069650055433e-9,0.0000033202422855538316,0.000013378754374571145,0.00003021171323780436,0.0000539719476364553,0.00008471662295050919,0.00012273962784092873,0.0001681662688497454,0.00022133176389615983,0.0002824861730914563,0.00035204418236389756]]}