{"training_accuracies":[],"attacked_training_accuracies":[],"kl_over_time":[],"validation_accuracy":[0.4207235872745514,0.4207235872745514,0.4207235872745514],"attacked_validation_accuracy":[0.32746049761772156,0.3243517279624939,0.3419680893421173],"validation_kl_over_time":[[2.7198814311901742e-9,0.00004140258897677995,0.00016591479652561247,0.00037454484845511615,0.0006682434468530118,0.0010487898252904415,0.0015192505670711398,0.002081542741507292,0.0027387833688408136,0.0034947593230754137,0.004352414980530739],[-6.060771329252646e-10,0.00004167815131950192,0.0001670037308940664,0.0003770961775444448,0.0006725410930812359,0.0010554931359365582,0.0015282484237104654,0.0020937586668878794,0.00275418721139431,0.0035139494575560093,0.0043753343634307384],[-2.0480256379684647e-10,0.0000414419591834303,0.00016599490481894463,0.0003746198781300336,0.0006684027030132711,0.0010488365078344941,0.0015188413672149181,0.0020804135128855705,0.0027369072195142508,0.003491655457764864,0.004349611233919859]]}