{"training_accuracies":[1.0],"attacked_training_accuracies":[1.0],"kl_over_time":[[5.9402051277857026e-8,0.0000065934732447203714,0.00002487477831891738,0.00005485090150614269,0.00009931343083735555,0.00015393215289805084,0.00022037232702132314,0.0003048659418709576,0.00039657525485381484,0.0005001175450161099,0.0006220881477929652]],"validation_accuracy":[0.41450604796409607,0.41450604796409607,0.4155423045158386],"attacked_validation_accuracy":[0.3606207072734833,0.36372947692871094,0.3326417803764343],"validation_kl_over_time":[[5.663431945635011e-10,0.0000051367428568482865,0.000020512627088464797,0.000046237804781412706,0.0000823559530545026,0.0001289460196858272,0.00018608795653562993,0.0002540276327636093,0.0003328721213620156,0.00042269445839338005,0.0005237189470790327],[-3.5430569589323113e-10,0.000005174504167371197,0.000020699078959296457,0.00004656259625335224,0.00008292739221360534,0.0001297734270337969,0.0001873263972811401,0.00025569877470843494,0.00033502920996397734,0.0004254663654137403,0.0005271718255244195],[5.042962714085775e-10,0.0000051510578487068415,0.00002057281744782813,0.000046302953705890104,0.00008244945638580248,0.00012905869516544044,0.00018622247444000095,0.0002540134883020073,0.0003327412123326212,0.00042268604738637805,0.0005237673758529127]]}