{"training_accuracies":[],"attacked_training_accuracies":[],"kl_over_time":[],"validation_accuracy":[0.22176191210746765,0.179274782538414,0.1637307107448578],"attacked_validation_accuracy":[0.2186530977487564,0.2010364830493927,0.2051815688610077],"validation_kl_over_time":[[2.011311561744833e-9,0.00003972206832258962,0.0001590905012562871,0.00035901664523407817,0.0006408228073269129,0.001006531179882586,0.001458316226489842,0.001997857354581356,0.002627481473609805,0.00335123878903687,0.004169705789536238],[7.797136269971361e-10,0.00003926656427211128,0.00015729496954008937,0.00035504932748153806,0.000633859250228852,0.0009952049003913999,0.0014415353070944548,0.0019746844191104174,0.002597955521196127,0.0033120489679276943,0.004121968522667885],[6.817180708829085e-10,0.00003919894152204506,0.00015696717309765518,0.0003542755439411849,0.0006323293200694025,0.0009932038374245167,0.0014390979195013642,0.001972013618797064,0.002594006946310401,0.0033077639527618885,0.004117276985198259]]}