{"training_accuracies":[1.0],"attacked_training_accuracies":[1.0],"kl_over_time":[[-7.960982628674174e-8,0.000006321948148979573,0.000024309732907568105,0.00005445764327305369,0.00009815019438974559,0.00015192886348813772,0.0002173199609387666,0.00029474080656655133,0.00038328522350639105,0.00048691040137782693,0.0006054748664610088]],"validation_accuracy":[0.41450604796409607,0.41450604796409607,0.4155423045158386],"attacked_validation_accuracy":[0.36580199003219604,0.3606207072734833,0.33885931968688965],"validation_kl_over_time":[[-7.601672069590393e-10,0.000005136793788551586,0.00002052188392553944,0.00004625332076102495,0.00008237033034674823,0.00012897349370177835,0.00018608417303767055,0.00025405516498722136,0.0003329056198708713,0.0004227477475069463,0.0005237438599579036],[2.8066824420136527e-9,0.00000516413319928688,0.000020669303921749815,0.00004652045390685089,0.00008285804506158456,0.00012968058581463993,0.00018721450760494918,0.00025553457089699805,0.0003348643658682704,0.0004252599610481411,0.000526918563991785],[8.193872247375111e-10,0.000005149951448402135,0.000020545016013784334,0.00004624005305231549,0.0000823078808025457,0.000128838189993985,0.00018588114471640438,0.0002535165403969586,0.00033208055538125336,0.00042180356103926897,0.0005226618377491832]]}