{"training_accuracies":[],"attacked_training_accuracies":[],"kl_over_time":[],"validation_accuracy":[0.4207235872745514,0.4207235872745514,0.4207235872745514],"attacked_validation_accuracy":[0.3917084038257599,0.3668382465839386,0.3554394245147705],"validation_kl_over_time":[[9.361140307362348e-9,0.0003822309663519263,0.0015399390831589699,0.0034930843394249678,0.006276420783251524,0.00993515457957983,0.014530765824019909,0.020124142989516258,0.026782503351569176,0.03457813709974289,0.04359017312526703],[8.894539327286566e-9,0.00038677171687595546,0.0015568430535495281,0.0035317831207066774,0.006341999862343073,0.010034523904323578,0.014669010415673256,0.020307952538132668,0.02701324224472046,0.03486555442214012,0.04393121600151062],[1.1012258660514362e-8,0.00038579024840146303,0.0015524179907515645,0.0035209059715270996,0.006325472146272659,0.01001230999827385,0.014642718248069286,0.020281348377466202,0.026990555226802826,0.03484679386019707,0.04392958804965019]]}