{"training_accuracies":[0.0],"attacked_training_accuracies":[0.0],"kl_over_time":[[-2.2652599795947026e-9,0.000003879794348904397,0.000016740466890041716,0.00003987816671724431,0.00007345124322455376,0.00011655662092380226,0.00017223668692167848,0.00023822326329536736,0.00031432099058292806,0.00040274648927152157,0.0005058540846221149]],"validation_accuracy":[0.2466324269771576,0.3316055238246918,0.36580199003219604],"attacked_validation_accuracy":[0.23212462663650513,0.27357515692710876,0.27875643968582153],"validation_kl_over_time":[[2.52109644272025e-9,0.000004619847459252924,0.00001848972897278145,0.00004171082400716841,0.00007435105362674221,0.00011659708980005234,0.0001686049799900502,0.00023062460240907967,0.00030274217715486884,0.0003852598601952195,0.00047848475514911115],[2.877226012998335e-9,0.000004568176791508449,0.000018283986719325185,0.00004121772144571878,0.00007347811333602294,0.00011517357779666781,0.00016654648061376065,0.0002276809245813638,0.00029876091866753995,0.00038004532689228654,0.0004720472788903862],[4.823797361552806e-9,0.000004587509920384036,0.000018371247278992087,0.00004143197656958364,0.00007390620157821104,0.00011586509936023504,0.00016755862452555448,0.00022917025489732623,0.00030086273909546435,0.00038288524956442416,0.00047563097905367613]]}