{"training_accuracies":[],"attacked_training_accuracies":[],"kl_over_time":[],"validation_accuracy":[0.4227961003780365,0.42175984382629395,0.42383235692977905],"attacked_validation_accuracy":[0.35440316796302795,0.3575119376182556,0.3595844507217407],"validation_kl_over_time":[[1.863269760704611e-9,0.00004422364509082399,0.0001776073913788423,0.00040094726136885583,0.0007156275678426027,0.0011236687423661351,0.0016281066928058863,0.0022306707687675953,0.002935312455520034,0.0037442853208631277,0.004662089049816132],[-1.0224666946445637e-10,0.00004435648588696495,0.0001778334117261693,0.00040145887760445476,0.0007167890435084701,0.001125104259699583,0.0016299451235681772,0.0022332717198878527,0.0029377760365605354,0.003747969400137663,0.00466548278927803],[1.93774818413317e-9,0.00004468210318009369,0.00017901889805216342,0.0004040164640173316,0.0007214403012767434,0.001132733072154224,0.0016404632478952408,0.0022483801003545523,0.00295837689191103,0.0037726194132119417,0.00469715241342783]]}