{"training_accuracies":[0.0],"attacked_training_accuracies":[1.0],"kl_over_time":[[5.768547239881627e-8,0.000007271812592080096,0.000028582768209162168,0.00006381553248502314,0.00011281793558737263,0.00017543167632538825,0.0002507363969925791,0.0003405860043130815,0.0004482014919631183,0.0005743601359426975,0.0007137415232136846]],"validation_accuracy":[0.4207235872745514,0.4207235872745514,0.4207235872745514],"attacked_validation_accuracy":[0.2911915183067322,0.3150254189968109,0.2860102355480194],"validation_kl_over_time":[[1.267808968918871e-9,0.000012540244824776892,0.00005023211633670144,0.00011334735609125346,0.00020211731316521764,0.0003170597483403981,0.0004588125448208302,0.0006277381908148527,0.0008246870129369199,0.00105022091884166,0.0013058657059445977],[-9.080210194856164e-11,0.000012596885426319204,0.000050429323891876265,0.00011362996156094596,0.00020257850701455027,0.00031784435850568116,0.0004596394137479365,0.0006287644500844181,0.000825955590698868,0.001051700091920793,0.0013071211287751794],[-2.1023841001444055e-10,0.00001245226576429559,0.00004994975097361021,0.00011260121391387656,0.00020071712788194418,0.0003147560637444258,0.00045537485857494175,0.0006230833823792636,0.0008184473845176399,0.0010418047895655036,0.0012949870433658361]]}