{"training_accuracies":[],"attacked_training_accuracies":[],"kl_over_time":[],"validation_accuracy":[0.4113972783088684,0.41450604796409607,0.4155423045158386],"attacked_validation_accuracy":[0.29844531416893005,0.2880827486515045,0.29637280106544495],"validation_kl_over_time":[[6.192946599981042e-9,0.0003140504122711718,0.0012645521201193333,0.0028706060256808996,0.005161344073712826,0.008178294636309147,0.011971954256296158,0.016604898497462273,0.022130971774458885,0.028622260317206383,0.03613373637199402],[9.627171948523028e-9,0.0003125292423646897,0.0012586899101734161,0.0028575873002409935,0.005140367429703474,0.008146064355969429,0.011926904320716858,0.016544347628951073,0.02205418050289154,0.02852574735879898,0.03602537885308266],[7.213350361467974e-9,0.0003157846222165972,0.0012718182988464832,0.0028867521323263645,0.005191370844841003,0.008223501965403557,0.012035232968628407,0.016685854643583298,0.022232120856642723,0.028741030022501945,0.03627167269587517]]}