{"training_accuracies":[],"attacked_training_accuracies":[],"kl_over_time":[],"validation_accuracy":[0.4300498962402344,0.42590487003326416,0.4207235872745514],"attacked_validation_accuracy":[0.3181341886520386,0.3222792148590088,0.34300434589385986],"validation_kl_over_time":[[7.628589315800127e-9,0.00026353090652264655,0.0010620991233736277,0.002411401132121682,0.004338497295975685,0.006875178311020136,0.010072010569274426,0.013976959511637688,0.01864972710609436,0.024153348058462143,0.030536621809005737],[6.058288981591886e-9,0.00026239058934152126,0.0010565506527200341,0.0023968282621353865,0.004310037475079298,0.006829838268458843,0.00999745074659586,0.01386832632124424,0.0184931643307209,0.023937931284308434,0.03025653213262558],[5.3266089317105525e-9,0.000259914668276906,0.0010463993530720472,0.002374382456764579,0.0042713056318461895,0.0067710573785007,0.009917530231177807,0.013760663568973541,0.018364762887358665,0.023777104914188385,0.03006392903625965]]}