{"training_accuracies":[],"attacked_training_accuracies":[],"kl_over_time":[],"validation_accuracy":[0.3533669114112854,0.4227961003780365,0.4207235872745514],"attacked_validation_accuracy":[0.268393874168396,0.2487049698829651,0.259067565202713],"validation_kl_over_time":[[3.708295670534767e-9,0.00008321908535435796,0.00033452993375249207,0.0007576103671453893,0.0013592764735221863,0.002147578401491046,0.0031322704162448645,0.004324446432292461,0.0057387202978134155,0.007383323274552822,0.009277399629354477],[-5.0219873398704706e-11,0.000082201229815837,0.00033029422047547996,0.0007479839841835201,0.0013418716844171286,0.0021201849449425936,0.003092249156907201,0.004267489071935415,0.005662382114678621,0.007286710198968649,0.009153236635029316],[3.833787065588012e-9,0.00008036584767978638,0.00032301884493790567,0.0007317595300264657,0.0013129990547895432,0.0020739107858389616,0.0030246591195464134,0.004175530280917883,0.005539880134165287,0.007129435893148184,0.008958078920841217]]}