{"training_accuracies":[],"attacked_training_accuracies":[],"kl_over_time":[],"validation_accuracy":[0.4300498962402344,0.4248686134815216,0.42175984382629395],"attacked_validation_accuracy":[0.30051782727241516,0.32538798451423645,0.3398955762386322],"validation_kl_over_time":[[4.738703651696596e-9,0.00025860051391646266,0.001042968244291842,0.002367951674386859,0.004256580490618944,0.006749251391738653,0.009883042424917221,0.013715993613004684,0.018300196155905724,0.023694641888141632,0.029962819069623947],[6.3797354066252865e-9,0.0002605821064207703,0.0010489847045391798,0.0023805496748536825,0.004280376713722944,0.006780885625630617,0.00992878433316946,0.01377343200147152,0.018372435122728348,0.02378016710281372,0.030058754608035088],[1.0047785714561996e-8,0.0002575131074991077,0.0010370102245360613,0.0023522530682384968,0.004229492042213678,0.006701475940644741,0.009812487289309502,0.01360718347132206,0.018148336559534073,0.023487523198127747,0.029687579721212387]]}