{"training_accuracies":[],"attacked_training_accuracies":[],"kl_over_time":[],"validation_accuracy":[0.4134697914123535,0.4155423045158386,0.4155423045158386],"attacked_validation_accuracy":[0.3492218852043152,0.3461131155490875,0.3440406024456024],"validation_kl_over_time":[[9.91925874771482e-10,0.00012024030729662627,0.0004831380501855165,0.0010925220558419824,0.0019565164111554623,0.003082405775785446,0.004483362659811974,0.00617078086361289,0.008159917779266834,0.010467908345162868,0.013106616213917732],[2.8541644603308214e-9,0.00011927987361559644,0.00047944753896445036,0.0010840070899575949,0.0019402081379666924,0.003056266810745001,0.004444369580596685,0.006116489879786968,0.008089185692369938,0.010373907163739204,0.012989134527742863],[4.033346989729125e-9,0.0001199510443257168,0.00048233449342660606,0.0010905772214755416,0.0019525937968865037,0.003075534710660577,0.004472565837204456,0.006155270151793957,0.008139091543853283,0.010438221506774426,0.013068987987935543]]}