{"training_accuracies":[],"attacked_training_accuracies":[],"kl_over_time":[],"validation_accuracy":[0.43523117899894714,0.42383235692977905,0.4300498962402344],"attacked_validation_accuracy":[0.3575119376182556,0.3316055238246918,0.3202067017555237],"validation_kl_over_time":[[1.5785420193203947e-10,0.000008285532203444745,0.000033287389669567347,0.00007543808897025883,0.00013498277985490859,0.00021235927124507725,0.0003082635812461376,0.0004230665508657694,0.0005575808463618159,0.0007122265524230897,0.0008875924977473915],[2.8671047758166424e-9,0.000008279354005935602,0.000033244697988266125,0.00007532218296546489,0.00013480466441251338,0.00021208087855484337,0.0003077294968534261,0.0004224498989060521,0.0005565781029872596,0.0007112878956831992,0.0008865086128935218],[-3.481595289844819e-10,0.00000830578210297972,0.000033356140193063766,0.00007548987923655659,0.00013509510608855635,0.000212530794669874,0.00030850665643811226,0.0004232966457493603,0.0005577000556513667,0.0007122928509488702,0.000888006470631808]]}