{"training_accuracies":[],"attacked_training_accuracies":[],"kl_over_time":[],"validation_accuracy":[0.10259070247411728,0.2549225389957428,0.3761645555496216],"attacked_validation_accuracy":[0.2051815688610077,0.23316089808940887,0.26528510451316833],"validation_kl_over_time":[[2.908215668284697e-9,0.00008998714474728331,0.00036190287210047245,0.0008186507620848715,0.0014661920722573996,0.002313284669071436,0.003369781654328108,0.004645256325602531,0.006151811219751835,0.007905970327556133,0.009918658062815666],[2.8524338446800357e-9,0.00009026491898111999,0.00036270180135034025,0.0008206892525777221,0.0014703053748235106,0.002319017890840769,0.0033763062674552202,0.004654419142752886,0.0061630853451788425,0.007919528521597385,0.009933169931173325],[1.2799370452398762e-9,0.00008978031110018492,0.0003611268475651741,0.0008174119284376502,0.001464907662011683,0.0023113712668418884,0.0033669783733785152,0.0046416157856583595,0.006149577908217907,0.007901315577328205,0.009911619126796722]]}