{"training_accuracies":[],"attacked_training_accuracies":[],"kl_over_time":[],"validation_accuracy":[0.4435212314128876,0.45492005348205566,0.44663000106811523],"attacked_validation_accuracy":[0.2818652093410492,0.29637280106544495,0.3067353665828705],"validation_kl_over_time":[[1.0223069057957446e-9,0.00002164822944905609,0.00008694806456333026,0.0001965849514817819,0.00035180579288862646,0.0005544512532651424,0.0008065262227319181,0.0011108285980299115,0.0014696023426949978,0.0018860113341361284,0.002363319043070078],[3.857572039578372e-9,0.00002162685450457502,0.0000868323550093919,0.00019629127928055823,0.0003512625698931515,0.0005537787801586092,0.0008053969359025359,0.0011093206703662872,0.0014684712514281273,0.0018843536963686347,0.0023608042392879725],[3.841914342217478e-9,0.000021515605112654157,0.00008655161218484864,0.00019555089238565415,0.000349902780726552,0.00055133510613814,0.000802455295342952,0.0011053290218114853,0.0014625141629949212,0.0018764068372547626,0.002351179253309965]]}