{"training_accuracies":[],"attacked_training_accuracies":[],"kl_over_time":[],"validation_accuracy":[0.08393781632184982,0.08601035922765732,0.08808290213346481],"attacked_validation_accuracy":[0.14715036749839783,0.14715036749839783,0.14093273878097534],"validation_kl_over_time":[[1.3336216575510207e-9,0.000012916041669086553,0.000051845945563400164,0.00011705569340847433,0.00020893140754196793,0.0003277996729593724,0.00047452011494897306,0.0006498159491457045,0.0008543187868781388,0.001089270692318678,0.0013559870421886444],[-6.42744801826467e-10,0.00001305042769672582,0.00005236908691585995,0.00011816516052931547,0.00021080809528939426,0.00033088307827711105,0.0004788853693753481,0.0006555845029652119,0.000862453191075474,0.0010996084893122315,0.0013686862075701356],[6.045677847232866e-10,0.00001292509932682151,0.000051795181207126006,0.00011691671534208581,0.00020870688604190946,0.00032741681206971407,0.000473916094051674,0.0006487876526080072,0.0008530139457434416,0.0010875946609303355,0.0013538259081542492]]}