{"training_accuracies":[],"attacked_training_accuracies":[],"kl_over_time":[],"validation_accuracy":[0.4341949224472046,0.42383235692977905,0.4227961003780365],"attacked_validation_accuracy":[0.3761645555496216,0.35025814175605774,0.36994701623916626],"validation_kl_over_time":[[7.899817605627746e-11,0.000011890437235706486,0.00004759924559039064,0.00010744541214080527,0.00019189603335689753,0.00030127831269055605,0.00043687026482075453,0.0005989671917632222,0.000788770557846874,0.0010077051119878888,0.0012560389004647732],[2.9894138275921023e-9,0.000011919035387109034,0.000047756700951140374,0.00010782395111164078,0.00019246037118136883,0.00030225171940401196,0.0004380862810648978,0.0006005722098052502,0.0007908324478194118,0.0010098614729940891,0.0012585868826135993],[2.7716482442485812e-9,0.00001195426557387691,0.00004793381231138483,0.00010818246664712206,0.00019308796618133783,0.00030317698838189244,0.00043947261292487383,0.000602585612796247,0.0007933814777061343,0.0010129492729902267,0.0012625743402168155]]}