{"training_accuracies":[0.0],"attacked_training_accuracies":[0.0],"kl_over_time":[[3.6220459520563963e-8,0.000001684597805251542,0.0000068809067670372315,0.00001606966725375969,0.00002843802940333262,0.00004578712832881138,0.00006644010136369616,0.00009004742605611682,0.00011719120084308088,0.00015142589109018445,0.000186414661584422]],"validation_accuracy":[0.41761481761932373,0.41450604796409607,0.4134697914123535],"attacked_validation_accuracy":[0.3461131155490875,0.33471429347991943,0.31398916244506836],"validation_kl_over_time":[[2.7186339845997054e-9,0.00000294145206680696,0.000011799611456808634,0.00002663064697117079,0.00004757614806294441,0.0000747709273127839,0.0001083930183085613,0.0001485528628109023,0.00019540176435839385,0.0002492306230124086,0.000310226489091292],[3.077328170064675e-9,0.0000029373043162195245,0.000011762136637116782,0.000026538646125118248,0.000047387784434249625,0.00007442692731274292,0.00010781387391034514,0.00014771333371754736,0.00019427081861067563,0.0002477299713063985,0.0003082748444285244],[2.4920217001067613e-9,0.000002931845756393159,0.000011727483979484532,0.000026470375814824365,0.00004727533814730123,0.00007422835187753662,0.00010749707143986598,0.00014721292245667428,0.00019359237921889871,0.00024687297991476953,0.0003072306571993977]]}