{"training_accuracies":[],"attacked_training_accuracies":[],"kl_over_time":[],"validation_accuracy":[0.4113972783088684,0.4113972783088684,0.4113972783088684],"attacked_validation_accuracy":[0.3243517279624939,0.3668382465839386,0.3471493721008301],"validation_kl_over_time":[[9.102056885978982e-9,0.00026971311308443546,0.001086302800104022,0.0024675072636455297,0.004442987497895956,0.00705320667475462,0.010346267372369766,0.014375846832990646,0.01919594034552574,0.02487373724579811,0.03147251904010773],[7.914938038311448e-9,0.0002706651284825057,0.0010904126102104783,0.0024766530841588974,0.004459492862224579,0.007080854848027229,0.010390670038759708,0.014435595832765102,0.019282182678580284,0.02498549409210682,0.031618669629096985],[8.985185040444321e-9,0.00026912798057310283,0.0010847443481907248,0.0024650665000081062,0.004438483621925116,0.007047977764159441,0.010342895053327084,0.014372001402080059,0.019200850278139114,0.024886727333068848,0.031491801142692566]]}