{"training_accuracies":[],"attacked_training_accuracies":[],"kl_over_time":[],"validation_accuracy":[0.41450604796409607,0.41761481761932373,0.4186510741710663],"attacked_validation_accuracy":[0.2569950520992279,0.27564767003059387,0.2642488479614258],"validation_kl_over_time":[[9.6674179772549e-9,0.00037929709651507437,0.0015318047953769565,0.0034804826136678457,0.0062692840583622456,0.009957795031368732,0.014624001458287239,0.020348481833934784,0.027225321158766747,0.035339705646038055,0.04479892924427986],[1.1167046842786021e-8,0.00038403007783927023,0.0015473812818527222,0.003515256568789482,0.006327772978693247,0.010044923052191734,0.014748084358870983,0.02051357366144657,0.027430787682533264,0.035602547228336334,0.045102834701538086],[8.693039177387618e-9,0.00037820872967131436,0.0015245311660692096,0.003460709936916828,0.006228084210306406,0.00988692045211792,0.014511464163661003,0.020180774852633476,0.026982391253113747,0.03500558063387871,0.044340990483760834]]}