{"training_accuracies":[],"attacked_training_accuracies":[],"kl_over_time":[],"validation_accuracy":[0.4113972783088684,0.41450604796409607,0.4155423045158386],"attacked_validation_accuracy":[0.32124295830726624,0.2860102355480194,0.29844531416893005],"validation_kl_over_time":[[6.2920859633663895e-9,0.00031487649539485574,0.001268676482141018,0.002878891071304679,0.00517843896523118,0.00820301566272974,0.012004680931568146,0.016644030809402466,0.02218230813741684,0.028672147542238235,0.036191731691360474],[1.1639538222141255e-8,0.00031549602863378823,0.0012689869618043303,0.002881392138078809,0.005182067397981882,0.008210734464228153,0.012021639384329319,0.016677314415574074,0.02223770134150982,0.028756866231560707,0.03631776571273804],[9.191858829638022e-9,0.0003156798775307834,0.0012709795264527202,0.002886513015255332,0.005189492367208004,0.008220860734581947,0.012030947022140026,0.01667723059654236,0.02221755124628544,0.02871640957891941,0.03623390942811966]]}