{"training_accuracies":[],"attacked_training_accuracies":[],"kl_over_time":[],"validation_accuracy":[0.4113972783088684,0.4113972783088684,0.4113972783088684],"attacked_validation_accuracy":[0.3067353665828705,0.3015540838241577,0.3150254189968109],"validation_kl_over_time":[[3.2559155371814086e-9,0.00009836584649747238,0.0003945492790080607,0.0008911023614928126,0.0015922199236229062,0.0025047031231224537,0.0036381278187036514,0.005000732373446226,0.006602147594094276,0.008456536568701267,0.010572189465165138],[4.383411855712893e-9,0.00009863441664492711,0.0003962041810154915,0.000895230274181813,0.0016008663224056363,0.0025192624889314175,0.0036601622123271227,0.005032363813370466,0.006645091809332371,0.008511806838214397,0.010642359033226967],[1.7059056389712168e-9,0.00009955438872566447,0.00039921695133671165,0.0009011584334075451,0.0016104292590171099,0.0025340772699564695,0.003679874585941434,0.005059126764535904,0.0066801984794437885,0.008556338958442211,0.010696902871131897]]}