{"training_accuracies":[],"attacked_training_accuracies":[],"kl_over_time":[],"validation_accuracy":[0.4207235872745514,0.41761481761932373,0.4207235872745514],"attacked_validation_accuracy":[0.26010382175445557,0.2611400783061981,0.2766839265823364],"validation_kl_over_time":[[4.196521352639593e-9,0.0000074012855293403845,0.000029671484298887663,0.00006701524398522452,0.00011972204083576798,0.00018827406165655702,0.0002730063279159367,0.0003747657756321132,0.0004937690682709217,0.0006306054419837892,0.0007858840981498361],[2.0375392484339727e-9,0.000007401296898024157,0.000029658305720658973,0.0000668768334435299,0.00011951215856242925,0.00018786995497066528,0.000272411503829062,0.0003737840452231467,0.0004922994994558394,0.0006287777214311063,0.0007834238931536674],[6.176922862088929e-10,0.000007382949661405291,0.000029592278224299662,0.00006689831207040697,0.0001196034427266568,0.00018811205518431962,0.00027294387109577656,0.00037454094854183495,0.0004933839081786573,0.0006303664413280785,0.0007855671574361622]]}