{"training_accuracies":[],"attacked_training_accuracies":[],"kl_over_time":[],"validation_accuracy":[0.4113972783088684,0.4113972783088684,0.4113972783088684],"attacked_validation_accuracy":[0.36580199003219604,0.3575119376182556,0.34300434589385986],"validation_kl_over_time":[[1.0708976816431459e-8,0.0002682881604414433,0.0010818245355039835,0.002457663882523775,0.004425174556672573,0.007025826256722212,0.010308333672583103,0.014325600117444992,0.01912968046963215,0.024797668680548668,0.03136448562145233],[6.031186217114737e-9,0.0002687527739908546,0.0010830775136128068,0.0024611924309283495,0.004432992078363895,0.007039060350507498,0.010328610427677631,0.014355238527059555,0.019174499437212944,0.0248462725430727,0.031439408659935],[7.433146542723534e-9,0.0002670159738045186,0.0010754045797511935,0.002444719197228551,0.004403078928589821,0.0069915554486215115,0.01026038359850645,0.014259789139032364,0.01904946379363537,0.024685513228178024,0.031236564740538597]]}