{"training_accuracies":[0.0],"attacked_training_accuracies":[0.0],"kl_over_time":[[7.1382397770491934e-9,0.000005398853772931034,0.00002103828410326969,0.00004673142029787414,0.00008454197813989595,0.00013448632671497762,0.00019552618323359638,0.0002693132555577904,0.00035334101994521916,0.0004493309243116528,0.0005521257407963276]],"validation_accuracy":[0.41036102175712585,0.4113972783088684,0.4113972783088684],"attacked_validation_accuracy":[0.3471493721008301,0.3689107596874237,0.3668382465839386],"validation_kl_over_time":[[2.544592536679602e-9,0.000005528854671865702,0.000022121188521850854,0.00004988642467651516,0.00008885106217348948,0.0001391840778524056,0.00020092714112251997,0.00027450494235381484,0.00036006979644298553,0.00045771111035719514,0.0005678563611581922],[1.9488619606988777e-9,0.000005589144620898878,0.000022373640604200773,0.00005041676195105538,0.00008981060091173276,0.00014064346032682806,0.00020303290511947125,0.0002773416053969413,0.0003636291075963527,0.0004622560809366405,0.0005732488934881985],[1.6365129251738608e-9,0.000005635005436488427,0.000022525469830725342,0.00005074998625786975,0.00009042843157658353,0.00014155512326397002,0.0002043615240836516,0.0002790579746942967,0.0003659672802314162,0.00046515543363057077,0.0005769555573351681]]}