{"training_accuracies":[],"attacked_training_accuracies":[],"kl_over_time":[],"validation_accuracy":[0.2818652093410492,0.35854819416999817,0.3917084038257599],"attacked_validation_accuracy":[0.2507775127887726,0.2880827486515045,0.29844531416893005],"validation_kl_over_time":[[9.233169229183602e-10,0.00003169943011016585,0.00012737041106447577,0.00028787695919163525,0.0005143744056113064,0.0008087803144007921,0.0011738507309928536,0.001611247076652944,0.002124413847923279,0.002716240007430315,0.0033872344065457582],[2.4281874289044936e-9,0.000031568117265123874,0.00012669159332290292,0.0002861189132090658,0.0005111191421747208,0.0008037627558223903,0.001166240661405027,0.0016013153363019228,0.0021112621761858463,0.0026984000578522682,0.0033668086398392916],[1.1754897055737956e-9,0.000031686875445302576,0.00012726360000669956,0.00028763842419721186,0.0005140330176800489,0.0008082817657850683,0.0011723361676558852,0.0016095538157969713,0.0021222166251391172,0.0027125482447445393,0.0033835761714726686]]}