{"training_accuracies":[1.0],"attacked_training_accuracies":[1.0],"kl_over_time":[[-7.936361012816917e-10,0.000006587379175471142,0.000024804276108625345,0.000054896005167393014,0.0000992927307379432,0.0001538337965030223,0.0002203158219344914,0.00030481893918477,0.0003964815114159137,0.0005001069512218237,0.0006221321527846158]],"validation_accuracy":[0.41450604796409607,0.41450604796409607,0.4155423045158386],"attacked_validation_accuracy":[0.35854819416999817,0.37720081210136414,0.335750550031662],"validation_kl_over_time":[[1.7854400180539187e-9,0.0000051056495067314245,0.00002039550236077048,0.00004597948645823635,0.00008191429515136406,0.00012827868340536952,0.00018515497504267842,0.00025273425853811204,0.0003311577602289617,0.00042048742761835456,0.0005209770170040429],[-1.5051142554511898e-9,0.000005108168352307985,0.000020445890186238103,0.00004608715607901104,0.00008210714440792799,0.00012854176748078316,0.00018558390729594976,0.0002532708167564124,0.0003318414674140513,0.00042158158612437546,0.0005224709748290479],[1.6290836457599767e-9,0.0000050903249757539015,0.000020350958948256448,0.00004582810652209446,0.00008164886094164103,0.00012782930571120232,0.00018445210298523307,0.00025168934371322393,0.00032964959973469377,0.00041866471292451024,0.0005188366048969328]]}