{"training_accuracies":[],"attacked_training_accuracies":[],"kl_over_time":[],"validation_accuracy":[0.4113972783088684,0.4113972783088684,0.4113972783088684],"attacked_validation_accuracy":[0.2704663872718811,0.3305692672729492,0.3222792148590088],"validation_kl_over_time":[[4.746913973008304e-9,0.00009760546527104452,0.0003915912820957601,0.0008848359575495124,0.0015813281061127782,0.0024879090487957,0.003613581182435155,0.00496707484126091,0.006558896973729134,0.00840006209909916,0.010503483936190605],[5.0040771526482786e-9,0.00009909954678732902,0.0003975565196014941,0.0008977126562967896,0.001604269607923925,0.002524467185139656,0.0036662942729890347,0.00503963977098465,0.006655130069702864,0.00852183997631073,0.010653851553797722],[5.227489108250438e-9,0.00009788832539925352,0.00039269906119443476,0.0008869901648722589,0.001585195423103869,0.002494413172826171,0.0036235519219189882,0.004981059115380049,0.006578491535037756,0.008424447849392891,0.010536633431911469]]}