{"training_accuracies":[],"attacked_training_accuracies":[],"kl_over_time":[],"validation_accuracy":[0.4404124617576599,0.44870251417160034,0.442484974861145],"attacked_validation_accuracy":[0.3378230631351471,0.3575119376182556,0.3647657334804535],"validation_kl_over_time":[[9.758504226908826e-9,0.000342441227985546,0.001377569162286818,0.00312532065436244,0.005618029274046421,0.008903450332581997,0.013037307187914848,0.018086399883031845,0.024126077070832253,0.03123915009200573,0.03948976472020149],[1.0279407547386654e-8,0.0003410255303606391,0.0013741400325670838,0.003118987428024411,0.0056100268848240376,0.008895480073988438,0.013032996095716953,0.018091225996613503,0.02414398454129696,0.031274888664484024,0.03954681009054184],[8.842601317837762e-9,0.0003440515138208866,0.0013852878473699093,0.0031418586149811745,0.005648852791637182,0.008951574563980103,0.013107703998684883,0.01818542741239071,0.024265864863991737,0.03141206502914429,0.03971491754055023]]}