{"training_accuracies":[],"attacked_training_accuracies":[],"kl_over_time":[],"validation_accuracy":[0.4113972783088684,0.4113972783088684,0.4113972783088684],"attacked_validation_accuracy":[0.30777162313461304,0.2880827486515045,0.29637280106544495],"validation_kl_over_time":[[2.578323776702973e-9,0.00008427399734500796,0.0003382847353350371,0.0007655174122191966,0.0013714152155444026,0.002165197627618909,0.0031549816485494375,0.004350052680820227,0.005761198699474335,0.007403218653053045,0.00928545743227005],[4.951504095629389e-9,0.0000859221545397304,0.000345022912370041,0.0007808163645677269,0.001399315893650055,0.002207307144999504,0.0032156123779714108,0.004434716887772083,0.005873488262295723,0.00754377618432045,0.00945837702602148],[2.34288299871821e-9,0.00008469466411042958,0.00034012814285233617,0.0007695140084251761,0.0013795836130157113,0.002176896436139941,0.003172247437760234,0.004373359493911266,0.005793485790491104,0.007445053663104773,0.00933553371578455]]}