{"training_accuracies":[],"attacked_training_accuracies":[],"kl_over_time":[],"validation_accuracy":[0.4227961003780365,0.4165785610675812,0.41761481761932373],"attacked_validation_accuracy":[0.2974090576171875,0.3015540838241577,0.27564767003059387],"validation_kl_over_time":[[2.1556643137188303e-9,0.000009101690920942929,0.00003647415360319428,0.0000822669971967116,0.0001468750851927325,0.00023053723271004856,0.00033368446747772396,0.00045676116133108735,0.0006003300077281892,0.0007648597820661962,0.0009506280766800046],[3.1420310797614093e-9,0.000009077551112568472,0.00003638149064499885,0.00008207171049434692,0.0001464308297727257,0.000229782541282475,0.00033259057090617716,0.00045534453238360584,0.0005984389572404325,0.000762482057325542,0.0009478930733166635],[-1.194124132908314e-9,0.000009111487997870427,0.000036548579373629764,0.00008247325604315847,0.0001472633593948558,0.00023125727602746338,0.0003348932368680835,0.00045851035974919796,0.0006026412011124194,0.0007679950795136392,0.0009553498821333051]]}