{"training_accuracies":[0.0],"attacked_training_accuracies":[0.0],"kl_over_time":[[6.743819280785601e-9,0.0000016999821355057065,0.000006896721060911659,0.00001607083686394617,0.00002863523695850745,0.0000458643953606952,0.0000664716208120808,0.00009005024912767112,0.00011719308531610295,0.00015145842917263508,0.00018641712085809559]],"validation_accuracy":[0.41761481761932373,0.41450604796409607,0.4134697914123535],"attacked_validation_accuracy":[0.3512943983078003,0.32953301072120667,0.3181341886520386],"validation_kl_over_time":[[2.162279022499547e-9,0.000002938283387265983,0.000011794754755101167,0.000026649317078408785,0.000047575857024639845,0.0000747837038943544,0.00010842845222214237,0.00014861383533570915,0.0001954924809979275,0.0002493156061973423,0.00031033525010570884],[1.737133215051756e-9,0.000002941187858596095,0.000011768785043386742,0.0000265587823378155,0.00004741652082884684,0.00007448910037055612,0.00010787198698380962,0.00014784032828174531,0.00019445047655608505,0.000247909250902012,0.00030852999771013856],[2.8744562285965003e-9,0.0000029283219191711396,0.000011717531378963031,0.00002643942025315482,0.00004720684955827892,0.00007411139085888863,0.00010730916255852208,0.00014692923286929727,0.00019321466970723122,0.000246394396526739,0.00030653236899524927]]}