{"training_accuracies":[0.27000001072883606,0.3700000047683716,0.4300000071525574,0.5299999713897705,0.6000000238418579,0.5299999713897705,0.5400000214576721,0.5699999928474426,0.5400000214576721,0.550000011920929,0.5600000023841858,0.550000011920929,0.6200000047683716,0.6700000166893005,0.6399999856948853,0.5699999928474426,0.6499999761581421,0.6200000047683716,0.6000000238418579,0.5299999713897705],"attacked_training_accuracies":[0.27000001072883606,0.2800000011920929,0.49000000953674316,0.5400000214576721,0.5699999928474426,0.5099999904632568,0.5299999713897705,0.5,0.46000000834465027,0.5400000214576721,0.5099999904632568,0.5,0.49000000953674316,0.6600000262260437,0.550000011920929,0.5199999809265137,0.6000000238418579,0.5,0.6299999952316284,0.5],"kl_over_time":[[0.000002447812903483282,0.0000029778491352772107,0.0000027765377126343083,0.000003621762743932777,0.000004577671006700257,0.000005726433300878853,0.0000071789986577641685,0.000008678408448759,0.000008870469173416495,0.000011318938049953431,0.000012784099453710951],[0.000022620610252488405,0.00003451391603448428,0.00004668118344852701,0.00007193363853730261,0.00006873253005323932,0.0001069185309461318,0.00012911646626889706,0.00015793826605658978,0.00016540817159693688,0.00021724426187574863,0.00025179647491313517],[0.00019242842972744256,0.00016189910820685327,0.00021975301206111908,0.00021346814173739403,0.00028680666582658887,0.00029052537865936756,0.00044395087752491236,0.00048084903392009437,0.000549983000382781,0.0005883135017938912,0.0008308063843287528],[0.0006122265476733446,0.0007890502456575632,0.0007958532660268247,0.0006059797597117722,0.0008822273812256753,0.0012631587451323867,0.0014256348367780447,0.001666812226176262,0.0017729733372107148,0.002280979184433818,0.0024997591972351074],[0.0014615228865295649,0.0010925345122814178,0.0012488781940191984,0.0004613036580849439,0.0010098399361595511,0.0012118096929043531,0.0013151827733963728,0.001034898916259408,0.0024484205059707165,0.0015749480808153749,0.002958225551992655],[0.0006386108580045402,0.001284050871618092,0.0021241819486021996,0.0028192936442792416,0.0036483195144683123,0.004625642206519842,0.004685678519308567,0.006418777629733086,0.006922759115695953,0.009056747891008854,0.010254449211061],[0.0009417394176125526,0.00028342369478195906,0.001298016868531704,0.0010662776185199618,0.0017845786642283201,0.0017223613103851676,0.003073242725804448,0.0028598010540008545,0.004554563667625189,0.005516297183930874,0.0055531165562570095],[0.0007553718751296401,0.0018970213131979108,0.0013478616019710898,0.0017644113395363092,0.0034355034586042166,0.003200795501470566,0.0035025945398956537,0.00526226032525301,0.006094248034060001,0.006983467377722263,0.007976721040904522],[0.0006388976471498609,0.0014642408350482583,0.003348523285239935,0.0028969161212444305,0.003482567612081766,0.004300487227737904,0.00550036458298564,0.0050781238824129105,0.0068585812114179134,0.008503531105816364,0.007432930171489716],[0.0009578256285749376,0.0009113838896155357,0.0011893698247149587,0.0014358952175825834,0.001734606921672821,0.004092693794518709,0.004506499506533146,0.006662516389042139,0.007645924109965563,0.009199026972055435,0.009876308031380177],[0.004780640825629234,0.004556261468678713,0.005495263729244471,0.006869076285511255,0.00608949875459075,0.0040940032340586185,0.007088810671120882,0.00882792379707098,0.011089521460235119,0.005942000541836023,0.006657120306044817],[0.0014174362877383828,0.0029178643599152565,0.002524970332160592,0.005608654581010342,0.0052526262588799,0.008840547874569893,0.006362721789628267,0.007836012169718742,0.013006801716983318,0.0175641942769289,0.014087120071053505],[0.006844095885753632,0.003772891592234373,0.004651745315641165,0.004727247171103954,0.009363050572574139,0.007940638810396194,0.007051425985991955,0.008465702645480633,0.01626409776508808,0.017624730244278908,0.021670792251825333],[0.006363897118717432,0.006040507461875677,0.006951319519430399,0.0050706504844129086,0.0067328051663935184,0.007869262248277664,0.009715946391224861,0.009530271403491497,0.014561166055500507,0.013084828853607178,0.017006969079375267],[0.0026235729455947876,0.0028741001151502132,0.0030988724902272224,0.006470303516834974,0.0073057785630226135,0.008956008590757847,0.01134878396987915,0.015113831497728825,0.01601908914744854,0.0157119482755661,0.024972587823867798],[0.00416184077039361,0.013049866072833538,0.016745800152420998,0.012373258359730244,0.018495339900255203,0.013904361054301262,0.014838021248579025,0.014231848530471325,0.01833461783826351,0.01571607030928135,0.02064177393913269],[0.014763426035642624,0.014274446293711662,0.01529817283153534,0.012755664065480232,0.018831295892596245,0.014615878462791443,0.019286703318357468,0.022252941504120827,0.02151750959455967,0.037800319492816925,0.04182492196559906],[0.0071759652346372604,0.007245631422847509,0.008856366388499737,0.006880569271743298,0.015905801206827164,0.019294967874884605,0.01821647398173809,0.029685575515031815,0.03526246175169945,0.04488003998994827,0.05969906970858574],[0.005174856632947922,0.005953144282102585,0.006454479414969683,0.010969104245305061,0.009872889146208763,0.013165883719921112,0.01376004982739687,0.014590209349989891,0.015071403235197067,0.0158990565687418,0.019743429496884346],[0.007078653201460838,0.009530430659651756,0.012415311299264431,0.011673898436129093,0.019593046978116035,0.022018754854798317,0.021558694541454315,0.03748617693781853,0.04547594115138054,0.04502080753445625,0.045824773609638214]],"validation_accuracy":[0.6075000762939453],"attacked_validation_accuracy":[0.5583333373069763],"validation_kl_over_time":[[0.005745295900851488,0.006875831633806229,0.007032431662082672,0.011214439757168293,0.011974516324698925,0.015201698057353497,0.01842624880373478,0.022179191932082176,0.027382688596844673,0.03281313180923462,0.034700941294431686]],"model_parameters":{"desired_samples":16000,"window_size_samples":480,"window_stride_samples":160,"spectrogram_length":100,"fingerprint_width":2,"fingerprint_size":3920,"label_count":12,"sample_rate":16000,"preprocess":"mfcc","average_window_width":-1,"in_repeat":1,"data_url":"https:\/\/storage.googleapis.com\/download.tensorflow.org\/data\/speech_commands_v0.02.tar.gz","data_dir":"ECG\/ecg_recordings\/","background_volume":0.1,"background_frequency":0.8,"silence_percentage":10.0,"unknown_percentage":10.0,"time_shift_ms":100.0,"seed":0,"testing_percentage":10,"validation_percentage":10,"clip_duration_ms":1000,"window_size_ms":30.0,"window_stride_ms":10.0,"feature_bin_count":40,"n_epochs":"32,8","eval_step_interval":200,"learning_rate":"0.001,0.0001","batch_size":100,"summaries_dir":"results\/retrain_logs","wanted_words":"yes,no,up,down,left,right,on,off,stop,go","train_dir":"results\/speech_commands_train","save_step_interval":1000,"start_checkpoint":"","model_architecture":"lsnn_ecg","check_nans":false,"quantize":false,"n_hidden":512,"n_layer":1,"dropout_prob":0.0,"print_every":10,"reg":0.001,"n_lif_frac":0.0,"beta":2.0,"tau_adaptation":98.0,"comment":"","n_thr_spikes":-1,"dampening_factor":0.3,"dt":1.0,"thr":0.01,"thr_min":0.005,"tau":20.0,"refr":2,"n_delay":0,"random_eprop":false,"eprop":false,"avg_spikes":true,"beta_lipschitzness":1.0,"num_attack_steps":10,"attack_epsilon":0.1,"relative_epsilon":true,"initial_std":0.001,"relative_initial_std":true,"session_id":2196347869,"db":"default","verbosity":20,"optimizer":"adam","start_time":1605044348749}}