{"training_accuracies":[],"attacked_training_accuracies":[],"kl_over_time":[],"validation_accuracy":[0.4207252264022827,0.4207252264022827,0.42176148295402527,0.44041433930397034],"attacked_validation_accuracy":[0.32227984070777893,0.326424777507782,0.3378238081932068,0.3419688642024994],"validation_kl_over_time":[[6.79014489080032e-9,0.00019561557564884424,0.0008325770613737404,0.0019296812824904919,0.003504230873659253,0.005579060409218073,0.008186322636902332,0.011358735151588917,0.015138309448957443,0.01956636644899845,0.02469460852444172],[6.600093360731307e-9,0.00019055273151025176,0.0008186321356333792,0.0019081609789282084,0.003477175021544099,0.005552154965698719,0.008162268437445164,0.01135261170566082,0.01515119057148695,0.01961381919682026,0.024790490046143532],[7.486495867681242e-9,0.000193172279978171,0.0008239797898568213,0.0019146475242450833,0.003483039326965809,0.005552161484956741,0.008153644390404224,0.011321854777634144,0.015096944756805897,0.01952029950916767,0.024643268436193466],[6.412403052991067e-9,0.00019283080473542213,0.0008262539631687105,0.0019201800459995866,0.0034925700165331364,0.0055678547360002995,0.008175564929842949,0.011347035877406597,0.015130271203815937,0.01956537924706936,0.024705160409212112]],"model_parameters":{"desired_samples":16000,"window_size_samples":480,"window_stride_samples":160,"spectrogram_length":98,"fingerprint_width":40,"fingerprint_size":3920,"label_count":4,"sample_rate":16000,"preprocess":"mfcc","average_window_width":-1,"in_repeat":1,"data_url":"https:\/\/storage.googleapis.com\/download.tensorflow.org\/data\/speech_commands_v0.02.tar.gz","data_dir":"\/cluster\/scratch\/faberf\/speech_dataset","background_volume":0.1,"background_frequency":0.8,"silence_percentage":10.0,"unknown_percentage":10.0,"time_shift_ms":100.0,"seed":0,"testing_percentage":10,"validation_percentage":10,"clip_duration_ms":1000,"window_size_ms":30.0,"window_stride_ms":10.0,"feature_bin_count":40,"n_epochs":"1","eval_step_interval":1,"learning_rate":"0.001","batch_size":5,"summaries_dir":"results\/retrain_logs","wanted_words":"yes,no","train_dir":"results\/speech_commands_train","save_step_interval":1000,"start_checkpoint":"","model_architecture":"lsnn","check_nans":false,"quantize":false,"n_hidden":128,"n_layer":1,"dropout_prob":0.0,"print_every":10,"reg":0.001,"n_lif_frac":0.0,"beta":2.0,"tau_adaptation":98,"comment":"","n_thr_spikes":-1,"dampening_factor":0.3,"dt":1.0,"thr":0.01,"thr_min":0.005,"tau":20.0,"refr":2,"n_delay":0,"random_eprop":false,"eprop":false,"avg_spikes":true,"beta_lipschitzness":0.01,"num_attack_steps":10,"attack_epsilon":0.01,"relative_epsilon":false,"initial_std":0.001,"relative_initial_std":false,"session_id":2623099930,"db":"fynn","verbosity":20,"optimizer":"adam","start_time":1604256428065}}