{"training_accuracies":[],"attacked_training_accuracies":[],"kl_over_time":[],"validation_accuracy":[0.6424868106842041,0.6155436635017395,0.5823832154273987,0.5398962497711182,0.5999997854232788,0.656994640827179],"attacked_validation_accuracy":[0.3772018849849701,0.3730567991733551,0.394818514585495,0.36580294370651245,0.4051811397075653,0.3772020637989044],"validation_kl_over_time":[[2.0763748498353607e-9,0.000058728626754600555,0.00024569095694459975,0.0005641136085614562,0.001017127768136561,0.0016079135239124298,0.0023417489137500525,0.0032235817052423954,0.0042593698017299175,0.005457582883536816,0.006824296433478594],[3.4718266039845957e-9,0.00005665881690219976,0.00023841219081077725,0.000548953132238239,0.0009908565552905202,0.001568437903188169,0.0022850409150123596,0.003148388583213091,0.004162326455116272,0.005333036184310913,0.006669013760983944],[1.773922009284945e-9,0.00005763247099821456,0.00024090778606478125,0.0005530007183551788,0.0009970538085326552,0.0015769978053867817,0.0022981087677180767,0.003163388464599848,0.0041815717704594135,0.005358495749533176,0.006699134595692158],[3.7032936717196208e-9,0.00005587268606177531,0.0002344364911550656,0.0005392697639763355,0.0009726833086460829,0.001537220785394311,0.0022384431213140488,0.0030816199723631144,0.004072087351232767,0.00521543063223362,0.006516290362924337],[5.381886047928219e-9,0.000057003282563528046,0.00023791141575202346,0.0005458485684357584,0.0009833737276494503,0.0015542693436145782,0.0022628209553658962,0.00311471801251173,0.004116328898817301,0.005271810106933117,0.0065878150053322315],[1.254190529209609e-9,0.000055465665354859084,0.000232203135965392,0.0005335696041584015,0.0009622949874028563,0.0015222819056361914,0.002216092310845852,0.0030509447678923607,0.004031255375593901,0.005163880065083504,0.0064538284204900265]],"model_parameters":{"desired_samples":16000,"window_size_samples":480,"window_stride_samples":160,"spectrogram_length":98,"fingerprint_width":40,"fingerprint_size":3920,"label_count":4,"sample_rate":16000,"preprocess":"mfcc","average_window_width":-1,"in_repeat":1,"data_url":"https:\/\/storage.googleapis.com\/download.tensorflow.org\/data\/speech_commands_v0.02.tar.gz","data_dir":"\/cluster\/scratch\/faberf\/speech_dataset","background_volume":0.1,"background_frequency":0.8,"silence_percentage":10.0,"unknown_percentage":10.0,"time_shift_ms":100.0,"seed":0,"testing_percentage":10,"validation_percentage":10,"clip_duration_ms":1000,"window_size_ms":30.0,"window_stride_ms":10.0,"feature_bin_count":40,"n_epochs":"1","eval_step_interval":1,"learning_rate":"0.001","batch_size":5,"summaries_dir":"results\/retrain_logs","wanted_words":"yes,no","train_dir":"results\/speech_commands_train","save_step_interval":1000,"start_checkpoint":"","model_architecture":"lsnn","check_nans":false,"quantize":false,"n_hidden":64,"n_layer":1,"dropout_prob":0.0,"print_every":10,"reg":0.001,"n_lif_frac":0.0,"beta":2.0,"tau_adaptation":98,"comment":"","n_thr_spikes":-1,"dampening_factor":0.3,"dt":1.0,"thr":0.01,"thr_min":0.005,"tau":20.0,"refr":2,"n_delay":0,"random_eprop":false,"eprop":false,"avg_spikes":true,"beta_lipschitzness":10.0,"num_attack_steps":10,"attack_epsilon":0.01,"relative_epsilon":false,"initial_std":0.001,"relative_initial_std":false,"session_id":2783025427,"db":"fynn","verbosity":20,"optimizer":"adam","start_time":1604255093088}}