{"training_accuracies":[],"attacked_training_accuracies":[],"kl_over_time":[],"validation_accuracy":[0.4103626608848572,0.4124351739883423],"attacked_validation_accuracy":[0.3233160376548767,0.3782382607460022],"validation_kl_over_time":[[2.698346213136915e-9,0.000057923385611502454,0.00024377401859965175,0.0005618373397737741,0.001014539273455739,0.0016063489019870758,0.0023417524062097073,0.0032288345973938704,0.004276135470718145,0.005491773132234812,0.006882866844534874],[3.912534296546255e-9,0.00005607165439869277,0.00023768797109369189,0.0005493334028869867,0.0009940164163708687,0.0015752498293295503,0.0022988158743828535,0.0031717107631266117,0.004200252704322338,0.005394317209720612,0.006760695017874241]],"model_parameters":{"desired_samples":16000,"window_size_samples":480,"window_stride_samples":160,"spectrogram_length":98,"fingerprint_width":40,"fingerprint_size":3920,"label_count":4,"sample_rate":16000,"preprocess":"mfcc","average_window_width":-1,"in_repeat":1,"data_url":"https:\/\/storage.googleapis.com\/download.tensorflow.org\/data\/speech_commands_v0.02.tar.gz","data_dir":"tmp\/speech_dataset\/","background_volume":0.1,"background_frequency":0.8,"silence_percentage":10.0,"unknown_percentage":10.0,"time_shift_ms":100.0,"seed":7,"testing_percentage":10,"validation_percentage":10,"clip_duration_ms":1000,"window_size_ms":30.0,"window_stride_ms":10.0,"feature_bin_count":40,"how_many_training_steps":"2","eval_step_interval":1,"learning_rate":"0.001","batch_size":5,"summaries_dir":"results\/retrain_logs","wanted_words":"yes,no","train_dir":"results\/speech_commands_train","save_step_interval":1000,"start_checkpoint":"","model_architecture":"lsnn","check_nans":false,"quantize":false,"n_hidden":64,"n_layer":1,"dropout_prob":0.0,"print_every":10,"reg":0.001,"n_lif_frac":0.0,"beta":2.0,"tau_adaptation":98,"comment":"","n_thr_spikes":-1,"dampening_factor":0.3,"dt":1.0,"thr":0.01,"thr_min":0.005,"tau":20.0,"refr":2,"n_delay":0,"random_eprop":false,"eprop":false,"avg_spikes":true,"beta_lipschitzness":0.01,"num_attack_steps":10,"minimum_attack_epsilon":0.01,"mean_attack_epsilon":0.01,"relative_epsilon":false,"initial_std":0.001,"relative_initial_std":false,"session_id":2933142506,"verbosity":20,"optimizer":"adam","start_time":1604223746619}}