{"training_accuracies":[0.28999999165534973,0.28999999165534973,0.4099999964237213,0.4699999988079071,0.550000011920929,0.5099999904632568,0.5299999713897705,0.5799999833106995,0.5799999833106995,0.5,0.5199999809265137,0.6200000047683716,0.6000000238418579,0.5600000023841858,0.5899999737739563,0.550000011920929,0.550000011920929,0.5699999928474426,0.6200000047683716,0.6499999761581421,0.6000000238418579,0.7300000190734863,0.5600000023841858,0.6299999952316284,0.5899999737739563,0.6000000238418579,0.5699999928474426,0.550000011920929,0.5199999809265137,0.5699999928474426,0.5899999737739563,0.7400000095367432,0.6299999952316284,0.699999988079071,0.6399999856948853,0.6499999761581421,0.6499999761581421,0.550000011920929,0.6499999761581421,0.6299999952316284],"attacked_training_accuracies":[0.28999999165534973,0.23000000417232513,0.3799999952316284,0.3799999952316284,0.5099999904632568,0.5199999809265137,0.4699999988079071,0.5099999904632568,0.5600000023841858,0.5400000214576721,0.5799999833106995,0.5199999809265137,0.6100000143051147,0.5699999928474426,0.6100000143051147,0.5299999713897705,0.47999998927116394,0.5400000214576721,0.6200000047683716,0.6399999856948853,0.5099999904632568,0.6200000047683716,0.6100000143051147,0.5799999833106995,0.5099999904632568,0.6000000238418579,0.550000011920929,0.5799999833106995,0.5199999809265137,0.5199999809265137,0.5400000214576721,0.6600000262260437,0.6399999856948853,0.6700000166893005,0.5600000023841858,0.6200000047683716,0.6200000047683716,0.5299999713897705,0.5799999833106995,0.5899999737739563],"kl_over_time":[[0.000003995053702965379,0.0000025133363124041352,0.000004919956609228393,0.000003968285000155447,0.000005619907824438997,0.000006844749805168249,0.000008230856110458262,0.000009708624020277057,0.000012988106391276233,0.00001264237562281778,0.00001724660069157835],[0.00006581797788385302,0.00002347913323319517,0.00005978599074296653,0.00006346398004097864,0.00007953043677844107,0.00011381469084881246,0.00013146708079148084,0.00018396932864561677,0.00021521620510611683,0.00023458585201296955,0.0002505723387002945],[0.0005382740637287498,0.0005265575018711388,0.00020134798251092434,0.000748787191696465,0.0005566549370996654,0.0004155422211624682,0.0005846851272508502,0.0011499100364744663,0.0010707246838137507,0.0014798236079514027,0.002163221826776862],[0.0001345712662441656,0.00023217003035824746,0.00026145935407839715,0.000547818373888731,0.0003775324730668217,0.0008873555343598127,0.0008345948881469667,0.0012026294134557247,0.0017797182081267238,0.00234048580750823,0.0029087418224662542],[0.0003540739417076111,0.0007238303078338504,0.0015635695308446884,0.0012508154613897204,0.0021986342035233974,0.0030155510175973177,0.003103525610640645,0.002859557280316949,0.003236560383811593,0.004037126898765564,0.004385005682706833],[0.0018301927484571934,0.0017661568708717823,0.0029688330832868814,0.003035780042409897,0.0016553194727748632,0.001875593326985836,0.003843582235276699,0.002989180851727724,0.005378930363804102,0.00579760642722249,0.009690199047327042],[0.0031267963349819183,0.0033786529675126076,0.0012880900176241994,0.003505315398797393,0.0037442403845489025,0.005953512154519558,0.006379907485097647,0.011407575570046902,0.01028818916529417,0.01204247958958149,0.019164711236953735],[0.002780281938612461,0.0070516616106033325,0.0037471833638846874,0.00494875805452466,0.003669821424409747,0.0054875509813427925,0.005217512138187885,0.00583879416808486,0.00811495166271925,0.008621012791991234,0.010696017183363438],[0.002300022868439555,0.0017757591558620334,0.0007976111373864114,0.003967262804508209,0.0029892590828239918,0.005395661108195782,0.003991418983787298,0.006822092924267054,0.004922102205455303,0.008352144621312618,0.010430068708956242],[0.003938532900065184,0.002630797913298011,0.003066042670980096,0.007234350312501192,0.011336063034832478,0.011255118995904922,0.012682127766311169,0.012696847319602966,0.011604701168835163,0.01915152557194233,0.022428231313824654],[0.010769281536340714,0.007983489893376827,0.008536633104085922,0.0071982285007834435,0.011769301258027554,0.013966995291411877,0.012555069290101528,0.01629618927836418,0.012547795660793781,0.01593955233693123,0.01661684922873974],[0.004735955037176609,0.0033741926308721304,0.009154921397566795,0.009204927831888199,0.011275450699031353,0.009395604021847248,0.018669476732611656,0.018752122297883034,0.021458839997649193,0.02045404352247715,0.024161672219634056],[0.003175505669787526,0.003655620152130723,0.006747255567461252,0.006433836184442043,0.009066170081496239,0.00881163403391838,0.014692699536681175,0.009575222618877888,0.02080298401415348,0.026011953130364418,0.020391633734107018],[0.00217407732270658,0.004998727235943079,0.0035192554350942373,0.0062493146397173405,0.004631254356354475,0.00525614945217967,0.00867854617536068,0.011575219221413136,0.015067800879478455,0.017236854881048203,0.01891724392771721],[0.01689840480685234,0.021117348223924637,0.025289129465818405,0.030590375885367393,0.03345835208892822,0.03084973432123661,0.048859793692827225,0.055056486278772354,0.062000397592782974,0.056995078921318054,0.05608876049518585],[0.007547881454229355,0.009945059195160866,0.025413131341338158,0.02793203853070736,0.031592171639204025,0.039205823093652725,0.05694842338562012,0.05323605239391327,0.07114206254482269,0.0806245282292366,0.09131742268800735],[0.015383856371045113,0.010568147525191307,0.014069020748138428,0.017343370243906975,0.03705598786473274,0.01115367654711008,0.023047933354973793,0.03223784267902374,0.02898382768034935,0.04657993093132973,0.04605761915445328],[0.006471103057265282,0.007837093435227871,0.006713002920150757,0.0070935627445578575,0.00991490576416254,0.012761768884956837,0.01370692066848278,0.0204557366669178,0.027370747178792953,0.029001792892813683,0.031501349061727524],[0.011172041296958923,0.015753259882330894,0.008136363700032234,0.008812555111944675,0.011313660070300102,0.019355468451976776,0.0219911877065897,0.026324531063437462,0.042673081159591675,0.045132167637348175,0.05422006547451019],[0.011889951303601265,0.01640293374657631,0.020886216312646866,0.03161352500319481,0.02797967568039894,0.047973982989788055,0.04449040815234184,0.052265048027038574,0.05935865640640259,0.05822689086198807,0.058773864060640335],[0.009572978131473064,0.005321837961673737,0.009086917154490948,0.017601145431399345,0.019340334460139275,0.026184696704149246,0.03549304977059364,0.033068086951971054,0.04259643331170082,0.0541984923183918,0.05605641379952431],[0.008435232564806938,0.012403656728565693,0.010733282193541527,0.012984163127839565,0.02729145623743534,0.029268786311149597,0.03216007724404335,0.03610141575336456,0.03596846014261246,0.03491634130477905,0.06116074323654175],[0.0029577629175037146,0.001444782828912139,0.006572476588189602,0.008012776263058186,0.010014343075454235,0.010498950257897377,0.011074061505496502,0.013708780519664288,0.015565971843898296,0.01678520254790783,0.025098659098148346],[0.004113527946174145,0.01302853599190712,0.008484350517392159,0.01015574298799038,0.013106007128953934,0.014570164494216442,0.01833200268447399,0.02002117596566677,0.02550620213150978,0.030227210372686386,0.03277705982327461],[0.00958146434277296,0.019498411566019058,0.015961715951561928,0.021036453545093536,0.023262348026037216,0.026270857080817223,0.02753164991736412,0.039584968239068985,0.05015944316983223,0.050248172134160995,0.05979808047413826],[0.01497273612767458,0.018629124388098717,0.02392510510981083,0.02381879836320877,0.028453253209590912,0.024097472429275513,0.04495740681886673,0.0376516617834568,0.03219105303287506,0.030285436660051346,0.04123234748840332],[0.013497702777385712,0.019687503576278687,0.018119649961590767,0.023062193766236305,0.027526378631591797,0.030386773869395256,0.029533252120018005,0.053304415196180344,0.05992850288748741,0.06745605915784836,0.07373462617397308],[0.015349475666880608,0.016734832897782326,0.02343331091105938,0.007471164222806692,0.025108790025115013,