{"training_accuracies":[],"attacked_training_accuracies":[],"kl_over_time":[],"validation_accuracy":[0.6487045288085938,0.5388597846031189],"attacked_validation_accuracy":[0.4051811993122101,0.3751293122768402],"validation_kl_over_time":[[2.9343292240469054e-9,0.00005897263326914981,0.00024755296180956066,0.0005692996201105416,0.0010275774402543902,0.0016256427625194192,0.0023683912586420774,0.0032617957331240177,0.0043125576339662075,0.00552547350525856,0.006910175085067749],[2.870959248113536e-9,0.00006073011172702536,0.00025244784774258733,0.0005778669728897512,0.0010398206068202853,0.0016418559243902564,0.002388721564784646,0.003285597311332822,0.004339359700679779,0.005554388277232647,0.006941458210349083]],"model_parameters":{"desired_samples":16000,"window_size_samples":480,"window_stride_samples":160,"spectrogram_length":98,"fingerprint_width":40,"fingerprint_size":3920,"label_count":4,"sample_rate":16000,"preprocess":"mfcc","average_window_width":-1,"in_repeat":1,"data_url":"https:\/\/storage.googleapis.com\/download.tensorflow.org\/data\/speech_commands_v0.02.tar.gz","data_dir":"tmp\/speech_dataset\/","background_volume":0.1,"background_frequency":0.8,"silence_percentage":10.0,"unknown_percentage":10.0,"time_shift_ms":100.0,"seed":0,"testing_percentage":10,"validation_percentage":10,"clip_duration_ms":1000,"window_size_ms":30.0,"window_stride_ms":10.0,"feature_bin_count":40,"how_many_training_steps":"2","eval_step_interval":1,"learning_rate":"0.001","batch_size":5,"summaries_dir":"results\/retrain_logs","wanted_words":"yes,no","train_dir":"results\/speech_commands_train","save_step_interval":1000,"start_checkpoint":"","model_architecture":"lsnn","check_nans":false,"quantize":false,"n_hidden":64,"n_layer":1,"dropout_prob":0.0,"print_every":10,"reg":0.001,"n_lif_frac":0.0,"beta":2.0,"tau_adaptation":98,"comment":"","n_thr_spikes":-1,"dampening_factor":0.3,"dt":1.0,"thr":0.01,"thr_min":0.005,"tau":20.0,"refr":2,"n_delay":0,"random_eprop":false,"eprop":false,"avg_spikes":true,"beta_lipschitzness":0.1,"num_attack_steps":10,"minimum_attack_epsilon":0.01,"mean_attack_epsilon":0.01,"relative_epsilon":false,"initial_std":0.001,"relative_initial_std":false,"session_id":3892125776,"verbosity":20,"optimizer":"adam","start_time":1604225055099}}