{"training_accuracies":[0.800000011920929],"attacked_training_accuracies":[0.0],"kl_over_time":[[1.9134565931722136e-8,0.000036385397834237665,0.00014528518659062684,0.0003257312055211514,0.0005780035862699151,0.0008997551049105823,0.0012976054567843676,0.0017672630492597818,0.0023166693281382322,0.002952649025246501,0.0036659506149590015]],"validation_accuracy":[0.5253884792327881,0.5844557881355286,0.48186519742012024,0.4632122814655304,0.5036268830299377,0.5554404258728027,0.6020722985267639,0.5668392777442932,0.5813469886779785,0.6051811575889587,0.6217614412307739,0.640414297580719],"attacked_validation_accuracy":[0.3989636301994324,0.37202054262161255,0.375129371881485,0.36062172055244446,0.37823814153671265,0.3626941442489624,0.38238340616226196,0.3689117431640625,0.3554404079914093,0.3481864035129547,0.3844558298587799,0.3854920566082001],"validation_kl_over_time":[[2.4286221922409368e-9,0.00005798327038064599,0.00024395203217864037,0.0005620395531877875,0.0010152654722332954,0.001606880221515894,0.0023429610300809145,0.0032278848811984062,0.004267048556357622,0.00546743581071496,0.006838875822722912],[2.947212029980051e-9,0.00005960439011687413,0.00024833768839016557,0.0005697067826986313,0.001026325160637498,0.00162213621661067,0.0023614224046468735,0.003249883884564042,0.004294365644454956,0.005499775521457195,0.006874198094010353],[3.2091456159122345e-9,0.000058560755860526115,0.00024583880440331995,0.0005652995314449072,0.0010197705123573542,0.0016128717688843608,0.0023499405942857265,0.003235320560634136,0.004275926388800144,0.005478996783494949,0.006849122699350119],[3.080796284748999e-9,0.000057896500948118046,0.0002435897768009454,0.0005606477498076856,0.001012133900076151,0.0016011449042707682,0.002332639880478382,0.0032118060626089573,0.004243210889399052,0.005434816237539053,0.006791592109948397],[3.4491749456577736e-9,0.00006019277861923911,0.0002510563062969595,0.0005756890750490129,0.0010366099886596203,0.0016383039765059948,0.0023855429608374834,0.003282443853095174,0.004335671663284302,0.005551614332944155,0.006936958525329828],[3.4262244152927224e-9,0.00006004025635775179,0.00025102493236772716,0.0005765327368862927,0.0010395310819149017,0.0016430849209427834,0.0023919118102639914,0.0032921605743467808,0.00434850063174963,0.0055677155032753944,0.006957323290407658],[1.3716880964409484e-9,0.0000585120142204687,0.00024531723465770483,0.0005636352580040693,0.0010157105280086398,0.0016050167614594102,0.00233599659986794,0.0032116705551743507,0.004239486064761877,0.005423055961728096,0.006771006155759096],[3.6353502430586104e-9,0.00005834381590830162,0.00024434205261059105,0.0005611491505987942,0.0010111051378771663,0.0015969116939231753,0.0023226484190672636,0.0031929139513522387,0.004212222062051296,0.005387639161199331,0.006723054219037294],[1.970838159337518e-9,0.000059135705669177696,0.000246527255512774,0.0005659798043780029,0.001018702401779592,0.0016099194763228297,0.0023425098042935133,0.0032219113782048225,0.004251872189342976,0.005439515691250563,0.006791203748434782],[1.87091475645218e-9,0.000059018711908720434,0.0002476754307281226,0.0005695649888366461,0.0010258038528263569,0.0016190522583201528,0.0023539841640740633,0.003233033698052168,0.00426167668774724,0.005445342510938644,0.006792603526264429],[4.859101121468257e-9,0.00005919227987760678,0.00024870666675269604,0.0005717322346754372,0.0010304064489901066,0.0016275554662570357,0.0023664399050176144,0.003250498790293932,0.004283889662474394,0.005474444478750229,0.0068291290663182735],[3.2152971396470775e-9,0.00006110895628808066,0.00025530168204568326,0.0005852094618603587,0.0010542398085817695,0.001664176699705422,0.0024178028106689453,0.0033205565996468067,0.004375921096652746,0.005590728484094143,0.006967433262616396]],"model_parameters":{"desired_samples":16000,"window_size_samples":480,"window_stride_samples":160,"spectrogram_length":98,"fingerprint_width":40,"fingerprint_size":3920,"label_count":4,"sample_rate":16000,"preprocess":"mfcc","average_window_width":-1,"in_repeat":1,"data_url":"https:\/\/storage.googleapis.com\/download.tensorflow.org\/data\/speech_commands_v0.02.tar.gz","data_dir":"\/cluster\/scratch\/faberf\/speech_dataset","background_volume":0.1,"background_frequency":0.8,"silence_percentage":10.0,"unknown_percentage":10.0,"time_shift_ms":100.0,"seed":0,"testing_percentage":10,"validation_percentage":10,"clip_duration_ms":1000,"window_size_ms":30.0,"window_stride_ms":10.0,"feature_bin_count":40,"n_epochs":"1","eval_step_interval":1,"learning_rate":"0.001","batch_size":5,"summaries_dir":"results\/retrain_logs","wanted_words":"yes,no","train_dir":"results\/speech_commands_train","save_step_interval":1000,"start_checkpoint":"","model_architecture":"lsnn","check_nans":false,"quantize":false,"n_hidden":64,"n_layer":1,"dropout_prob":0.0,"print_every":10,"reg":0.001,"n_lif_frac":0.0,"beta":2.0,"tau_adaptation":98,"comment":"","n_thr_spikes":-1,"dampening_factor":0.3,"dt":1.0,"thr":0.01,"thr_min":0.005,"tau":20.0,"refr":2,"n_delay":0,"random_eprop":false,"eprop":false,"avg_spikes":true,"beta_lipschitzness":0.0,"num_attack_steps":10,"attack_epsilon":0.01,"relative_epsilon":false,"initial_std":0.001,"relative_initial_std":false,"session_id":4706401050,"db":"fynn","verbosity":20,"optimizer":"adam","start_time":1604252790444}}