{"training_accuracies":[0.2800000011920929,0.4099999964237213,0.5299999713897705,0.5099999904632568,0.5799999833106995,0.4399999976158142,0.5400000214576721,0.5400000214576721,0.5,0.5099999904632568,0.6399999856948853,0.49000000953674316,0.30000001192092896,0.18000000715255737,0.25999999046325684,0.1899999976158142,0.2199999988079071,0.3100000023841858,0.2800000011920929,0.25999999046325684,0.23999999463558197,0.27000001072883606,0.27000001072883606,0.23999999463558197,0.30000001192092896,0.23999999463558197,0.20999999344348907,0.18000000715255737,0.2199999988079071,0.25999999046325684,0.20999999344348907,0.23000000417232513,0.2199999988079071,0.4000000059604645,0.23000000417232513,0.28999999165534973,0.36000001430511475,0.20999999344348907,0.25,0.23999999463558197],"attacked_training_accuracies":[0.27000001072883606,0.23000000417232513,0.23000000417232513,0.36000001430511475,0.3199999928474426,0.3499999940395355,0.2800000011920929,0.38999998569488525,0.44999998807907104,0.28999999165534973,0.28999999165534973,0.18000000715255737,0.23000000417232513,0.30000001192092896,0.25999999046325684,0.30000001192092896,0.2199999988079071,0.3100000023841858,0.25,0.25999999046325684,0.23999999463558197,0.27000001072883606,0.27000001072883606,0.23999999463558197,0.30000001192092896,0.23999999463558197,0.20999999344348907,0.18000000715255737,0.2199999988079071,0.25999999046325684,0.20999999344348907,0.23000000417232513,0.2199999988079071,0.4000000059604645,0.23000000417232513,0.28999999165534973,0.36000001430511475,0.20999999344348907,0.25,0.23999999463558197],"kl_over_time":[[0.0000015387232679131557,0.000023818611225578934,0.00008467183215543628,0.00018187263049185276,0.0003331016923766583,0.000554618367459625,0.0007365146302618086,0.0008155704708769917,0.0008202734170481563,0.0008892669575288892,0.0008551362552680075],[0.000011552944670256693,0.00021424185251817107,0.0005427850410342216,0.0010960501385852695,0.0017546003218740225,0.002330048708245158,0.002379494486376643,0.002530065830796957,0.002749318489804864,0.0029419946949929,0.003081381320953369],[0.00006222641241038218,0.0003163731889799237,0.0015352698974311352,0.004273248370736837,0.007206540089100599,0.011402721516788006,0.01585007831454277,0.02084413543343544,0.02330426126718521,0.026800651103258133,0.025749942287802696],[0.0007270844071172178,0.0024547346401959658,0.013423389755189419,0.037017617374658585,0.06975561380386353,0.11889540404081345,0.15231339633464813,0.1283262073993683,0.04581844061613083,0.01932181976735592,0.01565958745777607],[0.00014297263987828046,0.00315499329008162,0.009523196145892143,0.02508239634335041,0.050581321120262146,0.09066279977560043,0.10613159090280533,0.05499090999364853,0.01962759904563427,0.014023787342011929,0.011041194200515747],[0.00015288310532923788,0.0007592482725158334,0.005872251931577921,0.02191714197397232,0.05293720215559006,0.11934154480695724,0.170121967792511,0.11172883957624435,0.016166716814041138,0.017392320558428764,0.014212975278496742],[0.0007509659044444561,0.004089694935828447,0.015659702941775322,0.03293730691075325,0.08053405582904816,0.2508969008922577,0.38679245114326477,0.1363198459148407,0.04104502499103546,0.03047895058989525,0.029263615608215332],[0.00018946261843666434,0.006280782166868448,0.02188054658472538,0.05298835039138794,0.09754034876823425,0.14763054251670837,0.11323092132806778,0.036752425134181976,0.02870847098529339,0.02788522094488144,0.02086224965751171],[0.0004971534945070744,0.0045797936618328094,0.004656578879803419,0.008111744187772274,0.011694585904479027,0.01296544075012207,0.010292910039424896,0.010799760930240154,0.01016154047101736,0.012000988237559795,0.011343054473400116],[0.0003017642884515226,0.004692552611231804,0.008797773160040379,0.012102148495614529,0.019485993310809135,0.024877090007066727,0.011919304728507996,0.010583806782960892,0.014239718206226826,0.010104794055223465,0.014469706453382969],[0.0017748939571902156,0.007648590486496687,0.010262678377330303,0.01929108053445816,0.029829220846295357,0.049488238990306854,0.030804472044110298,0.02067490480840206,0.022352183237671852,0.029052475467324257,0.0242210291326046],[0.003413634840399027,0.009331396780908108,0.018598968163132668,0.025445785373449326,0.035799022763967514,0.03674139454960823,0.03773220628499985,0.03648250550031662,0.0397367961704731,0.03179541602730751,0.04147949069738388],[2.2847582670237898e-7,0.000067628723627422,0.00007460631604772061,0.00016033371502999216,0.0002986983163282275,0.000424172671046108,0.0006351715419441462,0.000826056522782892,0.001108825788833201,0.0013648481108248234,0.0016765096224844456],[5.501693323139989e-8,0.00006073921758797951,0.0000626449182163924,0.00013714564556721598,0.0002477113448549062,0.0003638300986494869,0.0005557553377002478,0.0007122234674170613,0.0009683389216661453,0.001181512838229537,0.0014489241875708103],[6.401979391057466e-8,0.00005756694736192003,0.000045667708036489785,0.00010216655937256292,0.0001797468139557168,0.00026136820088140666,0.0004009800322819501,0.0005093837971799076,0.0006972902920097113,0.000846739683765918,0.0010319737484678626],[3.681100508856616e-7,0.00005000247620046139,0.00003100780304521322,0.00006423610466299579,0.000124324593343772,0.00015700254880357534,0.00024588743690401316,0.00030140395392663777,0.0004187532758805901,0.0004972058231942356,0.0006074531702324748],[1.2968550322511874e-7,0.00001131504359364044,1.2968550322511874e-7,0.00001131504359364044,1.2968550322511874e-7,0.00001131504359364044,1.2968550322511874e-7,0.00001131504359364044,1.2968550322511874e-7,0.00001131504359364044,1.2966445694928552e-7],[4.81428550358487e-8,0.00003956381624448113,0.000009954119377653114,0.00002499213587725535,0.00003669421130325645,0.00004820595859200694,0.00009092392429010943,0.00008837585482979193,0.00014164626190904528,0.00014555692905560136,0.0001847076346166432],[7.495017371184076e-7,0.000017377837139065377,9.784433814274962e-7,0.000039140570152085274,0.000009756290637596976,0.00002170075458707288,0.00002829818186000921,0.00003506043867673725,0.00006887510244268924,0.00005808458081446588,0.0000986582599580288],[8.046592370192229e-8,0.000036368361179484054,0.0000033100582186307292,0.000014791138710279483,0.00001161344516731333,0.00001714436621114146,0.000024982036848086864,0.000024746806957409717,0.000051002523832721636,0.000037406447518151253,0.00006771333573851734],[7.875867140683113e-7,0.0000329496142512653,0.0000032471625672769733,0.000015248891941155307,0.0000029411066861939617,0.000014018334695720114,0.000002775108441710472,0.000012925494957016781,0.000002535983639972983,0.000011910539797099773,0.0000024215983103204053],[3.1399696354128537e-7,0.000028771968572982587,0.0000014915068504706142,0.000012575592336361296,0.00000136895005198312,0.000012575592336361296,0.00000136895005198312,0.000012575592336361296,0.00000136895005198312,0.000012575592336361296,0.0000013689748357137432],[4.944319584865298e-7,0.000023416110707330517,0.0000014947440831747372,0.000024438000764348544,0.000001687017061158258,0.000026085357603733428,0.000002731809445322142,0.000010201232726103626,0.0000027465478069643723,0.000010201232726103626,0.000002746552809185232],[1.0162421659742904e-7,0.00002762127769528888,4.844895897804236e-7,0.000011528918548719957,7.712970386819507e-7,0.000011528918548719957,7.712970386819507e-7,0.000011528918548719957,7.712970386819507e-7,0.000011528918548719957,7.712570209150726e-7],[1.942964189538543e-7,0.000026061798052978702,3.1756863450027595e-7,0.00002628825131978374,5.319204205989081e-7,0.000026721872927737422,8.67299604578875e-7,0.00002715895425353665,0.0000012344278275122633,0.000027716783733922057,0.0000017083368675230304],[2.730861581312638e-7,0.00002272164601890836,8.264965458693041e-7,0.000022888889361638576,9.462144703320519e-7,0.000023230970327858813,0.000001197879441861005,0.000023587415853398852,4.794910068994795e-7,0.000024104250769596547,7.521363727391872e-7],[3.004693951424997e-7,0.000023580856577609666,3.004693951424997e-7,