{"training_accuracies":[],"attacked_training_accuracies":[],"kl_over_time":[],"validation_accuracy":[0.4165799915790558,0.4196888506412506],"attacked_validation_accuracy":[0.3150259256362915,0.3419688642024994],"validation_kl_over_time":[[3.7207454894883085e-9,0.00005311483982950449,0.00022587743296753615,0.0005235731950961053,0.0009515784913673997,0.001516752759926021,0.002226991346105933,0.0030921013094484806,0.004121268168091774,0.005325235892087221,0.006718098185956478],[3.4449838537398136e-9,0.00005239410893409513,0.0002226637298008427,0.0005158049170859158,0.0009370758198201656,0.001493081683292985,0.0021913270466029644,0.0030400382820516825,0.004051221534609795,0.005235604010522366,0.006601209286600351]],"model_parameters":{"desired_samples":16000,"window_size_samples":480,"window_stride_samples":160,"spectrogram_length":98,"fingerprint_width":40,"fingerprint_size":3920,"label_count":4,"sample_rate":16000,"preprocess":"mfcc","average_window_width":-1,"in_repeat":1,"data_url":"https:\/\/storage.googleapis.com\/download.tensorflow.org\/data\/speech_commands_v0.02.tar.gz","data_dir":"tmp\/speech_dataset\/","background_volume":0.1,"background_frequency":0.8,"silence_percentage":10.0,"unknown_percentage":10.0,"time_shift_ms":100.0,"seed":3,"testing_percentage":10,"validation_percentage":10,"clip_duration_ms":1000,"window_size_ms":30.0,"window_stride_ms":10.0,"feature_bin_count":40,"how_many_training_steps":"2","eval_step_interval":1,"learning_rate":"0.001","batch_size":5,"summaries_dir":"results\/retrain_logs","wanted_words":"yes,no","train_dir":"results\/speech_commands_train","save_step_interval":1000,"start_checkpoint":"","model_architecture":"lsnn","check_nans":false,"quantize":false,"n_hidden":64,"n_layer":1,"dropout_prob":0.0,"print_every":10,"reg":0.001,"n_lif_frac":0.0,"beta":2.0,"tau_adaptation":98,"comment":"","n_thr_spikes":-1,"dampening_factor":0.3,"dt":1.0,"thr":0.01,"thr_min":0.005,"tau":20.0,"refr":2,"n_delay":0,"random_eprop":false,"eprop":false,"avg_spikes":true,"beta_lipschitzness":0.0,"num_attack_steps":10,"minimum_attack_epsilon":0.01,"mean_attack_epsilon":0.01,"relative_epsilon":false,"initial_std":0.001,"relative_initial_std":false,"session_id":73736742,"verbosity":20,"optimizer":"adam","start_time":1604223135119}}