{"training_accuracies":[0.75],"attacked_training_accuracies":[0.14000000059604645],"kl_over_time":[[2.5009580895130057e-7,0.054394979029893875,0.3735940456390381,0.8260897397994995,1.3993254899978638,2.1019492149353027,2.680509090423584,3.1970133781433105,3.7359461784362793,4.087518215179443,4.49246883392334]],"validation_accuracy":[0.7090004086494446],"attacked_validation_accuracy":[0.14911115169525146],"validation_kl_over_time":[[1.6443099326579613e-8,0.15184786915779114,0.6197764277458191,1.2282023429870605,1.8540853261947632,2.483473539352417,3.0976080894470215,3.6804513931274414,4.231358051300049,4.7467732429504395,5.241898059844971]],"model_parameters":{"desired_samples":16000,"window_size_samples":480,"window_stride_samples":160,"spectrogram_length":98,"fingerprint_width":40,"fingerprint_size":3920,"label_count":12,"sample_rate":16000,"preprocess":"mfcc","average_window_width":-1,"in_repeat":1,"data_url":"https:\/\/storage.googleapis.com\/download.tensorflow.org\/data\/speech_commands_v0.02.tar.gz","data_dir":"tmp\/speech_dataset\/","background_volume":0.1,"background_frequency":0.8,"silence_percentage":10.0,"unknown_percentage":10.0,"time_shift_ms":100.0,"seed":42,"testing_percentage":10,"validation_percentage":10,"clip_duration_ms":1000,"window_size_ms":30.0,"window_stride_ms":10.0,"feature_bin_count":40,"n_epochs":"8,2","eval_step_interval":15,"learning_rate":"0.001,0.0001","batch_size":100,"summaries_dir":"results\/retrain_logs","wanted_words":"yes,no,up,down,left,right,on,off,stop,go","train_dir":"results\/speech_commands_train","save_step_interval":1000,"start_checkpoint":"","model_architecture":"cnn","check_nans":false,"quantize":false,"n_hidden":2048,"n_layer":1,"dropout_prob":0.0,"print_every":10,"reg":0.001,"n_lif_frac":0.0,"beta":2.0,"tau_adaptation":98.0,"comment":"","n_thr_spikes":-1,"dampening_factor":0.3,"dt":1.0,"Kernels":[[64,1,4,4],[64,64,4,4]],"Dense":[[1600,256],[256,64],[64,10]],"thr":0.01,"thr_min":0.005,"tau":20.0,"refr":2,"n_delay":0,"random_eprop":false,"eprop":false,"avg_spikes":true,"beta_lipschitzness":0.0,"num_attack_steps":10,"attack_epsilon":0.005,"relative_epsilon":false,"initial_std":0.0001,"relative_initial_std":false,"session_id":7484657513,"db":"cnn","verbosity":20,"optimizer":"adam","start_time":1605560766745}}