{"training_accuracies":[0.800000011920929],"attacked_training_accuracies":[0.0],"kl_over_time":[[-2.902531903714589e-8,0.0000494192645419389,0.00020125780429225415,0.00044966136920265853,0.0007922034710645676,0.0012332698097452521,0.0017688617808744311,0.002387229586020112,0.0031129384879022837,0.003942308947443962,0.004873006138950586]],"validation_accuracy":[0.5336786508560181,0.599999725818634,0.4911915957927704,0.4683936536312103,0.5119170546531677,0.5720207095146179,0.6113988161087036,0.5834195613861084,0.596890926361084,0.6093263030052185,0.6321241855621338,0.6445592641830444],"attacked_validation_accuracy":[0.36787542700767517,0.3927459120750427,0.3709842562675476,0.3813469707965851,0.37098434567451477,0.39792728424072266,0.37927448749542236,0.3502589464187622,0.38756468892097473,0.3927460312843323,0.3533678352832794,0.38756459951400757],"validation_kl_over_time":[[4.7608765818552e-9,0.000058321758842794225,0.00024449676857329905,0.0005619561998173594,0.0010138561483472586,0.001603272627107799,0.002335578901693225,0.003215935779735446,0.004250132478773594,0.005445234477519989,0.006808761972934008],[1.7721474288023842e-9,0.00005855287236045115,0.00024590478278696537,0.000565876835025847,0.001021413248963654,0.0016162467654794455,0.002355435863137245,0.003244577208533883,0.004288959316909313,0.005494961980730295,0.006871277932077646],[2.7168214344897024e-9,0.00005971829159534536,0.00024878495605662465,0.0005702810594812036,0.001027319231070578,0.0016233196947723627,0.002364047337323427,0.0032541551627218723,0.004299459513276815,0.005507242400199175,0.006884731352329254],[1.0829469543338632e-9,0.00005877429066458717,0.0002447686274535954,0.0005613555549643934,0.0010106811532750726,0.0015966277569532394,0.00232447381131351,0.003197642508894205,0.004223871510475874,0.0054074679501354694,0.006755533162504435],[3.9684078245727505e-9,0.00005952562059974298,0.0002478398091625422,0.0005672652623616159,0.0010197091614827514,0.001609859406016767,0.0023412578739225864,0.003219309262931347,0.004247527103871107,0.0054350183345377445,0.006785494275391102],[1.053304110598674e-9,0.000058929108490701765,0.00024608461535535753,0.0005647354992106557,0.0010169518645852804,0.001606895704753697,0.0023382927756756544,0.0032161674462258816,0.004247122909873724,0.005436877720057964,0.006789095234125853],[2.3500812407206695e-9,0.00005793729724246077,0.0002433934569125995,0.000559945241548121,0.0010100932558998466,0.0015962576726451516,0.0023223792668431997,0.0031933272257447243,0.004214571323245764,0.0053911954164505005,0.006731044035404921],[2.538917742711533e-9,0.00005922447599004954,0.0002474041248206049,0.0005678811576217413,0.001023103715851903,0.0016148090362548828,0.002348237903788686,0.003226795932278037,0.004256366286426783,0.005444157402962446,0.006795952562242746],[4.451905510904908e-9,0.00005846201383974403,0.000244031980400905,0.0005605370388366282,0.0010098611237481236,0.0015947801293805242,0.002317795529961586,0.0031852880492806435,0.00419914536178112,0.0053699021227657795,0.00670135160908103],[4.2502796837595724e-9,0.000058778237871592864,0.00024364514683838934,0.0005574885290116072,0.001001623342745006,0.0015780163230374455,0.0022894444409757853,0.0031406674534082413,0.004135062452405691,0.005279267206788063,0.006575430743396282],[3.354457156490298e-9,0.00005851802779943682,0.00024542681057937443,0.0005645113997161388,0.001016880152747035,0.0016069611301645637,0.0023356794845312834,0.003209510585293174,0.004232204053550959,0.005408264230936766,0.006742161698639393],[4.775707829196563e-9,0.00006067624417482875,0.0002522972645238042,0.0005793354357592762,0.0010432297131046653,0.001647497876547277,0.002394204493612051,0.003289316315203905,0.00433496106415987,0.005538241006433964,0.00690537178888917]],"model_parameters":{"desired_samples":16000,"window_size_samples":480,"window_stride_samples":160,"spectrogram_length":98,"fingerprint_width":40,"fingerprint_size":3920,"label_count":4,"sample_rate":16000,"preprocess":"mfcc","average_window_width":-1,"in_repeat":1,"data_url":"https:\/\/storage.googleapis.com\/download.tensorflow.org\/data\/speech_commands_v0.02.tar.gz","data_dir":"\/cluster\/scratch\/faberf\/speech_dataset","background_volume":0.1,"background_frequency":0.8,"silence_percentage":10.0,"unknown_percentage":10.0,"time_shift_ms":100.0,"seed":0,"testing_percentage":10,"validation_percentage":10,"clip_duration_ms":1000,"window_size_ms":30.0,"window_stride_ms":10.0,"feature_bin_count":40,"n_epochs":"1","eval_step_interval":1,"learning_rate":"0.001","batch_size":5,"summaries_dir":"results\/retrain_logs","wanted_words":"yes,no","train_dir":"results\/speech_commands_train","save_step_interval":1000,"start_checkpoint":"","model_architecture":"lsnn","check_nans":false,"quantize":false,"n_hidden":64,"n_layer":1,"dropout_prob":0.0,"print_every":10,"reg":0.001,"n_lif_frac":0.0,"beta":2.0,"tau_adaptation":98,"comment":"","n_thr_spikes":-1,"dampening_factor":0.3,"dt":1.0,"thr":0.01,"thr_min":0.005,"tau":20.0,"refr":2,"n_delay":0,"random_eprop":false,"eprop":false,"avg_spikes":true,"beta_lipschitzness":1.0,"num_attack_steps":10,"attack_epsilon":0.01,"relative_epsilon":false,"initial_std":0.001,"relative_initial_std":false,"session_id":7952529821,"db":"fynn","verbosity":20,"optimizer":"adam","start_time":1604253996559}}