{"training_accuracies":[],"attacked_training_accuracies":[],"kl_over_time":[],"validation_accuracy":[0.4207252264022827,0.4207252264022827,0.42176148295402527,0.4404143691062927],"attacked_validation_accuracy":[0.317098468542099,0.3709842264652252,0.34922274947166443,0.3906734585762024],"validation_kl_over_time":[[6.656193374254826e-9,0.0001950521836988628,0.0008329368429258466,0.0019318185513839126,0.003508721012622118,0.005586622748523951,0.00819894578307867,0.011376331560313702,0.01516593899577856,0.01960587687790394,0.024746546521782875],[5.7148130672146635e-9,0.00019181713287252933,0.0008274067658931017,0.0019287940813228488,0.0035141187254339457,0.005610153544694185,0.008247015066444874,0.011463168077170849,0.015298851765692234,0.019792815670371056,0.0250039491802454],[7.8894313304545e-9,0.0001924512325786054,0.0008209162624552846,0.0019040461629629135,0.003460589097812772,0.005510067567229271,0.008085433393716812,0.011220147833228111,0.014950638636946678,0.019323095679283142,0.024388639256358147],[1.0129204142117487e-8,0.00019384268671274185,0.0008304105140268803,0.0019281497225165367,0.0035055798944085836,0.005583195015788078,0.008195183239877224,0.011373146437108517,0.015154500491917133,0.019592296332120895,0.024724459275603294]],"model_parameters":{"desired_samples":16000,"window_size_samples":480,"window_stride_samples":160,"spectrogram_length":98,"fingerprint_width":40,"fingerprint_size":3920,"label_count":4,"sample_rate":16000,"preprocess":"mfcc","average_window_width":-1,"in_repeat":1,"data_url":"https:\/\/storage.googleapis.com\/download.tensorflow.org\/data\/speech_commands_v0.02.tar.gz","data_dir":"\/cluster\/scratch\/faberf\/speech_dataset","background_volume":0.1,"background_frequency":0.8,"silence_percentage":10.0,"unknown_percentage":10.0,"time_shift_ms":100.0,"seed":0,"testing_percentage":10,"validation_percentage":10,"clip_duration_ms":1000,"window_size_ms":30.0,"window_stride_ms":10.0,"feature_bin_count":40,"n_epochs":"1","eval_step_interval":1,"learning_rate":"0.001","batch_size":5,"summaries_dir":"results\/retrain_logs","wanted_words":"yes,no","train_dir":"results\/speech_commands_train","save_step_interval":1000,"start_checkpoint":"","model_architecture":"lsnn","check_nans":false,"quantize":false,"n_hidden":128,"n_layer":1,"dropout_prob":0.0,"print_every":10,"reg":0.001,"n_lif_frac":0.0,"beta":2.0,"tau_adaptation":98,"comment":"","n_thr_spikes":-1,"dampening_factor":0.3,"dt":1.0,"thr":0.01,"thr_min":0.005,"tau":20.0,"refr":2,"n_delay":0,"random_eprop":false,"eprop":false,"avg_spikes":true,"beta_lipschitzness":0.001,"num_attack_steps":10,"attack_epsilon":0.01,"relative_epsilon":false,"initial_std":0.001,"relative_initial_std":false,"session_id":8276726622,"db":"fynn","verbosity":20,"optimizer":"adam","start_time":1604256332299}}