{"training_accuracies":[],"attacked_training_accuracies":[],"kl_over_time":[],"validation_accuracy":[0.4207252264022827,0.4207252264022827,0.42176148295402527,0.4404143691062927],"attacked_validation_accuracy":[0.31813469529151917,0.36994796991348267,0.33471494913101196,0.3419688045978546],"validation_kl_over_time":[[6.953591036307216e-9,0.0001947056589415297,0.0008315701270475984,0.0019294694066047668,0.003505751956254244,0.005583235528320074,0.008195561356842518,0.011372675187885761,0.015161889605224133,0.01960010640323162,0.024742744863033295],[5.905621325297261e-9,0.0001912592415465042,0.0008241779869422317,0.0019222948467358947,0.003502894891425967,0.005594778340309858,0.008226626552641392,0.011438781395554543,0.01526583917438984,0.019757404923439026,0.024960102513432503],[8.72976269050696e-9,0.00019958888879045844,0.0008480907999910414,0.0019614973571151495,0.0035579840186983347,0.005662756040692329,0.008301044814288616,0.01151295006275177,0.015338355675339699,0.019814273342490196,0.024992285296320915],[7.881221897321211e-9,0.00019132164015900344,0.0008247922523878515,0.0019220708636566997,0.0035027035046368837,0.005590904504060745,0.008217735216021538,0.01141608227044344,0.015227983705699444,0.01970076933503151,0.02488326095044613]],"model_parameters":{"desired_samples":16000,"window_size_samples":480,"window_stride_samples":160,"spectrogram_length":98,"fingerprint_width":40,"fingerprint_size":3920,"label_count":4,"sample_rate":16000,"preprocess":"mfcc","average_window_width":-1,"in_repeat":1,"data_url":"https:\/\/storage.googleapis.com\/download.tensorflow.org\/data\/speech_commands_v0.02.tar.gz","data_dir":"\/cluster\/scratch\/faberf\/speech_dataset","background_volume":0.1,"background_frequency":0.8,"silence_percentage":10.0,"unknown_percentage":10.0,"time_shift_ms":100.0,"seed":0,"testing_percentage":10,"validation_percentage":10,"clip_duration_ms":1000,"window_size_ms":30.0,"window_stride_ms":10.0,"feature_bin_count":40,"n_epochs":"1","eval_step_interval":1,"learning_rate":"0.001","batch_size":5,"summaries_dir":"results\/retrain_logs","wanted_words":"yes,no","train_dir":"results\/speech_commands_train","save_step_interval":1000,"start_checkpoint":"","model_architecture":"lsnn","check_nans":false,"quantize":false,"n_hidden":128,"n_layer":1,"dropout_prob":0.0,"print_every":10,"reg":0.001,"n_lif_frac":0.0,"beta":2.0,"tau_adaptation":98,"comment":"","n_thr_spikes":-1,"dampening_factor":0.3,"dt":1.0,"thr":0.01,"thr_min":0.005,"tau":20.0,"refr":2,"n_delay":0,"random_eprop":false,"eprop":false,"avg_spikes":true,"beta_lipschitzness":0.0,"num_attack_steps":10,"attack_epsilon":0.01,"relative_epsilon":false,"initial_std":0.001,"relative_initial_std":false,"session_id":8816981643,"db":"fynn","verbosity":20,"optimizer":"adam","start_time":1604255222052}}