{"training_accuracies":[],"attacked_training_accuracies":[],"kl_over_time":[],"validation_accuracy":[0.09119170904159546,0.41865283250808716],"attacked_validation_accuracy":[0.264248788356781,0.32849740982055664],"validation_kl_over_time":[[2.5554329763366468e-9,0.00005062676427769475,0.0002130775392288342,0.0004909296985715628,0.0008865498239174485,0.0014043073169887066,0.002048381371423602,0.0028257283847779036,0.003742220113053918,0.004802737385034561,0.006015515886247158],[4.053699154127344e-9,0.0000491678474645596,0.0002081868442473933,0.00048123381566256285,0.0008713910356163979,0.001382565824314952,0.002018711529672146,0.0027874037623405457,0.0036944523453712463,0.004747239872813225,0.0059481458738446236]],"model_parameters":{"desired_samples":16000,"window_size_samples":480,"window_stride_samples":160,"spectrogram_length":98,"fingerprint_width":40,"fingerprint_size":3920,"label_count":4,"sample_rate":16000,"preprocess":"mfcc","average_window_width":-1,"in_repeat":1,"data_url":"https:\/\/storage.googleapis.com\/download.tensorflow.org\/data\/speech_commands_v0.02.tar.gz","data_dir":"tmp\/speech_dataset\/","background_volume":0.1,"background_frequency":0.8,"silence_percentage":10.0,"unknown_percentage":10.0,"time_shift_ms":100.0,"seed":9,"testing_percentage":10,"validation_percentage":10,"clip_duration_ms":1000,"window_size_ms":30.0,"window_stride_ms":10.0,"feature_bin_count":40,"how_many_training_steps":"2","eval_step_interval":1,"learning_rate":"0.001","batch_size":5,"summaries_dir":"results\/retrain_logs","wanted_words":"yes,no","train_dir":"results\/speech_commands_train","save_step_interval":1000,"start_checkpoint":"","model_architecture":"lsnn","check_nans":false,"quantize":false,"n_hidden":64,"n_layer":1,"dropout_prob":0.0,"print_every":10,"reg":0.001,"n_lif_frac":0.0,"beta":2.0,"tau_adaptation":98,"comment":"","n_thr_spikes":-1,"dampening_factor":0.3,"dt":1.0,"thr":0.01,"thr_min":0.005,"tau":20.0,"refr":2,"n_delay":0,"random_eprop":false,"eprop":false,"avg_spikes":true,"beta_lipschitzness":0.01,"num_attack_steps":10,"minimum_attack_epsilon":0.01,"mean_attack_epsilon":0.01,"relative_epsilon":false,"initial_std":0.001,"relative_initial_std":false,"session_id":9770821790,"verbosity":20,"optimizer":"adam","start_time":1604223745988}}