{"training_accuracies":[0.800000011920929],"attacked_training_accuracies":[0.0],"kl_over_time":[[4.0978340720698725e-9,0.00003644875323516317,0.00014505660510621965,0.0003249422588851303,0.0005777701735496521,0.0008991421200335026,0.001297012553550303,0.0017669001827016473,0.00231499713845551,0.0029521510004997253,0.0036694288719445467]],"validation_accuracy":[0.5253884792327881,0.5844557881355286,0.48186519742012024,0.46424853801727295,0.5036268830299377,0.5554404258728027,0.6020722985267639,0.565803050994873,0.5813469886779785,0.6051811575889587,0.6217614412307739,0.640414297580719],"attacked_validation_accuracy":[0.3948185443878174,0.3761656582355499,0.3772019147872925,0.36269423365592957,0.35958531498908997,0.36373040080070496,0.3699481785297394,0.37202057242393494,0.3575129210948944,0.3440413773059845,0.3792744576931,0.3854919970035553],"validation_kl_over_time":[[3.1662226174233865e-9,0.00005776157559012063,0.00024330422456841916,0.000560878193937242,0.001013619010336697,0.0016047395765781403,0.0023401861544698477,0.003224446438252926,0.0042626503854990005,0.005462144501507282,0.006832645740360022],[2.2033608271243565e-9,0.000059108762798132375,0.0002466658770572394,0.0005665427888743579,0.0010211558546870947,0.001614704029634595,0.002351318718865514,0.0032363373320549726,0.004277365282177925,0.005477990955114365,0.006847748067229986],[1.6974204264386117e-9,0.0000587274698773399,0.0002470307517796755,0.0005683688796125352,0.0010255513479933143,0.001622128882445395,0.0023638405837118626,0.003255056217312813,0.004302097484469414,0.005512377247214317,0.006891909521073103],[2.9290447844942946e-9,0.000057745179219637066,0.0002432371402392164,0.000560169224627316,0.0010113579919561744,0.0016000360483303666,0.002331090858206153,0.003209733171388507,0.004240407608449459,0.005429866258054972,0.006785615812987089],[2.5845812157143655e-9,0.000060538066463777795,0.00025229903985746205,0.0005779396160505712,0.0010399342281743884,0.0016428441740572453,0.002391369780525565,0.0032900189980864525,0.004343672189861536,0.005561507306993008,0.006947318557649851],[2.60407118091166e-9,0.000059621332184178755,0.00024894077796489,0.0005715148872695863,0.001030102139338851,0.001628284459002316,0.0023704273626208305,0.003262682817876339,0.004308647010475397,0.005517692305147648,0.006895013619214296],[1.409376726435596e-9,0.00005892797344131395,0.00024608621606603265,0.0005646462086588144,0.0010172352194786072,0.0016066187527030706,0.002337256446480751,0.003213389776647091,0.004241392947733402,0.005424458533525467,0.006773403845727444],[3.574150975182988e-9,0.00005830839290865697,0.00024489627685397863,0.0005634857225231826,0.0010164770064875484,0.0016070849960669875,0.0023395256139338017,0.0032189073972404003,0.004249446094036102,0.005438727326691151,0.006792963948100805],[2.7766953181185272e-9,0.00005936475281487219,0.00024713834864087403,0.0005667136865667999,0.001019690535031259,0.0016108949203044176,0.0023432783782482147,0.0032226149924099445,0.004252677317708731,0.0054403068497776985,0.006792373489588499],[2.0138184453344365e-9,0.000059341055020922795,0.0002484946162439883,0.0005707907839678228,0.0010280258720740676,0.0016226590378209949,0.0023597232066094875,0.003242657519876957,0.004276053514331579,0.005465262103825808,0.006819859147071838],[4.397882058526648e-9,0.00006095862408983521,0.0002541536814533174,0.0005822484381496906,0.001046889228746295,0.0016511896392330527,0.002398619195446372,0.0032916180789470673,0.004336073063313961,0.0055394661612808704,0.006907152943313122],[3.713351404144305e-9,0.0000607623987889383,0.000254125043284148,0.0005828957655467093,0.0010500987991690636,0.0016576575580984354,0.0024082385934889317,0.0033080654684454203,0.0043580071069300175,0.005567092448472977,0.006938321515917778]],"model_parameters":{"desired_samples":16000,"window_size_samples":480,"window_stride_samples":160,"spectrogram_length":98,"fingerprint_width":40,"fingerprint_size":3920,"label_count":4,"sample_rate":16000,"preprocess":"mfcc","average_window_width":-1,"in_repeat":1,"data_url":"https:\/\/storage.googleapis.com\/download.tensorflow.org\/data\/speech_commands_v0.02.tar.gz","data_dir":"\/cluster\/scratch\/faberf\/speech_dataset","background_volume":0.1,"background_frequency":0.8,"silence_percentage":10.0,"unknown_percentage":10.0,"time_shift_ms":100.0,"seed":0,"testing_percentage":10,"validation_percentage":10,"clip_duration_ms":1000,"window_size_ms":30.0,"window_stride_ms":10.0,"feature_bin_count":40,"n_epochs":"1","eval_step_interval":1,"learning_rate":"0.001","batch_size":5,"summaries_dir":"results\/retrain_logs","wanted_words":"yes,no","train_dir":"results\/speech_commands_train","save_step_interval":1000,"start_checkpoint":"","model_architecture":"lsnn","check_nans":false,"quantize":false,"n_hidden":64,"n_layer":1,"dropout_prob":0.0,"print_every":10,"reg":0.001,"n_lif_frac":0.0,"beta":2.0,"tau_adaptation":98,"comment":"","n_thr_spikes":-1,"dampening_factor":0.3,"dt":1.0,"thr":0.01,"thr_min":0.005,"tau":20.0,"refr":2,"n_delay":0,"random_eprop":false,"eprop":false,"avg_spikes":true,"beta_lipschitzness":0.001,"num_attack_steps":10,"attack_epsilon":0.01,"relative_epsilon":false,"initial_std":0.001,"relative_initial_std":false,"session_id":9844294677,"db":"fynn","verbosity":20,"optimizer":"adam","start_time":1604252790357}}