{"training_accuracies":[0.800000011920929],"attacked_training_accuracies":[0.0],"kl_over_time":[[-2.0892853669352007e-8,0.00004326892667450011,0.00018602020281832665,0.00042655933066271245,0.0007688109180890024,0.0012044814648106694,0.001736084814183414,0.0023751172702759504,0.0031029649544507265,0.003930648323148489,0.004876050166785717]],"validation_accuracy":[0.534714937210083,0.599999725818634,0.4922278821468353,0.46839362382888794,0.5119170546531677,0.5699480772018433,0.6041448712348938,0.5792744755744934,0.5937820672988892,0.6093263030052185,0.627979040145874,0.644559383392334],"attacked_validation_accuracy":[0.4176163971424103,0.35958537459373474,0.38549211621284485,0.38756465911865234,0.3886009752750397,0.3823833763599396,0.3606216013431549,0.341968834400177,0.3823833465576172,0.3585492968559265,0.3834194540977478,0.39999985694885254],"validation_kl_over_time":[[2.5097675049323698e-9,0.000058098070439882576,0.0002448646991979331,0.0005645416676998138,0.0010196466464549303,0.001613450818695128,0.002353170420974493,0.003241283353418112,0.004285118542611599,0.00549142574891448,0.006868979427963495],[2.6009123743619966e-9,0.00006011374352965504,0.0002501239941921085,0.0005735503509640694,0.001032853266224265,0.0016318965936079621,0.002375601325184107,0.0032679967116564512,0.004317443817853928,0.005530225113034248,0.006909999065101147],[9.037929848965121e-10,0.00005834738476551138,0.0002438606898067519,0.0005599979776889086,0.0010093703167513013,0.0015961870085448027,0.0023252388928085566,0.00320093659684062,0.0042276098392903805,0.0054136645048856735,0.006767096929252148],[4.348325588487967e-10,0.00005909827450523153,0.00024736596969887614,0.000568138959351927,0.0010240934789180756,0.0016188559820875525,0.00235744914971292,0.0032453264575451612,0.00428709015250206,0.005489603616297245,0.006858288776129484],[2.3678572436125478e-9,0.00005823098399559967,0.0002445130667183548,0.0005633577820844948,0.001016926602460444,0.0016100542852655053,0.0023463841062039137,0.003232479328289628,0.004272043239325285,0.0054723117500543594,0.006840274203568697],[3.3366733820372474e-9,0.000057564477174310014,0.0002418941439827904,0.0005559272831305861,0.0010027523385360837,0.0015853563090786338,0.0023070708848536015,0.0031738083343952894,0.004192422144114971,0.005365236662328243,0.0067009818740189075],[7.6917655578157e-10,0.000059868358221137896,0.0002493071951903403,0.0005716385203413665,0.001029861276037991,0.0016266992315649986,0.0023666173219680786,0.0032542019616812468,0.004296246450394392,0.005496631842106581,0.006864195689558983],[3.2800784310893505e-9,0.000058738096413435414,0.00024434211081825197,0.0005604292964562774,0.0010089154820889235,0.001593159162439406,0.0023164949379861355,0.003183273831382394,0.004201958421617746,0.005376698449254036,0.006711255293339491],[1.931667270582693e-9,0.00005964966112514958,0.00025029026437550783,0.000575839716475457,0.0010388143127784133,0.0016415672143921256,0.0023888228461146355,0.003284602193161845,0.004335342440754175,0.005544907879084349,0.006921305786818266],[2.438863555553894e-9,0.000060118214605608955,0.00024994579143822193,0.0005730284610763192,0.0010305213509127498,0.0016251957276836038,0.0023599970154464245,0.0032389864791184664,0.004267435520887375,0.005448511335998774,0.006789606064558029],[4.921577367866803e-9,0.00005990826684865169,0.00025014541461132467,0.0005741436034440994,0.0010349059011787176,0.0016345565672963858,0.002377006458118558,0.003267380641773343,0.004308511037379503,0.005507803987711668,0.006870208773761988],[3.272455861846879e-9,0.00006144465442048386,0.00025650771567597985,0.0005886350991204381,0.0010591219179332256,0.0016706364694982767,0.002426469000056386,0.0033303089439868927,0.004387851804494858,0.005601141601800919,0.006976424250751734]],"model_parameters":{"desired_samples":16000,"window_size_samples":480,"window_stride_samples":160,"spectrogram_length":98,"fingerprint_width":40,"fingerprint_size":3920,"label_count":4,"sample_rate":16000,"preprocess":"mfcc","average_window_width":-1,"in_repeat":1,"data_url":"https:\/\/storage.googleapis.com\/download.tensorflow.org\/data\/speech_commands_v0.02.tar.gz","data_dir":"\/cluster\/scratch\/faberf\/speech_dataset","background_volume":0.1,"background_frequency":0.8,"silence_percentage":10.0,"unknown_percentage":10.0,"time_shift_ms":100.0,"seed":0,"testing_percentage":10,"validation_percentage":10,"clip_duration_ms":1000,"window_size_ms":30.0,"window_stride_ms":10.0,"feature_bin_count":40,"n_epochs":"1","eval_step_interval":1,"learning_rate":"0.001","batch_size":5,"summaries_dir":"results\/retrain_logs","wanted_words":"yes,no","train_dir":"results\/speech_commands_train","save_step_interval":1000,"start_checkpoint":"","model_architecture":"lsnn","check_nans":false,"quantize":false,"n_hidden":64,"n_layer":1,"dropout_prob":0.0,"print_every":10,"reg":0.001,"n_lif_frac":0.0,"beta":2.0,"tau_adaptation":98,"comment":"","n_thr_spikes":-1,"dampening_factor":0.3,"dt":1.0,"thr":0.01,"thr_min":0.005,"tau":20.0,"refr":2,"n_delay":0,"random_eprop":false,"eprop":false,"avg_spikes":true,"beta_lipschitzness":0.1,"num_attack_steps":10,"attack_epsilon":0.01,"relative_epsilon":false,"initial_std":0.001,"relative_initial_std":false,"session_id":9912623502,"db":"fynn","verbosity":20,"optimizer":"adam","start_time":1604253965705}}