{"training_accuracies":[0.4300000071525574,0.4399999976158142],"attacked_training_accuracies":[0.4300000071525574,0.09000000357627869],"kl_over_time":[[1.692991169477409e-8,0.007986379787325859,0.03310156613588333,0.0823466032743454,0.1665060967206955,0.2985619604587555,0.49579015374183655,0.773686945438385,1.1845099925994873,1.8137571811676025,2.611872911453247],[2.729715120608489e-8,0.004315233323723078,0.019929051399230957,0.051988694816827774,0.11200033128261566,0.21902243793010712,0.4010056257247925,0.6985870003700256,1.1684530973434448,1.876605749130249,2.883552074432373]],"validation_accuracy":[0.43021121621131897],"attacked_validation_accuracy":[0.2540454566478729],"validation_kl_over_time":[[2.1735797162136805e-8,0.009245774708688259,0.04162559285759926,0.1057300940155983,0.213688924908638,0.3799375593662262,0.6194730997085571,0.9480859637260437,1.3806257247924805,1.9347318410873413,2.630000114440918]],"model_parameters":{"desired_samples":16000,"window_size_samples":480,"window_stride_samples":160,"spectrogram_length":98,"fingerprint_width":40,"fingerprint_size":3920,"label_count":4,"sample_rate":16000,"preprocess":"mfcc","average_window_width":-1,"in_repeat":1,"data_url":"https:\/\/storage.googleapis.com\/download.tensorflow.org\/data\/speech_commands_v0.02.tar.gz","data_dir":"tmp\/speech_dataset\/","background_volume":0.1,"background_frequency":0.8,"silence_percentage":10.0,"unknown_percentage":10.0,"time_shift_ms":100.0,"seed":42,"testing_percentage":10,"validation_percentage":10,"clip_duration_ms":1000,"window_size_ms":30.0,"window_stride_ms":10.0,"feature_bin_count":40,"how_many_training_steps":"15000,3000","eval_step_interval":20,"learning_rate":"0.001,0.0001","batch_size":100,"summaries_dir":"results\/retrain_logs","wanted_words":"yes,no","train_dir":"results\/speech_commands_train","save_step_interval":1000,"start_checkpoint":"","model_architecture":"lsnn","check_nans":false,"quantize":false,"n_hidden":256,"n_layer":1,"dropout_prob":0.0,"print_every":10,"reg":0.001,"n_lif_frac":0.0,"beta":2.0,"tau_adaptation":98,"comment":"","n_thr_spikes":-1,"dampening_factor":0.3,"dt":1.0,"thr":0.01,"thr_min":0.005,"tau":20.0,"refr":2,"n_delay":0,"random_eprop":false,"eprop":false,"avg_spikes":true,"beta_tradeoff":1.0,"num_attack_steps":10,"minimum_attack_epsilon":0.05,"mean_attack_epsilon":0.05,"relative_epsilon":false,"initial_std":0.001,"relative_initial_std":false,"session_id":0,"verbosity":20,"optimizer":"adam","start_time":1604218978951}}