{"training_accuracies":[0.6000000238418579,0.6200000047683716,0.6399999856948853,0.5199999809265137,0.7300000190734863,0.7099999785423279,0.6899999976158142,0.6100000143051147,0.7699999809265137,0.7699999809265137],"attacked_training_accuracies":[0.47999998927116394,0.3799999952316284,0.38999998569488525,0.3799999952316284,0.4099999964237213,0.7400000095367432,0.6800000071525574,0.47999998927116394,0.46000000834465027,0.44999998807907104],"kl_over_time":[[3.864644781970128e-8,0.0004045850073453039,0.0017016713973134756,0.003949139732867479,0.007226195186376572,0.011647439561784267,0.01737191341817379,0.024560583755373955,0.03343655541539192,0.04426920413970947,0.05731101706624031],[1.0328067645559713e-7,0.0002531481150072068,0.00113126530777663,0.0026705781929194927,0.004934160970151424,0.008012264035642147,0.012032070197165012,0.017151538282632828,0.023561768233776093,0.03143126145005226,0.04096268489956856],[1.7315001343831682e-7,0.0002574536483734846,0.0011297942837700248,0.002623569220304489,0.004778256639838219,0.007708696648478508,0.011509413830935955,0.01637401059269905,0.02250286005437374,0.03015957772731781,0.039499733597040176],[2.908187752836966e-7,0.00036732168518938124,0.0016592430183663964,0.003761020489037037,0.006540239788591862,0.009854776784777641,0.01365356333553791,0.017869703471660614,0.022373808547854424,0.02721216529607773,0.032347943633794785],[4.305139214011433e-7,0.00035797475720755756,0.0015153056010603905,0.0035193543881177902,0.006388502195477486,0.010240500792860985,0.015163972973823547,0.02133241295814514,0.028859643265604973,0.03799659013748169,0.048814669251441956],[6.212667358340696e-7,0.00032905247644521296,0.00165487767662853,0.0038570761680603027,0.006808953825384378,0.010385019704699516,0.0145100187510252,0.01903444156050682,0.02390418015420437,0.029116613790392876,0.03457058593630791],[9.504938134341501e-7,0.0004301019653212279,0.0019129165448248386,0.004339329432696104,0.007552251219749451,0.011482656933367252,0.016027379781007767,0.02104874886572361,0.026506207883358,0.032342713326215744,0.038382913917303085],[0.0000019537642401701305,0.0005295094451867044,0.0026988470926880836,0.006875254213809967,0.013393770903348923,0.022266089916229248,0.03371842950582504,0.04796576872467995,0.06505848467350006,0.08510501682758331,0.10810502618551254],[0.0000017298947341259918,0.0005523929721675813,0.0033013492356985807,0.008366736583411694,0.015559322200715542,0.02496745064854622,0.03647354990243912,0.050793927162885666,0.0685645267367363,0.08893125504255295,0.11249706149101257],[0.0000037075753880344564,0.0012461190344765782,0.005287942010909319,0.012015609070658684,0.021944455802440643,0.03468067944049835,0.05071507394313812,0.07070242613554001,0.09388717263936996,0.12146010994911194,0.15155434608459473]],"validation_accuracy":[0.7744917869567871],"attacked_validation_accuracy":[0.48337987065315247],"validation_kl_over_time":[[0.0000033613116556807654,0.00126157165504992,0.006516490131616592,0.01601170189678669,0.029881175607442856,0.04763083904981613,0.07003585994243622,0.0972532406449318,0.12936878204345703,0.16603758931159973,0.20755815505981445]],"model_parameters":{"desired_samples":16000,"window_size_samples":480,"window_stride_samples":160,"spectrogram_length":98,"fingerprint_width":40,"fingerprint_size":3920,"label_count":4,"sample_rate":16000,"preprocess":"mfcc","average_window_width":-1,"in_repeat":1,"data_url":"https:\/\/storage.googleapis.com\/download.tensorflow.org\/data\/speech_commands_v0.02.tar.gz","data_dir":"tmp\/speech_dataset\/","background_volume":0.1,"background_frequency":0.8,"silence_percentage":10.0,"unknown_percentage":10.0,"time_shift_ms":100.0,"seed":0,"testing_percentage":10,"validation_percentage":10,"clip_duration_ms":1000,"window_size_ms":30.0,"window_stride_ms":10.0,"feature_bin_count":40,"how_many_training_steps":"8000,2000","eval_step_interval":100,"learning_rate":"0.001,0.0001","batch_size":100,"summaries_dir":"results\/retrain_logs","wanted_words":"yes,no","train_dir":"results\/speech_commands_train","save_step_interval":1000,"start_checkpoint":"","model_architecture":"lsnn","check_nans":false,"quantize":false,"n_hidden":256,"n_layer":1,"dropout_prob":0.2,"print_every":10,"reg":0.001,"n_lif_frac":0.0,"beta":2.0,"tau_adaptation":98,"comment":"","n_thr_spikes":-1,"dampening_factor":0.3,"dt":1.0,"thr":0.01,"thr_min":0.005,"tau":20.0,"refr":2,"n_delay":0,"random_eprop":false,"eprop":false,"avg_spikes":true,"lipschitzness_loss":"kl","beta_lipschitzness":0.0,"step_size_lipschitzness":0.1,"num_steps_lipschitzness":10,"epsilon_lipschitzness":0.01,"use_epsilon_ball":true,"verbosity":20,"optimizer":"adam"}}