{"training_accuracies":[0.6000000238418579],"attacked_training_accuracies":[0.33000001311302185],"kl_over_time":[[1.879166333651483e-8,0.00034698439412750304,0.0014636890264227986,0.003380443435162306,0.006148792337626219,0.009850574657320976,0.014571847394108772,0.020409928634762764,0.027556560933589935,0.03610619530081749,0.04629913717508316]],"validation_accuracy":[0.5821442604064941],"attacked_validation_accuracy":[0.445755273103714],"validation_kl_over_time":[[3.028528894333249e-8,0.00031523426878266037,0.0013907257234677672,0.003325086086988449,0.006214251276105642,0.010172390379011631,0.015333284623920918,0.02182261273264885,0.02981594204902649,0.039466265588998795,0.050952840596437454]]}