{"training_accuracies":[0.6000000238418579],"attacked_training_accuracies":[0.05999999865889549],"kl_over_time":[[2.5368903422418043e-8,0.00037996217724867165,0.001534564420580864,0.0034761144779622555,0.006239940878003836,0.009905449114739895,0.014545812271535397,0.020259885117411613,0.027236642315983772,0.03561975061893463,0.04556309059262276]],"validation_accuracy":[0.5821442604064941],"attacked_validation_accuracy":[0.1168593093752861],"validation_kl_over_time":[[4.5530704539942235e-8,0.0004079646023456007,0.0015656419564038515,0.0033948055934160948,0.0058241961523890495,0.00882573239505291,0.012370453216135502,0.016455143690109253,0.02108793519437313,0.02629316784441471,0.032113589346408844]]}