{"training_accuracies":[0.6000000238418579],"attacked_training_accuracies":[0.05999999865889549],"kl_over_time":[[2.5368903422418043e-8,0.00037996217724867165,0.001534564420580864,0.0034761144779622555,0.006239940878003836,0.009905449114739895,0.014545812271535397,0.020259885117411613,0.027236642315983772,0.03561975061893463,0.04556309059262276]],"validation_accuracy":[0.5105619430541992],"attacked_validation_accuracy":[0.12044639140367508],"validation_kl_over_time":[[1.5129907993127745e-8,0.0004500636423472315,0.0018577600130811334,0.004238511435687542,0.007629220839589834,0.012098405510187149,0.017730044201016426,0.024643514305353165,0.03297880291938782,0.04290993884205818,0.05458032339811325]]}