{"training_accuracies":[0.6000000238418579],"attacked_training_accuracies":[0.5400000214576721],"kl_over_time":[[2.5069093467777748e-8,0.00037659055669791996,0.001561652054078877,0.0036197698209434748,0.006636560894548893,0.010721766389906406,0.01602938212454319,0.02270776405930519,0.0309146735817194,0.04085454344749451,0.052746739238500595]],"validation_accuracy":[0.5821442604064941],"attacked_validation_accuracy":[0.5945795178413391],"validation_kl_over_time":[[2.472631877026288e-7,0.0004616540973074734,0.0018897369736805558,0.004414041992276907,0.00816126074641943,0.013273393735289574,0.019891615957021713,0.02817840874195099,0.038285158574581146,0.0503496453166008,0.06451557576656342]]}