{"training_accuracies":[0.44999998807907104,0.41999998688697815,0.6399999856948853,0.5600000023841858,0.6600000262260437,0.7099999785423279,0.7200000286102295,0.6600000262260437,0.6899999976158142,0.7699999809265137,0.7200000286102295,0.8199999928474426,0.7599999904632568,0.7300000190734863,0.7099999785423279,0.800000011920929,0.6899999976158142,0.7300000190734863,0.7200000286102295,0.800000011920929,0.7900000214576721,0.8100000023841858,0.8100000023841858,0.7099999785423279,0.7799999713897705,0.8799999952316284,0.800000011920929,0.7799999713897705,0.8100000023841858,0.7699999809265137,0.8399999737739563,0.8100000023841858,0.8700000047683716,0.8199999928474426,0.800000011920929,0.7599999904632568,0.8100000023841858,0.8799999952316284,0.8600000143051147,0.8399999737739563,0.8299999833106995,0.8199999928474426,0.8299999833106995,0.8199999928474426,0.7699999809265137,0.7699999809265137,0.8199999928474426,0.75,0.8100000023841858,0.8600000143051147,0.75,0.800000011920929,0.8899999856948853,0.8100000023841858,0.8799999952316284,0.8600000143051147,0.8100000023841858,0.7900000214576721,0.8999999761581421,0.800000011920929,0.7799999713897705,0.8299999833106995,0.8199999928474426,0.8700000047683716,0.8500000238418579,0.8399999737739563,0.7799999713897705,0.8199999928474426,0.8999999761581421,0.800000011920929,0.8199999928474426,0.8199999928474426,0.8199999928474426,0.8700000047683716,0.800000011920929],"attacked_training_accuracies":[0.03999999910593033,0.3199999928474426,0.6399999856948853,0.5699999928474426,0.6499999761581421,0.6899999976158142,0.6899999976158142,0.6399999856948853,0.6899999976158142,0.7599999904632568,0.7300000190734863,0.8100000023841858,0.7400000095367432,0.7300000190734863,0.7099999785423279,0.800000011920929,0.699999988079071,0.7300000190734863,0.7300000190734863,0.800000011920929,0.7699999809265137,0.7900000214576721,0.7799999713897705,0.7099999785423279,0.7699999809265137,0.8399999737739563,0.7799999713897705,0.7599999904632568,0.7699999809265137,0.7799999713897705,0.8700000047683716,0.800000011920929,0.8199999928474426,0.7400000095367432,0.8100000023841858,0.7699999809265137,0.7799999713897705,0.8399999737739563,0.8100000023841858,0.8299999833106995,0.8299999833106995,0.8100000023841858,0.8100000023841858,0.8399999737739563,0.7599999904632568,0.7799999713897705,0.7900000214576721,0.7200000286102295,0.7699999809265137,0.4699999988079071,0.7799999713897705,0.7599999904632568,0.699999988079071,0.7599999904632568,0.8299999833106995,0.8399999737739563,0.7900000214576721,0.75,0.6899999976158142,0.7900000214576721,0.7599999904632568,0.699999988079071,0.7699999809265137,0.7799999713897705,0.6700000166893005,0.44999998807907104,0.7699999809265137,0.7400000095367432,0.8700000047683716,0.699999988079071,0.7699999809265137,0.7699999809265137,0.8399999737739563,0.8199999928474426,0.5400000214576721],"kl_over_time":[[0.00007982007809914649,0.00010787866631289944,0.00014615939289797097,0.00019801610324066132,0.000268321658950299,0.00036375076160766184,0.0004935314645990729,0.0006692879251204431,0.0009077655849978328,0.0012306782882660627,0.0016679122345522046],[0.0018512310925871134,0.0023744802456349134,0.003045509336516261,0.0039043931756168604,0.005010503809899092,0.006427559070289135,0.008252844214439392,0.010612144134938717,0.013636402785778046,0.01752697303891182,0.02253372222185135],[0.003582174889743328,0.004448448307812214,0.0055307624861598015,0.0068832584656775,0.00857273768633604,0.010671543888747692,0.01328644622117281,0.016549263149499893,0.02061709761619568,0.025705603882670403,0.03204704076051712],[0.004250145982950926,0.0050219520926475525,0.0059468625113368034,0.007038947194814682,0.008331461809575558,0.009873970411717892,0.011708519421517849,0.013883628882467747,0.016471320763230324,0.019557654857635498,0.023220498114824295],[0.0051837824285030365,0.006078233011066914,0.007132148370146751,0.008376558311283588,0.00984253827482462,0.011562247760593891,0.01360867265611887,0.016001781448721886,0.018824094906449318,0.022151388227939606,0.026051346212625504],[0.005803316831588745,0.006710630375891924,0.007794779259711504,0.009026776067912579,0.010464818216860294,0.012142215855419636,0.014107692055404186,0.016373200342059135,0.019008368253707886,0.022080974653363228,0.025652553886175156],[0.006391645409166813,0.007313098758459091,0.00836135633289814,0.009573988616466522,0.01094462163746357,0.012537743896245956,0.014354818500578403,0.01646784320473671,0.01887417584657669,0.02165093831717968,0.024806680157780647],[0.007173698861151934,0.007926976308226585,0.008787903934717178,0.0097461873665452,0.010819630697369576,0.01202234998345375,0.013373338617384434,0.014880087226629257,0.016552064567804337,0.018451962620019913,0.02054596319794655],[0.009003191255033016,0.009910186752676964,0.010950910858809948,0.01212298683822155,0.013437668792903423,0.014908170327544212,0.01656085066497326,0.018407169729471207,0.02046230249106884,0.022740690037608147,0.025310376659035683],[0.00924068782478571,0.010097946971654892,0.011062423698604107,0.012119963765144348,0.013298003003001213,0.0146025400608778,0.016044897958636284,0.0176630150526762,0.01942627876996994,0.0214347206056118,0.023629063740372658],[0.010059271939098835,0.010914529673755169,0.011823944747447968,0.01288995984941721,0.014022908173501492,0.015233849175274372,0.016610199585556984,0.018128780648112297,0.019805293530225754,0.021627459675073624,0.023632492870092392],[0.014487638138234615,0.01563280262053013,0.016808632761240005,0.018172487616539,0.019633326679468155,0.021263547241687775,0.02307255193591118,0.02503959648311138,0.02719477377831936,0.029606154188513756,0.03212239220738411],[0.016243238002061844,0.017502419650554657,0.01892310008406639,0.020451907068490982,0.02211575210094452,0.023881079629063606,0.025993427261710167,0.028196701779961586,0.03066059574484825,0.033317964524030685,0.03628615662455559],[0.015695840120315552,0.016957281157374382,0.01837141253054142,0.019997550174593925,0.021788539364933968,0.023784561082720757,0.025974677875638008,0.028306415304541588,0.030855536460876465,0.033596284687519073,0.036776814609766006],[0.01647522859275341,0.01739082671701908,0.018551340326666832,0.019659876823425293,0.020948829129338264,0.022308871150016785,0.023744484409689903,0.025367535650730133,0.02712326869368553,0.02897740714251995,0.030979758128523827],[0.017995765432715416,0.01920207403600216,0.020483283326029778,0.02184395305812359,0.023259080946445465,0.024941420182585716,0.026824384927749634,0.028742888942360878,0.03088454157114029,0.033094216138124466,0.03542999550700188],[0.02416296862065792,0.02560948021709919,0.027287451550364494,0.028999069705605507,0.030898122116923332,0.03293301910161972,0.035044100135564804,0.03733682632446289,0.03992321342229843,0.042525891214609146,0.0453714057803154],[0.02259632758796215,0.023826394230127335,0.025238050147891045,0.026971718296408653,0.028725439682602882,0.03063107654452324,0.032673124223947525,0.03484978526830673,0.03711322695016861,0.03974197059869766,0.04251861572265625],[0.022666024044156075,0.02394828014075756,0.025544552132487297,0.027663972228765488,0.029688997194170952,0.03194599226117134,0.034611042588949203,0.03735775500535965,0.04014221206307411,0.043173130601644516,0.0463896170258522],[0.024409187957644463,0.025755196809768677,0.027264313772320747,0.028805209323763847,0.03057726100087166,0.03240717947483063,0.03429346904158592,0.0363270565867424,0.03851805627346039,0.04094088450074196,0.043540291488170624],[0.02692089043557644,0.02876809611916542,0.030729295685887337,0.03305751085281372,0.036256685853004456,0.03921706601977348,0.04243471473455429,0.04573233425617218,0.049461640417575836,0.053531769663095474,0.05803923308849335],[0.028585342690348625,0.030220134183764458,0.032073333859443665,0.03446086868643761,0.03752163425087929,0.04071184992790222,0.04435095191001892,0.04866433143615723,0.05368933081626892,0.058536071330308914,0.06395707279443741],[0.029910599812865257,0.03172305226325989,0.03361207991838455,