{"training_accuracies":[0.3700000047683716,0.41999998688697815,0.5099999904632568,0.5099999904632568,0.6600000262260437,0.6899999976158142,0.7300000190734863,0.7300000190734863,0.699999988079071,0.75,0.800000011920929,0.8100000023841858,0.7400000095367432,0.800000011920929,0.7699999809265137,0.7400000095367432,0.6899999976158142,0.6700000166893005,0.8199999928474426,0.7900000214576721,0.8500000238418579,0.7099999785423279,0.800000011920929,0.7799999713897705,0.8700000047683716,0.8100000023841858,0.8399999737739563,0.800000011920929,0.8700000047683716,0.8399999737739563,0.8500000238418579,0.8299999833106995,0.8399999737739563,0.800000011920929,0.8600000143051147,0.8100000023841858,0.8600000143051147,0.8399999737739563,0.8700000047683716,0.8100000023841858,0.8799999952316284,0.7799999713897705,0.8100000023841858,0.800000011920929,0.8299999833106995,0.8700000047683716,0.8100000023841858,0.8100000023841858,0.8399999737739563,0.8199999928474426,0.8799999952316284,0.8700000047683716,0.8100000023841858,0.8500000238418579,0.8700000047683716,0.800000011920929,0.8600000143051147,0.9100000262260437,0.7900000214576721,0.8799999952316284,0.8399999737739563,0.8799999952316284,0.8600000143051147,0.8999999761581421,0.8600000143051147,0.8899999856948853,0.8399999737739563,0.8500000238418579,0.8700000047683716,0.8100000023841858,0.8700000047683716,0.8399999737739563,0.8600000143051147,0.8199999928474426,0.8799999952316284],"attacked_training_accuracies":[0.3799999952316284,0.550000011920929,0.7200000286102295,0.5799999833106995,0.6700000166893005,0.699999988079071,0.7400000095367432,0.7599999904632568,0.7099999785423279,0.7099999785423279,0.7699999809265137,0.8299999833106995,0.6800000071525574,0.7599999904632568,0.7799999713897705,0.5899999737739563,0.7300000190734863,0.6800000071525574,0.5299999713897705,0.6600000262260437,0.6100000143051147,0.4099999964237213,0.47999998927116394,0.46000000834465027,0.4399999976158142,0.5,0.6299999952316284,0.3499999940395355,0.4000000059604645,0.20000000298023224,0.3499999940395355,0.4300000071525574,0.3199999928474426,0.05999999865889549,0.07999999821186066,0.12999999523162842,0.38999998569488525,0.07999999821186066,0.05999999865889549,0.3700000047683716,0.4399999976158142,0.07000000029802322,0.3799999952316284,0.05999999865889549,0.05000000074505806,0.3799999952316284,0.05999999865889549,0.05999999865889549,0.3700000047683716,0.05999999865889549,0.09000000357627869,0.07999999821186066,0.41999998688697815,0.07999999821186066,0.05000000074505806,0.4000000059604645,0.46000000834465027,0.05000000074505806,0.07999999821186066,0.03999999910593033,0.029999999329447746,0.05999999865889549,0.3100000023841858,0.5199999809265137,0.05999999865889549,0.05999999865889549,0.44999998807907104,0.4000000059604645,0.4000000059604645,0.46000000834465027,0.3700000047683716,0.38999998569488525,0.41999998688697815,0.33000001311302185,0.36000001430511475],"kl_over_time":[[0.000015891231669229455,0.000020226803826517425,0.000025907136659952812,0.00003328406091895886,0.000042789430153789,0.00005514553049579263,0.00007134753104764968,0.00009211213182425126,0.0001190386465168558,0.00015414576046168804,0.0001996123173739761],[0.0006280302768573165,0.0007610744214616716,0.0009247200796380639,0.0011210170341655612,0.0013635116629302502,0.0016558879287913442,0.0020115748047828674,0.002444409066811204,0.002971664536744356,0.0036079781129956245,0.004379746969789267],[0.0016377274878323078,0.0020102933049201965,0.0024604424834251404,0.003009498119354248,0.0036831912584602833,0.0045053353533148766,0.005512351635843515,0.006747195031493902,0.008253072388470173,0.010098068043589592,0.012342951260507107],[0.0023926852736622095,0.002853269223123789,0.003405697178095579,0.0040522171184420586,0.004827192518860102,0.005742077715694904,0.006808013655245304,0.00806245394051075,0.009530741721391678,0.011242147535085678,0.013207880780100822],[0.00305919093079865,0.0036623787600547075,0.004359215032309294,0.005190817639231682,0.006156680639833212,0.007294246926903725,0.008622648194432259,0.010182365775108337,0.011953072622418404,0.014012598432600498,0.01640998013317585],[0.0035259919241070747,0.004237260203808546,0.005051587242633104,0.006022451911121607,0.0071582370437681675,0.008445403538644314,0.009931480512022972,0.011659476906061172,0.013611330650746822,0.015771018341183662,0.018302135169506073],[0.004037980921566486,0.004828395321965218,0.005766238551586866,0.006832469720393419,0.008056173101067543,0.009421535767614841,0.01098741963505745,0.012812717817723751,0.014841847121715546,0.017189620062708855,0.019798876717686653],[0.004869504366070032,0.005966990254819393,0.007300807163119316,0.008853462524712086,0.010702010244131088,0.012864913791418076,0.015351836569607258,0.018147479742765427,0.021356210112571716,0.0250785481184721,0.029256777837872505],[0.005045041441917419,0.006279494613409042,0.007738924585282803,0.009556233882904053,0.011740720830857754,0.014244492165744305,0.017193682491779327,0.020603332668542862,0.024528197944164276,0.029025588184595108,0.03408835455775261],[0.005048852879554033,0.006212330888956785,0.00762759055942297,0.009400018490850925,0.011525122448801994,0.014022688381373882,0.016923196613788605,0.0202258862555027,0.024096278473734856,0.028513453900814056,0.03374919295310974],[0.0056787049397826195,0.006838018540292978,0.008310153149068356,0.010078384540975094,0.01224509533494711,0.014885651879012585,0.01773974858224392,0.02118758112192154,0.024948859587311745,0.02913518063724041,0.033979035913944244],[0.005872573237866163,0.007236836012452841,0.009056205861270428,0.011428842321038246,0.014353076927363873,0.01799866184592247,0.022779202088713646,0.029414063319563866,0.0367722362279892,0.044913873076438904,0.053986623883247375],[0.006109083537012339,0.007527525071054697,0.009645572863519192,0.012425876222550869,0.01561129279434681,0.019757084548473358,0.025351639837026596,0.031360264867544174,0.03882613778114319,0.048099398612976074,0.05836556479334831],[0.006403380539268255,0.00791247095912695,0.009829632937908173,0.012596816755831242,0.016349393874406815,0.020678434520959854,0.026568422093987465,0.03438790142536163,0.04494095221161842,0.05555583909153938,0.0668078362941742],[0.007101991679519415,0.00829427968710661,0.009795171208679676,0.011892487294971943,0.014736833050847054,0.018404249101877213,0.023535434156656265,0.028702817857265472,0.03411773964762688,0.04081026837229729,0.047874994575977325],[0.006247442681342363,0.008004669100046158,0.01081165298819542,0.015405244193971157,0.02350619249045849,0.033221762627363205,0.042601846158504486,0.053874194622039795,0.0659794881939888,0.07826166599988937,0.09834283590316772],[0.006269287783652544,0.007781795226037502,0.010158413089811802,0.013869495131075382,0.01812361553311348,0.02361084148287773,0.032158493995666504,0.039876990020275116,0.04687003418803215,0.05629487708210945,0.0664372369647026],[0.006188744213432074,0.007388889789581299,0.008877037093043327,0.010764805600047112,0.013177518732845783,0.015950089320540428,0.019441019743680954,0.023276323452591896,0.02870292030274868,0.03561358526349068,0.04588566720485687],[0.007390998303890228,0.009326396510004997,0.013531681150197983,0.022510716691613197,0.03279517963528633,0.045088961720466614,0.06326758861541748,0.09112058579921722,0.12208572030067444,0.1817166805267334,0.36956652998924255],[0.00750309880822897,0.00892642606049776,0.01092691533267498,0.01404403056949377,0.01860950142145157,0.025381479412317276,0.03820125386118889,0.05979835242033005,0.08250526338815689,0.11718421429395676,0.16116315126419067],[0.007066737394779921,0.009599313139915466,0.01693715713918209,0.026334142312407494,0.038371697068214417,0.04913125932216644,0.06396331638097763,0.08448045700788498,0.10516027361154556,0.1431061178445816,0.2031017243862152],[0.006612096913158894,0.008879521861672401,0.013886533677577972,0.020193910226225853,0.029334302991628647,0.05101127550005913,0.07271330058574677,0.11885817348957062,0.18732325732707977,0.25429752469062805,