{"training_accuracies":[0.3400000035762787,0.4099999964237213],"attacked_training_accuracies":[0.10000000149011612,0.1599999964237213],"kl_over_time":[[2.5566663452991634e-8,0.0004145338316448033,0.0017176654655486345,0.003925567027181387,0.0070826709270477295,0.01121907401829958,0.016458621248602867,0.022865604609251022,0.03060366027057171,0.039777372032403946,0.05063578486442566],[4.203842252081813e-8,0.00037677615182474256,0.001487294677644968,0.0033014302607625723,0.005808577407151461,0.009017237462103367,0.012930521741509438,0.017603902146220207,0.023068325594067574,0.029406266286969185,0.03671058267354965]]}