{"experiment_params":{"gaussian_eps":0.1,"gaussian_attack_eps":0.01},"0":{"normal_test_acc":[0.9093154072761536],"mismatch":[],"gaussian":[0.4337822496891022,0.4755330979824066,0.706509530544281,0.5060606002807617,0.4441077709197998,0.44579124450683594,0.3552188277244568,0.49977555871009827,0.4574635326862335,0.41257014870643616],"gaussian_attack":[0.3918069303035736,0.38664424419403076,0.4316498041152954,0.36778900027275085,0.39248034358024597,0.41672283411026,0.4408529996871948,0.3818182051181793,0.3943883180618286,0.38294053077697754],"gaussian_with_eps_attack":[0.8322110176086426,0.8766554594039917,0.845791220664978,0.8235689401626587,0.8737374544143677,0.8418630361557007,0.8499439358711243,0.8578002452850342,0.8193041086196899,0.8434343338012695],"model_params":{"batch_size":100,"eval_step_interval":200,"model_architecture":"lsnn","n_hidden":256,"wanted_words":"yes,no","beta_lipschitzness":0.0,"n_epochs":"64,16","relative_initial_std":false,"relative_epsilon":false,"num_attack_steps":10,"db":"merged","seed":0}},"1":{"normal_test_acc":[0.9049383401870728],"mismatch":[],"gaussian":[0.4939393699169159,0.636026918888092,0.4913580119609833,0.6154882311820984,0.5437710285186768,0.662289559841156,0.4881032407283783,0.5141413807868958,0.41459032893180847,0.15274971723556519],"gaussian_attack":[0.33120089769363403,0.4108866751194,0.32210999727249146,0.3528619408607483,0.3909090757369995,0.41784512996673584,0.4219977855682373,0.40998876094818115,0.4723905920982361,0.3510662317276001],"gaussian_with_eps_attack":[0.8399551510810852,0.8639730215072632,0.8548821210861206,0.8611672520637512,0.8212121725082397,0.8630751967430115,0.8846239447593689,0.8662177324295044,0.8552188873291016,0.8539842367172241],"model_params":{"batch_size":100,"eval_step_interval":200,"model_architecture":"lsnn","n_hidden":256,"wanted_words":"yes,no","beta_lipschitzness":0.001,"n_epochs":"64,16","relative_initial_std":false,"relative_epsilon":false,"num_attack_steps":10,"db":"merged","seed":0}},"2":{"normal_test_acc":[0.9184063076972961],"mismatch":[],"gaussian":[0.44422000646591187,0.41459032893180847,0.6345678567886353,0.5166105628013611,0.722446620464325,0.7102131843566895,0.6404040455818176,0.5469135642051697,0.45970818400382996,0.5530864596366882],"gaussian_attack":[0.39371490478515625,0.4278339147567749,0.4029180705547333,0.446576863527298,0.527721643447876,0.41178447008132935,0.3879910111427307,0.3914702832698822,0.308866411447525,0.31829404830932617],"gaussian_with_eps_attack":[0.9109989404678345,0.9059484004974365,0.8444445133209229,0.9079685807228088,0.9080808162689209,0.8987653851509094,0.9089787006378174,0.8849607110023499,0.883838415145874,0.8949495553970337],"model_params":{"batch_size":100,"eval_step_interval":200,"model_architecture":"lsnn","n_hidden":256,"wanted_words":"yes,no","beta_lipschitzness":0.01,"n_epochs":"64,16","relative_initial_std":false,"relative_epsilon":false,"num_attack_steps":10,"db":"merged","seed":0}},"3":{"normal_test_acc":[0.9140291810035706],"mismatch":[],"gaussian":[0.5887765884399414,0.6518518328666687,0.5152637362480164,0.3836138844490051,0.7565656900405884,0.585521936416626,0.7478114366531372,0.6080807447433472,0.7208754420280457,0.6907968521118164],"gaussian_attack":[0.7713805437088013,0.7448933720588684,0.774186372756958,0.7565656304359436,0.7491581439971924,0.7959595918655396,0.737598180770874,0.7421997785568237,0.7450056076049805,0.7815937399864197],"gaussian_with_eps_attack":[0.9121211767196655,0.9071829915046692,0.9028058648109436,0.9118967652320862,0.9141414165496826,0.9127945899963379,0.9131313562393188,0.9203142523765564,0.9078563451766968,0.9159371852874756],"model_params":{"batch_size":100,"eval_step_interval":200,"model_architecture":"lsnn","n_hidden":256,"wanted_words":"yes,no","beta_lipschitzness":0.1,"n_epochs":"64,16","relative_initial_std":false,"relative_epsilon":false,"num_attack_steps":10,"db":"merged","seed":0}},"4":{"normal_test_acc":[0.9028058648109436],"mismatch":[],"gaussian":[0.6946128010749817,0.7710437774658203,0.7390573024749756,0.7576879858970642,0.793602705001831,0.7729517221450806,0.7349045276641846,0.6561167240142822,0.7232323288917542,0.7897868156433105],"gaussian_attack":[0.8867564797401428,0.883726179599762,0.8753086924552917,0.8804713487625122,0.8817059397697449,0.8714926242828369,0.8755331039428711,0.8868685960769653,0.8795735239982605,0.8765432238578796],"gaussian_with_eps_attack":[0.8977553248405457,0.9080808162689209,0.8978675603866577,0.9019079804420471,0.8947250843048096,0.8979798555374146,0.8947250247001648,0.9006733894348145,0.8996633291244507,0.9020202159881592],"model_params":{"batch_size":100,"eval_step_interval":200,"model_architecture":"lsnn","n_hidden":256,"wanted_words":"yes,no","beta_lipschitzness":1.0,"n_epochs":"64,16","relative_initial_std":false,"relative_epsilon":false,"num_attack_steps":10,"db":"merged","seed":0}},"5":{"normal_test_acc":[0.843883216381073],"mismatch":[],"gaussian":[0.7820426225662231,0.7491582036018372,0.7940515875816345,0.7867564558982849,0.7646465301513672,0.8236812949180603,0.5952862501144409,0.7784512042999268,0.777104377746582,0.7200897932052612],"gaussian_attack":[0.8438832759857178,0.8397306203842163,0.840965211391449,0.8308641314506531,0.8448933959007263,0.8470258116722107,0.8328844308853149,0.8437709808349609,0.8418630957603455,0.8446689248085022],"gaussian_with_eps_attack":[0.8378226161003113,0.849045991897583,0.8448933362960815,0.8450055718421936,0.8429854512214661,0.8450056314468384,0.840965211391449,0.8386082649230957,0.8418630957603455,0.840965211391449],"model_params":{"batch_size":100,"eval_step_interval":200,"model_architecture":"lsnn","n_hidden":256,"wanted_words":"yes,no","beta_lipschitzness":10.0,"n_epochs":"64,16","relative_initial_std":false,"relative_epsilon":false,"num_attack_steps":10,"db":"merged","seed":0}}}