{"normal":{"0.0":[0.908305287361145],"0.5":[0.8054994940757751,0.8405162692070007,0.7524129748344421,0.8808081150054932,0.8415263891220093,0.8242424130439758,0.8683501482009888,0.8071829080581665,0.860381543636322,0.8815937042236328,0.827833890914917,0.8764309883117676,0.8624017238616943,0.8767677545547485,0.8792368173599243,0.8448932766914368,0.8643096685409546,0.8599326610565186,0.8815937042236328,0.8491581678390503,0.8506172895431519,0.8218855857849121,0.886756420135498,0.8714926838874817,0.846240222454071,0.8314253687858582,0.804826021194458,0.8907968401908875,0.8787878751754761,0.875308632850647,0.8866442441940308,0.8591470122337341,0.8712682723999023,0.8553311228752136,0.8545454740524292,0.8813692927360535,0.8742985725402832,0.8676767349243164,0.8375982046127319,0.9004489183425903,0.8653198480606079,0.8778899908065796,0.8949494361877441,0.8590347170829773,0.8564534187316895,0.8744107484817505,0.8428730964660645,0.8369247913360596,0.8600448369979858,0.7988776564598083],"0.7":[0.8057239651679993,0.5063973069190979,0.767227828502655,0.8355779647827148,0.8335577845573425,0.5874298214912415,0.6780021786689758,0.7337822318077087,0.8323231935501099,0.7560044527053833,0.858810305595398,0.7575757503509521,0.8153759241104126,0.8447811603546143,0.8323232531547546,0.8189674019813538,0.772727370262146,0.802020251750946,0.7888889312744141,0.8071829676628113,0.8141414523124695,0.6842873096466064,0.8498317003250122,0.8241301774978638,0.7476992011070251,0.7769920825958252,0.7648709416389465,0.7670033574104309,0.6803591251373291,0.7514029145240784,0.8451179265975952,0.6303030252456665,0.7729517221450806,0.8360269069671631,0.8333333730697632,0.8070707321166992,0.8172839283943176,0.6331088542938232,0.8193041086196899,0.6658810973167419,0.5543209910392761,0.8303030729293823,0.7548821568489075,0.8136924505233765,0.8392817378044128,0.8346800804138184,0.8248035907745361,0.7894500494003296,0.8112233281135559,0.7554433345794678],"0.9":[0.7771044373512268,0.7959595918655396,0.5434343218803406,0.7341189980506897,0.740852952003479,0.5966330170631409,0.7455668449401855,0.6597082018852234,0.7848485112190247,0.7984287142753601,0.7578002214431763,0.7765432000160217,0.6396183967590332,0.5925925374031067,0.785409688949585,0.6205387115478516,0.7332210540771484,0.6530864238739014,0.6273850202560425,0.5782266855239868,0.6884399652481079,0.7433220744132996,0.6517395973205566,0.6044893860816956,0.701683521270752,0.6498317122459412,0.8021324276924133,0.8156003952026367,0.5638608336448669,0.7025812864303589,0.5158249139785767,0.7272727489471436,0.7644220590591431,0.7888888716697693,0.8157126903533936,0.4817059338092804,0.7245791554450989,0.765656590461731,0.796408474445343,0.6774411201477051,0.6738496422767639,0.6874298453330994,0.7474747896194458,0.5222222208976746,0.7689113616943359,0.7351291179656982,0.6582491993904114,0.577104389667511,0.7120089530944824,0.734231173992157],"1.1":[0.7445567846298218,0.7677890062332153,0.633108913898468,0.518294095993042,0.6657688021659851,0.5378226637840271,0.6362513303756714,0.5479236841201782,0.5514028668403625,0.6461279392242432,0.6341190338134766,0.4886644780635834,0.7096520662307739,0.7745230197906494,0.7682379484176636,0.5108866691589355,0.6827160716056824,0.6758698225021362,0.4539843201637268,0.4322109818458557,0.45476987957954407,0.6455667614936829,0.7190796732902527,0.6965207457542419,0.555555522441864,0.6611672043800354,0.643883228302002,0.672053873538971,0.5340067744255066,0.6601570844650269,0.562065064907074,0.7565656900405884,0.7721661329269409,0.5485970377922058,0.6734007000923157,0.532435417175293,0.698091983795166,0.5887766480445862,0.6812571287155151,0.719304084777832,0.5068462491035461,0.6714926958084106,0.8003365993499756,0.6233445405960083,0.6983165740966797,0.7068462371826172,0.5915825366973877,0.49169471859931946,0.5342311859130859,0.18866443634033203],"1.5":[0.6243547201156616,0.305948406457901,0.47687989473342896,0.4627385139465332,0.5317620635032654,0.6452300548553467,0.5298541188240051,0.4338945150375366,0.29854100942611694,0.5152637362480164,0.641189694404602,0.6094276309013367,0.5783389210700989,0.4423120319843292,0.403142511844635,0.5391694903373718,0.7059483528137207,0.13243547081947327,0.36408528685569763,0.435353547334671,0.5356902480125427,0.34859704971313477,0.4031425714492798,0.6197530627250671,0.4885522127151489,0.5684623718261719,0.6076318621635437,0.6415264010429382,0.6566779017448425,0.3019079864025116,0.6150392889976501,0.4249158501625061,0.5924803018569946,0.5857462882995605,0.7086420059204102,0.5263748168945312,0.5734007358551025,0.45712682604789734,0.7509539127349854,0.4883277118206024,0.6050505042076111,0.43591469526290894,0.5685746669769287,0.5479236841201782,0.1273849457502365,0.49438831210136414,0.626487135887146,0.2661055326461792,0.4232323467731476,0.7080807685852051]},"robust":{"0.0":[0.9070707559585571],"0.5":[0.8794612884521484,0.8745229840278625,0.8543209433555603,0.8745230436325073,0.8744107484817505,0.8641974925994873,0.8886644840240479,0.8774410486221313,0.8618406653404236,0.8915824890136719,0.8679012656211853,0.8815937042236328,0.878675639629364,0.8855218887329102,0.8826037645339966,0.8754209280014038,0.8793490529060364,0.878563404083252,0.8809203505516052,0.8726150393486023,0.8735129237174988,0.895622968673706,0.8835016489028931,0.8773288726806641,0.862289547920227,0.8674523830413818,0.8702581524848938,0.8776655197143555,0.8717172145843506,0.8755331039428711,0.8734005689620972,0.8732884526252747,0.888552188873291,0.8682379722595215,0.8709315657615662,0.8741863369941711,0.8639730215072632,0.8823793530464172,0.8803591132164001,0.882379412651062,0.8858586549758911,0.8640852570533752,0.8701459169387817,0.8638609051704407,0.8866442441940308,0.8797980546951294,0.8804713487625122,0.8631874322891235,0.8498317003250122,0.8890011310577393],"0.7":[0.8314253687858582,0.7801347374916077,0.8821549415588379,0.8116723299026489,0.8754208087921143,0.862177312374115,0.8507295250892639,0.8714926838874817,0.8702581524848938,0.8629629611968994,0.8427609205245972,0.8630751967430115,0.8437709808349609,0.8260380625724792,0.8631874322891235,0.872053861618042,0.8327721357345581,0.8499439358711243,0.8712682127952576,0.8514029383659363,0.8548821210861206,0.8634118437767029,0.8537598848342896,0.8255892395973206,0.867676854133606,0.8690235614776611,0.8773288726806641,0.8452300429344177,0.8561167120933533,0.8356902599334717,0.8701459169387817,0.8632996082305908,0.847586989402771,0.8680133819580078,0.8531986474990845,0.8553310632705688,0.8421997427940369,0.8627384901046753,0.8561167120933533,0.8565657138824463,0.8490460515022278,0.843883216381073,0.8675645589828491,0.8611671924591064,0.7710437774658203,0.8531986474990845,0.8356902599334717,0.8510662317276001,0.8452300429344177,0.8848484754562378],"0.9":[0.8049382567405701,0.8583613634109497,0.8369247913360596,0.8417508602142334,0.8301907777786255,0.8254770040512085,0.8445566296577454,0.8148148059844971,0.8234568238258362,0.7960718870162964,0.8169472217559814,0.867340087890625,0.8635241985321045,0.8437709808349609,0.8539842367172241,0.8268237113952637,0.7932659983634949,0.7692480683326721,0.846127986907959,0.8202020525932312,0.8411896228790283,0.8132435083389282,0.8540964722633362,0.8370370864868164,0.8157126903533936,0.7824915647506714,0.845678985118866,0.8075196743011475,0.8219977021217346,0.8257014155387878,0.8246913552284241,0.8520764112472534,0.8265993595123291,0.8000000715255737,0.8590347170829773,0.7826037406921387,0.8136924505233765,0.7365880608558655,0.8351290225982666,0.8398428559303284,0.8276094198226929,0.8620651364326477,0.8208754062652588,0.791582465171814,0.7750841379165649,0.7776654958724976,0.8134680390357971,0.8439955115318298,0.8479236364364624,0.7906845808029175],