{"normal":{"0.0":[0.9103255867958069],"0.1":[0.8786756992340088,0.8882155418395996,0.8845118284225464,0.8860830664634705,0.888552188873291,0.8765432834625244,0.8756453394889832,0.8817060589790344,0.8748596906661987,0.8828282356262207],"0.2":[0.7958474159240723,0.8038159012794495,0.8098766207695007,0.8139168620109558,0.8012344837188721,0.8017957210540771,0.7797980308532715,0.8078563809394836,0.80763179063797,0.8108866214752197],"0.5":[0.5709314942359924,0.5690235495567322,0.5998877882957458,0.6105499863624573,0.5682379007339478,0.5664421916007996,0.5741863250732422,0.5708193182945251,0.5618405938148499,0.5700336694717407],"2.0":[0.4429854154586792,0.4499439001083374,0.4350168704986572,0.4709315299987793,0.47542089223861694,0.4453422725200653,0.4714927077293396,0.44320985674858093,0.4373737573623657,0.4033670127391815],"7.0":[0.4878787696361542,0.43524131178855896,0.45858582854270935,0.44231200218200684,0.45050501823425293,0.4171717166900635,0.4212121069431305,0.43681252002716064,0.4540965259075165,0.419528603553772]},"robust":{"0.0":[0.9070707559585571],"0.1":[0.9030303955078125,0.9090908765792847,0.9069585204124451,0.8977552652359009,0.9010101556777954,0.9070707559585571,0.8988776803016663,0.8977552652359009,0.9019080400466919,0.9008979797363281],"0.2":[0.8999999761581421,0.9008978605270386,0.9017957448959351,0.8999999761581421,0.9029180407524109,0.898877739906311,0.9015713334083557,0.898877739906311,0.898877739906311,0.8979798555374146],"0.5":[0.8905724287033081,0.8877664804458618,0.8999999761581421,0.890011191368103,0.8949495553970337,0.8949495553970337,0.8978675603866577,0.8919192552566528,0.8978676795959473,0.8957351446151733],"2.0":[0.8846240043640137,0.876767635345459,0.8925925493240356,0.872053861618042,0.8875421285629272,0.8815937638282776,0.8877665400505066,0.8848484754562378,0.888552188873291,0.8876543045043945],"7.0":[0.6209876537322998,0.6271604895591736,0.672053873538971,0.6612794995307922,0.6085297465324402,0.6647586822509766,0.6136924624443054,0.6414141654968262,0.6507295370101929,0.614702582359314]}}