{"normal":{"0.0":[0.8795735239982605],"0.5":[0.8672278523445129,0.8701459169387817,0.8656566143035889,0.8656566143035889,0.8754208087921143,0.8498315811157227,0.8580247163772583,0.8480358719825745,0.8579124212265015,0.8588103652000427,0.869135856628418,0.8723905086517334,0.8663299083709717,0.8755331039428711,0.8716049194335938,0.8661054372787476,0.8745229840278625,0.8593714833259583,0.8611672520637512,0.8685747385025024,0.8575757741928101,0.8754208087921143,0.8713804483413696,0.8766554594039917,0.872166097164154,0.8661054968833923,0.8714927434921265,0.8620650768280029,0.8533108830451965,0.8624017238616943,0.8695847392082214,0.8600448369979858,0.8704825639724731,0.8613917827606201,0.8569024801254272,0.8644220232963562,0.8707071542739868,0.8542087078094482,0.8764309883117676,0.8693603277206421,0.8685746192932129,0.86408531665802,0.8643097877502441,0.8582490682601929,0.8487093448638916,0.8725028038024902,0.8619529008865356,0.8643096685409546,0.8549944162368774,0.8704825639724731],"0.7":[0.8551066517829895,0.8375982046127319,0.8594837188720703,0.8476992249488831,0.8632997274398804,0.815039336681366,0.8612794876098633,0.8501683473587036,0.8368126153945923,0.8500561118125916,0.8584736585617065,0.8573513031005859,0.8334456086158752,0.8019079566001892,0.8601571917533875,0.8592592477798462,0.8108866214752197,0.8286194801330566,0.854096531867981,0.8529742360115051,0.8543209433555603,0.8569023609161377,0.8232322931289673,0.8704826235771179,0.8400673866271973,0.841077446937561,0.8389449715614319,0.8173961639404297,0.8347923159599304,0.8574634790420532,0.8298540711402893,0.852300763130188,0.8122333884239197,0.8241302371025085,0.844219982624054,0.8408529758453369,0.8441077470779419,0.8498315811157227,0.8600448966026306,0.8612793684005737,0.862177312374115,0.8511784076690674,0.8531986474990845,0.8674522638320923,0.8375982046127319,0.8025813698768616,0.8447810411453247,0.8584736585617065,0.8355780243873596,0.8460157513618469],"0.9":[0.7882155179977417,0.719753086566925,0.837822675704956,0.7996633052825928,0.824579119682312,0.6950618028640747,0.8326599597930908,0.8305274248123169,0.8164983987808228,0.8140292167663574,0.7869808673858643,0.7955105900764465,0.7886644601821899,0.8032547831535339,0.8056116700172424,0.8367003202438354,0.8241302371025085,0.7998878359794617,0.8143659234046936,0.8398427963256836,0.8277216553688049,0.8071829676628113,0.822671115398407,0.8214365839958191,0.8114478588104248,0.8160493969917297,0.8306397199630737,0.7861952781677246,0.8051626682281494,0.845791220664978,0.791245698928833,0.8051627278327942,0.8202020525932312,0.7986531257629395,0.7775532603263855,0.8120089173316956,0.8397306203842163,0.8322110176086426,0.8540964722633362,0.8065095543861389,0.7886644005775452,0.8215488195419312,0.7919192314147949,0.8118967413902283,0.8349045515060425,0.8271605372428894,0.7732884287834167,0.8124579191207886,0.8318743705749512,0.7217732667922974],"1.1":[0.7806958556175232,0.7839506268501282,0.7933782339096069,0.7977553606033325,0.7387205958366394,0.7843994498252869,0.6576880216598511,0.770370364189148,0.7784512042999268,0.7564534544944763,0.7742985486984253,0.8074073791503906,0.769023597240448,0.7732884883880615,0.775533139705658,0.7885522246360779,0.7735128402709961,0.7782266736030579,0.7766554951667786,0.7635241150856018,0.7212121486663818,0.6540965437889099,0.7796856760978699,0.7322109937667847,0.7772165536880493,0.7615039348602295,0.750617265701294,0.591694712638855,0.7938271164894104,0.7958474159240723,0.8204264640808105,0.7907968759536743,0.8325477242469788,0.7350168824195862,0.7811447978019714,0.6881032586097717,0.7929293513298035,0.8120089769363403,0.8092030882835388,0.7931537628173828,0.7399551272392273,0.7179573774337769,0.7922558784484863,0.7867565155029297,0.7552188634872437,0.7881032228469849,0.8096520304679871,0.7350168824195862,0.7475869655609131,0.7483726143836975]},"robust":{"0.0":[0.8941639065742493],"0.5":[0.8756453990936279,0.868462324142456,0.8663300275802612,0.8613916635513306,0.8789001107215881,0.8644220232963562,0.8643097877502441,0.8819302916526794,0.8679012656211853,0.8718293905258179,0.8755331039428711,0.8757575750350952,0.8684623837471008,0.8910213708877563,0.8603816032409668,0.8553310632705688,0.8616161346435547,0.8799101710319519,0.8606060743331909,0.8551066517829895,0.8709315061569214,0.8789001107215881,0.8521884679794312,0.866442084312439,0.8648709058761597,0.8685746788978577,0.8745229840278625,0.871717095375061,0.8677889704704285,0.8584735989570618,0.8795734643936157,0.873512864112854,0.8756453990936279,0.8736251592636108,0.8686867952346802,0.8631874322891235,0.8879910111427307,0.8695847988128662,0.8519640564918518,0.8695847988128662,0.8573513031005859,0.8564534783363342,0.8663299083709717,0.8641974925994873,0.8860830664634705,0.8775532841682434,0.8696969747543335,0.8907968401908875,0.8630751967430115,0.875869870185852],"0.7":[0.8571268320083618,0.8589226007461548,0.8581369519233704,0.8351290225982666,0.8529741764068604,0.8063973188400269,0.8552188873291016,0.8572390079498291,0.8685746192932129,0.860381543636322,0.8624017238616943,0.8579124212265015,0.8221099972724915,0.839169442653656,0.8491582870483398,0.8377103805541992,0.8667789697647095,0.8408529162406921,0.8684624433517456,0.8450056314468384,0.8258137106895447,0.8573513031005859,0.8451178073883057,0.849045991897583,0.8501683473587036,0.8580246567726135,0.8364759087562561,0.8492704629898071,0.8405162692070007,0.8169472813606262,0.852749764919281,0.8364757895469666,0.7961841225624084,0.8590347766876221,0.8664421439170837,0.8377104997634888,0.8644219636917114,0.8581369519233704,0.8604938387870789,0.8685746192932129,0.8632997274398804,0.819753110408783,0.8644219636917114,0.8392817378044128,0.8704826235771179,0.8543210625648499,0.8562289476394653,0.839057207107544,0.8548821210861206,0.8450056910514832],"0.9":[0.7801346778869629,0.7879909873008728,0.7923681139945984,0.8345679044723511,0.8429853916168213,0.8471380472183228,0.8111110925674438,0.8227834701538086,0.8432099223136902,0.8328843712806702,0.8070706725120544,0.8123456835746765,0.8176206946372986,0.8248035907745361,0.8573513031005859,0.8142536878585815,0.8429853320121765,0.8379349112510681,0.8492704629898071,0.8507295250892639,0.8421997427940369,0.7878787517547607,0.86026930809021,0.8259259462356567,0.8207632303237915,0.7951740026473999,0.854096531867981,0.8470258116722107,0.8452301025390625,0.7867564558982849,0.744219958782196,0.8079685568809509,0.8159371018409729,0.845791220664978,0.8675644993782043,0.829741895198822,0.7416386008262634,0.7896745204925537,0.8400672674179077,0.8226711750030518,0.8368125557899475,0.7680135369300842,0.7906845808029175,0.8370369672775269,0.8029180765151978,0.7402918338775635,0.7746352553367615,0.8399550914764404,0.8108866214752197,0.814253568649292],"1.1":[0.8153759241104126,0.8025813698768616,0.810437798500061,0.7985409498214722,0.7442198991775513,0.7683501839637756,0.7581368684768677,0.8288440108299255,0.7866441607475281,0.8248036503791809,0.7929293513298035,0.7774410843849182,0.7170594930648804,0.7958473563194275,0.8233445286750793,0.783613920211792,0.8352412581443787,0.7966330051422119,0.8130190968513489,0.8093153834342957,0.7709315419197083,0.6334455609321594,0.8365880846977234,0.7523007988929749,0.7838384509086609,0.7142536640167236,0.7906846404075623,0.8129068613052368,0.798204243183136,0.7971941828727722,0.7689113020896912,0.8279461860656738,0.8061728477478027,0.7748596668243408,0.8076318502426147,0.7717171907424927,0.7748597264289856,0.8063973188400269,0.7909091114997864,0.8397306203842163,0.7600448727607727,0.7407407164573669,0.796296238899231,0.7602694034576416,0.7941638827323914,0.7585859298706055,0.8270481824874878,0.80112224817276,0.8159371018409729,0.8044893145561218]}}