{"normal":{"0.0":[0.9093154072761536],"0.5":[0.8427610397338867,0.8657687902450562,0.8874297738075256,0.8751963973045349,0.8052749633789062]},"robust":{"0.0":[0.9070707559585571],"0.5":[0.8794612884521484,0.8745229840278625,0.8543209433555603,0.8745230436325073,0.8744107484817505]}}