{"experiment_params":{"gaussian_eps":0.1,"gaussian_attack_eps":0.01},"0":{"normal_test_acc":[0.9093154072761536],"mismatch":[],"gaussian":[0.4316498041152954,0.48967450857162476,0.42558926343917847,0.4135802686214447,0.46958476305007935,0.4135802388191223,0.42570146918296814,0.41257014870643616,0.23131313920021057,0.42828285694122314],"gaussian_attack":[0.39483723044395447,0.38462403416633606,0.42121216654777527,0.36487093567848206,0.3976430892944336,0.4217732548713684,0.39551064372062683,0.39629632234573364,0.38787880539894104,0.3859708309173584],"gaussian_with_eps_attack":[0.8253647089004517,0.8864197731018066,0.8969696760177612,0.8490460515022278,0.8377103805541992,0.8826038241386414,0.8235690593719482,0.8762065172195435,0.8671155571937561,0.8531986474990845],"ball_surface":[0.8723905086517334,0.8611671924591064,0.8691357374191284,0.8662177920341492,0.8506172299385071,0.8732885122299194,0.872166097164154,0.8539842367172241,0.867340087890625,0.8558923006057739],"ball_surface_larger_eps":[0.4281705915927887,0.41874298453330994,0.5040404200553894,0.48709315061569214,0.41459035873413086,0.4135802388191223,0.6898989677429199,0.4369247853755951,0.10886643826961517,0.6327722072601318],"model_params":{"batch_size":100,"eval_step_interval":200,"model_architecture":"lsnn","n_hidden":256,"wanted_words":"yes,no","beta_lipschitzness":0.0,"n_epochs":"64,16","relative_initial_std":false,"relative_epsilon":false,"num_attack_steps":10,"db":"merged","seed":0}},"1":{"normal_test_acc":[0.9059484004974365],"mismatch":[],"gaussian":[0.6461279988288879,0.5170595049858093,0.6725027561187744,0.45016831159591675,0.3450056314468384,0.6454545855522156,0.3359147310256958,0.5502806305885315,0.4831649661064148,0.705162763595581],"gaussian_attack":[0.3382715880870819,0.4188551902770996,0.33928170800209045,0.34893375635147095,0.38473623991012573,0.4415263533592224,0.4199775457382202,0.3636363744735718,0.4377104640007019,0.3755331039428711],"gaussian_with_eps_attack":[0.8519640564918518,0.8631873726844788,0.8489338159561157,0.8591470122337341,0.8389450311660767,0.8185185194015503,0.8030303120613098,0.8334454894065857,0.8379349112510681,0.8959596157073975],"ball_surface":[0.8618406653404236,0.8714926838874817,0.8558921813964844,0.865544319152832,0.8479236364364624,0.8600448369979858,0.8635241389274597,0.8578001856803894,0.8581369519233704,0.8517396450042725],"ball_surface_larger_eps":[0.41459035873413086,0.4496071934700012,0.4136924743652344,0.4177328944206238,0.4523007869720459,0.41257011890411377,0.43434345722198486,0.19068461656570435,0.4240179657936096,0.42368125915527344],"model_params":{"batch_size":100,"eval_step_interval":200,"model_architecture":"lsnn","n_hidden":256,"wanted_words":"yes,no","beta_lipschitzness":0.001,"n_epochs":"64,16","relative_initial_std":false,"relative_epsilon":false,"num_attack_steps":10,"db":"merged","seed":0}},"2":{"normal_test_acc":[0.9175084829330444],"mismatch":[],"gaussian":[0.6304153203964233,0.6252525448799133,0.7391694188117981,0.714590311050415,0.7080808281898499,0.7253648042678833,0.45387202501296997,0.48675647377967834,0.5241301655769348,0.44141411781311035],"gaussian_attack":[0.38226714730262756,0.4331088662147522,0.35465767979621887,0.4548821449279785,0.5245791673660278,0.41088661551475525,0.38383835554122925,0.38294050097465515,0.29483723640441895,0.326374888420105],"gaussian_with_eps_attack":[0.8849606513977051,0.874859631061554,0.8776655197143555,0.8905724287033081,0.8929293155670166,0.8722782731056213,0.8869808912277222,0.892143726348877,0.8979798555374146,0.8948372602462769],"ball_surface":[0.8859708309173584,0.8892256021499634,0.8692480325698853,0.8980920314788818,0.9011222720146179,0.8736252188682556,0.8948372602462769,0.9173961877822876,0.9020202159881592,0.9156004190444946],"ball_surface_larger_eps":[0.5372614860534668,0.2731761932373047,0.43703705072402954,0.6785633563995361,0.46442198753356934,0.48967453837394714,0.4236812889575958,0.49113354086875916,0.4442199766635895,0.4328843951225281],"model_params":{"batch_size":100,"eval_step_interval":200,"model_architecture":"lsnn","n_hidden":256,"wanted_words":"yes,no","beta_lipschitzness":0.01,"n_epochs":"64,16","relative_initial_std":false,"relative_epsilon":false,"num_attack_steps":10,"db":"merged","seed":0}},"3":{"normal_test_acc":[0.9121211767196655],"mismatch":[],"gaussian":[0.4197531044483185,0.598653256893158,0.4575757682323456,0.608193039894104,0.7048259973526001,0.5635241866111755,0.35039278864860535,0.5134680271148682,0.7092031240463257,0.44231200218200684],"gaussian_attack":[0.7564534544944763,0.7594836950302124,0.7683501243591309,0.76015704870224,0.7319865226745605,0.7866441607475281,0.7296295762062073,0.7512906789779663,0.746015727519989,0.773849606513977],"gaussian_with_eps_attack":[0.9109989404678345,0.9098765850067139,0.9019079208374023,0.9015712738037109,0.9111111164093018,0.9089787602424622,0.9139169454574585,0.9048260450363159,0.8996632099151611,0.904938280582428],"ball_surface":[0.9180697202682495,0.9089787602424622,0.91290682554245,0.9069584012031555,0.9078564047813416,0.9028058052062988,0.9068463444709778,0.8987654447555542,0.9081929922103882,0.9071829319000244],"ball_surface_larger_eps":[0.5063973069190979,0.4775533080101013,0.5641974806785583,0.2865319848060608,0.41526374220848083,0.4309764504432678,0.4664422273635864,0.6676767468452454,0.4472503066062927,0.46644219756126404],"model_params":{"batch_size":100,"eval_step_interval":200,"model_architecture":"lsnn","n_hidden":256,"wanted_words":"yes,no","beta_lipschitzness":0.1,"n_epochs":"64,16","relative_initial_std":false,"relative_epsilon":false,"num_attack_steps":10,"db":"merged","seed":0}},"4":{"normal_test_acc":[0.9007856249809265],"mismatch":[],"gaussian":[0.6154881715774536,0.7696970105171204,0.7480358481407166,0.6684623956680298,0.6762064695358276,0.49573513865470886,0.6428731679916382,0.6639730334281921,0.4117845296859741,0.6551066040992737],"gaussian_attack":[0.8878787755966187,0.8837261199951172,0.878563404083252,0.8744107484817505,0.8786756992340088,0.8695846796035767,0.8793489933013916,0.8846240043640137,0.8897867202758789,0.8805835843086243],"gaussian_with_eps_attack":[0.9008978605270386,0.9019079804420471,0.8978676199913025,0.8988776803016663,0.8966330289840698,0.8998878002166748,0.8978676795959473,0.90505051612854,0.8977552652359009,0.899775505065918],"ball_surface":[0.8957351446151733,0.9059484004974365,0.8998878002166748,0.9007856249809265,0.903030276298523,0.8966329097747803,0.8967452049255371,0.8978676199913025,0.9019080400466919,0.8997755646705627],"ball_surface_larger_eps":[0.7662177681922913,0.7640852332115173,0.7705948352813721,0.7542088031768799,0.7649831771850586,0.7635241746902466,0.7754208445549011,0.8039281368255615,0.7836138606071472,0.7512907385826111],"model_params":{"batch_size":100,"eval_step_interval":200,"model_architecture":"lsnn","n_hidden":256,"wanted_words":"yes,no","beta_lipschitzness":1.0,"n_epochs":"64,16","relative_initial_std":false,"relative_epsilon":false,"num_attack_steps":10,"db":"merged","seed":0}},"5":{"normal_test_acc":[0.8459033966064453],"mismatch":[],"gaussian":[0.7139170169830322,0.7789000272750854,0.7900111675262451,0.8023568391799927,0.8021324872970581,0.7800225019454956,0.7847362160682678,0.6973064541816711,0.786531925201416,0.796857476234436],"gaussian_attack":[0.845678985118866,0.8439955711364746,0.8438832759857178,0.8417508602142334,0.8439955711364746,0.8439955115318298,0.8379349112510681,0.8460157513618469,0.851963996887207,0.8418630957603455],"gaussian_with_eps_attack":[0.8470258116722107,0.8379349708557129,0.8469135165214539,0.8418630957603455,0.8460156917572021,0.840965211391449,0.8470258712768555,0.8439955115318298,0.8460156321525574,0.843883216381073],"ball_surface":[0.8388327956199646,0.8450055718421936,0.8439955115318298,0.8407407999038696,0.8438832759857178,0.8501683473587036,0.8489338159561157,0.8459034562110901,0.8428731560707092,0.8399550914764404],