{"normal":{"0.0":[0.9196408987045288],"0.1":[0.9153759479522705,0.9176206588745117,0.919528603553772,0.914478063583374,0.922783374786377,0.9204264879226685,0.9206508994102478,0.9114478826522827,0.9157126545906067,0.9245791435241699],"0.2":[0.9040404558181763,0.9051627516746521,0.9080808162689209,0.9002244472503662,0.8969696760177612,0.906509518623352,0.9021324515342712,0.8929293155670166,0.9060606956481934,0.9111111164093018],"0.3":[0.8804713487625122,0.8949495553970337,0.9030303955078125,0.8810325264930725,0.9022447466850281,0.903142511844635,0.8914703130722046,0.8856341242790222,0.8846240043640137,0.8685746788978577],"0.4":[0.831200897693634,0.8576880693435669,0.872166097164154,0.8789001107215881,0.8630751967430115,0.870145857334137,0.8485971093177795,0.8783389329910278,0.843883216381073,0.8656566143035889],"0.5":[0.777441143989563,0.8417508602142334,0.7959595918655396,0.8205386400222778,0.8689113855361938,0.8355780243873596,0.8024691343307495,0.8408530354499817,0.7615039348602295,0.8683501482009888],"0.6":[0.6713805198669434,0.8195285797119141,0.724466860294342,0.7808080911636353,0.7966329455375671,0.7644220590591431,0.7897867560386658,0.7531986236572266,0.7694724798202515,0.8104376792907715],"0.7":[0.7968574166297913,0.753984272480011,0.7271603941917419,0.7046015858650208,0.8193041086196899,0.7523007988929749,0.7086419463157654,0.7585858702659607,0.7907968759536743,0.6429854035377502]},"robust":{"0.0":[0.9141414165496826],"0.1":[0.9078564047813416,0.910101056098938,0.9099887609481812,0.9099887609481812,0.9099888801574707,0.9111111164093018,0.9121211767196655,0.9109988808631897,0.9121211767196655,0.9040403366088867],"0.2":[0.9020202159881592,0.903142511844635,0.9058361053466797,0.908193051815033,0.9038158655166626,0.9098765850067139,0.904938280582428,0.9077441692352295,0.9007855653762817,0.908193051815033],"0.3":[0.9008978605270386,0.8939393758773804,0.8987654447555542,0.9070707559585571,0.9060605764389038,0.8998878002166748,0.9007856249809265,0.9007856249809265,0.9028058052062988,0.9007856845855713],"0.4":[0.8958474397659302,0.8653198480606079,0.9011223316192627,0.8829405307769775,0.8874298334121704,0.8622896671295166,0.8599327802658081,0.8957350850105286,0.8529741764068604,0.8808081150054932],"0.5":[0.8230078816413879,0.7446689605712891,0.8606060743331909,0.8370369672775269,0.8794612884521484,0.8674522042274475,0.7452300190925598,0.8712682723999023,0.8712682723999023,0.8498315811157227],"0.6":[0.7701458930969238,0.8111110925674438,0.7008978128433228,0.8154882192611694,0.7890011072158813,0.7994387745857239,0.7980920076370239,0.7928171157836914,0.7297418117523193,0.7524130344390869],"0.7":[0.802918016910553,0.8030303120613098,0.5901233553886414,0.7121212482452393,0.7571268081665039,0.7409652471542358,0.7857463359832764,0.7079685926437378,0.7920314073562622,0.7984287142753601]}}