{"normal":{"0.0":[0.9196408987045288],"0.2":[0.9115599989891052,0.8982042074203491,0.9079685807228088,0.908193051815033,0.9052750468254089,0.9143658876419067,0.9125701189041138,0.8969696760177612,0.9198653101921082,0.914478063583374,0.9040404558181763,0.9051627516746521,0.9080808162689209,0.9002244472503662,0.8969696760177612,0.906509518623352,0.9021324515342712,0.8929293155670166,0.9060606956481934,0.9111111164093018,0.9010100364685059,0.9040404558181763,0.9172840714454651,0.8980919718742371,0.9083053469657898,0.9153760671615601,0.9017957448959351,0.90505051612854,0.903142511844635,0.8942761421203613,0.9010101556777954,0.9053871631622314,0.908305287361145,0.9195287227630615,0.903030276298523,0.9093154072761536,0.9040403366088867,0.9092031717300415,0.9011222720146179,0.905387282371521,0.903142511844635,0.9094276428222656,0.8911336064338684,0.906846284866333,0.9120090007781982,0.9123457074165344,0.9071829319000244,0.9114477634429932,0.9020202159881592,0.9114478826522827],"0.3":[0.8693602085113525,0.9019079208374023,0.883726179599762,0.8777777552604675,0.8826038241386414,0.8878788948059082,0.8814815282821655,0.8937149047851562,0.895061731338501,0.9094276428222656,0.8957350254058838,0.8967452049255371,0.8897867798805237,0.8915824890136719,0.8956228494644165,0.8925925493240356,0.9010101556777954,0.8780022263526917,0.8957351446151733,0.8803591132164001,0.9042648673057556,0.9008978605270386,0.893602728843689,0.8989899158477783,0.9060605764389038,0.8857463598251343,0.8998878002166748,0.8797979354858398,0.9161616563796997,0.9007856249809265,0.9033669233322144,0.9011223316192627,0.8797980546951294,0.8868685960769653,0.8919191360473633,0.898877739906311,0.8583613634109497,0.9071829915046692,0.8854097127914429,0.8805835843086243,0.8927047848701477,0.9001121520996094,0.9071829319000244,0.8897867202758789,0.8977553844451904,0.9008979201316833,0.8419753313064575,0.9042648673057556,0.8855218887329102,0.8301907777786255],"0.4":[0.8309764266014099,0.8689113259315491,0.8565657138824463,0.8742985129356384,0.8856340646743774,0.8341189622879028,0.8416386246681213,0.8858585357666016,0.8756453394889832,0.8090909123420715,0.8571268320083618,0.8640852570533752,0.8519640564918518,0.8668911457061768,0.8804713487625122,0.8309764862060547,0.8794612884521484,0.888552188873291,0.8051627278327942,0.8646464347839355,0.867340087890625,0.8536475300788879,0.8762065172195435,0.8795734643936157,0.8578001856803894,0.8581368923187256,0.864422082901001,0.8694725036621094,0.8615039587020874,0.8735129237174988,0.8938271403312683,0.8620650768280029,0.8650954365730286,0.8740739822387695,0.8719416260719299,0.8209875822067261,0.8804713487625122,0.8445566892623901,0.8702581524848938,0.891470193862915,0.8447811603546143,0.8745229840278625,0.8144780397415161,0.8499438762664795,0.8849607110023499,0.8978676199913025,0.8695847392082214,0.7794612646102905,0.8590347170829773,0.8712683320045471],"0.5":[0.7845117449760437,0.8295174241065979,0.8521884679794312,0.8374859690666199,0.8286194801330566,0.8112233281135559,0.7479236721992493,0.726150393486023,0.8337821960449219,0.8460156917572021,0.8411896824836731,0.75881028175354,0.8370370864868164,0.8499438166618347,0.8500561118125916,0.8309764862060547,0.6745229959487915,0.8059483766555786,0.7528619766235352,0.8448933362960815,0.8454545736312866,0.8204265236854553,0.834343433380127,0.8561166524887085,0.6191919445991516,0.8374859094619751,0.8544332981109619,0.8434342741966248,0.826038122177124,0.6341190338134766,0.8601571321487427,0.7868687510490417,0.8332210779190063,0.8235690593719482,0.8393939733505249,0.8347923755645752,0.7313131093978882,0.7666666507720947,0.8567901849746704,0.7527496814727783,0.8337822556495667,0.7959595918655396,0.7409651875495911,0.8342311978340149,0.801459014415741,0.8248036503791809,0.8655443787574768,0.7350168824195862,0.7883277535438538,0.8407406806945801],"0.6":[0.6389449834823608,0.8029180765151978,0.7932659387588501,0.836251437664032,0.7418630123138428,0.7989899516105652,0.7627384662628174,0.8499438166618347,0.6874298453330994,0.7967451214790344,0.8406285643577576,0.7517395615577698,0.6900111436843872,0.8492704033851624,0.8062850832939148,0.8428731560707092,0.7410774827003479,0.751178503036499,0.82962965965271,0.8044893145561218,0.649495005607605,0.7323232889175415,0.735802412033081,0.6026936173439026,0.804489254951477,0.8133557438850403,0.8242424726486206,0.6659932732582092,0.7496072053909302,0.7986533045768738,0.8059484362602234,0.7827160358428955,0.6325476765632629,0.644444465637207,0.7739618420600891,0.8498315811157227,0.7711559534072876,0.8214365839958191,0.7652076482772827,0.8446689248085022,0.5654321312904358,0.8193040490150452,0.7070707082748413,0.8328843712806702,0.8170594573020935,0.8085297346115112,0.8167228102684021,0.7415263652801514,0.783726155757904,0.8003367185592651],"0.7":[0.7176206707954407,0.7320988178253174,0.7569023370742798,0.5388327836990356,0.6148148775100708,0.7805835604667664,0.659371554851532,0.7067340016365051,0.6965207457542419,0.6731761693954468,0.7049382328987122,0.7216610908508301,0.7553310394287109,0.760493814945221,0.7583613395690918,0.8102132081985474,0.7709314823150635,0.7176207304000854,0.7351291179656982,0.7452300786972046,0.7618405818939209,0.7404040694236755,0.5964085459709167,0.7909091711044312,0.7937148809432983,0.7448934316635132,0.7463523149490356,0.7277215719223022,0.7731761336326599,0.7326599359512329,0.7667788863182068,0.7104377150535583,0.7953984141349792,0.5842872858047485,0.726599395275116,0.8050504922866821,0.7242424488067627,0.7101010084152222,0.7933782339096069,0.6528619527816772,0.7603815793991089,0.619977593421936,0.7819303870201111,0.7446689009666443,0.6017957329750061,0.7088664770126343,0.7388327121734619,0.8013467788696289,0.7590347528457642,0.8052749037742615]},"robust":{"0.0":[0.9111111164093018],"0.2":[0.8958473205566406,0.89988774061203,0.9070707559585571,0.9040403366088867,0.9104377031326294,0.9081929922103882,0.9026936292648315,0.8938271999359131,0.9028058648109436,0.9118967652320862,0.9071829915046692,0.9072951078414917,0.9006733894348145,0.9010101556777954,0.9079685807228088,0.9080808162689209,0.9021323919296265,0.8996632099151611,0.903030276298523,0.9069585204124451,0.9038159251213074,0.8997755646705627,0.9039281606674194,0.8988776803016663,0.9069585204124451,0.9048259854316711,0.8947250247001648,0.9079686403274536,0.8979798555374146,0.9037036895751953,0.9021323919296265,0.8996632099151611,0.8996633291244507,0.9099888205528259,0.9093154072761536,0.9047137498855591,0.9028058648109436,0.8986532688140869,0.9118967056274414,0.9028059244155884,0.9048260450363159,0.9040403366088867,0.89988774061203,0.9058361649513245,0.90505051612854,0.9020202159881592,0.9019079804420471,0.9059484004974365,0.9092031717300415,0.9090908765792847],"0.3":[0.886644184589386,0.89988774061203,0.9029180407524109,0.9088664650917053,0.9122334718704224,0.8957352042198181,0.9037036895751953,0.8978676199913025,0.8928170800209045,0.8956228494644165,0.8808079957962036,0.8883277177810669,0.8916947245597839,0.899775505065918,0.8988776803016663,0.8906846642494202,0.8949495553970337,0.8835016489028931,0.9040404558181763,0.9020202159881592,0.8966330289840698,0.8894500732421875,0.8966330289840698,0.8919192552566528,0.8943882584571838,0.9019079804420471,0.9038159847259521,0.9010100364685059,0.9129067659378052,0.883726179599762,0.8958473801612854,0.9029180407524109,0.9017957448959351,0.8986531496047974,0.89988774061203,0.9067339897155762,0.890011191368103,0.8996633291244507,0.91021329164505,0.8978675603866577,0.8915824890136719,0.9008978605270386,0.9026936292648315,0.8957350850105286,0.9039281606674194,0.8895622491836548,0.89472496509552,0.9007855653762817,0.9028058052062988,0.8999999761581421],