{"experiment_params":{"mismatch_level":0.5,"gaussian_eps":0.1,"gaussian_attack_eps":0.01},"0":{"normal_test_acc":[0.9196408987045288],"mismatch":[0.7483725547790527,0.8388327956199646,0.8286195993423462,0.8237935304641724,0.8386083245277405,0.664197564125061,0.8427609205245972,0.8269360065460205,0.8043770790100098,0.7911335229873657],"gaussian":[0.4246913492679596,0.4502806067466736,0.5723905563354492,0.5469135642051697,0.44287317991256714,0.4612794518470764,0.609652042388916,0.4742985665798187,0.4309764504432678,0.41784512996673584],"gaussian_attack":[0.37710437178611755,0.31279462575912476,0.40707069635391235,0.4048260748386383,0.43333330750465393,0.3906846046447754,0.35757574439048767,0.4318743050098419,0.46902352571487427,0.4555555284023285],"model_params":{"batch_size":100,"eval_step_interval":2,"model_architecture":"lsnn","n_hidden":256,"wanted_words":"yes,no","use_epsilon_ball":true,"epsilon_lipschitzness":0.01,"num_steps_lipschitzness":10,"beta_lipschitzness":0.0,"how_many_training_steps":"2,2","data_dir":"$SCRATCH\/speech_dataset","seed":0}},"1":{"normal_test_acc":[0.915263831615448],"mismatch":[0.8731761574745178,0.8494948744773865,0.8631874322891235,0.8613916635513306,0.8775532841682434,0.8619529008865356,0.8548821210861206,0.8793490529060364,0.8558921813964844,0.8661054968833923],"gaussian":[0.7106621265411377,0.4380471110343933,0.703142523765564,0.5173962116241455,0.6992143392562866,0.7481481432914734,0.6843995451927185,0.5941638350486755,0.4318743050098419,0.2734006941318512],"gaussian_attack":[0.7710437774658203,0.8038159012794495,0.7747475504875183,0.7760941982269287,0.7949495315551758,0.7664421200752258,0.7619529962539673,0.7856341600418091,0.7726150155067444,0.7612794637680054],"model_params":{"batch_size":100,"eval_step_interval":2,"model_architecture":"lsnn","n_hidden":256,"wanted_words":"yes,no","use_epsilon_ball":true,"epsilon_lipschitzness":0.01,"num_steps_lipschitzness":10,"beta_lipschitzness":0.1,"how_many_training_steps":"2,2","data_dir":"$SCRATCH\/speech_dataset","seed":0}},"2":{"normal_test_acc":[0.9141414165496826],"mismatch":[0.8763187527656555,0.8405162692070007,0.8573512434959412,0.8189674615859985,0.8367003202438354,0.8792367577552795,0.8616162538528442,0.8379348516464233,0.8745230436325073,0.8233444690704346],"gaussian":[0.6031425595283508,0.5104377269744873,0.6936027407646179,0.7698092460632324,0.7104377150535583,0.7887765765190125,0.3590347468852997,0.7601571679115295,0.7439955472946167,0.7949495315551758],"gaussian_attack":[0.9017957448959351,0.8925925493240356,0.891806960105896,0.8846239447593689,0.8938271999359131,0.8905724287033081,0.8980920314788818,0.8948372602462769,0.8988776206970215,0.8927047848701477],"model_params":{"batch_size":100,"eval_step_interval":2,"model_architecture":"lsnn","n_hidden":256,"wanted_words":"yes,no","use_epsilon_ball":true,"epsilon_lipschitzness":0.01,"num_steps_lipschitzness":10,"beta_lipschitzness":1.0,"how_many_training_steps":"2,2","data_dir":"$SCRATCH\/speech_dataset","seed":0}},"3":{"normal_test_acc":[0.8915824890136719],"mismatch":[0.8714926838874817,0.8644219636917114,0.8408529162406921,0.8163860440254211,0.8469135165214539,0.8053872585296631,0.8377103805541992,0.8471380472183228,0.8435466289520264,0.843883216381073],"gaussian":[0.7664421200752258,0.7786756157875061,0.7491582632064819,0.7950617074966431,0.7884399890899658,0.729629635810852,0.8143659234046936,0.7644220590591431,0.7826037406921387,0.8028058409690857],"gaussian_attack":[0.8808081150054932,0.8756453394889832,0.8671155571937561,0.8746352195739746,0.8837261199951172,0.8744107484817505,0.8726150393486023,0.8754208087921143,0.8916947245597839,0.8814815282821655],"model_params":{"batch_size":100,"eval_step_interval":2,"model_architecture":"lsnn","n_hidden":256,"wanted_words":"yes,no","use_epsilon_ball":true,"epsilon_lipschitzness":0.01,"num_steps_lipschitzness":10,"beta_lipschitzness":2.5,"how_many_training_steps":"2,2","data_dir":"$SCRATCH\/speech_dataset","seed":0}},"4":{"normal_test_acc":[0.8804714679718018],"mismatch":[0.821212112903595,0.8481482267379761,0.8604938387870789,0.8309763669967651,0.8511784076690674,0.8294051289558411,0.832547664642334,0.8479236364364624,0.8346801996231079,0.8459033966064453],"gaussian":[0.7868687510490417,0.7989898324012756,0.7971941828727722,0.8051627278327942,0.806172788143158,0.7012345790863037,0.6989898681640625,0.7978675961494446,0.7781144380569458,0.7966330051422119],"gaussian_attack":[0.8793490529060364,0.8823793530464172,0.8753085732460022,0.8795735239982605,0.8824914693832397,0.8837261199951172,0.8837261199951172,0.8827160000801086,0.8736251592636108,0.883726179599762],"model_params":{"batch_size":100,"eval_step_interval":2,"model_architecture":"lsnn","n_hidden":256,"wanted_words":"yes,no","use_epsilon_ball":true,"epsilon_lipschitzness":0.01,"num_steps_lipschitzness":10,"beta_lipschitzness":5.0,"how_many_training_steps":"2,2","data_dir":"$SCRATCH\/speech_dataset","seed":0}}}