{"experiment_params":{"gaussian_eps":0.1,"gaussian_attack_eps":0.01},"0":{"normal_test_acc":[0.9225589036941528],"mismatch":[],"gaussian":[0.4490460157394409,0.4501683712005615,0.716722846031189,0.475533127784729,0.45252519845962524,0.4641975462436676,0.6533108949661255,0.5358024835586548,0.4413019120693207,0.41257014870643616],"gaussian_attack":[0.41380470991134644,0.42244666814804077,0.4234567880630493,0.40909090638160706,0.43793490529060364,0.44051626324653625,0.4223344624042511,0.43322110176086426,0.41548818349838257,0.41324353218078613],"gaussian_with_eps_attack":[0.8242424130439758,0.8748597502708435,0.8689114451408386,0.7827160954475403,0.8674522638320923,0.8503928184509277,0.8419753313064575,0.8262625932693481,0.8024690747261047,0.8581368923187256],"model_params":{"batch_size":100,"eval_step_interval":200,"model_architecture":"lsnn","n_hidden":256,"wanted_words":"yes,no","attack_epsilon":0.01,"beta_lipschitzness":0.0,"n_epochs":"32,8","relative_initial_std":false,"relative_epsilon":false,"num_attack_steps":10,"db":"merged","seed":0}},"1":{"normal_test_acc":[0.9058361053466797],"mismatch":[],"gaussian":[0.4799101948738098,0.4612794518470764,0.4822671115398407,0.6481481790542603,0.639281690120697,0.6071829795837402,0.6200897097587585,0.5611671805381775,0.4135802686214447,0.2629629671573639],"gaussian_attack":[0.40123453736305237,0.4648709297180176,0.4424242377281189,0.4023568630218506,0.4374859929084778,0.4208754301071167,0.35465767979621887,0.38933783769607544,0.4285072386264801,0.4177328646183014],"gaussian_with_eps_attack":[0.8334454894065857,0.872053861618042,0.8617283701896667,0.8601571321487427,0.8537598252296448,0.8760943412780762,0.8704825639724731,0.8701459169387817,0.8618406057357788,0.8572390079498291],"model_params":{"batch_size":100,"eval_step_interval":200,"model_architecture":"lsnn","n_hidden":256,"wanted_words":"yes,no","attack_epsilon":0.01,"beta_lipschitzness":0.001,"n_epochs":"32,8","relative_initial_std":false,"relative_epsilon":false,"num_attack_steps":10,"db":"merged","seed":0}},"2":{"normal_test_acc":[0.9077441692352295],"mismatch":[],"gaussian":[0.46139171719551086,0.41459032893180847,0.5114478468894958,0.5042648315429688,0.6707070469856262,0.6877665519714355,0.5797979831695557,0.45858582854270935,0.6126823425292969,0.6008978486061096],"gaussian_attack":[0.5050504803657532,0.44814813137054443,0.5069584846496582,0.42424243688583374,0.5112233757972717,0.5021324753761292,0.5066217184066772,0.4276094138622284,0.5115600824356079,0.46329963207244873],"gaussian_with_eps_attack":[0.903030276298523,0.8896745443344116,0.8519640564918518,0.9017957448959351,0.8996632099151611,0.8765432238578796,0.9029181003570557,0.8907968401908875,0.8877665400505066,0.880583643913269],"model_params":{"batch_size":100,"eval_step_interval":200,"model_architecture":"lsnn","n_hidden":256,"wanted_words":"yes,no","attack_epsilon":0.01,"beta_lipschitzness":0.01,"n_epochs":"32,8","relative_initial_std":false,"relative_epsilon":false,"num_attack_steps":10,"db":"merged","seed":0}},"3":{"normal_test_acc":[0.9038159847259521],"mismatch":[],"gaussian":[0.7134679555892944,0.6876543760299683,0.649046003818512,0.5812570452690125,0.5867564678192139,0.6598203778266907,0.746913492679596,0.6092031598091125,0.7263748645782471,0.6244668960571289],"gaussian_attack":[0.6849607229232788,0.7556678056716919,0.6262626051902771,0.6560044884681702,0.6423119902610779,0.6306397318840027,0.7323232889175415,0.6204264760017395,0.7017956972122192,0.7058361768722534],"gaussian_with_eps_attack":[0.9039282202720642,0.8978675603866577,0.8906846046447754,0.8949495553970337,0.900336742401123,0.903142511844635,0.8876543045043945,0.8958473801612854,0.8949495553970337,0.8988776206970215],"model_params":{"batch_size":100,"eval_step_interval":200,"model_architecture":"lsnn","n_hidden":256,"wanted_words":"yes,no","attack_epsilon":0.01,"beta_lipschitzness":0.1,"n_epochs":"32,8","relative_initial_std":false,"relative_epsilon":false,"num_attack_steps":10,"db":"merged","seed":0}},"4":{"normal_test_acc":[0.8785633444786072],"mismatch":[],"gaussian":[0.7177329063415527,0.7680134773254395,0.772278368473053,0.749270498752594,0.7763187885284424,0.7749718427658081,0.726599395275116,0.7025814056396484,0.7194163799285889,0.7764309644699097],"gaussian_attack":[0.8685746788978577,0.8692480325698853,0.8628507256507874,0.8745231032371521,0.8683502674102783,0.8624017238616943,0.8732883930206299,0.8674523234367371,0.8765432238578796,0.880583643913269],"gaussian_with_eps_attack":[0.8751964569091797,0.8765432238578796,0.8714927434921265,0.8803591728210449,0.8754209280014038,0.8783389329910278,0.8672277927398682,0.8772165775299072,0.8803591132164001,0.8775533437728882],"model_params":{"batch_size":100,"eval_step_interval":200,"model_architecture":"lsnn","n_hidden":256,"wanted_words":"yes,no","attack_epsilon":0.01,"beta_lipschitzness":1.0,"n_epochs":"32,8","relative_initial_std":false,"relative_epsilon":false,"num_attack_steps":10,"db":"merged","seed":0}},"5":{"normal_test_acc":[0.8042649030685425],"mismatch":[],"gaussian":[0.7840628027915955,0.7214365601539612,0.7786756753921509,0.786980926990509,0.7524129748344421,0.796296238899231,0.5802469253540039,0.7628507018089294,0.7595959305763245,0.7764309644699097],"gaussian_attack":[0.8195285797119141,0.801908016204834,0.8021324276924133,0.8072952032089233,0.8031425476074219,0.8061728477478027,0.8152636885643005,0.8083052635192871,0.8122334480285645,0.8133557438850403],"gaussian_with_eps_attack":[0.8072950839996338,0.8157126903533936,0.8074073791503906,0.811335563659668,0.80628502368927,0.8093153834342957,0.8052749633789062,0.8031425476074219,0.8105499148368835,0.8136925101280212],"model_params":{"batch_size":100,"eval_step_interval":200,"model_architecture":"lsnn","n_hidden":256,"wanted_words":"yes,no","attack_epsilon":0.01,"beta_lipschitzness":10.0,"n_epochs":"32,8","relative_initial_std":false,"relative_epsilon":false,"num_attack_steps":10,"db":"merged","seed":0}}}