{"experiment_params":{"mismatch_level":0.5,"gaussian_eps":0.1,"gaussian_attack_eps":0.01},"0":{"normal_test_acc":[0.9196408987045288],"mismatch":[0.8419753313064575,0.8437709808349609,0.8365882039070129,0.7762064337730408,0.8057239055633545,0.8717172145843506,0.854096531867981,0.8600449562072754,0.8346801996231079,0.8044893145561218],"gaussian":[0.4267115890979767,0.44983166456222534,0.449158251285553,0.6469135284423828,0.08451177924871445,0.4740740656852722,0.678675651550293,0.6629629135131836,0.4269360303878784,0.6523008346557617],"gaussian_attack":[0.387429803609848,0.5035915374755859,0.3872053623199463,0.44691357016563416,0.4409652054309845,0.3863075375556946,0.45768800377845764,0.4461279511451721,0.42693600058555603,0.4161616265773773],"gaussian_with_eps_attack":[0.8483726382255554,0.8714926838874817,0.888552188873291,0.7957351207733154,0.8808081150054932,0.8680135011672974,0.8734006881713867,0.811335563659668,0.8914703130722046,0.8561166524887085],"model_params":{"batch_size":100,"eval_step_interval":2,"model_architecture":"lsnn","n_hidden":256,"wanted_words":"yes,no","use_epsilon_ball":true,"epsilon_lipschitzness":0.01,"num_steps_lipschitzness":10,"beta_lipschitzness":0.0,"how_many_training_steps":"2,2","data_dir":"$SCRATCH\/speech_dataset","seed":0}},"1":{"normal_test_acc":[0.9132435321807861],"mismatch":[0.8447811603546143,0.8499438166618347,0.8754208087921143,0.8324354290962219,0.8610550761222839,0.8383838534355164,0.8705947995185852,0.8517396450042725,0.7988776564598083,0.8297417759895325],"gaussian":[0.5318742990493774,0.4429853856563568,0.44635239243507385,0.7224466800689697,0.716386079788208,0.549045979976654,0.6805835962295532,0.6094275712966919,0.6514029502868652,0.4950617253780365],"gaussian_attack":[0.7416386008262634,0.7335577607154846,0.7729517817497253,0.7861952781677246,0.7508417367935181,0.6996632814407349,0.7510662078857422,0.7934905290603638,0.7318743467330933,0.7646464705467224],"gaussian_with_eps_attack":[0.9092031121253967,0.9162737727165222,0.8996633291244507,0.9017956852912903,0.8964084982872009,0.9079685807228088,0.893714964389801,0.9079686403274536,0.9113356471061707,0.9038159251213074],"model_params":{"batch_size":100,"eval_step_interval":2,"model_architecture":"lsnn","n_hidden":256,"wanted_words":"yes,no","use_epsilon_ball":true,"epsilon_lipschitzness":0.01,"num_steps_lipschitzness":10,"beta_lipschitzness":0.1,"how_many_training_steps":"2,2","data_dir":"$SCRATCH\/speech_dataset","seed":0}},"2":{"normal_test_acc":[0.9111111164093018],"mismatch":[0.8263748288154602,0.8728394508361816,0.8315376043319702,0.8685746192932129,0.8538720607757568,0.8744107484817505,0.873512864112854,0.8569023609161377,0.8662177324295044,0.8470258116722107],"gaussian":[0.7040404081344604,0.5544332265853882,0.662177324295044,0.7734006643295288,0.7699213624000549,0.7434343695640564,0.5965207815170288,0.6511784791946411,0.42199772596359253,0.7037037014961243],"gaussian_attack":[0.8999999761581421,0.8764309883117676,0.8867564797401428,0.8895622491836548,0.9001122117042542,0.9020202159881592,0.903030276298523,0.8959596157073975,0.896857500076294,0.8906846642494202],"gaussian_with_eps_attack":[0.9078563451766968,0.9141414165496826,0.9079685807228088,0.9089787006378174,0.9150392413139343,0.90505051612854,0.9059484004974365,0.9170594215393066,0.8967452645301819,0.9079685211181641],"model_params":{"batch_size":100,"eval_step_interval":2,"model_architecture":"lsnn","n_hidden":256,"wanted_words":"yes,no","use_epsilon_ball":true,"epsilon_lipschitzness":0.01,"num_steps_lipschitzness":10,"beta_lipschitzness":1.0,"how_many_training_steps":"2,2","data_dir":"$SCRATCH\/speech_dataset","seed":0}},"3":{"normal_test_acc":[0.8927048444747925],"mismatch":[0.8564534187316895,0.8468012809753418,0.7534230947494507,0.8712682723999023,0.8656566143035889,0.8594837188720703,0.8439955115318298,0.8571268320083618,0.859371542930603,0.8469135761260986],"gaussian":[0.7189674377441406,0.7920314073562622,0.7828282713890076,0.7787879109382629,0.6539843082427979,0.7457912564277649,0.8134680986404419,0.7429854273796082,0.750392735004425,0.6399551033973694],"gaussian_attack":[0.8704826235771179,0.8766554594039917,0.8766553997993469,0.8714926838874817,0.8806958794593811,0.8634118437767029,0.8795735836029053,0.8735129237174988,0.8793491125106812,0.8714926242828369],"gaussian_with_eps_attack":[0.8886644244194031,0.893714964389801,0.8915824890136719,0.8906846642494202,0.8938271999359131,0.8896744847297668,0.8875421285629272,0.8928171396255493,0.888439953327179,0.8927047848701477],"model_params":{"batch_size":100,"eval_step_interval":2,"model_architecture":"lsnn","n_hidden":256,"wanted_words":"yes,no","use_epsilon_ball":true,"epsilon_lipschitzness":0.01,"num_steps_lipschitzness":10,"beta_lipschitzness":2.5,"how_many_training_steps":"2,2","data_dir":"$SCRATCH\/speech_dataset","seed":0}},"4":{"normal_test_acc":[0.8794612884521484],"mismatch":[0.817508339881897,0.8306397199630737,0.8420875072479248,0.8134679794311523,0.8631874322891235,0.8338944911956787,0.8369247913360596,0.8392817378044128,0.8450055718421936,0.8206509351730347],"gaussian":[0.7470258474349976,0.7858586311340332,0.7767676711082458,0.6136924624443054,0.5644220113754272,0.8031425476074219,0.6636363863945007,0.8243546485900879,0.7447811365127563,0.8043770790100098],"gaussian_attack":[0.8785634636878967,0.8714926838874817,0.8775533437728882,0.8805835843086243,0.8846240639686584,0.881593644618988,0.8785633444786072,0.8776655793190002,0.8763188123703003,0.8828283548355103],"gaussian_with_eps_attack":[0.8795735239982605,0.8826038241386414,0.8805835247039795,0.8826037645339966,0.8774410486221313,0.8783389329910278,0.8792367577552795,0.8783389329910278,0.8836139440536499,0.8795735239982605],"model_params":{"batch_size":100,"eval_step_interval":2,"model_architecture":"lsnn","n_hidden":256,"wanted_words":"yes,no","use_epsilon_ball":true,"epsilon_lipschitzness":0.01,"num_steps_lipschitzness":10,"beta_lipschitzness":5.0,"how_many_training_steps":"2,2","data_dir":"$SCRATCH\/speech_dataset","seed":0}}}