{"training_accuracy":[0.53125,0.53125,0.375,0.375,0.59375,0.5625,0.34375,0.5,0.3125,0.5,0.5,0.5625],"attacked_training_accuracy":[0.3125,0.40625,0.46875,0.40625,0.40625,0.28125,0.53125,0.375,0.4375,0.40625,0.34375,0.40625],"kl_over_time":[[3.083082233956702e-8,0.00017649860819801688,0.0005508149042725563,0.0011773367878049612,0.0019177676877006888,0.00250962283462286,0.0031588468700647354,0.003689906559884548,0.004591093398630619,0.005314401350915432,0.006366461981087923],[3.57818841223434e-8,0.00042792994645424187,0.0015377041418105364,0.004082764033228159,0.007479449734091759,0.010895099490880966,0.014087462797760963,0.016092559322714806,0.018069177865982056,0.01981881447136402,0.02181425504386425],[3.524701241985895e-8,0.0018134271958842874,0.00444965111091733,0.009100677445530891,0.014909639023244381,0.019534051418304443,0.023025382310152054,0.025417286902666092,0.029178356751799583,0.03417092189192772,0.04051166772842407],[7.686681868790401e-8,0.0025265139993280172,0.006655411329120398,0.014670051634311676,0.02336028404533863,0.030971679836511612,0.036618154495954514,0.03923109918832779,0.04477902501821518,0.05217697471380234,0.06100223585963249],[7.743533103621303e-8,0.005553164053708315,0.010951759293675423,0.02147831581532955,0.03041817434132099,0.0369303822517395,0.039223406463861465,0.04039205238223076,0.04640311375260353,0.056297075003385544,0.06770651787519455],[8.321770650354665e-8,0.003746659029275179,0.011060274206101894,0.02334120124578476,0.037941087037324905,0.04795330390334129,0.056189000606536865,0.057751886546611786,0.06403674185276031,0.07259982079267502,0.08507520705461502],[6.633574400893849e-8,0.005249261390417814,0.01587553136050701,0.035973865538835526,0.055766742676496506,0.07357271015644073,0.08371014893054962,0.08069354295730591,0.08742978423833847,0.09835418313741684,0.11134831607341766],[5.228303479043461e-8,0.0007187789306044579,0.0000030250205327320145,0.0011310795089229941,0.007967337034642696,0.025777442380785942,0.04835791140794754,0.07204142957925797,0.09328780323266983,0.10299339890480042,0.11000850051641464],[9.749417273496874e-8,0.007000589743256569,0.019992759451270103,0.04058930650353432,0.06391782313585281,0.08101809769868851,0.09129347652196884,0.0929490476846695,0.1009652391076088,0.11480990052223206,0.1331736445426941],[1.220971199700216e-7,0.006721461191773415,0.02051335945725441,0.03996894508600235,0.05610840395092964,0.06699313223361969,0.07224087417125702,0.07270830869674683,0.0821153074502945,0.09568746387958527,0.11331796646118164],[1.1057537818714991e-7,0.009838324971497059,0.025572096928954124,0.05183923617005348,0.07658899575471878,0.09666663408279419,0.10642372816801071,0.1059281975030899,0.12067103385925293,0.1461927443742752,0.17367371916770935],[9.21656209129651e-8,0.006829754915088415,0.02228013053536415,0.04348236694931984,0.06126934662461281,0.06919755786657333,0.07748628407716751,0.08263269811868668,0.09529471397399902,0.11203448474407196,0.13244636356830597]]}