{"training_accuracy":[0.4699999988079071,0.4399999976158142,0.46000000834465027,0.47999998927116394,0.5199999809265137,0.5099999904632568,0.3199999928474426,0.4399999976158142,0.4300000071525574,0.4300000071525574,0.41999998688697815,0.33000001311302185,0.4300000071525574,0.4399999976158142,0.46000000834465027,0.33000001311302185,0.33000001311302185,0.3499999940395355,0.4699999988079071,0.4300000071525574],"attacked_training_accuracy":[0.47999998927116394,0.4099999964237213,0.4699999988079071,0.4300000071525574,0.3799999952316284,0.46000000834465027,0.49000000953674316,0.4399999976158142,0.4300000071525574,0.4300000071525574,0.41999998688697815,0.33000001311302185,0.4300000071525574,0.41999998688697815,0.46000000834465027,0.33000001311302185,0.33000001311302185,0.46000000834465027,0.3499999940395355,0.4300000071525574],"kl_over_time":[[5.748816978012883e-9,2.037224930973025e-6,4.737029939860804e-6,2.838924956449773e-6,9.31311569729587e-6,9.72825819189893e-6,3.8274269172688946e-5,5.5189353588502854e-5,6.912758544785902e-5,7.362764881690964e-5,7.571870810352266e-5],[-1.4585130880817587e-9,6.143767222965835e-6,2.9841628474969184e-6,6.639018920395756e-6,5.088393663754687e-6,9.914567272062413e-6,1.0961915904772468e-5,1.5174188774835784e-5,2.401023630227428e-5,2.4633631255710497e-5,6.472277163993567e-5],[1.5079087978264738e-9,4.013795842183754e-5,2.026650145126041e-5,2.981479156005662e-5,5.790170325781219e-5,7.013961294433102e-5,9.311630128649995e-5,9.717995999380946e-5,8.786065154708922e-5,7.577085489174351e-5,6.503894837806001e-5],[8.448958199736012e-10,1.282299945160048e-5,1.4965745322115254e-5,5.497427082445938e-7,9.658729140937794e-6,1.591416548762936e-5,1.2812625982405734e-6,3.1584364478476346e-5,1.086319753085263e-5,3.143917638226412e-5,4.557904685498215e-5],[5.36147704011114e-9,8.126243301376235e-6,1.140780295827426e-5,6.173248152663291e-7,1.0485166967555415e-5,2.9834097858838504e-6,1.0528252460062504e-5,3.0966637041274225e-6,1.0685477718652692e-5,3.3838889521575766e-6,1.0401837243989576e-5],[6.418899300975056e-10,1.0755178664112464e-5,6.886486517032608e-6,8.883575901563745e-6,1.7785138197723427e-6,1.9561766748665832e-5,2.7510561267263256e-5,5.924240394961089e-5,7.9276469477918e-5,0.00010313103848602623,0.00012948010407853872],[2.5690376492804035e-9,2.1000509150326252e-5,1.5738904039608315e-5,4.364057531347498e-6,1.8699056454352103e-6,3.910402665496804e-5,6.808859325246885e-5,0.00013094214955344796,0.00019040658662561327,0.00022730740602128208,0.00024939983268268406],[6.266189345183193e-9,9.156790838460438e-6,3.0743876777705736e-8,6.902125733176945e-6,2.493708734618849e-6,6.767691502318485e-6,6.005378509144066e-6,1.480609535065014e-5,1.136012542701792e-5,1.1810951036750339e-5,2.472320556989871e-5],[3.219350785954589e-9,1.3631037290906534e-5,2.021939872065559e-5,6.765179568901658e-5,0.00011020673991879448,0.00017489914898760617,0.000252352881943807,0.0003393122460693121,0.0004438800970092416,0.0005471798940561712,0.0006740784738212824],[1.3480883076510963e-9,4.900837302557193e-5,7.736362022114918e-5,0.00015890241775196046,0.00028451503021642566,0.0003966543299611658,0.0005263570928946137,0.0006888916832394898,0.0008601651061326265,0.0010569138685241342,0.001239578821696341],[3.997255859644611e-9,4.658024772652425e-5,9.114296699408442e-5,0.00019163101387675852,0.00032050200388766825,0.00047345811617560685,0.0006751373293809593,0.0008942055283114314,0.0011637534480541945,0.0014571878127753735,0.0017936502117663622],[4.593924352036538e-9,3.069832018809393e-5,1.6231280824285932e-5,1.148919909610413e-5,1.0067968105431646e-5,1.1208423529751599e-5,5.542268991121091e-5,0.00011731294944183901,0.0002524821902625263,0.00040347001049667597,0.0006309489835985005],[5.556087590008474e-9,5.3130370361031964e-6,2.5683474902393755e-8,3.867093255394138e-6,8.793675476681528e-8,3.866180577460909e-6,1.1259331245128124e-7,3.936967004847247e-6,1.847090089768244e-7,3.951276994484942e-6,1.96768681348658e-7],[3.088384215033102e-9,3.136323812213959e-6,2.3099373080981422e-8,2.9623565751535352e-6,9.63561106459565e-8,8.394045289605856e-5,0.0001461763313272968,0.00033835499198175967,0.0005761391948908567,0.000901724852155894,0.0012759151868522167],[-1.3365251960717472e-10,8.181157318176702e-5,0.0001853088615462184,0.00043215297046117485,0.0007273810333572328,0.0011514152865856886,0.001618122449144721,0.002193938009440899,0.002829651813954115,0.0035636150278151035,0.004374485928565264],[-2.4236830320489844e-9,0.00011162040755152702,0.00020574180234689265,0.0004910987336188555,0.0008259087335318327,0.0013143990654498339,0.0018666867399588227,0.0025565666146576405,0.0033187081571668386,0.004192364867776632,0.0051512750796973705],[-8.111642912922434e-9,0.000128927145851776,0.000238513937802054,0.0005683050258085132,0.0009534854907542467,0.001513345050625503,0.002144529717043042,0.0029287892393767834,0.0038077901117503643,0.004809154663234949,0.005934558343142271],[6.847185485270302e-9,0.00011595521937124431,0.00012261753727216274,0.0001039512426359579,8.896491635823622e-5,7.758037827443331e-5,6.979126192163676e-5,6.567383388755843e-5,0.00017217315325979143,0.00014115461090113968,0.00011335792078170925],[6.835340293775971e-9,0.00015982482000254095,0.00029909375007264316,0.000756553839892149,0.0011934300418943167,0.0018988709198310971,0.002676893025636673,0.003658440662547946,0.00472999969497323,0.00596592528745532,0.0073083387687802315],[2.4408404186715416e-9,1.907568275782978e-6,0.00011623890168266371,0.0001732495438773185,0.00014688201190438122,0.00012438198609743267,0.00010562799434410408,9.05661509023048e-5,7.921250653453171e-5,7.145610288716853e-5,6.740754179190844e-5]],"validation_accuracy":[0.4200000464916229],"attacked_validation_accuracies":[0.42777782678604126],"validation_kl_over_time":[[3.4515186264627573e-9,0.00013106837286613882,0.0002444311394356191,0.0004947364795953035,0.0007780911982990801,0.0011974037624895573,0.0016690701013430953,0.002260618843138218,0.0029179812408983707,0.0037052046973258257,0.00452154316008091]]}