{"validation_accuracy":[0.15022224187850952,0.1763610690832138,0.215666726231575],"attacked_validation_accuracies":[0.10894444584846497,0.13927778601646423,0.1443333625793457],"validation_kl_over_time":[[0.000014841174561297521,0.19200636446475983,0.5712047219276428,1.0461125373840332,1.574277639389038,2.1208603382110596,2.671287775039673,3.2095754146575928,3.7443063259124756,4.259185314178467,4.75435733795166],[0.000010055147868115455,0.12262310087680817,0.3969191312789917,0.8302497267723083,1.367767572402954,1.9587868452072144,2.5505239963531494,3.1607470512390137,3.7587239742279053,4.329991340637207,4.882403373718262],[0.000010236160960630514,0.12523385882377625,0.3989577889442444,0.7806800603866577,1.2236660718917847,1.6917721033096313,2.190253257751465,2.6969850063323975,3.213818311691284,3.7342569828033447,4.240353584289551]]}