{"training_accuracy":[0.2199999988079071,0.17000000178813934,0.3100000023841858,0.23000000417232513,0.41999998688697815,0.3199999928474426,0.27000001072883606,0.3799999952316284,0.4399999976158142,0.3400000035762787,0.36000001430511475,0.36000001430511475,0.38999998569488525,0.46000000834465027,0.4000000059604645,0.4099999964237213,0.41999998688697815,0.44999998807907104,0.44999998807907104,0.44999998807907104,0.4099999964237213,0.4300000071525574,0.5,0.47999998927116394,0.5199999809265137,0.5400000214576721,0.5299999713897705,0.5299999713897705,0.5899999737739563,0.5299999713897705,0.6299999952316284,0.6299999952316284,0.44999998807907104,0.6299999952316284,0.6200000047683716,0.5899999737739563,0.5699999928474426,0.5600000023841858,0.6100000143051147,0.6200000047683716],"attacked_training_accuracy":[0.1599999964237213,0.05999999865889549,0.12999999523162842,0.23999999463558197,0.17000000178813934,0.20000000298023224,0.2800000011920929,0.23999999463558197,0.1899999976158142,0.14000000059604645,0.20000000298023224,0.23999999463558197,0.27000001072883606,0.4300000071525574,0.25999999046325684,0.3100000023841858,0.28999999165534973,0.25999999046325684,0.3100000023841858,0.3100000023841858,0.33000001311302185,0.3499999940395355,0.30000001192092896,0.3499999940395355,0.38999998569488525,0.3499999940395355,0.30000001192092896,0.3700000047683716,0.36000001430511475,0.3799999952316284,0.3799999952316284,0.3799999952316284,0.3100000023841858,0.36000001430511475,0.38999998569488525,0.38999998569488525,0.3199999928474426,0.3100000023841858,0.4300000071525574,0.2800000011920929],"kl_over_time":[[1.1408322961869999e-6,0.0003270767629146576,0.0012937563005834818,0.0029797523748129606,0.005484519526362419,0.008944021537899971,0.01348154991865158,0.01931448094546795,0.0266022440046072,0.03558925911784172,0.04653816297650337],[3.3923768114618724e-6,0.00030033625080250204,0.0011037671938538551,0.002435076516121626,0.004326719790697098,0.00682245846837759,0.009978249669075012,0.01387318316847086,0.01858155056834221,0.02419697307050228,0.0308289285749197],[9.024738005791733e-7,0.00020355738524813205,0.0007923638913780451,0.0017735169967636466,0.0031709515023976564,0.005039856303483248,0.00744387274608016,0.010475249029695988,0.014283126220107079,0.018978919833898544,0.02477302961051464],[1.6474227777507622e-6,0.00017977769311983138,0.0006767163868062198,0.0014850556617602706,0.0026053092442452908,0.0040544322691857815,0.005848370026797056,0.008046788163483143,0.010667440481483936,0.013790547847747803,0.01744530163705349],[2.222731382062193e-6,0.00017005257541313767,0.0006358837126754224,0.0014219480799511075,0.0025401876773685217,0.0040229326114058495,0.005918632727116346,0.0082814060151577,0.011155405081808567,0.01461099460721016,0.01871240884065628],[3.4334218526055338e-6,0.0001708375639282167,0.0006445376202464104,0.0014423776883631945,0.002569918055087328,0.004041925072669983,0.0058538466691970825,0.008025558665394783,0.010665514506399632,0.013725843280553818,0.01730845682322979],[2.5196200112986844e-6,0.00011651903332676739,0.0005366384284570813,0.0013536792248487473,0.002645021304488182,0.004486231133341789,0.006991832051426172,0.010263406671583652,0.014423895627260208,0.019648516550660133,0.02599075809121132],[3.1065578696143348e-6,0.0001598272065166384,0.0006149084074422717,0.0014016994973644614,0.002515031723305583,0.0039936029352247715,0.005874277092516422,0.008185163140296936,0.01095917820930481,0.014257614500820637,0.018141774460673332],[4.431614797795191e-6,0.00022204461856745183,0.0008668991504237056,0.0019902116619050503,0.003664950141683221,0.006041232962161303,0.009105307050049305,0.013029474765062332,0.01778736524283886,0.02371274121105671,0.030631044879555702],[6.68319444230292e-6,0.0002744523517321795,0.0010604708222672343,0.002403274644166231,0.004432829562574625,0.007197601720690727,0.010923830792307854,0.015620188787579536,0.02147345244884491,0.028598813340067863,0.03726205602288246],[6.593013949895976e-6,0.00034840410808101296,0.0014167119516059756,0.0033156471326947212,0.005930768325924873,0.009400680661201477,0.013308829627931118,0.018013888970017433,0.02316906675696373,0.029110316187143326,0.03561000898480415],[9.384744771523401e-6,0.00022452905250247568,0.000945179839618504,0.002313475590199232,0.004367452580481768,0.007141286041587591,0.010780753567814827,0.015082092024385929,0.020130986347794533,0.02601487748324871,0.03294814005494118],[7.163062036852352e-6,0.0002555669052526355,0.0012678835773840547,0.0033596192952245474,0.006459401920437813,0.010128805413842201,0.014599652960896492,0.02001159079372883,0.026350293308496475,0.03403851017355919,0.043047986924648285],[3.0187267839210108e-5,0.0005981942522339523,0.0017682709731161594,0.003921157214790583,0.006370457820594311,0.00946737825870514,0.013235289603471756,0.01813877932727337,0.023996582254767418,0.030506009235978127,0.03759753331542015],[1.5180455193331e-5,0.0005440455279313028,0.0020450062584131956,0.004668944515287876,0.008361997082829475,0.013063866645097733,0.019040873274207115,0.026708563789725304,0.03509578853845596,0.045018214732408524,0.056467246264219284],[2.2337979316944256e-5,0.0007404728676192462,0.001526840846054256,0.0034554866142570972,0.005997863132506609,0.010430801659822464,0.0148286372423172,0.01977061666548252,0.025579703971743584,0.03266136720776558,0.04138891026377678],[2.0164758097962476e-5,0.0007566983695141971,0.002873986028134823,0.006770653650164604,0.01158310379832983,0.017969846725463867,0.02569485455751419,0.03506488725543022,0.04570014029741287,0.057871073484420776,0.07238767296075821],[1.894705019367393e-5,0.0007788081420585513,0.0032378050964325666,0.007500193547457457,0.013655598275363445,0.022171780467033386,0.03244757279753685,0.04450599104166031,0.059288252145051956,0.07636819034814835,0.09674905240535736],[0.00012601251364685595,0.0009971726685762405,0.0037577736657112837,0.007467188872396946,0.013992390595376492,0.02362128719687462,0.03534271568059921,0.05021362006664276,0.07004904001951218,0.09606543928384781,0.12384714931249619],[0.00010213259520241991,0.0009865079773589969,0.0035976760555058718,0.007165513001382351,0.013346418738365173,0.020320124924182892,0.029466861858963966,0.04033347964286804,0.05336947366595268,0.07017303258180618,0.08706653118133545],[5.743749352404848e-5,0.0005739175248891115,0.002700214274227619,0.006773769855499268,0.012858669273555279,0.02095610648393631,0.031699519604444504,0.04476918280124664,0.06102245673537254,0.08061306923627853,0.10107097029685974],[7.591718167532235e-5,0.0007529196445830166,0.002389108296483755,0.005751281976699829,0.014428817667067051,0.021303674206137657,0.029724471271038055,0.04337233304977417,0.05494046211242676,0.06766051799058914,0.08384790271520615],[6.126127118477598e-5,0.0010903049260377884,0.005283793900161982,0.01159370131790638,0.02160637080669403,0.033824410289525986,0.05036132037639618,0.07098673284053802,0.0972195491194725,0.12534470856189728,0.1572115123271942],[5.688099190592766e-5,0.0017929079476743937,0.006168743129819632,0.012579919770359993,0.022423280403017998,0.03407663106918335,0.04910840094089508,0.06693604588508606,0.08690708875656128,0.11205825209617615,0.1389523595571518],[0.0001793110859580338,0.0017434435430914164,0.0035850394051522017,0.007870707660913467,0.013512847945094109,0.02138425223529339,0.030279170721769333,0.04158973693847656,0.05712027847766876,0.07440750300884247,0.0955367237329483],[7.170400931499898e-5,0.0011531468480825424,0.004696775693446398,0.01171304751187563,0.020704908296465874,0.0330895334482193,0.04803836718201637,0.06336989253759384,0.07995166629552841,0.09820792824029922,0.11903101950883865],[0.00021962348546367139,0.0027014820370823145,0.00893484242260456,0.018102718517184258,0.03097657673060894,0.05116603150963783,0.07175438851118088,0.0968594029545784,0.12384290248155594,0.16248290240764618,0.1973431408405304],[0.00012797002273146063,0.0019289704505354166,0.006216834764927626,0.013098953291773796,0.022542018443346024,