{"training_accuracy":[0.5,0.6200000047683716],"attacked_training_accuracy":[0.33000001311302185,0.3799999952316284],"kl_over_time":[[5.8439812988808626e-8,0.001010377542115748,0.0020502470433712006,0.0038249753415584564,0.0060622915625572205,0.0075765023939311504,0.009136874228715897,0.010418927296996117,0.012569943442940712,0.015119392424821854,0.017845312133431435],[1.334571066990975e-7,0.00437643239274621,0.007679513655602932,0.013837998732924461,0.020042503252625465,0.023850735276937485,0.026049070060253143,0.027728509157896042,0.03353988751769066,0.041271258145570755,0.05186198651790619]]}