{"training_accuracy":[0.6499999761581421],"attacked_training_accuracy":[0.23000000417232513],"kl_over_time":[[4.056763827975374e-6,0.31163427233695984,1.6569124460220337,2.6414337158203125,3.5798099040985107,4.037260055541992,4.9100141525268555,5.603781223297119,6.22188663482666,6.985527038574219,7.515004634857178]]}