{"training_accuracy":[0.640625,0.4375,0.515625,0.4375,0.4765625,0.4375,0.453125,0.4921875,0.4453125,0.5703125,0.484375,0.5390625,0.5859375,0.625,0.578125,0.6484375,0.59375,0.6953125,0.5703125,0.65625,0.6484375,0.609375,0.6953125,0.625,0.6796875,0.65625,0.6796875,0.6640625,0.703125,0.609375,0.59375,0.59375,0.6171875,0.6328125,0.703125,0.671875,0.59375,0.578125,0.7265625,0.6171875,0.6328125,0.6484375,0.609375,0.625,0.6484375,0.625,0.6328125,0.703125,0.65625,0.6953125,0.671875],"attacked_training_accuracy":[0.4375,0.421875,0.3828125,0.4296875,0.390625,0.3984375,0.4453125,0.40625,0.40625,0.390625,0.40625,0.4453125,0.4609375,0.515625,0.4453125,0.390625,0.4140625,0.5,0.4375,0.4375,0.375,0.359375,0.421875,0.4296875,0.4296875,0.359375,0.390625,0.3046875,0.4609375,0.4375,0.40625,0.359375,0.375,0.4921875,0.3828125,0.4453125,0.421875,0.3984375,0.390625,0.390625,0.421875,0.4296875,0.3828125,0.421875,0.5078125,0.359375,0.3515625,0.4453125,0.4296875,0.3984375,0.390625],"kl_over_time":[[3.641033075041378e-8,0.00011356835602782667,0.0002921201230492443,0.0006652883603237569,0.0009833131916821003,0.0013356197159737349,0.0018449538620188832,0.002514589810743928,0.0035337810404598713,0.004744469188153744,0.006073992233723402],[3.577746099381329e-8,0.000056433811550959945,0.0000035093826227239333,0.0007083362434059381,0.001487436587922275,0.003151626791805029,0.005209152586758137,0.006966760847717524,0.008836409077048302,0.010489964857697487,0.012556198984384537],[5.038987893613012e-8,0.00010362766624893993,0.000004823530161957024,0.0009044277830980718,0.0024600366596132517,0.005035341717302799,0.007852097973227501,0.0105825150385499,0.013402137905359268,0.015226698480546474,0.018135765567421913],[6.012816555767131e-8,0.001452266937121749,0.0032910811714828014,0.006892830599099398,0.011196010746061802,0.015254966914653778,0.019817572087049484,0.02408869005739689,0.029470298439264297,0.03647403419017792,0.044647034257650375],[6.805743169024936e-8,0.00014763233775738627,0.00044457838521339,0.0007896570023149252,0.0005064794677309692,0.0004108293796889484,0.0005953554064035416,0.003931047394871712,0.01042027398943901,0.01959085464477539,0.030629456043243408],[8.158925624002222e-8,0.001944495365023613,0.0045849718153476715,0.009333495050668716,0.01458275131881237,0.018602460622787476,0.02349109947681427,0.0284187700599432,0.036066293716430664,0.046072203665971756,0.058566395193338394],[1.1251928810906975e-7,0.0018882190342992544,0.005770839750766754,0.011587036773562431,0.017770031467080116,0.023480426520109177,0.029748262837529182,0.034175507724285126,0.04233270138502121,0.05448759347200394,0.06951360404491425],[8.844045851219562e-8,0.0012244312092661858,0.00540398433804512,0.011706162244081497,0.01906367763876915,0.026978492736816406,0.033206455409526825,0.03696511313319206,0.04582371190190315,0.05950344353914261,0.07687996327877045],[1.0209812728589895e-7,0.0029928935691714287,0.0075942035764455795,0.016591424122452736,0.027361851185560226,0.040184587240219116,0.053325165063142776,0.064242422580719,0.08133077621459961,0.10489550232887268,0.132944256067276],[1.4213642884897126e-7,0.00276676076464355,0.007450560107827187,0.016875911504030228,0.027418125420808792,0.04026313126087189,0.053682830184698105,0.06606291234493256,0.08301281929016113,0.10592211782932281,0.13427703082561493],[1.2576788321894128e-7,0.002515186555683613,0.00708375358954072,0.014706315472722054,0.023149432614445686,0.03193354606628418,0.04253152385354042,0.05316780507564545,0.07062903046607971,0.09348292648792267,0.12219417095184326],[1.3500390139142837e-7,0.0015466664917767048,0.004841004963964224,0.012591454200446606,0.022441299632191658,0.034667499363422394,0.047637663781642914,0.060151200741529465,0.07476437836885452,0.09270625561475754,0.11704505234956741],[1.3775826346318354e-7,0.0009798335377126932,0.0011756254825741053,0.007438632193952799,0.016681216657161713,0.030970484018325806,0.04870912432670593,0.06829197704792023,0.0887662023305893,0.10761368274688721,0.13423237204551697],[1.6608768760306702e-7,0.002869468880817294,0.00866522267460823,0.0201408751308918,0.03410014137625694,0.052115704864263535,0.07218228280544281,0.09239540994167328,0.12109100818634033,0.15912196040153503,0.2047979235649109],[1.672230780513928e-7,0.0000594578668824397,0.0001686866016825661,0.0032713976688683033,0.008867998607456684,0.018476946279406548,0.030308391898870468,0.045525263994932175,0.06125418841838837,0.0776401087641716,0.1019115000963211],[2.1236894554022e-7,0.00008285563671961427,0.0028743520379066467,0.009087146259844303,0.020806143060326576,0.035699598491191864,0.05468189716339111,0.076032355427742,0.10417614132165909,0.13765724003314972,0.1810624599456787],[2.4883809146558633e-7,0.0033265873789787292,0.009391656145453453,0.021042583510279655,0.03686583787202835,0.05601527914404869,0.0811552107334137,0.11133342981338501,0.14970874786376953,0.1977756917476654,0.2527371644973755],[1.658217172462173e-7,0.0011127872858196497,0.0015105810016393661,0.001577806775458157,0.001826171763241291,0.0024042814038693905,0.004104422405362129,0.011178070679306984,0.02725568413734436,0.051150329411029816,0.08318601548671722],[1.8890014530370536e-7,0.0031763073056936264,0.00963558442890644,0.02127150259912014,0.036015890538692474,0.05444369465112686,0.0775873214006424,0.10763444006443024,0.14729991555213928,0.19609472155570984,0.2535315752029419],[2.3480448874124704e-7,0.000310729315970093,0.004527270793914795,0.012568501755595207,0.02510087750852108,0.042416125535964966,0.06434890627861023,0.09094129502773285,0.12470187246799469,0.1669040024280548,0.22042424976825714],[2.7900014742954227e-7,0.003346626413986087,0.010689951479434967,0.024749189615249634,0.046126678586006165,0.07441866397857666,0.11210217326879501,0.15748988091945648,0.2138892263174057,0.28155720233917236,0.3602200746536255],[1.9832211251014087e-7,0.0038403228390961885,0.01143694669008255,0.0259360633790493,0.04737481847405434,0.07425002008676529,0.11226959526538849,0.16095063090324402,0.2216458022594452,0.2919459939002991,0.3727608323097229],[2.9498710318875965e-7,0.0005691042169928551,0.0032273237593472004,0.010638309642672539,0.02258467674255371,0.0394459068775177,0.0627245306968689,0.09174779057502747,0.1267673224210739,0.1670641303062439,0.21733883023262024],[2.445050597543741e-7,0.00007497251499444246,0.00040733307832852006,0.0035313169937580824,0.015306930057704449,0.03470202535390854,0.06496746838092804,0.10707562416791916,0.16349785029888153,0.23230035603046417,0.3127547800540924],[2.1793135829284438e-7,0.004054968245327473,0.012567565776407719,0.02890401892364025,0.05414564907550812,0.08783213049173355,0.13471610844135284,0.19428983330726624,0.2673114538192749,0.35238054394721985,0.4492650032043457],[3.0480964596790727e-7,0.0035116970539093018,0.011072089895606041,0.026496171951293945,0.05062127113342285,0.08269471675157547,0.12598055601119995,0.1801091432571411,0.24659843742847443,0.3254399299621582,0.4167022407054901],[2.516231347726716e-7,0.003922540694475174,0.012317406013607979,0.027834221720695496,0.04855433851480484,0.07649998366832733,0.11475155502557755,0.1645909547805786,0.22577963769435883,0.298223614692688,0.381534218788147],[2.929576794485911e-7,0.004543775226920843,0.014423315413296223,0.03313997760415077,0.06141182780265808,0.10125315189361572,0.1549556702375412,0.22216245532035828,0.30546605587005615,0.4032381772994995,0.5147199034690857],[3.6709357686959265e-7,0.003320779651403427,0.011056494899094105,0.02504822239279747,0.04393209517002106,0.06949850171804428,0.10342857241630554,0.14532148838043213,0.19825589656829834,0.2618680000305176,0.33545663952827454],[3.0964469033278874e-7,0.0047771017998456955,0.015027083456516266,0.034933291375637054,0.06528274714946747,0.10838890075683594,0.1670718491077423,0.24058786034584045,0.3283323347568512,0.428300678730011,0.5401245951652527],[2.9288025871210266e-7,0.0003294707858003676,0.005380419548600912,0.015051456168293953,0.0312841460108757,0.0542498417198658,0.08543767780065536,