{"weight_magnitude":[0.15953035652637482,0.15952372550964355],"robustness":[0.10592999309301376,0.22046001255512238],"test_acc":[0.09889999777078629,0.770799994468689]}