{"training_accuracy":[0.6100000143051147,0.7699999809265137,0.6800000071525574,0.7400000095367432,0.7699999809265137,0.7300000190734863,0.8199999928474426,0.8299999833106995,0.7799999713897705,0.6899999976158142,0.8100000023841858,0.7900000214576721,0.8500000238418579,0.8199999928474426,0.8600000143051147,0.8700000047683716,0.7300000190734863,0.8299999833106995,0.800000011920929,0.8199999928474426,0.9100000262260437,0.8700000047683716,0.9200000166893005,0.800000011920929,0.8500000238418579,0.8999999761581421,0.5099999904632568,0.6399999856948853,0.7099999785423279,0.75,0.7599999904632568,0.6399999856948853,0.5799999833106995,0.6100000143051147,0.6200000047683716,0.8199999928474426,0.75,0.7699999809265137,0.8199999928474426,0.800000011920929,0.800000011920929,0.7599999904632568],"attacked_training_accuracy":[0.2199999988079071,0.23999999463558197,0.10000000149011612,0.07999999821186066,0.17000000178813934,0.07999999821186066,0.25,0.2199999988079071,0.23000000417232513,0.11999999731779099,0.33000001311302185,0.2199999988079071,0.4000000059604645,0.2800000011920929,0.15000000596046448,0.33000001311302185,0.23000000417232513,0.46000000834465027,0.2199999988079071,0.2800000011920929,0.25999999046325684,0.1599999964237213,0.10000000149011612,0.1899999976158142,0.12999999523162842,0.1899999976158142,0.03999999910593033,0.019999999552965164,0.18000000715255737,0.23999999463558197,0.18000000715255737,0.17000000178813934,0.07000000029802322,0.07999999821186066,0.12999999523162842,0.019999999552965164,0.029999999329447746,0.12999999523162842,0.10000000149011612,0.11999999731779099,0.11999999731779099,0.15000000596046448],"kl_over_time":[[1.8306740230400464e-6,0.06845653057098389,0.2939617335796356,0.687865674495697,1.0479371547698975,1.6485964059829712,2.3750030994415283,3.0219130516052246,3.5814409255981445,4.0652289390563965,3.9119558334350586],[7.368398655671626e-7,0.07367341965436935,0.3055844306945801,0.5100581049919128,0.8599625825881958,1.2350318431854248,1.6895779371261597,2.171590566635132,2.719193458557129,3.3222410678863525,3.8316428661346436],[3.6950339108443586e-6,0.049387797713279724,0.19310668110847473,0.4541451930999756,0.8617579340934753,1.3246574401855469,1.9246633052825928,2.4824306964874268,3.0519981384277344,3.623532295227051,4.237748146057129],[1.193475100080832e-6,0.06845371425151825,0.24217242002487183,0.5681684613227844,1.0025432109832764,1.4320214986801147,1.9826483726501465,2.4616708755493164,2.9469618797302246,3.6148130893707275,4.050062656402588],[1.0782835033751326e-6,0.04816606268286705,0.20270374417304993,0.46882665157318115,0.8167300224304199,1.1358442306518555,1.5644700527191162,2.0719735622406006,2.6068520545959473,3.1870367527008057,3.7797374725341797],[1.2218323490742478e-6,0.10697226226329803,0.32603734731674194,0.6230266690254211,1.0386847257614136,1.5533860921859741,1.8704982995986938,2.445261240005493,3.273589611053467,4.062727451324463,4.6940460205078125],[7.264179089361278e-7,0.049804095178842545,0.19556495547294617,0.439513623714447,0.7433264851570129,1.1163233518600464,1.49960196018219,1.8462390899658203,2.3280694484710693,2.8699772357940674,3.58874773979187],[7.132969130907441e-7,0.041792452335357666,0.17472286522388458,0.41283607482910156,0.7585520148277283,1.201296329498291,1.6786342859268188,2.1373660564422607,2.6119444370269775,3.110811710357666,3.5788512229919434],[1.1152795877933386e-6,0.06979899853467941,0.17551682889461517,0.3809587061405182,0.628151535987854,0.9292392730712891,1.2846277952194214,1.7124685049057007,2.090649127960205,2.6604745388031006,3.1547605991363525],[1.031529791362118e-6,0.04229776933789253,0.19508200883865356,0.4985480010509491,0.9365234375,1.4949618577957153,1.9828041791915894,2.5146358013153076,3.0246450901031494,3.465480327606201,3.9783833026885986],[6.240987318051339e-7,0.0509406216442585,0.20390407741069794,0.4319956600666046,0.7228969931602478,1.1915786266326904,1.525007724761963,1.9878207445144653,2.4367146492004395,2.862229585647583,3.3341331481933594],[7.446504923791508e-7,0.0463862307369709,0.198683500289917,0.48919326066970825,0.7695895433425903,1.0658018589019775,1.533413052558899,2.162423849105835,2.98998761177063,3.746372699737549,4.4466118812561035],[1.2139923910581274e-6,0.05214809253811836,0.194142684340477,0.3596206605434418,0.5563370585441589,0.9063583016395569,1.3837926387786865,1.9541966915130615,2.427243947982788,2.804572582244873,3.1362504959106445],[6.12674227795651e-7,0.028233002871274948,0.14705456793308258,0.3854895830154419,0.7288505434989929,1.0739237070083618,1.500084638595581,1.9788520336151123,2.325305938720703,2.747677803039551,3.2686309814453125],[5.912373808314442e-7,0.037348873913288116,0.1723421812057495,0.4506953954696655,0.7657263875007629,1.1796334981918335,1.6320985555648804,2.1653382778167725,2.770599365234375,3.254822254180908,3.711477041244507],[5.696053335668694e-7,0.036225754767656326,0.18474309146404266,0.41684702038764954,0.7019593715667725,1.0160560607910156,1.3791837692260742,1.825292944908142,2.269998788833618,2.58933424949646,2.935352325439453],[1.0283091569363023e-6,0.04886394739151001,0.1627226620912552,0.3472810685634613,0.6371781229972839,1.0341434478759766,1.4635632038116455,2.0511581897735596,2.7156474590301514,3.088096857070923,3.6203503608703613],[5.019883815293724e-7,0.024294916540384293,0.12498969584703445,0.2709396183490753,0.4890069365501404,0.7114331722259521,1.0014067888259888,1.4584410190582275,1.8763105869293213,2.273223876953125,2.5983493328094482],[7.539250077570614e-7,0.028235111385583878,0.12454535812139511,0.32768020033836365,0.6115456819534302,0.8798115849494934,1.2859998941421509,1.7621090412139893,2.1372482776641846,2.5618138313293457,2.9254493713378906],[9.938897846950567e-7,0.038101255893707275,0.22976697981357574,0.5664093494415283,1.0067148208618164,1.4522974491119385,1.8391097784042358,2.3765218257904053,3.0083279609680176,3.4315943717956543,3.944981813430786],[8.453075110992359e-7,0.03392238914966583,0.1683938205242157,0.4229830205440521,0.7792291641235352,1.2461990118026733,1.76590096950531,2.231959104537964,2.6302242279052734,3.045606851577759,3.5244481563568115],[7.803295716257708e-7,0.08631447702646255,0.47862619161605835,0.9368316531181335,1.4724786281585693,1.9670815467834473,2.586005449295044,3.1882660388946533,3.7970402240753174,4.278538227081299,4.960599422454834],[9.574270052326028e-7,0.06865999102592468,0.23904041945934296,0.4400118291378021,0.7612884640693665,1.1674493551254272,1.6548303365707397,2.1914727687835693,2.7549705505371094,3.4480624198913574,4.348153591156006],[8.885430702321173e-7,0.04767317324876785,0.19478388130664825,0.45202314853668213,0.6638874411582947,0.9531574845314026,1.338584303855896,1.697677731513977,2.093010425567627,2.658120632171631,3.4159345626831055],[8.45066097099334e-7,0.047105684876441956,0.24219664931297302,0.5828475952148438,0.886836051940918,1.3071575164794922,1.7900197505950928,2.23888897895813,2.7644259929656982,3.220733642578125,3.727886199951172],[9.349142828796175e-7,0.045871179550886154,0.21169087290763855,0.4585949182510376,0.779985785484314,1.1630849838256836,1.68168044090271,2.241271734237671,2.713547945022583,3.2759759426116943,3.641589641571045],[1.5008753280199016e-6,0.10967700928449631,0.268818199634552,0.4252224564552307,0.6155489087104797,0.9513247609138489,1.445660948753357,2.093576669692993,2.9037868976593018,3.7111449241638184,4.346171855926514],[2.0628192487492925e-6,0.04214317724108696,0.2398344874382019,0.5590570569038391,0.9048519730567932,1.0717127323150635,1.3024581670761108,1.6397674083709717,2.341594696044922,2.9485838413238525,3.431535243988037],[2.6293164410162717e-6,0.05448842793703079,0.12006328254938126,0.31237396597862244,0.5412711501121521,0.8342013359069824,1.2536486387252808,1.872005820274353,2.4660913944244385,3.0112946033477783,3.426640033721924],[6.80382640894095e-7,0.10312610119581223,0.18200233578681946,0.38976770639419556,0.6859074234962463,0.9691585898399353,1.2686666250228882,1.6999481916427612,2.1106245517730713,