{"training_accuracy":[0.23000000417232513,0.17000000178813934,0.27000001072883606,0.1899999976158142,0.3799999952316284,0.30000001192092896,0.25999999046325684,0.36000001430511475,0.4099999964237213,0.33000001311302185,0.3400000035762787,0.3700000047683716,0.41999998688697815,0.4300000071525574,0.38999998569488525,0.4000000059604645,0.41999998688697815,0.44999998807907104,0.4699999988079071,0.4300000071525574,0.38999998569488525,0.4099999964237213,0.6000000238418579,0.5199999809265137,0.5899999737739563,0.49000000953674316,0.47999998927116394],"attacked_training_accuracy":[0.1599999964237213,0.1599999964237213,0.25999999046325684,0.15000000596046448,0.20999999344348907,0.18000000715255737,0.11999999731779099,0.30000001192092896,0.1599999964237213,0.20999999344348907,0.1899999976158142,0.27000001072883606,0.3100000023841858,0.3199999928474426,0.3700000047683716,0.3100000023841858,0.3100000023841858,0.33000001311302185,0.36000001430511475,0.27000001072883606,0.2199999988079071,0.25,0.4000000059604645,0.3100000023841858,0.27000001072883606,0.2800000011920929,0.25999999046325684],"kl_over_time":[[3.463971864903215e-8,2.5164779799524695e-5,0.00011214258120162413,0.0002669517125468701,0.0004971339367330074,0.0008094160002656281,0.0012094479752704501,0.0017102741403505206,0.0023279853630810976,0.0030575215350836515,0.0039299787022173405],[4.46126975361949e-8,2.3114436771720648e-5,0.00011233487748540938,0.00027967270580120385,0.0005374348256736994,0.0009059741860255599,0.0013968899147585034,0.0020159634295850992,0.002782740630209446,0.0037105854135006666,0.004812086001038551],[8.767059256342691e-8,1.968489414139185e-5,9.837302786763757e-5,0.0002447988954372704,0.00047083033132366836,0.0008014292689040303,0.0012449041241779923,0.0018098349682986736,0.0025115623138844967,0.0033543664030730724,0.004363777115941048],[1.3758260308804893e-7,4.1992621845565736e-5,0.00019685587903950363,0.0004836942534893751,0.0009095664136111736,0.0014749969122931361,0.002204502234235406,0.0031071575358510017,0.004204587545245886,0.00550047867000103,0.007008520420640707],[2.0481300566643768e-7,3.8525238778674975e-5,0.00018419991829432547,0.0004449338011909276,0.0008205391932278872,0.001313336892053485,0.0019100150093436241,0.002642757724970579,0.0034835052210837603,0.004464971832931042,0.005553286988288164],[3.818715015313501e-7,4.6994962758617476e-5,0.00023431825684383512,0.0005719910841435194,0.0010719995480030775,0.0017395089380443096,0.002586139366030693,0.0035947172436863184,0.004799541085958481,0.006183976773172617,0.007763196248561144],[5.319812430570892e-7,7.28610175428912e-5,0.00036452978383749723,0.0008936629164963961,0.001703697140328586,0.0028208589646965265,0.004274384118616581,0.0060830689035356045,0.008302923291921616,0.010971100069582462,0.014118077233433723],[8.817842171993107e-7,7.640940748387948e-5,0.0003916000423487276,0.0009524333872832358,0.0017704819329082966,0.0027966040652245283,0.00403498625382781,0.005465323105454445,0.007132449187338352,0.008980474434792995,0.011026103049516678],[8.135361326822022e-7,0.00012337295629549772,0.0005925269797444344,0.0014016160275787115,0.002568749710917473,0.004101815167814493,0.005981863010674715,0.008212502114474773,0.01076806616038084,0.013723449781537056,0.017055939882993698],[9.760935881786281e-7,5.2576557209249586e-5,0.000371888600056991,0.001086459611542523,0.0022932428400963545,0.004018460866063833,0.0063609350472688675,0.009347673505544662,0.013027846813201904,0.01746833510696888,0.022763609886169434],[1.5799926131876418e-6,0.00015259443898685277,0.0008593734237365425,0.0023100720718503,0.004630289971828461,0.007446343079209328,0.010983730666339397,0.014919774606823921,0.019966356456279755,0.025284580886363983,0.031118130311369896],[1.9540555058483733e-6,0.00022550555877387524,0.0010745205217972398,0.0027594142593443394,0.005260843317955732,0.008510961197316647,0.012627209536731243,0.017710745334625244,0.023545626550912857,0.030448410660028458,0.03855495527386665],[2.6865279778576223e-6,0.00027772391331382096,0.0022702349815517664,0.0050651454366743565,0.008971448056399822,0.014128494076430798,0.020505616441369057,0.02797434665262699,0.03687020018696785,0.04751202464103699,0.05952610820531845],[2.1605726487905486e-6,0.00044985016575083137,0.0016437999438494444,0.00394781306385994,0.007704724092036486,0.012926910072565079,0.019104357808828354,0.026005152612924576,0.03349507227540016,0.04323216900229454,0.05608529970049858],[2.4319408566952916e-6,0.00039804840344004333,0.0016937550390139222,0.004218680784106255,0.007997560314834118,0.012752112932503223,0.018684949725866318,0.02559003233909607,0.03328320384025574,0.041871096938848495,0.051139771938323975],[6.433803264371818e-6,0.0005763911176472902,0.002498054411262274,0.00611929502338171,0.011002478189766407,0.017338115721940994,0.02655676379799843,0.03577786311507225,0.047080304473638535,0.060039762407541275,0.07350526005029678],[9.636779395805206e-6,0.0007747458294034004,0.00275096925906837,0.006889399141073227,0.01311810314655304,0.021641459316015244,0.032481834292411804,0.04509769380092621,0.05999622866511345,0.07748041301965714,0.09528190642595291],[6.4612331698299386e-6,0.0011671400861814618,0.005508563481271267,0.012667803093791008,0.0226377435028553,0.03447047248482704,0.048307765275239944,0.06378518044948578,0.08171503990888596,0.10128286480903625,0.12343785911798477],[6.39304198557511e-6,0.0004428608517628163,0.0028290986083447933,0.007701222784817219,0.014999094419181347,0.02534000761806965,0.036557119339704514,0.049600888043642044,0.06290731579065323,0.07780292630195618,0.10001203417778015],[1.5184599760686979e-5,0.005507250316441059,0.012033811770379543,0.02371923439204693,0.0384196974337101,0.05784135311841965,0.08039457350969315,0.105586476624012,0.13598333299160004,0.16863557696342468,0.20628589391708374],[6.700841822748771e-6,0.0012952202232554555,0.005936101078987122,0.014324856922030449,0.027232030406594276,0.04356807470321655,0.0646744892001152,0.0893918052315712,0.12016509473323822,0.15592284500598907,0.195364311337471],[9.263665560865775e-6,0.0008894459460861981,0.00435120053589344,0.010737573727965355,0.02646636962890625,0.04332129284739494,0.06766544282436371,0.09662454575300217,0.1264241635799408,0.1615191549062729,0.20188337564468384],[4.7781006287550554e-5,0.0013820892199873924,0.0058408030308783054,0.015426010824739933,0.02828836813569069,0.04693951457738876,0.06850668042898178,0.09411121159791946,0.12541602551937103,0.16206108033657074,0.2021726816892624],[2.3387023247778416e-5,0.0004231338098179549,0.0027985682245343924,0.009676709771156311,0.022972263395786285,0.0422108918428421,0.07202522456645966,0.10484897345304489,0.14060544967651367,0.18083614110946655,0.22638064622879028],[2.7394584321882576e-5,0.003492762567475438,0.010620142333209515,0.027830520644783974,0.056371886283159256,0.09134462475776672,0.13328830897808075,0.18958240747451782,0.24825093150138855,0.31328895688056946,0.38395747542381287],[1.1995268323516939e-5,0.0025651382748037577,0.01135230716317892,0.027221497148275375,0.050521548837423325,0.07806015014648438,0.11236515641212463,0.15241725742816925,0.19721147418022156,0.2480708658695221,0.30334943532943726],[2.9139420803403482e-5,0.0011725833173841238,0.008114556781947613,0.023618197068572044,0.048783231526613235,0.08366016298532486,0.124058298766613,0.1684807687997818,0.22383016347885132,0.28843042254447937,0.3587649166584015]],"validation_accuracy":[0.4634508490562439],"attacked_validation_accuracies":[0.3172541856765747],"validation_kl_over_time":[[2.3774746296112426e-5,0.0008531520725227892,0.004899927414953709,0.012693419121205807,0.02418782189488411,0.03977302461862564,0.05911053717136383,0.08205708861351013,0.1092316210269928,0.14054085314273834,0.1758502572774887]]}