{"weight_magnitude":[0.15953035652637482,0.2626618444919586,0.3657969534397125,0.46893298625946045,0.5720710754394531,0.6752110123634338,0.778351902961731,0.8814929723739624,0.9846343994140625,1.0877760648727417,1.1909174919128418,1.2940571308135986,1.3971962928771973,1.5003349781036377,1.6034722328186035,1.7066041231155396,1.8097381591796875,1.9128693342208862,2.0001659393310547,2.000152111053467],"robustness":[0.11311999708414078,0.283189982175827,0.3818899989128113,0.5066699981689453,0.6307300329208374,0.667739987373352,0.7414900064468384,0.766979992389679,0.8018000721931458,0.8297299146652222,0.8568700551986694,0.860819935798645,0.9013000726699829,0.8155699968338013,0.9256699681282043,0.9071800112724304,0.9242299199104309,0.9318400621414185,0.9100900888442993,0.9124000668525696],"test_acc":[0.09889999777078629,0.7361000180244446,0.7940999865531921,0.82669997215271,0.8471999764442444,0.8708000183105469,0.8765000104904175,0.8795999884605408,0.8925999999046326,0.897599995136261,0.9028000235557556,0.8991000056266785,0.9258999824523926,0.8425999879837036,0.9368000030517578,0.9229999780654907,0.9363999962806702,0.9405999779701233,0.9190999865531921,0.9208999872207642]}