{"training_accuracy":[0.4300000071525574,0.4399999976158142,0.5099999904632568,0.4300000071525574,0.6399999856948853,0.49000000953674316,0.5899999737739563,0.6700000166893005,0.5899999737739563,0.46000000834465027],"attacked_training_accuracy":[0.20999999344348907,0.3499999940395355,0.3700000047683716,0.36000001430511475,0.25,0.23000000417232513,0.3100000023841858,0.4000000059604645,0.44999998807907104,0.25999999046325684],"kl_over_time":[[1.3819648027420044,1.38264000415802,1.3835407495498657,1.3843070268630981,1.3851348161697388,1.3859102725982666,1.3868743181228638,1.387549877166748,1.3882609605789185,1.389056921005249,1.3898813724517822],[1.3735244274139404,1.3748465776443481,1.375967264175415,1.3773683309555054,1.3785624504089355,1.3799203634262085,1.381111741065979,1.382363200187683,1.3835155963897705,1.3847241401672363,1.3860604763031006],[1.3633487224578857,1.3650083541870117,1.3667689561843872,1.3682442903518677,1.3697363138198853,1.3714371919631958,1.3729392290115356,1.3745313882827759,1.3756849765777588,1.3769397735595703,1.378106713294983],[1.333886742591858,1.3384214639663696,1.3429447412490845,1.3459562063217163,1.3490204811096191,1.352553129196167,1.3549660444259644,1.357747197151184,1.3602852821350098,1.3631805181503296,1.3652980327606201],[1.285421371459961,1.2924671173095703,1.3004229068756104,1.3070586919784546,1.3137257099151611,1.3196187019348145,1.3247792720794678,1.3343781232833862,1.3412467241287231,1.3498820066452026,1.3576370477676392],[1.266456961631775,1.2666077613830566,1.2695990800857544,1.2781368494033813,1.2945621013641357,1.3235862255096436,1.3498308658599854,1.4116750955581665,1.4389032125473022,1.4519370794296265,1.464457392692566],[1.1915925741195679,1.2063567638397217,1.2157602310180664,1.2330795526504517,1.244516372680664,1.2634203433990479,1.2733075618743896,1.2942299842834473,1.3153116703033447,1.3372581005096436,1.349103331565857],[1.1817080974578857,1.1967720985412598,1.2201857566833496,1.2188899517059326,1.2405372858047485,1.2553966045379639,1.2630692720413208,1.283038854598999,1.2923986911773682,1.3042871952056885,1.3289841413497925],[1.12824547290802,1.1514257192611694,1.167156457901001,1.185089349746704,1.192473292350769,1.210849404335022,1.228101134300232,1.2480549812316895,1.2719738483428955,1.2907971143722534,1.3071686029434204],[1.1202948093414307,1.1516770124435425,1.1902978420257568,1.2385531663894653,1.2593233585357666,1.2863951921463013,1.3104498386383057,1.3563709259033203,1.3959306478500366,1.438922643661499,1.483292818069458]]}