{"training_accuracy":[0.20999999344348907,0.5,0.3799999952316284,0.3499999940395355,0.4000000059604645,0.4300000071525574,0.44999998807907104,0.36000001430511475,0.4399999976158142,0.4300000071525574,0.38999998569488525,0.44999998807907104,0.5400000214576721,0.41999998688697815,0.36000001430511475,0.5600000023841858,0.5899999737739563,0.5899999737739563,0.4300000071525574,0.49000000953674316,0.5799999833106995,0.5,0.5099999904632568,0.550000011920929,0.550000011920929,0.5099999904632568,0.49000000953674316,0.5299999713897705,0.6299999952316284,0.44999998807907104,0.49000000953674316,0.47999998927116394,0.5600000023841858,0.5099999904632568,0.5099999904632568,0.4699999988079071,0.6000000238418579,0.550000011920929,0.6100000143051147,0.5899999737739563],"attacked_training_accuracy":[0.20999999344348907,0.36000001430511475,0.36000001430511475,0.33000001311302185,0.18000000715255737,0.4399999976158142,0.1899999976158142,0.2800000011920929,0.20999999344348907,0.4099999964237213,0.38999998569488525,0.30000001192092896,0.5400000214576721,0.36000001430511475,0.36000001430511475,0.550000011920929,0.6200000047683716,0.550000011920929,0.3700000047683716,0.4399999976158142,0.47999998927116394,0.25,0.4000000059604645,0.46000000834465027,0.4099999964237213,0.3799999952316284,0.44999998807907104,0.5400000214576721,0.28999999165534973,0.17000000178813934,0.4099999964237213,0.5099999904632568,0.3199999928474426,0.41999998688697815,0.3100000023841858,0.41999998688697815,0.28999999165534973,0.41999998688697815,0.4000000059604645,0.36000001430511475],"kl_over_time":[[1.3905055522918701,1.3915235996246338,1.3925484418869019,1.3937089443206787,1.3948724269866943,1.3963508605957031,1.3977351188659668,1.3992289304733276,1.4011147022247314,1.4029755592346191,1.4053629636764526],[1.3855854272842407,1.3862577676773071,1.3869296312332153,1.3876222372055054,1.388451099395752,1.389180302619934,1.3900355100631714,1.390754222869873,1.391724944114685,1.3925955295562744,1.3935508728027344],[1.3832433223724365,1.3837831020355225,1.384275197982788,1.3848334550857544,1.385341763496399,1.3859401941299438,1.386606216430664,1.3871287107467651,1.387656569480896,1.3882532119750977,1.3888007402420044],[1.3799974918365479,1.38058602809906,1.3812490701675415,1.3817678689956665,1.3823603391647339,1.382995367050171,1.3835303783416748,1.3840367794036865,1.3846843242645264,1.3853315114974976,1.3858916759490967],[1.3791505098342896,1.379801630973816,1.3806928396224976,1.3815128803253174,1.3821773529052734,1.3829352855682373,1.3836534023284912,1.3844865560531616,1.385221004486084,1.38601553440094,1.3867132663726807],[1.374435305595398,1.375319480895996,1.3762885332107544,1.377053141593933,1.377730131149292,1.378539800643921,1.3794543743133545,1.3800374269485474,1.3808444738388062,1.3817471265792847,1.3825201988220215],[1.3732749223709106,1.3742775917053223,1.3753849267959595,1.3761283159255981,1.376866102218628,1.3776158094406128,1.3785005807876587,1.3791407346725464,1.380055546760559,1.3808382749557495,1.3815972805023193],[1.368394136428833,1.3694329261779785,1.3707489967346191,1.371926188468933,1.3730661869049072,1.374044418334961,1.3749607801437378,1.3760117292404175,1.376980185508728,1.3779139518737793,1.3786613941192627],[1.362463116645813,1.3638691902160645,1.3655892610549927,1.3671746253967285,1.3684967756271362,1.3700623512268066,1.3717591762542725,1.3731812238693237,1.3746821880340576,1.3763293027877808,1.3779716491699219],[1.3470995426177979,1.3491806983947754,1.3507285118103027,1.3523179292678833,1.3539490699768066,1.3555749654769897,1.356952428817749,1.3582713603973389,1.3597358465194702,1.361268162727356,1.3623837232589722],[1.3373051881790161,1.3392411470413208,1.3412091732025146,1.3429677486419678,1.345046877861023,1.3466284275054932,1.3483266830444336,1.3501626253128052,1.3520493507385254,1.3538308143615723,1.3555259704589844],[1.3412880897521973,1.3457117080688477,1.3491560220718384,1.3518383502960205,1.355486512184143,1.359266757965088,1.3631377220153809,1.3672653436660767,1.370572566986084,1.3741652965545654,1.378085970878601],[1.311044454574585,1.3130497932434082,1.3160333633422852,1.3179906606674194,1.3208953142166138,1.323328971862793,1.3264631032943726,1.3294384479522705,1.3322374820709229,1.335159182548523,1.338455080986023],[1.3045978546142578,1.3091896772384644,1.3146586418151855,1.3177281618118286,1.3231103420257568,1.3260184526443481,1.3287239074707031,1.3322972059249878,1.3356907367706299,1.3383164405822754,1.3408759832382202],[1.3073886632919312,1.310670018196106,1.3130011558532715,1.3173257112503052,1.3201489448547363,1.3232263326644897,1.3253114223480225,1.3277884721755981,1.3305559158325195,1.3328906297683716,1.3358174562454224],[1.2503023147583008,1.2561384439468384,1.2614850997924805,1.2675105333328247,1.2718945741653442,1.2778440713882446,1.2830837965011597,1.2894209623336792,1.2960598468780518,1.3024086952209473,1.3103277683258057],[1.2320226430892944,1.238002061843872,1.2421798706054688,1.2489044666290283,1.2538610696792603,1.2591278553009033,1.2647500038146973,1.2699060440063477,1.2748876810073853,1.2792887687683105,1.2862882614135742],[1.2306463718414307,1.2374463081359863,1.2372246980667114,1.2384132146835327,1.2420352697372437,1.2472513914108276,1.2515690326690674,1.255706548690796,1.2603999376296997,1.2676371335983276,1.2736990451812744],[1.2762527465820312,1.279414415359497,1.2881677150726318,1.2887985706329346,1.292504072189331,1.299336552619934,1.3044990301132202,1.3080817461013794,1.3151484727859497,1.3208060264587402,1.32541024684906],[1.2160894870758057,1.2294037342071533,1.2343201637268066,1.231199860572815,1.2522528171539307,1.2637237310409546,1.2649941444396973,1.2747958898544312,1.2835530042648315,1.2961885929107666,1.3072092533111572],[1.1772555112838745,1.189465045928955,1.2023259401321411,1.2131245136260986,1.2178003787994385,1.2254773378372192,1.228064775466919,1.2465275526046753,1.2509232759475708,1.267054796218872,1.2727959156036377],[1.1819570064544678,1.1972301006317139,1.2013964653015137,1.2126208543777466,1.2230379581451416,1.2402029037475586,1.2456114292144775,1.264512062072754,1.2867883443832397,1.3082834482192993,1.3400355577468872],[1.2161368131637573,1.22999107837677,1.2374370098114014,1.2349982261657715,1.2416419982910156,1.2444305419921875,1.2560514211654663,1.2544622421264648,1.2573250532150269,1.2674304246902466,1.281123161315918],[1.2178527116775513,1.223686695098877,1.2324345111846924,1.2371962070465088,1.2399524450302124,1.2348331212997437,1.2483478784561157,1.2584569454193115,1.264501929283142,1.2786883115768433,1.2885446548461914],[1.1760635375976562,1.1766916513442993,1.1864392757415771,1.1920273303985596,1.194795846939087,1.2059659957885742,1.2190061807632446,1.2312260866165161,1.2390707731246948,1.2470686435699463,1.260803461074829],[1.1851297616958618,1.196400761604309,1.1911245584487915,1.2007427215576172,1.203382968902588,1.2099366188049316,1.214339017868042,1.2231898307800293,1.234161138534546,1.2398192882537842,1.2484588623046875],[1.2143267393112183,1.2251291275024414,1.2403686046600342,1.2371535301208496,1.251452922821045,1.2521963119506836,1.2571604251861572,1.2580655813217163,1.26189386844635,1.2644118070602417,1.272483229637146],[1.1558754444122314,1.157187819480896,1.1663693189620972,1.172454595565796,1.1833393573760986,1.1867958307266235,1.192708969116211,1.2012964487075806,1.2136627435684204,1.2186275720596313,1.2253981828689575],[1.1451586484909058,1.1568127870559692,1.1665725708007812,1.1718096733093262,1.184155821800232,1.189264178276062,1.196258306503296,1.2039791345596313,1.2148114442825317,1.2335416078567505,1.2439894676208496],[1.196924090385437,1.2168188095092773,1.2504732608795166,1.2678377628326416,1.2771865129470825,1.2889574766159058,1.3209916353225708,1.3359346389770508,1.3667765855789185,1.3836003541946411,1.4054210186004639],[1.1700618267059326,1.1941884756088257,1.209794044494629,1.2228349447250366,1.2221168279647827,1.2392807006835938,1.2505401372909546,1.260900616645813,1.269123911857605,