{"training_accuracy":[0.44999998807907104,0.5899999737739563,0.46000000834465027,0.5,0.6000000238418579,0.5699999928474426,0.6399999856948853,0.6899999976158142,0.6499999761581421,0.5799999833106995,0.7200000286102295,0.6499999761581421,0.75,0.7599999904632568,0.7200000286102295,0.75,0.75,0.6800000071525574,0.6399999856948853,0.75,0.7400000095367432,0.75,0.800000011920929,0.7200000286102295,0.75,0.7699999809265137,0.7300000190734863,0.699999988079071,0.75,0.7599999904632568,0.7699999809265137,0.7400000095367432,0.8100000023841858,0.699999988079071,0.7400000095367432,0.7400000095367432,0.7099999785423279,0.7699999809265137,0.7200000286102295,0.8600000143051147,0.7799999713897705,0.8500000238418579,0.8199999928474426,0.8399999737739563,0.8399999737739563],"attacked_training_accuracy":[0.28999999165534973,0.2199999988079071,0.33000001311302185,0.27000001072883606,0.27000001072883606,0.2800000011920929,0.2800000011920929,0.3499999940395355,0.38999998569488525,0.25999999046325684,0.3199999928474426,0.23999999463558197,0.33000001311302185,0.3199999928474426,0.20999999344348907,0.2800000011920929,0.2199999988079071,0.1599999964237213,0.25999999046325684,0.2800000011920929,0.1899999976158142,0.23000000417232513,0.25999999046325684,0.25,0.25999999046325684,0.2199999988079071,0.3100000023841858,0.2199999988079071,0.33000001311302185,0.23000000417232513,0.3499999940395355,0.3100000023841858,0.36000001430511475,0.25999999046325684,0.23000000417232513,0.2800000011920929,0.17000000178813934,0.23000000417232513,0.27000001072883606,0.20000000298023224,0.23000000417232513,0.2199999988079071,0.3100000023841858,0.3499999940395355,0.25999999046325684],"kl_over_time":[[1.5393372621019807e-7,2.0189472706988454e-6,1.0524532626732253e-5,2.732658504100982e-5,5.070546467322856e-5,8.113878720905632e-5,0.00011709729005815461,0.00016035314183682203,0.00021130173990968615,0.00026868534041568637,0.00033767864806577563],[4.014735850432771e-7,2.8968574952159543e-6,3.059692244278267e-5,0.00010439412289997563,0.00021810749603901058,0.0003750937758013606,0.000589728937484324,0.0008626823546364903,0.0011905262945219874,0.001587380189448595,0.0020346406381577253],[1.924814341691672e-6,1.6066323951235972e-5,0.00017275910067837685,0.0005249390378594398,0.0010406664805486798,0.0017784887459129095,0.0027009802870452404,0.003775664372369647,0.005134538747370243,0.006754771340638399,0.008443564176559448],[7.327630100917304e-6,0.0004615826765075326,0.0020332939457148314,0.004121959209442139,0.0066180420108139515,0.009951287880539894,0.014419680461287498,0.019735651090741158,0.026190366595983505,0.03252022713422775,0.040144048631191254],[2.171904270653613e-5,0.002447287319228053,0.010101689957082272,0.0193985253572464,0.030801987275481224,0.04458971694111824,0.06158413738012314,0.07800524681806564,0.09632525593042374,0.11358058452606201,0.13585297763347626],[2.2326965336105786e-5,0.0016886676894500852,0.020117243751883507,0.07266288250684738,0.09331517666578293,0.11545693129301071,0.13618233799934387,0.15189804136753082,0.1688220351934433,0.18506434559822083,0.20298351347446442],[0.003131951903924346,0.012046083807945251,0.02651163935661316,0.0396234504878521,0.07272635400295258,0.10407571494579315,0.14040067791938782,0.1872311234474182,0.2506374418735504,0.2827033996582031,0.3522220253944397],[0.00043220631778240204,0.002965866355225444,0.010587808676064014,0.02006414532661438,0.041476476937532425,0.06993353366851807,0.10343325138092041,0.14525918662548065,0.2015390694141388,0.2943893074989319,0.40377077460289],[0.00039848557207733393,0.004605396185070276,0.01399680133908987,0.046103768050670624,0.07976452261209488,0.11031699925661087,0.1334977149963379,0.14756381511688232,0.17275641858577728,0.23785434663295746,0.3061482608318329],[0.0015569445677101612,0.020924491807818413,0.08839894086122513,0.24757713079452515,0.3450108766555786,0.3908616602420807,0.45400795340538025,0.5119815468788147,0.5733680725097656,0.6253232955932617,0.6901207566261292],[0.0015029838541522622,0.03834278881549835,0.13973496854305267,0.2814980149269104,0.4009369909763336,0.5110045671463013,0.6290401816368103,0.7548971176147461,0.9274923205375671,1.0524406433105469,1.1739277839660645],[0.0015751832397654653,0.1234784945845604,0.31968218088150024,0.4231932759284973,0.5204348564147949,0.5907272696495056,0.6747047305107117,0.7434527277946472,0.8167717456817627,0.8858370780944824,0.9575659036636353],[0.00025304462178610265,0.023809261620044708,0.14630946516990662,0.32536444067955017,0.48599547147750854,0.6563431620597839,0.8253790736198425,1.026960849761963,1.227226972579956,1.3721227645874023,1.508838415145874],[0.0035173543728888035,0.057358235120773315,0.2433503270149231,0.3735741376876831,0.49330413341522217,0.585060715675354,0.6665878891944885,0.7566395401954651,0.8438876271247864,0.9325832724571228,1.0302644968032837],[0.0009249802678823471,0.07916387170553207,0.2531968355178833,0.5164276957511902,0.806420624256134,1.0789878368377686,1.370575189590454,1.5882244110107422,1.826452612876892,2.0207839012145996,2.2016196250915527],[0.0006863627349957824,0.03601763769984245,0.2036566436290741,0.44376012682914734,0.7114681601524353,0.9025384187698364,1.1193697452545166,1.3467854261398315,1.6008856296539307,1.7953627109527588,1.9798924922943115],[0.00036682726931758225,0.02165890485048294,0.19305673241615295,0.5193520784378052,0.7631269097328186,0.9691655039787292,1.204412817955017,1.5206077098846436,1.7424683570861816,1.9348033666610718,2.119352102279663],[0.0006773980567231774,0.05590454861521721,0.3068436086177826,0.6086865663528442,0.8162567019462585,0.955441415309906,1.0798587799072266,1.2052676677703857,1.3461910486221313,1.520731806755066,1.65653395652771],[0.0015864374581724405,0.04906828701496124,0.11843778192996979,0.31293752789497375,0.4174894690513611,0.6533524990081787,0.907641589641571,1.1531658172607422,1.4451295137405396,1.731154441833496,1.9927984476089478],[0.0003092366096097976,0.02775794453918934,0.14721155166625977,0.37054190039634705,0.5827186703681946,0.6749129295349121,0.7690863013267517,0.863217294216156,0.9535626173019409,1.0687601566314697,1.1834558248519897],[0.001277106930501759,0.11690391600131989,0.3630029559135437,0.6823326945304871,1.0360146760940552,1.3160799741744995,1.6330430507659912,1.877323865890503,2.1387784481048584,2.3819994926452637,2.6105635166168213],[0.005348412785679102,0.11583442240953445,0.41887542605400085,0.7390391230583191,1.0904786586761475,1.439474105834961,1.70932936668396,1.9903196096420288,2.2375946044921875,2.47074031829834,2.6944658756256104],[0.0012570727849379182,0.05895010754466057,0.17229926586151123,0.5098034739494324,0.8145251274108887,1.23126220703125,1.6539785861968994,1.9990050792694092,2.2850255966186523,2.516355276107788,2.7311432361602783],[0.0055097658187150955,0.12012782692909241,0.3710523247718811,0.5396180748939514,0.7493383884429932,0.9476902484893799,1.1031875610351562,1.2790818214416504,1.4351863861083984,1.6096938848495483,1.7650916576385498],[0.01588972471654415,0.1172330230474472,0.4286598861217499,0.7353764772415161,0.9441128373146057,1.1185283660888672,1.3016091585159302,1.4694722890853882,1.6409786939620972,1.8121263980865479,1.9769939184188843],[0.0021112393587827682,0.14865465462207794,0.4499555230140686,0.8607317209243774,1.1887786388397217,1.5085026025772095,1.8119018077850342,2.103442430496216,2.4240758419036865,2.7110769748687744,2.9802398681640625],[0.011809690855443478,0.2039370834827423,0.7774642109870911,1.1739840507507324,1.4059710502624512,1.6395576000213623,1.8508481979370117,2.0865719318389893,2.314683198928833,2.5589022636413574,2.796276807785034],[0.008800378069281578,0.08750041574239731,0.29971206188201904,0.5557432174682617,0.7810931205749512,1.0633509159088135,1.3660403490066528,1.6580458879470825,2.028820514678955,2.3305020332336426,2.6196014881134033],[0.004202669020742178,0.13721191883087158,0.5010629296302795,0.7836540341377258,1.0250167846679688,1.2068346738815308,1.4249837398529053,1.6412107944488525,