{"training_accuracy":[0.4000000059604645],"attacked_training_accuracy":[0.11999999731779099]}