{"training_accuracy":[0.25,0.5,0.625,0.625],"attacked_training_accuracy":[0.5,0.25,0.25,0.25],"kl_over_time":[[3.082542576748892e-8,0.0002980183344334364,0.0007258958066813648,0.0014098045649006963,0.0022495994344353676,0.0027289094869047403,0.0033574397675693035,0.004036251921206713,0.0048596058040857315,0.005551396869122982,0.006037354469299316],[6.45080291405975e-8,0.00008503044955432415,0.0000023994566618057434,0.0006155588780529797,0.0011146869510412216,0.001962359994649887,0.0027680527418851852,0.0033239051699638367,0.0038947260472923517,0.004365920089185238,0.0049369558691978455],[-9.201325035235186e-9,0.00349411484785378,0.006590928882360458,0.01343647763133049,0.022182175889611244,0.029466403648257256,0.03397100418806076,0.0350700244307518,0.037057165056467056,0.03937533497810364,0.04282812401652336],[6.044326994469884e-8,0.0004079968493897468,0.000001820622287596052,0.0028694861102849245,0.008580805733799934,0.019550088793039322,0.035280968993902206,0.05089184269309044,0.0668356716632843,0.07983297109603882,0.09058504551649094]]}