{"training_accuracy":[0.33000001311302185,0.3100000023841858,0.36000001430511475],"attacked_training_accuracy":[0.23000000417232513,0.25,0.17000000178813934],"kl_over_time":[[4.481636040054582e-7,0.00011506670853123069,0.0005863161059096456,0.001477534999139607,0.0027841399423778057,0.0045073507353663445,0.0067173573188483715,0.009397575631737709,0.012609402649104595,0.016402358189225197,0.020712098106741905],[7.630657705703925e-7,0.0003770339535549283,0.0019160471856594086,0.004762999247759581,0.010206542909145355,0.016848256811499596,0.02553628385066986,0.03604963794350624,0.049151819199323654,0.06402060389518738,0.07975956797599792],[2.442645154587808e-6,0.0013109988067299128,0.013006942346692085,0.0232696570456028,0.041919827461242676,0.06323800981044769,0.0901695042848587,0.11825109273195267,0.15212544798851013,0.1918875128030777,0.22800971567630768]]}