{"training_accuracy":[0.44999998807907104,0.5899999737739563,0.46000000834465027,0.5,0.6000000238418579,0.5699999928474426,0.6399999856948853,0.6899999976158142,0.6499999761581421,0.5799999833106995,0.6399999856948853,0.6800000071525574,0.6299999952316284,0.6499999761581421],"attacked_training_accuracy":[0.28999999165534973,0.20999999344348907,0.23999999463558197,0.27000001072883606,0.27000001072883606,0.25999999046325684,0.25999999046325684,0.23999999463558197,0.20999999344348907,0.27000001072883606,0.2199999988079071,0.25,0.20000000298023224,0.23999999463558197],"kl_over_time":[[1.7275866071031487e-7,3.208292127965251e-6,1.4428697795665357e-5,3.339641625643708e-5,6.0511585616040975e-5,9.425869211554527e-5,0.00013473458238877356,0.00018419086700305343,0.00024063534510787576,0.00030904615414328873,0.0003841849393211305],[4.231964680911915e-7,1.3531233889807481e-5,6.43850362394005e-5,0.00015937145508360118,0.000290724856313318,0.00046792341163381934,0.0006828660261817276,0.0009053751709870994,0.0011578274425119162,0.0014448465080931783,0.001750176539644599],[2.9923646707175067e-6,1.1475760402390733e-5,0.00010003346687881276,0.0003833197697531432,0.0008801421499811113,0.0015897732228040695,0.002413255162537098,0.0033838513772934675,0.004335823468863964,0.0053360722959041595,0.006381880957633257],[1.0418864803796168e-5,0.0003024756442755461,0.0019465734949335456,0.00401429645717144,0.006539083085954189,0.00996918324381113,0.01435910165309906,0.019418595358729362,0.025873886421322823,0.032585348933935165,0.04012525826692581],[1.4516321243718266e-5,0.0033581501338630915,0.009376286529004574,0.020023034885525703,0.030724501237273216,0.04617343842983246,0.061595331877470016,0.07802418619394302,0.0962243601679802,0.11479436606168747,0.13480977714061737],[0.002006370574235916,0.0066986847668886185,0.04555206373333931,0.07809938490390778,0.09929845482110977,0.12141770869493484,0.1399150937795639,0.15601108968257904,0.1720922440290451,0.18876464664936066,0.20745724439620972],[5.8772169722942635e-5,0.01852595806121826,0.05128804221749306,0.08833173662424088,0.1380322426557541,0.18973220884799957,0.2443389892578125,0.3139307200908661,0.37614187598228455,0.4449359178543091,0.5248047113418579],[0.00025563815142959356,0.01648048311471939,0.09733462333679199,0.1449657678604126,0.180256649851799,0.21660012006759644,0.25724783539772034,0.29301586747169495,0.3295702338218689,0.3617168068885803,0.39487266540527344],[0.000341118429787457,0.007713245693594217,0.045833244919776917,0.11182297766208649,0.19429710507392883,0.3004942536354065,0.3974961042404175,0.5115634202957153,0.6134825944900513,0.7217366099357605,0.86207515001297],[0.0012090690433979034,0.016217639669775963,0.04882311820983887,0.100850410759449,0.17528046667575836,0.24729102849960327,0.34002864360809326,0.4383732080459595,0.5118120312690735,0.6087364554405212,0.6906513571739197],[0.0006565127987414598,0.03328102454543114,0.0876266285777092,0.1998329907655716,0.3321733772754669,0.4505447745323181,0.571148157119751,0.7285383343696594,0.8888262510299683,1.0477652549743652,1.1721255779266357],[0.0021456116810441017,0.03747023269534111,0.11043918132781982,0.23626242578029633,0.38356125354766846,0.5544246435165405,0.7043400406837463,0.877348005771637,1.0598506927490234,1.1922938823699951,1.3692582845687866],[7.219779217848554e-5,0.08305002748966217,0.29190587997436523,0.5014037489891052,0.6032560467720032,0.697808563709259,0.7882664203643799,0.8815568089485168,0.968046247959137,1.0609006881713867,1.1554133892059326],[0.0008356891921721399,0.052187107503414154,0.20534415543079376,0.3943435847759247,0.5740283131599426,0.7885388731956482,0.9928053021430969,1.2250994443893433,1.4389114379882812,1.6264536380767822,1.7819055318832397]]}