{"training_accuracy":[0.6499999761581421,0.7300000190734863,0.7099999785423279,0.7099999785423279,0.7099999785423279,0.7300000190734863,0.7300000190734863,0.7599999904632568,0.7599999904632568,0.7200000286102295,0.8399999737739563,0.8199999928474426,0.8299999833106995,0.8600000143051147,0.8500000238418579,0.800000011920929,0.7799999713897705,0.8600000143051147],"attacked_training_accuracy":[0.23000000417232513,0.27000001072883606,0.1599999964237213,0.25999999046325684,0.20999999344348907,0.18000000715255737,0.12999999523162842,0.25,0.3100000023841858,0.20999999344348907,0.3400000035762787,0.27000001072883606,0.4099999964237213,0.3400000035762787,0.25999999046325684,0.12999999523162842,0.20000000298023224,0.33000001311302185],"kl_over_time":[[3.6152066229533375e-8,0.070745550096035,0.2466023564338684,0.5781963467597961,1.0100339651107788,1.5546194314956665,2.3046762943267822,2.795083522796631,3.239321708679199,3.669771671295166,4.023314952850342],[1.1667919075364352e-8,0.11093749850988388,0.4489934742450714,0.8700973391532898,1.3032499551773071,1.8635107278823853,2.524139165878296,3.0401175022125244,3.450185537338257,3.835146188735962,4.419790267944336],[1.1076938477572185e-8,0.13368932902812958,0.49025267362594604,0.9584105610847473,1.4395840167999268,1.9042342901229858,2.5086960792541504,3.1029675006866455,3.7402098178863525,4.287264823913574,4.904655456542969],[8.77327188675281e-9,0.08763539791107178,0.30518844723701477,0.6318547129631042,1.0309734344482422,1.5422704219818115,2.0390357971191406,2.604386329650879,3.139047145843506,3.588531970977783,4.229213714599609],[9.950663404367788e-9,0.08720926195383072,0.3746999204158783,0.7439870834350586,1.2087405920028687,1.742061734199524,2.27606201171875,2.814368724822998,3.3557116985321045,3.90988826751709,4.524920463562012],[1.2086317724424589e-8,0.07159087061882019,0.2743070423603058,0.5942312479019165,1.0449661016464233,1.6169636249542236,2.2228620052337646,2.900970935821533,3.4885213375091553,4.054914951324463,4.627859115600586],[1.4119072577756242e-9,0.06148037314414978,0.27563413977622986,0.6487845182418823,1.0852274894714355,1.6827359199523926,2.308177947998047,3.155761241912842,4.042884349822998,4.970574855804443,5.689227104187012],[1.3316167724042316e-8,0.07674907147884369,0.2868238389492035,0.5948415398597717,0.9934452772140503,1.4377566576004028,1.9554343223571777,2.4322235584259033,3.0437252521514893,3.707916259765625,4.457955360412598],[1.499675761351682e-8,0.05668891593813896,0.23465320467948914,0.5137166380882263,0.8396596908569336,1.218428611755371,1.674363374710083,2.09360933303833,2.6077916622161865,3.202249765396118,3.636113166809082],[4.248257745587125e-9,0.061790674924850464,0.29540735483169556,0.6448861360549927,1.1164765357971191,1.6155520677566528,2.1596596240997314,2.6854302883148193,3.245706081390381,3.8747434616088867,4.413699626922607],[2.9374213283972495e-8,0.07933533191680908,0.31245869398117065,0.709908664226532,1.1922425031661987,1.7483062744140625,2.2948412895202637,2.853240489959717,3.3258628845214844,3.7887022495269775,4.031605243682861],[-1.1864467186484262e-9,0.03964623436331749,0.15507197380065918,0.36680495738983154,0.6500971913337708,1.0364582538604736,1.4340310096740723,1.8700610399246216,2.3336403369903564,2.8672239780426025,3.431001901626587],[1.1588810799878502e-8,0.044617947190999985,0.18655790388584137,0.45648881793022156,0.8150262236595154,1.2993477582931519,1.7592321634292603,2.3458189964294434,2.890839099884033,3.4132330417633057,3.9322288036346436],[2.7207153863173517e-8,0.05047285929322243,0.19814330339431763,0.47434937953948975,0.8019970655441284,1.2320005893707275,1.7369033098220825,2.3473682403564453,3.0287976264953613,3.654507875442505,4.250881671905518],[6.255587603476442e-9,0.03918220102787018,0.16613925993442535,0.40925025939941406,0.752001941204071,1.2070386409759521,1.764158010482788,2.400322198867798,3.014622211456299,3.770311117172241,4.62164831161499],[-1.9131758399737464e-9,0.04259266331791878,0.19104495644569397,0.4562373161315918,0.8440484404563904,1.2562988996505737,1.791555404663086,2.459028482437134,3.2405638694763184,4.142975330352783,4.989949703216553],[5.101997047063378e-9,0.05369457229971886,0.24541208148002625,0.6038066744804382,1.020887017250061,1.4872223138809204,1.9152538776397705,2.5363452434539795,3.035254716873169,3.720585584640503,4.433579444885254],[1.4059281516765054e-9,0.05832397937774658,0.22185343503952026,0.4826282262802124,0.819564163684845,1.2314884662628174,1.737082839012146,2.305339813232422,2.9706218242645264,3.696486711502075,4.469883441925049]]}