{"training_accuracy":[0.4300000071525574,0.4000000059604645,0.5600000023841858,0.47999998927116394,0.6100000143051147,0.6000000238418579,0.6800000071525574,0.6499999761581421,0.6200000047683716,0.5099999904632568,0.7099999785423279,0.6000000238418579,0.6000000238418579,0.6399999856948853,0.6299999952316284,0.6899999976158142,0.699999988079071,0.6499999761581421,0.6899999976158142,0.6800000071525574,0.7599999904632568,0.6899999976158142,0.7400000095367432,0.75,0.7200000286102295,0.800000011920929,0.8199999928474426,0.7400000095367432,0.7599999904632568,0.8100000023841858,0.6600000262260437,0.8500000238418579,0.8399999737739563,0.7699999809265137,0.7900000214576721,0.8199999928474426,0.8199999928474426,0.8199999928474426,0.7200000286102295,0.8999999761581421],"attacked_training_accuracy":[0.25,0.20999999344348907,0.27000001072883606,0.27000001072883606,0.27000001072883606,0.23999999463558197,0.4099999964237213,0.23999999463558197,0.23000000417232513,0.20999999344348907,0.3499999940395355,0.18000000715255737,0.23000000417232513,0.25999999046325684,0.20999999344348907,0.3400000035762787,0.25,0.18000000715255737,0.3100000023841858,0.23999999463558197,0.20000000298023224,0.2199999988079071,0.25,0.25,0.25999999046325684,0.38999998569488525,0.23000000417232513,0.25999999046325684,0.3100000023841858,0.23000000417232513,0.1899999976158142,0.25,0.25999999046325684,0.1899999976158142,0.2800000011920929,0.14000000059604645,0.25,0.18000000715255737,0.36000001430511475,0.20999999344348907],"kl_over_time":[[3.475441019418213e-7,3.2920350349741057e-5,0.00013121507072355598,0.00030077321571297944,0.0005504636210389435,0.0009035603725351393,0.001384163275361061,0.0020334443543106318,0.002891441574320197,0.004074224270880222,0.005636990070343018],[1.3464855328493286e-6,3.6249086406314746e-5,0.00013084504462312907,0.0002858384686987847,0.000498458044603467,0.0007778447470627725,0.0011164043098688126,0.0015460376162081957,0.002070124028250575,0.0027051668148487806,0.003472404321655631],[3.4402758046780946e-6,3.9246646338142455e-5,0.00014652320533059537,0.00033533424721099436,0.0006089752423577011,0.0009867065818980336,0.0014993947697803378,0.0021212531719356775,0.0029102307744324207,0.003919422160834074,0.00506459828466177],[2.0909061277052388e-5,0.00031292051426135004,0.0012659570202231407,0.0030661900527775288,0.005359853617846966,0.00802064873278141,0.011694458313286304,0.016102278605103493,0.021477198228240013,0.027850937098264694,0.03492232784628868],[0.00021195551380515099,0.001488456386141479,0.005974898114800453,0.014818812720477581,0.024411072954535484,0.035172898322343826,0.04583563655614853,0.05888516455888748,0.07443735003471375,0.09248001873493195,0.11147697269916534],[0.000782253744546324,0.0011399901704862714,0.009848092682659626,0.036075662821531296,0.0684429332613945,0.08975480496883392,0.10340786725282669,0.11830347031354904,0.13337980210781097,0.14930576086044312,0.16627539694309235],[0.0004150806926190853,0.0014658034779131413,0.01791314035654068,0.05402214080095291,0.09171173721551895,0.12777255475521088,0.14820967614650726,0.1677466183900833,0.18883271515369415,0.20851027965545654,0.23021773993968964],[0.0004835106956306845,0.004380332306027412,0.027985824272036552,0.11846219748258591,0.18966205418109894,0.22038516402244568,0.2570142447948456,0.2877454459667206,0.32178795337677,0.35451874136924744,0.38939201831817627],[0.0013849330134689808,0.010384119115769863,0.029768390581011772,0.08471979200839996,0.13365493714809418,0.20062769949436188,0.2702612280845642,0.3350757956504822,0.39558279514312744,0.47368869185447693,0.5393465161323547],[0.001078830799087882,0.00537059037014842,0.05925314873456955,0.14568588137626648,0.2659909427165985,0.29622218012809753,0.33014029264450073,0.3782687187194824,0.4218320846557617,0.4682205021381378,0.5160836577415466],[0.0042665875516831875,0.0472378246486187,0.16373832523822784,0.30250951647758484,0.3857535421848297,0.43518733978271484,0.48199766874313354,0.5330230593681335,0.582014799118042,0.6302905678749084,0.6862855553627014],[0.009290218353271484,0.05289861559867859,0.103497713804245,0.20591865479946136,0.32597631216049194,0.42799490690231323,0.5602335929870605,0.6938285827636719,0.8185820579528809,0.9595571756362915,1.0561915636062622],[0.002495056949555874,0.017466701567173004,0.0862663984298706,0.19927413761615753,0.31177225708961487,0.4462323784828186,0.5582014918327332,0.669625997543335,0.7611313462257385,0.8775591850280762,1.0356115102767944],[0.006963000632822514,0.04770425707101822,0.15413865447044373,0.2814103960990906,0.41327643394470215,0.5143463015556335,0.6094024181365967,0.7118617296218872,0.8374874591827393,0.9937726259231567,1.1550812721252441],[0.002623277250677347,0.01589624024927616,0.12039466947317123,0.24908265471458435,0.3641146421432495,0.5012378096580505,0.6287480592727661,0.7759898900985718,0.9112274646759033,1.0926772356033325,1.2730021476745605],[0.0031446795910596848,0.061962880194187164,0.152424156665802,0.2934258282184601,0.36867228150367737,0.4536855220794678,0.5191424489021301,0.5826836824417114,0.647346019744873,0.7220157384872437,0.7861279249191284],[0.001785216387361288,0.04219919070601463,0.160710871219635,0.3327126204967499,0.5232452154159546,0.7169062495231628,0.8735300898551941,1.015899658203125,1.1852999925613403,1.3324570655822754,1.49091637134552],[0.006791784428060055,0.018351806327700615,0.16795334219932556,0.3151249289512634,0.4263199269771576,0.536008358001709,0.6311825513839722,0.7134814262390137,0.7966140508651733,0.8811470866203308,0.9629113078117371],[0.017817163839936256,0.06584786623716354,0.23348067700862885,0.47799620032310486,0.6156391501426697,0.7322322726249695,0.8809452652931213,1.0308877229690552,1.1996231079101562,1.3817309141159058,1.5561550855636597],[0.01707967184484005,0.07480663061141968,0.14137093722820282,0.32994571328163147,0.5206637978553772,0.7497496008872986,0.9368833899497986,1.0975531339645386,1.2697111368179321,1.44607675075531,1.6193362474441528],[0.01278794277459383,0.047280263155698776,0.2140321284532547,0.4947551488876343,0.7336121201515198,0.9858938455581665,1.1606663465499878,1.3388323783874512,1.5444692373275757,1.7495473623275757,1.9841628074645996],[0.007823333144187927,0.12180536240339279,0.3677733540534973,0.610580563545227,0.8046625852584839,1.1036858558654785,1.3492923974990845,1.4810302257537842,1.6928865909576416,1.9422909021377563,2.1876461505889893],[0.01604023016989231,0.08756999671459198,0.2798991799354553,0.4808736741542816,0.8027068376541138,1.0725106000900269,1.2595826387405396,1.452134370803833,1.6719564199447632,1.8764169216156006,2.1176910400390625],[0.013043604791164398,0.07495994120836258,0.43227332830429077,0.6226109862327576,0.7769550681114197,0.8442460298538208,1.0051230192184448,1.0991400480270386,1.198849081993103,1.3038758039474487,1.406655192375183],[0.014353038743138313,0.0813782587647438,0.3373394012451172,0.6323352456092834,0.7892374992370605,0.8884016275405884,0.9897273778915405,1.1116657257080078,1.2215851545333862,1.3261828422546387,1.44719660282135],[0.007897799834609032,0.04833754524588585,0.13664735853672028,0.4351489245891571,0.6249385476112366,0.7539551258087158,0.8538100123405457,0.923323392868042,0.9954971075057983,1.0836974382400513,1.1798065900802612],[0.01794624701142311,0.10795697569847107,0.23680461943149567,0.3691995441913605,0.6898539066314697,1.0895568132400513,1.3424274921417236,1.571785569190979,1.8472262620925903,2.101729393005371,2.3879709243774414],[0.044310424476861954,0.21858000755310059,0.48476988077163696,0.7031334042549133,0.8574018478393555,1.0196621417999268,1.1756247282028198,1.2923766374588013,1.4091472625732422,1.5469622611999512,1.650323748588562],[0.009784519672393799,0.10105542093515396,0.30493253469467163,0.5093435049057007,0.6910054087638855,0.9014714360237122,1.098007082939148,1.2114598751068115,1.3363728523254395,1.4539470672607422,1.557970404624939],[0.014560546725988388,0.05956883355975151,0.17589065432548523,0.3280763030052185,0.6357857584953308,