{"training_accuracy":[0.20000000298023224,0.33000001311302185,0.3199999928474426,0.3799999952316284,0.46000000834465027,0.5299999713897705,0.550000011920929,0.5400000214576721],"attacked_training_accuracy":[0.4300000071525574,0.5,0.41999998688697815,0.38999998569488525,0.2800000011920929,0.3499999940395355,0.25999999046325684,0.25],"kl_over_time":[[5.305998485027885e-8,0.000004491486834012903,0.000018556424038251862,0.000040505976357962936,0.00007177505176514387,0.00011050093598896638,0.00014365451352205127,0.00017129529442172498,0.00020573183428496122,0.00024965289048850536,0.00029240737785585225],[8.808111573443966e-8,0.00003153280704282224,0.00010677267709979787,0.0002638166770339012,0.0005033722845837474,0.0007956965127959847,0.0007758781430311501,0.0008590212091803551,0.0009726707357913256,0.0011407037964090705,0.001328629208728671],[7.202837082331826e-7,0.00009788255556486547,0.000426675338530913,0.0011576736578717828,0.0023281110916286707,0.0037872307002544403,0.003915862180292606,0.0038253809325397015,0.0036884385626763105,0.003816214157268405,0.004015292972326279],[0.0000016649066765239695,0.0007951821316964924,0.0028607770800590515,0.006352559197694063,0.011356302537024021,0.016109585762023926,0.012706689536571503,0.011472320184111595,0.010860287584364414,0.010455251671373844,0.010207653045654297],[0.000020250230591045693,0.003667449578642845,0.011278499849140644,0.019672222435474396,0.03612525016069412,0.056387338787317276,0.05997863784432411,0.05929446220397949,0.06052215024828911,0.059274639934301376,0.05932081118226051],[0.0000017816431636674679,0.005440559703856707,0.017357591539621353,0.030544674023985863,0.047879789024591446,0.06358148157596588,0.05747949331998825,0.0515579879283905,0.04690515995025635,0.045083191245794296,0.042635783553123474],[0.0000035867344649886945,0.0343882255256176,0.07924334704875946,0.1339336782693863,0.2039036899805069,0.2755279242992401,0.3249456286430359,0.34482765197753906,0.36014679074287415,0.3454354405403137,0.3132551908493042],[0.000002092921704388573,0.03715553507208824,0.10096621513366699,0.20729897916316986,0.31198370456695557,0.39477935433387756,0.3265322744846344,0.2695470452308655,0.2321195751428604,0.2073088437318802,0.19331729412078857]]}