{"training_accuracy":[0.20999999344348907,0.17000000178813934,0.2199999988079071,0.1899999976158142,0.3100000023841858,0.2800000011920929,0.23000000417232513,0.2800000011920929,0.3700000047683716,0.2800000011920929,0.3100000023841858,0.3199999928474426,0.3199999928474426,0.3400000035762787,0.33000001311302185,0.3199999928474426,0.3499999940395355,0.3400000035762787,0.33000001311302185,0.3199999928474426,0.2800000011920929,0.3199999928474426,0.36000001430511475,0.30000001192092896,0.3100000023841858,0.4099999964237213,0.3400000035762787,0.4300000071525574,0.4300000071525574,0.3499999940395355,0.4099999964237213,0.5199999809265137,0.36000001430511475,0.41999998688697815,0.38999998569488525,0.44999998807907104,0.4399999976158142,0.5699999928474426,0.36000001430511475,0.41999998688697815,0.4000000059604645,0.3199999928474426,0.44999998807907104,0.4399999976158142,0.36000001430511475],"attacked_training_accuracy":[0.1599999964237213,0.14000000059604645,0.10999999940395355,0.15000000596046448,0.25999999046325684,0.12999999523162842,0.14000000059604645,0.18000000715255737,0.25,0.12999999523162842,0.30000001192092896,0.20000000298023224,0.27000001072883606,0.27000001072883606,0.18000000715255737,0.27000001072883606,0.30000001192092896,0.23999999463558197,0.36000001430511475,0.23000000417232513,0.20000000298023224,0.20999999344348907,0.18000000715255737,0.20999999344348907,0.14000000059604645,0.30000001192092896,0.27000001072883606,0.2800000011920929,0.3400000035762787,0.18000000715255737,0.23999999463558197,0.3400000035762787,0.14000000059604645,0.3199999928474426,0.25999999046325684,0.3799999952316284,0.25999999046325684,0.41999998688697815,0.27000001072883606,0.2800000011920929,0.23000000417232513,0.20999999344348907,0.30000001192092896,0.2800000011920929,0.2199999988079071],"kl_over_time":[[3.303616580296875e-8,2.2484016881207936e-5,0.00010553034371696413,0.0002564993337728083,0.00048284439253620803,0.0007874327711760998,0.0011787924449890852,0.0016711227362975478,0.002263510599732399,0.0029766529332846403,0.0038141533732414246],[5.246043244255816e-8,3.691498204716481e-5,0.00017013467731885612,0.0004124194383621216,0.000778050278313458,0.0012774906354025006,0.0019316220423206687,0.0027535147964954376,0.0037668179720640182,0.00501990644261241,0.006508886814117432],[5.907063282961644e-8,2.520513953641057e-5,0.00015229986456688493,0.000406835664762184,0.0007977692876011133,0.0013471695128828287,0.002071219030767679,0.002990312874317169,0.004140523727983236,0.005530388094484806,0.0072350152768194675],[9.400505263101877e-8,2.561943620094098e-5,0.0001412192650604993,0.000357991608325392,0.0006755474023520947,0.001089370925910771,0.0015979831805452704,0.002198999747633934,0.002893668133765459,0.003685673465952277,0.00457899970933795],[1.2211991418098478e-7,2.2621708922088146e-5,0.00010530051804380491,0.00025842690956778824,0.0004814609419554472,0.0007759018335491419,0.0011367413681000471,0.0015678147319704294,0.002066423650830984,0.002646942622959614,0.003307895502075553],[1.539801104399885e-7,2.409527951385826e-5,0.00011515829100972041,0.00028367360937409103,0.0005536081152968109,0.0009305439889431,0.0014241335447877645,0.002037967322394252,0.002754639834165573,0.0035932634491473436,0.004538333974778652],[1.819250741164069e-7,1.706602779449895e-5,0.0001015558373183012,0.0002699164906516671,0.0005166847840882838,0.0008419820223934948,0.0012347131269052625,0.0016955670434981585,0.002223269548267126,0.002817218191921711,0.0034703242126852274],[3.0230452807700203e-7,5.256079020909965e-5,0.0002446806465741247,0.0005746277165599167,0.0010322576854377985,0.0016368108335882425,0.0023727500811219215,0.003227668348699808,0.00423871073871851,0.005384872667491436,0.00668093329295516],[3.1803901379134913e-7,3.719512824318372e-5,0.00017132620268967003,0.0004071815637871623,0.00071712612407282,0.0011233820114284754,0.001600140705704689,0.0021402377169579268,0.0027528470382094383,0.0034061861224472523,0.0041145808063447475],[3.99758647517956e-7,3.40233018505387e-5,0.00018855623784475029,0.0005051459302194417,0.0009789083851501346,0.001667930162511766,0.002570909447968006,0.003718888619914651,0.005165296606719494,0.006948516238480806,0.009127573110163212],[4.0061985373540665e-7,6.693378236377612e-5,0.0003528037341311574,0.0008709300891496241,0.0016480409540235996,0.0026332507841289043,0.003868467640131712,0.005343184340745211,0.0070706699043512344,0.009078694507479668,0.01138990093022585],[5.507811238203431e-7,4.155117130721919e-5,0.00024534171097911894,0.0006414030212908983,0.0012205287348479033,0.00203420827165246,0.0030482416041195393,0.004321873188018799,0.005878197029232979,0.007737741805613041,0.010013346560299397],[4.777579079018324e-7,4.6291908802231774e-5,0.00025032515986822546,0.000653740600682795,0.001267427229322493,0.002118376549333334,0.003175684716552496,0.004537131171673536,0.006185563746839762,0.008195316419005394,0.01058151200413704],[7.270143100868154e-7,0.0001048084523063153,0.00047297406126745045,0.001087632030248642,0.0019806334748864174,0.003120114328339696,0.00449165515601635,0.006152740679681301,0.00801671203225851,0.010154888033866882,0.012484957464039326],[7.615510639880085e-7,5.536265598493628e-5,0.0003659865178633481,0.0009962585754692554,0.0020432784222066402,0.0034630666486918926,0.005390046630054712,0.007810454349964857,0.010737535543739796,0.014322417788207531,0.018599510192871094],[1.1926000524908886e-6,6.149632827145979e-5,0.00042066030437126756,0.0011685008648782969,0.002339024795219302,0.003916631918400526,0.0059617673978209496,0.008474797010421753,0.01143687218427658,0.014967779628932476,0.019107596948742867],[1.423365574737545e-6,9.190847777063027e-5,0.0005406359559856355,0.0014080979162827134,0.0027140097226947546,0.004476988222450018,0.006692093331366777,0.009344812482595444,0.01245868019759655,0.016052475199103355,0.020085619762539864],[1.2391277550705126e-6,0.00010078222840093076,0.0006110285175964236,0.0016079276101663709,0.0031502950005233288,0.00525284418836236,0.007943913340568542,0.011264726519584656,0.01531668659299612,0.020209092646837234,0.025929106399416924],[1.3437867210086551e-6,7.77268287492916e-5,0.0005262611084617674,0.0014965840382501483,0.002963683567941189,0.004993087146431208,0.00749161746352911,0.010553276166319847,0.014070137403905392,0.018158385530114174,0.022617138922214508],[2.533824499550974e-6,0.00019837560830637813,0.0010503694647923112,0.0026860986836254597,0.0051943352445960045,0.008475911803543568,0.01257367618381977,0.017457453534007072,0.023219402879476547,0.02980276569724083,0.03719979152083397],[1.5920144278425141e-6,0.0002688991080503911,0.0013472118880599737,0.0032126407604664564,0.0059963855892419815,0.009687681682407856,0.014364199712872505,0.01993020996451378,0.026667548343539238,0.03439569100737572,0.043405793607234955],[2.3310608412430156e-6,0.00027740231598727405,0.0013805603375658393,0.0032713869586586952,0.006052327807992697,0.009786597453057766,0.014389606192708015,0.020189370959997177,0.02696395292878151,0.0350823737680912,0.04452965781092644],[2.8652964374487055e-6,0.00033586882636882365,0.0017308583483099937,0.004290259443223476,0.008094881661236286,0.013060512021183968,0.01944875903427601,0.027123043313622475,0.03605703264474869,0.04664238914847374,0.05878468230366707],[3.0776282073929906e-6,0.00031178470817394555,0.0016441383631899953,0.004193650558590889,0.007912098430097103,0.013052379712462425,0.01957695186138153,0.027570627629756927,0.037539105862379074,0.04905325174331665,0.06287442147731781],[3.1896991004032316e-6,0.0004915622412227094,0.0023665418848395348,0.005766323301941156,0.010708942078053951,0.017137177288532257,0.025285989046096802,0.03513634577393532,0.04673583805561066,0.0600445531308651,0.07563289254903793],[3.1042668524605688e-6,0.0002808091521728784,0.0015775832580402493,0.004192587453871965,0.00807710736989975,0.013279919512569904,0.01992560550570488,0.028181470930576324,0.03776049241423607,0.04924856126308441,0.06262869387865067],[3.889156232617097e-6,