{"training_accuracies":[0.30000001192092896,0.4300000071525574,0.550000011920929,0.6000000238418579,0.5799999833106995,0.5099999904632568,0.5600000023841858,0.5799999833106995,0.550000011920929,0.49000000953674316,0.6399999856948853,0.6100000143051147,0.5699999928474426,0.5699999928474426,0.6000000238418579,0.6600000262260437,0.6399999856948853,0.5799999833106995,0.5600000023841858,0.47999998927116394,0.5099999904632568,0.46000000834465027,0.5099999904632568,0.6299999952316284,0.5799999833106995,0.5199999809265137,0.5899999737739563,0.5400000214576721,0.6000000238418579,0.6200000047683716,0.5600000023841858,0.6700000166893005,0.5400000214576721,0.5400000214576721,0.550000011920929,0.5600000023841858,0.6299999952316284,0.5,0.6200000047683716,0.6600000262260437],"attacked_training_accuracies":[0.28999999165534973,0.4099999964237213,0.550000011920929,0.5600000023841858,0.5400000214576721,0.5400000214576721,0.46000000834465027,0.5799999833106995,0.47999998927116394,0.5199999809265137,0.6100000143051147,0.5099999904632568,0.5400000214576721,0.5199999809265137,0.5299999713897705,0.6000000238418579,0.5799999833106995,0.5600000023841858,0.47999998927116394,0.5,0.47999998927116394,0.44999998807907104,0.4699999988079071,0.6000000238418579,0.46000000834465027,0.5299999713897705,0.550000011920929,0.44999998807907104,0.5699999928474426,0.6000000238418579,0.46000000834465027,0.5799999833106995,0.5400000214576721,0.4300000071525574,0.5,0.550000011920929,0.5899999737739563,0.5,0.5400000214576721,0.5199999809265137],"kl_over_time":[[0.000014582435142074246,0.000015347026419476606,0.00003154514342895709,0.00007347571227001026,0.00009033885726239532,0.00013618177035823464,0.00016814639093354344,0.0002171876112697646,0.0002734763838816434,0.00031775652314536273,0.00040955538861453533],[0.00005598218194791116,0.00013330127694644034,0.00013822127948515117,0.00008307448297273368,0.00028154661413282156,0.00031661055982112885,0.0003977638261858374,0.00047462902148254216,0.0004356699646450579,0.0005897980881854892,0.0007090435829013586],[0.00028145487885922194,0.00032696351991035044,0.0002350585418753326,0.0004703340819105506,0.0006753624766133726,0.0008522688876837492,0.0011304698418825865,0.0012373918434605002,0.0016124033136293292,0.002012580633163452,0.002429517451673746],[0.0006151773850433528,0.0010816840222105384,0.0012381511041894555,0.001622029929421842,0.0024756845086812973,0.004067893605679274,0.006122933700680733,0.005948619917035103,0.006925672292709351,0.007969527505338192,0.007955538108944893],[0.0013127585407346487,0.0034712031483650208,0.002661495702341199,0.005581382196396589,0.006087605841457844,0.008126381784677505,0.008845094591379166,0.010763927362859249,0.007694560568779707,0.009645682759582996,0.013465892523527145],[0.002046565292403102,0.0038749787490814924,0.004689208697527647,0.005304884631186724,0.006330537609755993,0.007812351919710636,0.008525212295353413,0.008470738306641579,0.01239289715886116,0.01365362387150526,0.015264875255525112],[0.0035198149271309376,0.0017931333277374506,0.0035074937622994184,0.0033807014115154743,0.004575014114379883,0.008351855911314487,0.007093117572367191,0.010451039299368858,0.0115536879748106,0.019811149686574936,0.01637488231062889],[0.0023659730795770884,0.004106839187443256,0.005107767414301634,0.007997476495802402,0.010740549303591251,0.013927673920989037,0.014236888848245144,0.016213588416576385,0.01808040775358677,0.020384544506669044,0.024807222187519073],[0.005836436990648508,0.004073034040629864,0.00877066608518362,0.01437123492360115,0.02129387855529785,0.018097275868058205,0.02373521775007248,0.031508054584264755,0.03796292841434479,0.03709776699542999,0.040739916265010834],[0.0038300638552755117,0.009121505543589592,0.007940743118524551,0.009234120137989521,0.006214452907443047,0.01642782986164093,0.02432519942522049,0.030432695522904396,0.0359497144818306,0.039512958377599716,0.0484800711274147],[0.0058405655436217785,0.011796105653047562,0.011339345946907997,0.01699669286608696,0.014710509218275547,0.019060591235756874,0.019364070147275925,0.018984856083989143,0.026255864650011063,0.036738086491823196,0.043478745967149734],[0.003792887320742011,0.0035457187332212925,0.007660286035388708,0.008282301016151905,0.015646670013666153,0.015302523970603943,0.025429505854845047,0.023166975006461143,0.030529551208019257,0.037075769156217575,0.044153206050395966],[0.011747161857783794,0.013785979710519314,0.014978560619056225,0.014477342367172241,0.015751279890537262,0.01684650406241417,0.02150721475481987,0.02880525216460228,0.03953462466597557,0.0398394875228405,0.05270901694893837],[0.009056485258042812,0.013356516137719154,0.015957240015268326,0.021308988332748413,0.023918654769659042,0.038997821509838104,0.035085324198007584,0.04410983994603157,0.04577868804335594,0.05721532553434372,0.054954856634140015],[0.008604777045547962,0.007131023332476616,0.008931394666433334,0.010998032987117767,0.01084261853247881,0.015200437046587467,0.020813440904021263,0.02256365492939949,0.03003997728228569,0.031733814626932144,0.03388538584113121],[0.011750745587050915,0.012900748290121555,0.005362816154956818,0.00969206914305687,0.013137904927134514,0.01961158588528633,0.016519110649824142,0.02105867862701416,0.03247804567217827,0.029974130913615227,0.04056750237941742],[0.006542516872286797,0.008862767368555069,0.008921165019273758,0.016467412933707237,0.010558526031672955,0.011714084073901176,0.021516965702176094,0.01581496000289917,0.021312713623046875,0.03546687588095665,0.048810794949531555],[0.005154412239789963,0.008326739072799683,0.00600612023845315,0.008641875348985195,0.009457164444029331,0.010538334958255291,0.012038545683026314,0.015464501455426216,0.018639298155903816,0.026468029245734215,0.027589820325374603],[0.09452275186777115,0.10584182292222977,0.11725650727748871,0.09267076104879379,0.08558690547943115,0.08411537110805511,0.1103525161743164,0.14631430804729462,0.19445182383060455,0.20169255137443542,0.1940193474292755],[0.01890133135020733,0.010698234662413597,0.02270832471549511,0.03180805593729019,0.02896052785217762,0.018619686365127563,0.01948661543428898,0.040785808116197586,0.04584681987762451,0.04931651055812836,0.05479545146226883],[0.00852016918361187,0.010708174668252468,0.01461578905582428,0.010828981176018715,0.011374273337423801,0.013808958232402802,0.02093597874045372,0.022269776090979576,0.027437888085842133,0.028882546350359917,0.03531821817159653],[0.008735386654734612,0.00973662082105875,0.013946748338639736,0.013437408953905106,0.016630670055747032,0.01792842708528042,0.01989225670695305,0.021149184554815292,0.02274959348142147,0.02530529722571373,0.03970244154334068],[0.0013358470750972629,0.001567845931276679,0.004733718931674957,0.0041873399168252945,0.008681499399244785,0.011295479722321033,0.015928033739328384,0.019234349951148033,0.023112758994102478,0.023980483412742615,0.033154748380184174],[0.0036863028071820736,0.007964051328599453,0.008376823738217354,0.016141775995492935,0.012865359894931316,0.014458106830716133,0.016063299030065536,0.020819339901208878,0.024259371683001518,0.027034444734454155,0.03367234021425247],[0.011791073717176914,0.016449864953756332,0.02263765037059784,0.024522487074136734,0.03304452449083328,0.024584587663412094,0.038382638245821,0.041273001581430435,0.06481562554836273,0.07925651967525482,0.12738536298274994],[0.002360941143706441,0.006034040357917547,0.0047406358644366264,0.0063219573348760605,0.008673894219100475,0.011193369515240192,0.018770897760987282,0.01628309302031994,0.03019603155553341,0.02898387424647808,0.03432440757751465],[0.016977624967694283,0.010154729709029198,0.018564485013484955,0.014660967513918877,0.020875360816717148,0.026563704013824463,0.029926137998700142,0.056926947087049484,0.06367585808038712,0.07091333717107773,0.09396839141845703],[0.008488529361784458,0.006611855700612068,0.01656394638121128,0.01785876601934433,0.022794019430875778,0.02852368727326393,0.03537442907691002,0.0310450978577137,0.03134814277291298,