{"training_accuracy":[0.03999999910593033,0.05999999865889549,0.14000000059604645],"attacked_training_accuracy":[0.23000000417232513,0.27000001072883606,0.18000000715255737],"kl_over_time":[[3.2995149723547e-8,1.5064598301250953e-5,2.405222039669752e-5,3.301421020296402e-5,0.0001336277200607583,0.0002054216165561229,0.0003919163136743009,0.0005769524723291397,0.0007497781189158559,0.0008663313928991556,0.000963119906373322],[4.128484576426672e-8,4.391138645587489e-5,7.422296221193392e-6,1.6316478649969213e-5,1.7646392734604888e-5,4.085073305759579e-5,4.4759028241969645e-5,6.226920959306881e-5,0.00032022682717069983,0.0002870097232516855,0.0002791942097246647],[3.070289977813445e-8,2.9404593078652397e-5,1.3040803423791658e-5,6.375834345817566e-5,8.311319106724113e-5,0.00017787775141187012,0.0004614968493115157,0.0006914361147210002,0.0008726679952815175,0.0009410395286977291,0.0010051060235127807]]}