{"training_accuracy":[0.49000000953674316,0.6700000166893005,0.5400000214576721,0.550000011920929,0.7300000190734863,0.6600000262260437,0.7599999904632568,0.6100000143051147,0.6399999856948853,0.5899999737739563,0.6499999761581421,0.699999988079071,0.6700000166893005,0.7099999785423279,0.8199999928474426,0.7099999785423279],"attacked_training_accuracy":[0.3799999952316284,0.699999988079071,0.5,0.6499999761581421,0.6000000238418579,0.6600000262260437,0.699999988079071,0.4000000059604645,0.6399999856948853,0.5400000214576721,0.6800000071525574,0.6700000166893005,0.6600000262260437,0.7099999785423279,0.7300000190734863,0.7200000286102295],"kl_over_time":[[1.7089862467400962e-6,4.1454048187006265e-5,1.849846557888668e-5,4.446477396413684e-5,8.557673572795466e-5,0.0001669293560553342,0.00023082415282260627,0.0003118694294244051,0.00042377362842671573,0.0005151376244612038,0.0006335290381684899],[3.6062701838091016e-6,0.00012769743625540286,0.00014515047951135784,0.0002777888148557395,0.0008916780934669077,0.001086184405721724,0.0013730037026107311,0.0017309366958215833,0.0018652803264558315,0.002161131938919425,0.0026501959655433893],[8.351678843609989e-6,0.0003108148812316358,0.0003881280717905611,0.0007597829098813236,0.0009550982504151762,0.0016134021570906043,0.0020222675520926714,0.0024589102249592543,0.002991833258420229,0.004186142701655626,0.0044138431549072266],[5.0059323257301e-5,0.0003806552558671683,0.0008466553408652544,0.0003437743871472776,0.0005659565795212984,0.0006501988973468542,0.0007364330813288689,0.0009925938211381435,0.001274801790714264,0.001846838160417974,0.002245089039206505],[0.0011033021146431565,0.0012651412980630994,0.002107220934703946,0.003859667805954814,0.003032311098650098,0.004115714225918055,0.007095420267432928,0.008740902878344059,0.012752539478242397,0.01422584056854248,0.017741402611136436],[3.180346539011225e-5,0.0032078151125460863,0.002183212898671627,0.0045181140303611755,0.0024712940212339163,0.005698770750313997,0.005379403010010719,0.005037025082856417,0.005849842913448811,0.0066779423505067825,0.007923990488052368],[7.665664452360943e-5,0.002683304250240326,0.004251864273101091,0.004567022901028395,0.0053536295890808105,0.007194989360868931,0.009711937978863716,0.008306288160383701,0.006960230879485607,0.00867031142115593,0.009963518008589745],[8.906121365725994e-5,0.0015021495055407286,0.0020222740713506937,0.0033528555650264025,0.004237765911966562,0.006287566386163235,0.006539244670420885,0.007303858641535044,0.010063535533845425,0.012879814021289349,0.014216424897313118],[2.5326793547719717e-5,0.0010150811867788434,0.001970556564629078,0.0037461393512785435,0.00496471906080842,0.007033888716250658,0.0066170040518045425,0.005689389072358608,0.006663735955953598,0.009529786184430122,0.010531277395784855],[2.2897700546309352e-5,0.005496358964592218,0.006792226806282997,0.008233501575887203,0.004078731406480074,0.007971073500812054,0.007181857712566853,0.010089125484228134,0.009010432288050652,0.009852366521954536,0.011661475524306297],[3.996201849076897e-5,0.0014741537161171436,0.002393291098996997,0.002544011455029249,0.0021600935142487288,0.0032450996804982424,0.003284029196947813,0.0041475314646959305,0.0041063278913497925,0.00518786022439599,0.0052971201948821545],[0.0001983781548915431,0.0016112921293824911,0.0021272534504532814,0.0031522600911557674,0.004300967790186405,0.006067235488444567,0.010656086727976799,0.015283389016985893,0.017844557762145996,0.021721648052334785,0.02530759572982788],[4.96638058393728e-5,0.002486116485670209,0.0014883805997669697,0.0027765666600316763,0.0013048095861449838,0.0041183484718203545,0.007085240911692381,0.008800257928669453,0.010683677159249783,0.015632640570402145,0.01652754656970501],[5.546460670302622e-5,0.002363841747865081,0.0019902095664292574,0.003921926021575928,0.0044900234788656235,0.004067857749760151,0.004925448913127184,0.005013828165829182,0.005934690125286579,0.006845751777291298,0.008385325782001019],[0.0002521522110328078,0.0017626123735681176,0.001344217685982585,0.0031346839386969805,0.00442596385255456,0.005518966820091009,0.005625310819596052,0.006575858220458031,0.008239103481173515,0.01182266604155302,0.011195874772965908],[0.00040444472688250244,0.001684008166193962,0.002080606995150447,0.005072607658803463,0.0057892524637281895,0.008022334426641464,0.006674442905932665,0.007874861359596252,0.007210813462734222,0.010120328515768051,0.01108267530798912]]}