{"training_accuracy":[0.75,0.875],"attacked_training_accuracy":[0.25,0.375],"kl_over_time":[[0.00008654974226374179,0.19880172610282898,0.9785540699958801,2.659048318862915,4.539323329925537,6.308899402618408,8.5459566116333,10.704436302185059,13.121585845947266,15.276013374328613,17.7637939453125],[0.000007931507752800826,0.16420605778694153,0.8010204434394836,1.7747993469238281,3.221068859100342,4.763876438140869,6.409904479980469,8.01614761352539,9.599059104919434,NaN,NaN]]}