{"training_accuracy":[0.4000000059604645,0.47999998927116394,0.3499999940395355,0.4099999964237213,0.5299999713897705,0.4300000071525574,0.5099999904632568],"attacked_training_accuracy":[0.3100000023841858,0.3100000023841858,0.25,0.2800000011920929,0.41999998688697815,0.2800000011920929,0.3100000023841858],"kl_over_time":[[2.456415870710771e-7,0.0000018870972553486354,0.000016295771274599247,0.00003532845948939212,0.00007655762601643801,0.00014456613280344754,0.00021524900512304157,0.00029207009356468916,0.0003626895195338875,0.00043398712296038866,0.0004933219752274454],[4.927332497572934e-7,0.0000264082191279158,0.00005955989036010578,0.00010926427057711408,0.00018133844423573464,0.0002571661025285721,0.00029555641231127083,0.00031841470627114177,0.00036190642276778817,0.00040398899000138044,0.000469398481072858],[0.000002633937128848629,0.00008627006900496781,0.00033089349744841456,0.0007719772402197123,0.0013342989841476083,0.0020699333399534225,0.0027796614449471235,0.003319691400974989,0.003640493145212531,0.0038546042051166296,0.0036933578085154295],[0.000015228816664603073,0.0014308771351352334,0.003782276762649417,0.0070960125885903835,0.011453752405941486,0.016078514978289604,0.015534390695393085,0.013816303573548794,0.012044171802699566,0.010736760683357716,0.009111583232879639],[0.000023033016987028532,0.0005976456450298429,0.0017447506543248892,0.002794168423861265,0.004722546320408583,0.00799096655100584,0.01208620797842741,0.014767933636903763,0.016797911375761032,0.01803453080356121,0.018439877778291702],[0.00003150166230625473,0.018761711195111275,0.040229249745607376,0.07380598783493042,0.1103544607758522,0.13766691088676453,0.1372384876012802,0.12788942456245422,0.11674503982067108,0.10848941653966904,0.09143425524234772],[0.0010508237173780799,0.014366469345986843,0.029804477468132973,0.05446244031190872,0.090347059071064,0.14096923172473907,0.17657256126403809,0.2248932272195816,0.25645723938941956,0.2737288475036621,0.26269686222076416]]}