{"training_accuracy":[0.41999998688697815,0.5400000214576721,0.4300000071525574,0.41999998688697815],"attacked_training_accuracy":[0.25,0.33000001311302185,0.23999999463558197,0.30000001192092896],"kl_over_time":[[1.5595644242694107e-7,0.000003131473931716755,0.000017267118892050348,0.00004322870881878771,0.00008301029447466135,0.0001362465845886618,0.00020741189655382186,0.00029423917294479907,0.0004037485923618078,0.000543787784408778,0.0007139689987525344],[3.3475691907369765e-7,0.0000024186256268876605,0.000013445821423374582,0.000040138736949302256,0.00008736585732549429,0.00015503435861319304,0.0002509420155547559,0.0003812778741121292,0.0005367404664866626,0.0007277104305103421,0.0009637588518671691],[0.0000015825108903300134,0.000010093656783283222,0.00008430518209934235,0.00024239328922703862,0.0004752778622787446,0.0007955765468068421,0.0011994800297543406,0.0016756575787439942,0.002222382230684161,0.0027934410609304905,0.0033800669480115175],[0.000011432737665018067,0.00006017275154590607,0.00011517966777319089,0.00031283468706533313,0.0005596990813501179,0.0010963301174342632,0.0019767223857343197,0.0033511619549244642,0.004958054516464472,0.007616609334945679,0.010203945450484753]]}