{"training_accuracy":[0.33000001311302185],"attacked_training_accuracy":[0.23000000417232513],"kl_over_time":[[4.481636040054582e-7,0.00011506670853123069,0.0005863161059096456,0.001477534999139607,0.0027841399423778057,0.0045073507353663445,0.0067173573188483715,0.009397575631737709,0.012609402649104595,0.016402358189225197,0.020712098106741905]],"mm_val_robustness":[[0.12727272510528564,0.12504638731479645,0.14990723133087158,0.12653061747550964,0.12764377892017365,0.1747680902481079,0.24415583908557892,0.22486084699630737,0.1484230011701584,0.12875695526599884,0.2163265347480774,0.12244898080825806,0.13061223924160004,0.1755101978778839,0.12801484763622284,0.13024118542671204,0.12838590145111084,0.14879406988620758,0.23302412033081055,0.12690167129039764,0.1747680902481079,0.15955473482608795,0.13135436177253723,0.20742115378379822,0.12282003462314606,0.12838590145111084,0.12949907779693604,0.17254173755645752,0.12504638731479645,0.24267160892486572,0.15027830004692078,0.22745825350284576,0.12653061747550964,0.14879406988620758,0.23896104097366333,0.22634507715702057,0.16660481691360474,0.15955473482608795,0.14990723133087158,0.12838590145111084,0.2148423045873642,0.23005566000938416,0.17068645358085632,0.12801484763622284,0.22189238667488098,0.12987013161182404,0.22003710269927979,0.1799628883600235,0.12875695526599884,0.12653061747550964,0.15584415197372437,0.12578849494457245,0.17328386008739471,0.12727272510528564,0.17217068374156952,0.22968460619449615,0.12541744112968445,0.16141001880168915,0.22374768555164337,0.22077922523021698,0.12727272510528564,0.15435992181301117,0.12727272510528564,0.15139146149158478,0.2448979616165161,0.15732838213443756,0.1755101978778839,0.1461966633796692,0.15398886799812317,0.22745825350284576,0.12690167129039764,0.15102040767669678,0.12615954875946045,0.23302412033081055,0.2163265347480774,0.23228199779987335,0.12690167129039764,0.1469387710094452,0.23302412033081055,0.14990723133087158,0.13024118542671204,0.12912800908088684,0.15064935386180878,0.12578849494457245,0.12764377892017365,0.1762523204088211,0.15510204434394836,0.22634507715702057,0.12615954875946045,0.12578849494457245,0.12727272510528564,0.12615954875946045,0.12949907779693604,0.14879406988620758,0.12541744112968445,0.22597402334213257,0.15918366611003876,0.12319109588861465,0.12949907779693604,0.15695732831954956]]}