{"training_accuracy":[0.7400000095367432,0.7699999809265137,0.7599999904632568,0.8399999737739563,0.7799999713897705,0.7400000095367432,0.7900000214576721,0.8399999737739563,0.7699999809265137,0.7799999713897705,0.8100000023841858,0.8799999952316284,0.8399999737739563,0.8700000047683716,0.8799999952316284,0.8899999856948853,0.8700000047683716,0.9200000166893005,0.8299999833106995,0.8500000238418579,0.8899999856948853,0.8500000238418579,0.8999999761581421,0.7900000214576721,0.8600000143051147,0.8500000238418579,0.9100000262260437,0.8799999952316284,0.9200000166893005,0.8999999761581421,0.9300000071525574,0.8700000047683716,0.8700000047683716,0.8199999928474426,0.8600000143051147,0.8899999856948853,0.8600000143051147,0.8899999856948853,0.8999999761581421,0.9200000166893005,0.9200000166893005,0.8899999856948853,0.8799999952316284,0.8399999737739563,0.9200000166893005,0.8500000238418579,0.9100000262260437,0.8799999952316284,0.9399999976158142,0.8500000238418579,0.9300000071525574,0.8700000047683716,0.7900000214576721,0.8999999761581421,0.9100000262260437,0.9399999976158142,0.8500000238418579,0.9300000071525574,0.8700000047683716,0.8700000047683716,0.9200000166893005,0.949999988079071,0.8899999856948853,0.8999999761581421,0.8299999833106995,0.8700000047683716,0.8799999952316284,0.8399999737739563,0.9300000071525574,0.8700000047683716,0.9100000262260437],"attacked_training_accuracy":[0.10000000149011612,0.18000000715255737,0.20999999344348907,0.12999999523162842,0.05999999865889549,0.2199999988079071,0.10999999940395355,0.28999999165534973,0.15000000596046448,0.1899999976158142,0.2199999988079071,0.14000000059604645,0.18000000715255737,0.25999999046325684,0.3400000035762787,0.2199999988079071,0.25999999046325684,0.27000001072883606,0.27000001072883606,0.1599999964237213,0.17000000178813934,0.20999999344348907,0.2800000011920929,0.2199999988079071,0.18000000715255737,0.28999999165534973,0.15000000596046448,0.3199999928474426,0.1599999964237213,0.23000000417232513,0.2199999988079071,0.4000000059604645,0.2199999988079071,0.10000000149011612,0.11999999731779099,0.10999999940395355,0.1899999976158142,0.1599999964237213,0.27000001072883606,0.3100000023841858,0.30000001192092896,0.2800000011920929,0.10000000149011612,0.1599999964237213,0.17000000178813934,0.20000000298023224,0.3400000035762787,0.3499999940395355,0.12999999523162842,0.20999999344348907,0.10000000149011612,0.1599999964237213,0.23999999463558197,0.15000000596046448,0.46000000834465027,0.20000000298023224,0.3100000023841858,0.18000000715255737,0.27000001072883606,0.1599999964237213,0.2800000011920929,0.3499999940395355,0.2199999988079071,0.25,0.2199999988079071,0.23000000417232513,0.27000001072883606,0.47999998927116394,0.44999998807907104,0.1899999976158142,0.25],"kl_over_time":[[4.950242328050081e-6,0.14877267181873322,0.6832009553909302,1.5771136283874512,2.3312828540802,3.1486613750457764,4.092639446258545,4.744524955749512,5.699800968170166,6.266883373260498,6.817451000213623],[1.2847690413764212e-6,0.24053801596164703,1.080889344215393,2.1945745944976807,3.0140600204467773,3.8310601711273193,4.643403053283691,5.353409290313721,5.935102462768555,6.628490924835205,7.211265563964844],[1.8104449281963753e-6,0.2673540711402893,0.8758053183555603,1.8432952165603638,3.1619985103607178,4.007692813873291,5.063992023468018,5.898415565490723,6.51969051361084,7.157204627990723,7.667458534240723],[1.2155264812463429e-6,0.3214520514011383,1.1547465324401855,2.1542446613311768,3.1801469326019287,4.1377854347229,4.873122215270996,5.615049839019775,6.409212112426758,7.1163010597229,7.691160678863525],[1.3961571312393062e-6,0.21833747625350952,0.8320144414901733,1.7366994619369507,2.6813671588897705,3.8417975902557373,4.888437271118164,5.713894367218018,6.643946170806885,7.559086799621582,8.360782623291016],[1.1774442327805446e-6,0.29105186462402344,0.9169554710388184,1.695375919342041,2.4824719429016113,3.382916212081909,4.184860706329346,4.828472137451172,5.695220947265625,6.286227226257324,6.871695518493652],[1.3670630778506165e-6,0.19424542784690857,0.8871610760688782,1.8864182233810425,2.9218685626983643,3.8659956455230713,4.540408611297607,5.36054801940918,6.186466693878174,6.992488861083984,7.660452842712402],[1.1226006790820975e-6,0.1619298756122589,0.7161690592765808,1.4907084703445435,2.442559242248535,3.3025665283203125,4.103477478027344,4.838444709777832,5.3969879150390625,5.99188232421875,6.45741605758667],[1.197015762954834e-6,0.24878151714801788,0.816920280456543,1.504902720451355,2.4082717895507812,3.439329147338867,4.518153667449951,5.362422943115234,6.1164469718933105,6.713850021362305,7.445353031158447],[1.0675344128685538e-6,0.2845674455165863,0.9312292337417603,1.756203532218933,2.701052188873291,3.737783670425415,4.846171855926514,5.931380271911621,6.882030963897705,7.556392192840576,8.011735916137695],[9.138863674706954e-7,0.2139519900083542,0.8328669667243958,1.7431997060775757,2.768308639526367,3.8861210346221924,4.857481002807617,5.712480545043945,6.5733160972595215,7.27249002456665,7.80260705947876],[1.8212506347481394e-6,0.1016322672367096,0.5880211591720581,1.328369379043579,2.239745855331421,3.2884111404418945,4.443389892578125,5.799612522125244,6.963221073150635,7.914609432220459,8.528739929199219],[9.419585467185243e-7,0.22070954740047455,0.9950985312461853,2.1239230632781982,3.153424024581909,4.195971488952637,5.121042251586914,5.897097587585449,6.691069602966309,7.422727108001709,8.10682201385498],[7.797586363267328e-7,0.2396221160888672,0.9117588400840759,1.6289833784103394,2.551013946533203,3.424833297729492,4.266927242279053,5.085487365722656,6.047158241271973,6.860932350158691,7.492422103881836],[1.24793439226778e-6,0.27078482508659363,0.8410778641700745,1.5209269523620605,2.329404592514038,3.2217705249786377,4.092936992645264,4.87058687210083,5.5133771896362305,6.091677188873291,6.719316482543945],[9.602214277038001e-7,0.19662578403949738,0.7468329668045044,1.6760799884796143,2.7075090408325195,3.6869382858276367,4.663895130157471,5.66312837600708,6.576509952545166,7.557404041290283,8.342409133911133],[5.152468816049804e-7,0.15312418341636658,0.590755045413971,1.4404091835021973,2.6216790676116943,3.613680839538574,4.340661525726318,5.035713195800781,5.665360450744629,6.148262977600098,6.527158260345459],[8.862808726917137e-7,0.18910543620586395,0.7868421673774719,1.731262445449829,2.772618293762207,3.5893394947052,4.404068946838379,5.276368141174316,6.122086048126221,6.925678730010986,7.572226524353027],[7.180302077358647e-7,0.26164403557777405,0.7457112073898315,1.4137096405029297,2.2742855548858643,3.1824162006378174,4.0992021560668945,5.003052711486816,5.568012714385986,6.253121376037598,6.817071437835693],[2.3292705009225756e-6,0.08553294837474823,0.5665706396102905,1.4111295938491821,2.3533644676208496,3.285691499710083,4.155014514923096,5.004184246063232,5.9003753662109375,6.933262825012207,7.950886249542236],[7.218470159386925e-7,0.18571588397026062,0.708846390247345,1.5246410369873047,2.5473129749298096,3.5554070472717285,4.59400749206543,5.513147354125977,6.295236587524414,6.799602031707764,7.527738094329834],[8.550811685381632e-7,0.11735688894987106,0.5463911890983582,1.129630446434021,1.8344873189926147,2.621210813522339,3.4489707946777344,4.04423189163208,4.899697303771973,5.762316703796387,6.581340789794922],[5.49526191662153e-7,0.12971994280815125,0.6415747404098511,1.4319305419921875,2.4735934734344482,3.5850818157196045,4.587466239929199,5.454416275024414,6.199747562408447,7.068631649017334,7.78497314453125],[1.713713800199912e-6,0.2054087072610855,0.6689066886901855,1.4143872261047363,2.54809832572937,3.8712849617004395,5.218925476074219,6.263230323791504,7.125388145446777,7.770759105682373,8.345781326293945],[1.1948231986025348e-6,0.24781650304794312,0.9299087524414062,1.689191222190857,2.586906671524048,3.3627922534942627,4.284521579742432,5.292824745178223,6.098567962646484,7.162761211395264,8.179915428161621],[1.0007314585891436e-6,