{"validation_accuracy":[0.5366666316986084],"attacked_validation_accuracies":[0.43333330750465393],"validation_kl_over_time":[[1.7757389514372335e-7,0.004733559675514698,0.02088906615972519,0.05016350746154785,0.09203074872493744,0.1456712782382965,0.21327842772006989,0.2907733917236328,0.3895072937011719,0.5073060393333435,0.6437962055206299]]}