{"training_accuracy":[0.23000000417232513,0.17000000178813934,0.2800000011920929,0.20000000298023224],"attacked_training_accuracy":[0.23000000417232513,0.10000000149011612,0.1899999976158142,0.20000000298023224],"kl_over_time":[[3.529060776941151e-8,1.676930878602434e-5,7.415051368298009e-5,0.00017072143964469433,0.0003056119894608855,0.0004741509910672903,0.0006765731377527118,0.0009099221206270158,0.0011726513039320707,0.0014618689892813563,0.0017790475394576788],[6.813817066131378e-8,1.8659853594726883e-5,9.422122093383223e-5,0.00023076380603015423,0.00042368698632344604,0.0006712704780511558,0.000968567852396518,0.0013122651726007462,0.0017000202788040042,0.0021268054842948914,0.0025914262514561415],[8.846851784483079e-8,3.102735718130134e-5,0.00013900964404456317,0.00032347108935937285,0.0005820718943141401,0.0009142453200183809,0.0013147892896085978,0.0017848500283434987,0.002315714256837964,0.002916495082899928,0.003571311244741082],[1.2970298257641844e-7,3.358251342433505e-5,0.00015072092355694622,0.00036457498208619654,0.0006870055804029107,0.001128613599576056,0.0017047952860593796,0.002406743820756674,0.0032775767613202333,0.004302972462028265,0.0055248127318918705]]}