{"training_accuracy":[0.4300000071525574,0.44999998807907104,0.550000011920929,0.47999998927116394,0.5600000023841858,0.5799999833106995,0.6399999856948853,0.6700000166893005,0.5899999737739563,0.550000011920929,0.6200000047683716,0.6100000143051147,0.5799999833106995,0.5899999737739563],"attacked_training_accuracy":[0.3799999952316284,0.20999999344348907,0.23999999463558197,0.20999999344348907,0.27000001072883606,0.27000001072883606,0.25999999046325684,0.41999998688697815,0.2800000011920929,0.36000001430511475,0.25999999046325684,0.2199999988079071,0.18000000715255737,0.25999999046325684],"kl_over_time":[[1.3570927137607214e-7,9.229062811755284e-7,6.231033694348298e-6,1.6994004909065552e-5,3.416279287193902e-5,5.6667904573259875e-5,8.310641715070233e-5,0.00011377397459000349,0.00014768383698537946,0.00018563740013632923,0.0002257274609291926],[4.132829189984477e-7,1.5417263057315722e-5,6.231939187273383e-5,0.000137821669341065,0.000244332681177184,0.00038406773819588125,0.0005478939274325967,0.0007444104994647205,0.0009618247859179974,0.0011872118338942528,0.0014532392378896475],[1.8432926935929572e-6,1.1449844350863714e-5,0.0001027786493068561,0.00034052124829031527,0.0007316744304262102,0.0012254872126504779,0.001842190627939999,0.002534873317927122,0.0033484273590147495,0.004226090852171183,0.005075774155557156],[8.807116500975098e-6,0.00022270313638728112,0.0011613627430051565,0.004189745057374239,0.008059311658143997,0.012183889746665955,0.01569567434489727,0.019697468727827072,0.023537946864962578,0.027289651334285736,0.031104695051908493],[8.405220796703361e-6,0.0031891881953924894,0.008323480375111103,0.018414663150906563,0.02634049765765667,0.0367392972111702,0.0495607927441597,0.06603749841451645,0.08254905790090561,0.10069188475608826,0.12215522676706314],[2.3129163309931755e-5,0.009840375743806362,0.019509494304656982,0.042762719094753265,0.07151632755994797,0.09854649007320404,0.12951946258544922,0.16442298889160156,0.20362386107444763,0.2426232546567917,0.2817491590976715],[0.0028011116664856672,0.01265731081366539,0.03199086710810661,0.06107209622859955,0.09395205974578857,0.14733511209487915,0.19935038685798645,0.25599461793899536,0.3203009068965912,0.3915180265903473,0.4576590657234192],[0.0007018287433311343,0.01442993339151144,0.07184744626283646,0.15148471295833588,0.20711322128772736,0.2583681046962738,0.2964821457862854,0.3338274359703064,0.3650112450122833,0.40106475353240967,0.4362226128578186],[0.0015965797938406467,0.026650717481970787,0.12878921627998352,0.20998409390449524,0.2613700330257416,0.30262884497642517,0.3408650755882263,0.37498682737350464,0.4142833352088928,0.44764867424964905,0.4878291189670563],[0.00011706700024660677,0.029266173020005226,0.14791341125965118,0.22066695988178253,0.27664631605148315,0.34287142753601074,0.39859437942504883,0.4495474100112915,0.5008127093315125,0.5480483174324036,0.5970594882965088],[0.0018127047223970294,0.07076442241668701,0.15215076506137848,0.2620379626750946,0.38503551483154297,0.49170270562171936,0.5787929892539978,0.6361864805221558,0.6970481872558594,0.7504318356513977,0.8112708926200867],[0.0012686796253547072,0.04113176837563515,0.21097798645496368,0.35161420702934265,0.4542425870895386,0.5616008043289185,0.6773713827133179,0.7639240622520447,0.8369828462600708,0.9035365581512451,0.9757803678512573],[0.004005241207778454,0.037478409707546234,0.08588007092475891,0.24657034873962402,0.5557517409324646,0.6859317421913147,0.8054905533790588,0.9072050452232361,0.9950986504554749,1.076311707496643,1.163291573524475],[0.0002616517595015466,0.03771540895104408,0.1560954451560974,0.2881068289279938,0.41039931774139404,0.6272990107536316,0.7797424793243408,0.9881172180175781,1.1597942113876343,1.4012597799301147,1.5964208841323853]]}