{"training_accuracy":[0.75],"attacked_training_accuracy":[0.375],"kl_over_time":[[0.00005869922460988164,0.3486402928829193,1.6853573322296143,3.8394265174865723,6.40632963180542,9.13447093963623,12.215675354003906,NaN,NaN,NaN,NaN]]}