{"training_accuracy":[0.2199999988079071,0.17000000178813934,0.25999999046325684,0.18000000715255737,0.36000001430511475,0.33000001311302185,0.28999999165534973,0.33000001311302185,0.4399999976158142,0.3199999928474426,0.36000001430511475,0.4099999964237213,0.3799999952316284,0.46000000834465027,0.3799999952316284,0.38999998569488525,0.4300000071525574,0.46000000834465027,0.49000000953674316,0.44999998807907104,0.4300000071525574,0.4099999964237213,0.5099999904632568,0.41999998688697815,0.5899999737739563,0.49000000953674316,0.49000000953674316,0.5,0.5600000023841858,0.49000000953674316,0.5600000023841858,0.6299999952316284,0.4699999988079071,0.5799999833106995,0.5600000023841858,0.5199999809265137,0.6200000047683716,0.6200000047683716,0.6100000143051147,0.6600000262260437],"attacked_training_accuracy":[0.23999999463558197,0.17000000178813934,0.23000000417232513,0.18000000715255737,0.23000000417232513,0.2800000011920929,0.23999999463558197,0.2800000011920929,0.2800000011920929,0.3100000023841858,0.25,0.30000001192092896,0.33000001311302185,0.30000001192092896,0.30000001192092896,0.3400000035762787,0.3400000035762787,0.3499999940395355,0.27000001072883606,0.2800000011920929,0.23999999463558197,0.28999999165534973,0.30000001192092896,0.3199999928474426,0.4000000059604645,0.23000000417232513,0.30000001192092896,0.28999999165534973,0.3799999952316284,0.36000001430511475,0.3100000023841858,0.3799999952316284,0.25999999046325684,0.44999998807907104,0.4000000059604645,0.27000001072883606,0.36000001430511475,0.2800000011920929,0.4000000059604645,0.4000000059604645],"kl_over_time":[[3.3524415243846306e-8,2.0147284885752015e-5,9.277107164962217e-5,0.00021694376482628286,0.00038845589733682573,0.0006036328268237412,0.000859150430187583,0.001148936222307384,0.001476190984249115,0.0018341807881370187,0.0022212867625057697],[5.1089330099785e-8,2.8990532882744446e-5,0.00014330116391647607,0.00035803913488052785,0.0006817142711952329,0.0011276425793766975,0.0017133535584434867,0.0024412565398961306,0.0033454066142439842,0.004435101989656687,0.0057493215426802635],[1.0617387147249246e-7,1.489519672759343e-5,8.977543620858341e-5,0.00023538712412118912,0.00045465363655239344,0.000734845525585115,0.0010788728250190616,0.0014752516290172935,0.0019250864861533046,0.002419903874397278,0.0029681946616619825],[1.449000137654366e-7,4.0520950278732926e-5,0.0001944137766258791,0.00046687692520208657,0.0008650808013044298,0.0013934802263975143,0.002063768683001399,0.002863786183297634,0.0038255907129496336,0.004952642600983381,0.00623489823192358],[2.294881511488711e-7,3.661540540633723e-5,0.000181752402568236,0.0004601329565048218,0.0008632472599856555,0.0014188322238624096,0.002104948041960597,0.002953259041532874,0.003940465860068798,0.005108584184199572,0.006441598758101463],[3.302179720776621e-7,5.6863435020204633e-5,0.00025907691451720893,0.0006274195038713515,0.001157191931270063,0.0018473326927050948,0.002705333288758993,0.0037394885439425707,0.004959654528647661,0.006373979151248932,0.00796226505190134],[4.3883716216441826e-7,5.264150240691379e-5,0.00024794015916995704,0.0006064200424589217,0.0011666239006444812,0.0019225726136937737,0.0028937673196196556,0.004080244340002537,0.005517843645066023,0.007214819081127644,0.009202984161674976],[5.67829829378752e-7,8.6138432379812e-5,0.00040574095328338444,0.0009548522066324949,0.0017533712089061737,0.00277009978890419,0.003996680490672588,0.005454391706734896,0.007114787120372057,0.00896669365465641,0.0109982555732131],[7.35106141291908e-7,8.518930553691462e-5,0.00043906233622692525,0.0011142278090119362,0.0021333247423171997,0.0034918044693768024,0.005251546856015921,0.007374996785074472,0.009974267333745956,0.01297199446707964,0.01647179014980793],[9.071370641322574e-7,0.0001086993288481608,0.0005447822040878236,0.001329294522292912,0.0024536389391869307,0.00388869596645236,0.005630864761769772,0.007749957498162985,0.01010662317276001,0.012800444848835468,0.015757102519273758],[1.5850210957069066e-6,0.00018062375602312386,0.0010789658408612013,0.003124052891507745,0.005916360300034285,0.010159344412386417,0.014551952481269836,0.01945950649678707,0.025496937334537506,0.03197377175092697,0.0396852046251297],[2.095620175168733e-6,9.954009874491021e-5,0.0006565694347955287,0.001950588426552713,0.003943928983062506,0.0066395471803843975,0.010046755895018578,0.014211769215762615,0.01926877722144127,0.02511298656463623,0.031997185200452805],[1.7872778244054643e-6,0.00021288912103045732,0.0011632668320089579,0.003065441269427538,0.006125252693891525,0.010264681652188301,0.015548067167401314,0.021917475387454033,0.029574722051620483,0.03866245597600937,0.04912349581718445],[2.5993695089709945e-6,0.00022975516912993044,0.0011883677216246724,0.00311337155289948,0.006013181060552597,0.009910155087709427,0.015076976269483566,0.021424992009997368,0.029029712080955505,0.03816383332014084,0.048950184136629105],[3.328582579342765e-6,0.0002666848595254123,0.0013218652456998825,0.003264930797740817,0.006021642591804266,0.009976917877793312,0.014278143644332886,0.018938446417450905,0.025068463757634163,0.03180305287241936,0.03902391716837883],[0.00040278531378135085,0.0009380625560879707,0.002532219747081399,0.005490356124937534,0.010075907222926617,0.016098080202937126,0.02359651029109955,0.032754480838775635,0.04291335493326187,0.05479411780834198,0.06727065145969391],[2.26125530389254e-6,0.00020881019008811563,0.0016632145270705223,0.0048879110254347324,0.009832880459725857,0.016400642693042755,0.024476638063788414,0.03390424698591232,0.04491147771477699,0.058553989976644516,0.0720267966389656],[6.932623819011496e-6,0.0002792926679830998,0.002022581174969673,0.005481016356498003,0.01102107111364603,0.018126634880900383,0.026829199865460396,0.03714611008763313,0.049020737409591675,0.06238638609647751,0.07716980576515198],[5.715370662073838e-6,0.0009444247116334736,0.004063609056174755,0.009992974810302258,0.01966494508087635,0.03332919627428055,0.04912758246064186,0.06607525795698166,0.08752959966659546,0.11148067563772202,0.13811948895454407],[5.3084104365552776e-6,0.0008556260727345943,0.004144410602748394,0.00999605841934681,0.021052798256278038,0.03267986327409744,0.049601342529058456,0.06687462329864502,0.09374114871025085,0.11549431830644608,0.1422337144613266],[3.82763482775772e-6,0.0006803342257626355,0.0033785116393119097,0.008152795024216175,0.01573318988084793,0.025135960429906845,0.036526694893836975,0.051123689860105515,0.06926557421684265,0.0883621796965599,0.10930703580379486],[7.766938324493822e-6,0.0003388093027751893,0.002014248399063945,0.00614020973443985,0.012904155068099499,0.023441335186362267,0.03611064702272415,0.05136089771986008,0.07000748813152313,0.09469921141862869,0.11806195974349976],[1.0586981261440087e-5,0.0006769478204660118,0.004051628522574902,0.010785240679979324,0.020347751677036285,0.03224331885576248,0.04749436303973198,0.06591176241636276,0.08910058438777924,0.11573337018489838,0.14652739465236664],[1.0770009794214275e-5,0.0009284956613555551,0.004843775648623705,0.011956178583204746,0.021634846925735474,0.033988144248723984,0.04788481444120407,0.06311505287885666,0.08002780377864838,0.09841600805521011,0.11801629513502121],[7.915236892586108e-6,0.0004859955224674195,0.002325175330042839,0.006483147386461496,0.013625916093587875,0.024837708100676537,0.03904622048139572,0.057378947734832764,0.07953674346208572,0.10350329428911209,0.13231360912322998],[1.3775051229458768e-5,0.0008080879342742264,0.006371133029460907,0.01779363863170147,0.03331853449344635,0.05417994409799576,0.07681342214345932,0.10405711084604263,0.13823556900024414,0.1749119907617569,0.21663901209831238],[7.63855132390745e-5,0.0013003115309402347,0.0049436502158641815,0.011735198087990284,0.021997200325131416,0.03556743264198303,0.05222969874739647,0.07257527112960815,0.09563074260950089,0.12172595411539078,0.14926764369010925],[3.0181196052581072e-5,0.0010830950923264027,0.006111762020736933,0.016109127551317215,