{"training_accuracy":[0.44999998807907104,0.5899999737739563],"attacked_training_accuracy":[0.20999999344348907,0.20999999344348907],"kl_over_time":[[1.530061410903727e-7,2.4422420210612472e-6,1.2268156751815695e-5,3.271707828389481e-5,6.292374018812552e-5,0.00010346440103603527,0.00015130102110560983,0.00020795535237994045,0.0002737357863225043,0.0003484466578811407,0.00043508998351171613],[5.712939810109674e-7,1.1188672942807898e-5,6.101618419052102e-5,0.00014674280828330666,0.0002742396027315408,0.0004483806842472404,0.0006560824695043266,0.000887846399564296,0.0011381983058527112,0.0014158772537484765,0.0017201572190970182]],"mm_val_robustness":[[0.5313432812690735,0.44999998807907104,0.4514925479888916,0.44925373792648315,0.4343283474445343,0.4507462680339813,0.49701493978500366,0.43283581733703613,0.4395522475242615,0.4880596995353699,0.4522387981414795,0.5097014904022217,0.44626864790916443,0.47238805890083313,0.4567164182662964,0.45746269822120667,0.444029837846756,0.444029837846756,0.45373135805130005,0.4567164182662964,0.43283581733703613,0.512686550617218,0.47910448908805847,0.4395522475242615,0.447761207818985,0.4514925479888916,0.4507462680339813,0.44925373792648315,0.4425373077392578,0.4298507571220398,0.4776119291782379,0.5619403123855591,0.44477611780166626,0.45373135805130005,0.4432835876941681,0.4380596876144409,0.45447760820388794,0.4522387981414795,0.44552239775657654,0.516417920589447,0.45373135805130005,0.4522387981414795,0.46268656849861145,0.5268656611442566,0.4305970072746277,0.4432835876941681,0.44104477763175964,0.4641790986061096,0.43283581733703613,0.5462686419487]]}