{"training_accuracy":[0.2199999988079071,0.17000000178813934,0.18000000715255737,0.20999999344348907,0.3400000035762787,0.33000001311302185,0.23999999463558197],"attacked_training_accuracy":[0.1899999976158142,0.14000000059604645,0.12999999523162842,0.12999999523162842,0.18000000715255737,0.23000000417232513,0.11999999731779099],"kl_over_time":[[2.9220672104202094e-8,2.0125949959037825e-5,8.729293767828494e-5,0.0002022884727921337,0.00036309685674495995,0.0005687156226485968,0.0008205010090023279,0.001116837258450687,0.0014590334612876177,0.0018427284667268395,0.002277595456689596],[4.321258373352066e-8,2.6970314138452522e-5,0.000133580164401792,0.00033536291448399425,0.0006392249488271773,0.0010566405253484845,0.001593815628439188,0.002270751865580678,0.0030874430667608976,0.004062777850776911,0.005228530615568161],[5.222968013640639e-8,2.0172965378151275e-5,9.762473200680688e-5,0.00024039663549046963,0.00045575934927910566,0.0007618998060934246,0.001183314947411418,0.0017280123429372907,0.0024176693987101316,0.0032490503508597612,0.004249105229973793],[9.840699988217239e-8,2.4177437808248214e-5,0.0001258816773770377,0.00031273774220608175,0.0006111979600973427,0.0010359300067648292,0.0015951080713421106,0.0023103253915905952,0.0031918631866574287,0.004248389974236488,0.00550865987315774],[1.225809711513648e-7,1.4537497918354347e-5,9.006235632114112e-5,0.00024056901747826487,0.00046519318129867315,0.0007634363719262183,0.0011379644274711609,0.0015880754217505455,0.0021278259810060263,0.002754203975200653,0.0034744262229651213],[1.684314980821e-7,2.6966370569425635e-5,0.00013262168795336038,0.00032930335146375,0.0006281864480115473,0.0010290582431480289,0.0015480929287150502,0.0021822103299200535,0.0029660575091838837,0.003882217686623335,0.00495961494743824],[2.3431267948126333e-7,3.4452681575203314e-5,0.0001940884831128642,0.0004943721578456461,0.0009549868409521878,0.0015984340570867062,0.0024189958348870277,0.0034547485411167145,0.004715907387435436,0.0062452382408082485,0.008045421913266182]]}