{"training_accuracy":[0.6899999976158142,0.5899999737739563,0.5899999737739563,0.6100000143051147],"attacked_training_accuracy":[0.3199999928474426,0.4000000059604645,0.47999998927116394,0.44999998807907104],"kl_over_time":[[5.741683750670745e-8,4.728845306090079e-5,9.64834907790646e-5,0.00022571481531485915,0.00036368859582580626,0.0005586371989920735,0.0008088977192528546,0.0010631461627781391,0.0013503339141607285,0.0016538234194740653,0.001971771940588951],[1.0169973307938562e-7,0.00014713573909830302,0.00040819920832291245,0.0008679027669131756,0.001503419829532504,0.002244355855509639,0.0031516621820628643,0.0041501764208078384,0.005182418506592512,0.006272734142839909,0.007379618939012289],[1.5527633934198093e-7,0.00019235193030908704,0.0005898045492358506,0.0013432982377707958,0.0023630571085959673,0.003573367837816477,0.005046602338552475,0.0065662674605846405,0.008171889930963516,0.009825191460549831,0.011461764574050903],[4.38106667388638e-7,0.00011349253327352926,0.0005286385421641171,0.001473650336265564,0.002702155150473118,0.004369830247014761,0.0062081413343548775,0.008288494311273098,0.010516082867980003,0.01279873214662075,0.015101737342774868]],"validation_accuracy":[0.5590000748634338],"attacked_validation_accuracies":[0.4350000023841858],"validation_kl_over_time":[[7.964628423451359e-8,0.00016908664838410914,0.0003780588158406317,0.0009394491207785904,0.001678435830399394,0.002714766189455986,0.00397549057379365,0.005423039197921753,0.007030532695353031,0.008752686902880669,0.010521696880459785]]}