{"training_accuracy":[0.3499999940395355],"attacked_training_accuracy":[0.23000000417232513]}