{"training_accuracy":[0.6200000047683716,0.75,0.7200000286102295,0.7099999785423279,0.6299999952316284,0.7099999785423279,0.6899999976158142,0.7900000214576721,0.7799999713897705,0.8399999737739563,0.800000011920929,0.8299999833106995,0.800000011920929,0.8299999833106995,0.8100000023841858,0.800000011920929,0.800000011920929,0.7300000190734863],"attacked_training_accuracy":[0.4399999976158142,0.46000000834465027,0.36000001430511475,0.36000001430511475,0.4399999976158142,0.09000000357627869,0.3400000035762787,0.44999998807907104,0.4699999988079071,0.3799999952316284,0.28999999165534973,0.3799999952316284,0.41999998688697815,0.38999998569488525,0.05999999865889549,0.33000001311302185,0.4000000059604645,0.4399999976158142],"kl_over_time":[[7.58061275973887e-7,0.026492130011320114,0.10128168016672134,0.21664030849933624,0.36826202273368835,0.5556162595748901,0.7876337170600891,1.0508882999420166,1.3439217805862427,1.6642262935638428,2.0115926265716553],[4.242650447849883e-6,0.006279550492763519,0.0866863802075386,0.2530384361743927,0.4819941520690918,0.7661991715431213,1.1134413480758667,1.4824602603912354,1.8677111864089966,2.2657599449157715,2.667916774749756],[4.053047177876579e-6,0.03920852020382881,0.15655678510665894,0.3527378737926483,0.6265878677368164,0.9737944006919861,1.4176058769226074,1.911099910736084,2.4816386699676514,3.107043504714966,3.769008159637451],[7.543072570115328e-6,0.06462343037128448,0.25253820419311523,0.5557060837745667,0.9678743481636047,1.4498772621154785,1.9786096811294556,2.514251232147217,3.0466699600219727,3.5761985778808594,4.100487232208252],[2.0317578673711978e-5,0.02718842402100563,0.14729058742523193,0.3750121295452118,0.7332972288131714,1.2107813358306885,1.826902985572815,2.5195460319519043,3.3038854598999023,4.1540656089782715,5.075448989868164],[2.0750898329424672e-5,0.0144790168851614,0.05538886412978172,0.12558257579803467,0.2194204330444336,0.3598320186138153,0.6539320349693298,1.0731714963912964,1.6834558248519897,2.3900482654571533,3.161935567855835],[2.007747025345452e-5,0.015149067156016827,0.14574696123600006,0.4618922173976898,0.914447009563446,1.5201772451400757,2.3085358142852783,3.261874198913574,4.361504554748535,5.431697845458984,6.471527099609375],[2.2144731701700948e-5,0.022573985159397125,0.1839885264635086,0.5196373462677002,1.0256253480911255,1.7965748310089111,2.8298397064208984,3.9032669067382812,5.006782054901123,6.094648361206055,7.176287651062012],[1.014076860883506e-5,0.021612409502267838,0.17596764862537384,0.4411223530769348,0.8066763281822205,1.298750638961792,1.9337328672409058,2.73639178276062,3.6733288764953613,4.653499126434326,5.655627250671387],[1.903592601593118e-5,0.0733347237110138,0.3942659795284271,0.972808837890625,1.8568334579467773,3.1554577350616455,4.710704803466797,6.19790506362915,7.668157577514648,9.104775428771973,10.513568878173828],[1.31583510665223e-5,0.02915857918560505,0.19026966392993927,0.5127489566802979,1.0245215892791748,1.8540581464767456,2.9444429874420166,4.094674110412598,5.279201507568359,6.523025989532471,7.79732608795166],[2.070010668830946e-5,0.058929044753313065,0.2952236831188202,0.7383361458778381,1.3533347845077515,2.1447231769561768,3.0871410369873047,4.158506870269775,5.332855224609375,6.578741073608398,7.855184078216553],[2.1209507394814864e-5,0.02100779488682747,0.22212672233581543,0.6632487177848816,1.3265289068222046,2.20322847366333,3.3205788135528564,4.544295787811279,5.826954364776611,7.038903713226318,8.24279499053955],[1.9358429199201055e-5,0.029440036043524742,0.2431822121143341,0.6782761812210083,1.3590188026428223,2.2835683822631836,3.5047810077667236,4.873829364776611,6.292726516723633,7.686211585998535,"NaN"],[1.121100922318874e-5,0.023400597274303436,0.11184295266866684,0.3054681420326233,0.6629675626754761,1.2519457340240479,2.20025897026062,3.3027470111846924,4.5241379737854,5.762148380279541,6.938160419464111],[9.6225667221006e-6,0.037724290043115616,0.16260401904582977,0.3433051109313965,0.5597461462020874,0.91324383020401,1.6034194231033325,2.2923636436462402,3.1416127681732178,4.130641460418701,5.242612361907959],[3.568180909496732e-5,0.11204317212104797,0.5045795440673828,1.1731986999511719,2.090235471725464,3.3815104961395264,5.139761447906494,6.907845497131348,8.728079795837402,10.537165641784668,"NaN"],[2.6257264835294336e-5,0.09127508103847504,0.4087139070034027,0.9558486938476562,1.8006596565246582,3.187376022338867,5.51545524597168,7.537558555603027,9.376784324645996,11.083627700805664,"NaN"]]}