{"training_accuracy":[0.6899999976158142,0.5899999737739563,0.5899999737739563,0.6100000143051147],"attacked_training_accuracy":[0.3199999928474426,0.4000000059604645,0.3499999940395355,0.44999998807907104],"kl_over_time":[[5.741683750670745e-8,4.728845306090079e-5,9.64834907790646e-5,0.00022571481531485915,0.00036368859582580626,0.0005586371989920735,0.0008088977192528546,0.0010631461627781391,0.0013503339141607285,0.0016538234194740653,0.001971771940588951],[1.0169973307938562e-7,0.00014713573909830302,0.00040819920832291245,0.0008679027669131756,0.001503419829532504,0.002244355855509639,0.0031516621820628643,0.0041501764208078384,0.005182418506592512,0.006272734142839909,0.007379618939012289],[2.123903328765664e-7,0.000143420955282636,4.9865066102938727e-5,0.0004772402753587812,0.0012192089343443513,0.002258002059534192,0.0035628709010779858,0.005193700548261404,0.0069489371962845325,0.008868652395904064,0.010894522070884705],[3.775991217480623e-7,0.00022347705089487135,0.00015979533782228827,0.0007535634795203805,0.0017885430715978146,0.0030678973998874426,0.0046056644059717655,0.006364164408296347,0.008247843943536282,0.010230879299342632,0.012208543717861176]],"mm_val_robustness":[[0.41799992322921753,0.44999995827674866,0.4829999506473541,0.484499990940094,0.6220000386238098,0.47499996423721313,0.5149999856948853,0.6285000443458557,0.6599999666213989,0.4209999442100525],[0.6040000319480896,0.656000018119812,0.671999990940094,0.7120000123977661,0.7205000519752502,0.6899999976158142,0.6880000233650208,0.6499999761581421,0.7119998335838318,0.7240000367164612]]}