{"training_accuracy":[0.6499999761581421],"attacked_training_accuracy":[0.10000000149011612],"kl_over_time":[[3.179510258632945e-6,0.35206338763237,1.5509791374206543,2.664259672164917,3.599135160446167,4.321714878082275,5.357986927032471,6.211301326751709,7.24812650680542,8.241586685180664,9.123021125793457]]}