{"training_accuracy":[0.6499999761581421],"attacked_training_accuracy":[0.20999999344348907],"kl_over_time":[[2.390479326248169,3.2858707904815674,4.176673412322998,4.850712299346924,5.562770843505859,6.359592437744141,7.0649094581604,8.123272895812988,8.839529991149902,9.319921493530273,10.093716621398926]]}