{"training_accuracy":[0.47999998927116394],"attacked_training_accuracy":[0.3400000035762787],"kl_over_time":[[5.283788340193496e-8,0.001770592643879354,0.004909072536975145,0.010410957038402557,0.01728305034339428,0.022862890735268593,0.028792036697268486,0.034210484474897385,0.04021525755524635,0.046329282224178314,0.05431109294295311]]}