{"training_accuracy":[0.6499999761581421],"attacked_training_accuracy":[0.05000000074505806],"kl_over_time":[[9.14219708647579e-6,0.3724450170993805,1.4533783197402954,2.831591844558716,4.251070022583008,5.829485893249512,6.974119186401367,8.210614204406738,9.387919425964355,10.35805892944336,11.134587287902832]]}