{"training_accuracy":[0.27000001072883606,0.10000000149011612,0.1899999976158142,0.15000000596046448,0.28999999165534973,0.23999999463558197,0.23000000417232513,0.2800000011920929,0.23000000417232513],"attacked_training_accuracy":[0.20000000298023224,0.09000000357627869,0.14000000059604645,0.18000000715255737,0.23999999463558197,0.1899999976158142,0.18000000715255737,0.27000001072883606,0.20000000298023224],"kl_over_time":[[3.629688549722232e-8,2.197048524976708e-5,3.5688895877683535e-5,7.21431861165911e-5,0.00011321916827000678,0.0001688347547315061,0.00023569735640194267,0.000310872943373397,0.00039959533023647964,0.0004953927709721029,0.0005979564739391208],[8.14802803006387e-8,6.1031485529383644e-5,8.706496009835973e-5,0.0001712436496745795,0.0002775142784230411,0.00040809219353832304,0.0005678620073013008,0.0007408624514937401,0.0009338451200164855,0.0011528905015438795,0.001376563566736877],[1.005960399425021e-7,6.327645678538829e-5,0.0001296359405387193,0.00024077329726424068,0.00039277682662941515,0.0005796208279207349,0.000793828337918967,0.0010552859166637063,0.0013322916347533464,0.0016356223495677114,0.0019554472528398037],[1.4610047571750329e-7,3.174796802341007e-5,8.194371912395582e-5,0.00017438239592593163,0.000279532338026911,0.000410996814025566,0.0005787048139609396,0.0007543489336967468,0.0009410123457200825,0.0011442790273576975,0.001363704213872552],[1.5863744806665636e-7,2.8947488317498937e-5,4.90487309434684e-6,3.1129886338021606e-5,8.414433978032321e-5,0.00016107276314869523,0.0002617966092657298,0.0003881897428072989,0.0005337758339010179,0.0007158085354603827,0.000906408648006618],[3.7174055478317314e-7,6.155890150694177e-5,6.032738747308031e-5,0.0001315805857302621,0.0002278196334373206,0.00034248045994900167,0.0004946409608237445,0.00067020149435848,0.0008642345201224089,0.0010763417230919003,0.0013023704523220658],[6.503681788672111e-7,6.117152952356264e-5,0.00010556841152720153,0.00020155719539616257,0.0003173649893142283,0.00046446159831248224,0.0006455372786149383,0.0008473285706713796,0.0010697348043322563,0.001303294557146728,0.0015663995873183012],[8.967687676886271e-7,7.63379102863837e-6,3.085938806179911e-5,0.0001018680413835682,0.0001853802241384983,0.00029683858156204224,0.00042326829861849546,0.000580639811232686,0.0007673148065805435,0.000970106921158731,0.0011934133945032954],[9.319043670075189e-7,5.5972039262996987e-5,0.0001379542809445411,0.00025845266645774245,0.00040964456275105476,0.0005968324840068817,0.0008247068617492914,0.0010859798640012741,0.0013774724211543798,0.001731640542857349,0.00209008133970201]]}