{"training_accuracy":[0.7099999785423279],"attacked_training_accuracy":[0.11999999731779099]}