{"training_accuracy":[0.6299999952316284,0.7599999904632568,0.6899999976158142,0.7900000214576721],"attacked_training_accuracy":[0.3199999928474426,0.3199999928474426,0.49000000953674316,0.4099999964237213],"kl_over_time":[[1.9152726054016966e-6,0.020114552229642868,0.08638539910316467,0.2072797417640686,0.40704917907714844,0.6037625074386597,0.8071324229240417,1.0543980598449707,1.3380227088928223,1.6375375986099243,1.940395712852478],[1.957980202860199e-6,0.01612558215856552,0.06393801420927048,0.14628323912620544,0.2971007227897644,0.5083780288696289,0.7468736171722412,1.0188193321228027,1.3117928504943848,1.6219792366027832,1.9298251867294312],[1.3306681694302824e-6,0.02430332452058792,0.11691354215145111,0.28397810459136963,0.4488716423511505,0.6538256406784058,0.8870918154716492,1.1467007398605347,1.388364553451538,1.6221754550933838,1.8402260541915894],[1.2288157904549735e-6,0.01888999342918396,0.07147836685180664,0.16485346853733063,0.3267287611961365,0.48697447776794434,0.6801975965499878,0.9454519152641296,1.1226860284805298,1.3694744110107422,1.6229925155639648]],"mm_val_robustness":[[0.6517220139503479,0.677166759967804,0.6729717254638672,0.6511942744255066,0.6724441647529602,0.6785275936126709,0.6611389517784119,0.657055675983429,0.6645556092262268,0.6604164838790894,0.6464443206787109,0.6547775864601135,0.6710556745529175,0.6353330612182617,0.6135835647583008,0.6691664457321167,0.6424167156219482,0.6374722123146057,0.6701662540435791,0.651416540145874,0.6470000147819519,0.6455000638961792,0.6520559191703796,0.6693054437637329,0.6497223377227783,0.6288332343101501,0.6760276556015015,0.65975022315979,0.600916862487793,0.6724164485931396,0.6196112036705017,0.6305280327796936,0.6444724798202515,0.6451943516731262,0.666138768196106,0.6579440832138062,0.6481943726539612,0.6658052802085876,0.6464439034461975,0.6494998335838318,0.6784441471099854,0.6348890662193298,0.6816112399101257,0.6342499256134033,0.6635277271270752,0.675749659538269,0.6491383910179138,0.6565552353858948,0.6741945743560791,0.6764722466468811,0.6446664929389954,0.6046392917633057,0.6638333797454834,0.6756939888000488,0.6559163331985474,0.6109444499015808,0.6680555939674377,0.6644995212554932,0.6606386303901672,0.6715832352638245,0.6758608222007751,0.645971953868866,0.646083414554596,0.658305287361145,0.6571105122566223,0.6200277209281921,0.6454165577888489,0.6351388096809387,0.6455278396606445,0.6748605966567993,0.6305555105209351,0.6288888454437256,0.6540833115577698,0.6840834021568298,0.6596110463142395,0.6671666502952576,0.6736388206481934,0.6627500653266907,0.6519162654876709,0.6571661829948425,0.6383057236671448,0.6677777767181396,0.6674442291259766,0.6505556106567383,0.664666473865509,0.6516944766044617,0.6838331818580627,0.6646110415458679,0.6738052368164062,0.6441946029663086,0.6746668219566345,0.6686666011810303,0.6331943869590759,0.6391667127609253,0.6906113624572754,0.6225834488868713,0.6456937789916992,0.6573052406311035,0.6599166989326477,0.6233335733413696]]}