{"training_accuracy":[0.2199999988079071],"attacked_training_accuracy":[0.1899999976158142],"kl_over_time":[[5.014971904415688e-8,1.8113305486622266e-5,8.030317258089781e-5,0.00019027582311537117,0.0003498396836221218,0.0005652368417941034,0.0008398352656513453,0.00117797392886132,0.0015900962753221393,0.0020741706248372793,0.0026446515694260597]]}