{"training_accuracy":[0.44999998807907104,0.5899999737739563,0.46000000834465027],"attacked_training_accuracy":[0.20999999344348907,0.20999999344348907,0.23999999463558197],"kl_over_time":[[1.4293559047473536e-7,3.3584917673579184e-6,1.8764485503197648e-5,4.810969767277129e-5,8.922224515117705e-5,0.00014361408830154687,0.00020874406618531793,0.0002851639874279499,0.00037269890890456736,0.00047077282215468585,0.00058228790294379],[4.828189048566855e-7,1.5239553249557503e-5,6.785656296415254e-5,0.00016321803559549153,0.00029561735573224723,0.0004762215830851346,0.0006900434964336455,0.0009271617163904011,0.001176053425297141,0.0014578973641619086,0.0017568188486620784],[2.8899246444780147e-6,4.4565927964868024e-5,0.00026242120657116175,0.0006766279111616313,0.001280500553548336,0.002073763171210885,0.002951951464638114,0.00382138486020267,0.004741168115288019,0.005675052292644978,0.006672623101621866]]}