{"training_accuracy":[0.28999999165534973,0.33000001311302185,0.36000001430511475,0.27000001072883606,0.38999998569488525,0.5600000023841858,0.5,0.3799999952316284,0.44999998807907104,0.44999998807907104,0.5099999904632568,0.6000000238418579,0.550000011920929,0.5299999713897705,0.6000000238418579,0.5899999737739563,0.5,0.5099999904632568,0.5400000214576721,0.6100000143051147,0.5799999833106995,0.6299999952316284,0.6200000047683716,0.4699999988079071,0.6100000143051147,0.6200000047683716,0.6600000262260437,0.6299999952316284,0.6600000262260437,0.6399999856948853,0.6700000166893005,0.6499999761581421,0.7799999713897705,0.6100000143051147,0.41999998688697815,0.6100000143051147,0.5199999809265137,0.5299999713897705,0.6100000143051147,0.699999988079071,0.7099999785423279,0.6499999761581421,0.6600000262260437,0.7099999785423279,0.7200000286102295,0.800000011920929,0.7599999904632568,0.8100000023841858,0.699999988079071,0.7599999904632568,0.7699999809265137,0.7799999713897705,0.7799999713897705,0.6499999761581421,0.800000011920929,0.7300000190734863,0.7400000095367432],"attacked_training_accuracy":[0.28999999165534973,0.33000001311302185,0.27000001072883606,0.3100000023841858,0.3499999940395355,0.27000001072883606,0.3199999928474426,0.2800000011920929,0.33000001311302185,0.25,0.1899999976158142,0.23999999463558197,0.30000001192092896,0.23000000417232513,0.1899999976158142,0.3100000023841858,0.23999999463558197,0.25999999046325684,0.27000001072883606,0.2199999988079071,0.3100000023841858,0.2199999988079071,0.1599999964237213,0.25,0.27000001072883606,0.3100000023841858,0.3499999940395355,0.1899999976158142,0.20000000298023224,0.2199999988079071,0.1899999976158142,0.2199999988079071,0.3400000035762787,0.12999999523162842,0.2199999988079071,0.27000001072883606,0.25999999046325684,0.1599999964237213,0.33000001311302185,0.2199999988079071,0.30000001192092896,0.3499999940395355,0.4399999976158142,0.4099999964237213,0.3100000023841858,0.3700000047683716,0.28999999165534973,0.27000001072883606,0.20000000298023224,0.4399999976158142,0.30000001192092896,0.1899999976158142,0.27000001072883606,0.25,0.30000001192092896,0.3199999928474426,0.27000001072883606],"kl_over_time":[[1.5816280551916861e-7,1.2443222658475861e-5,6.430997018469498e-5,0.0001847293897299096,0.00039752229349687696,0.00074529810808599,0.0010857903398573399,0.0015922909369692206,0.0021310558076947927,0.002800725633278489,0.003566429717466235],[2.3446351349321048e-7,5.302762656356208e-5,0.0003392693179193884,0.0006997098098509014,0.001310216961428523,0.0022374007385224104,0.003261701436713338,0.004725816193968058,0.006305669900029898,0.008304818533360958,0.01080862246453762],[5.855166591572925e-7,1.895460081868805e-5,0.0001352934050373733,0.0005071346531622112,0.000944289262406528,0.001594276400282979,0.0023495922796428204,0.0033432100899517536,0.004134803544729948,0.005238695070147514,0.006385848857462406],[8.664559345561429e-7,0.000166329977218993,0.00026009531575255096,0.00042499773553572595,0.0006603652727790177,0.0009961469331756234,0.001468073227442801,0.002099813660606742,0.002810508944094181,0.0036723369266837835,0.004708993248641491],[1.6028928939704201e-6,0.00018322667165193707,0.00024119875160977244,0.00040281450492329895,0.0006334941135719419,0.0010458986507728696,0.0013147116405889392,0.0015711833257228136,0.0018706396222114563,0.002185606397688389,0.002477090572938323],[1.913200776471058e-6,8.702644845470786e-5,0.0004035924794152379,0.0010219495743513107,0.002141270088031888,0.00414127204567194,0.004148194100707769,0.005107186269015074,0.0059842620976269245,0.007141576614230871,0.008243637159466743],[2.9335985800571507e-6,9.634492744226009e-5,0.0004813862906303257,0.0009186576353386045,0.0016074643936008215,0.0024749659933149815,0.0034121116623282433,0.004513460211455822,0.005448508076369762,0.006211534142494202,0.006893806159496307],[4.026183432870312e-6,0.00010968284186674282,0.000782636518124491,0.001159783685579896,0.0016548993298783898,0.002199362963438034,0.0026678447611629963,0.003619228256866336,0.003785762470215559,0.004136939533054829,0.0048718140460550785],[4.802462171937805e-6,9.766448056325316e-5,0.0013936595059931278,0.0019004108617082238,0.0028312301728874445,0.003919673152267933,0.005262734834104776,0.006888072472065687,0.008601263165473938,0.01018877699971199,0.011913801543414593],[6.687099812552333e-6,0.00042951107025146484,0.001923438860103488,0.005085507407784462,0.01016665156930685,0.01782859116792679,0.017597585916519165,0.020291799679398537,0.022893285378813744,0.026023855432868004,0.028802627697587013],[9.821566891332623e-6,0.0009182949434034526,0.0028293870855122805,0.006854813080281019,0.013467247597873211,0.023080386221408844,0.021872395649552345,0.024244176223874092,0.02642284519970417,0.028369585052132607,0.03073715791106224],[9.411730388819706e-6,0.0009716593776829541,0.0035312261898070574,0.008980249986052513,0.01805674470961094,0.030936459079384804,0.03522917255759239,0.04150399938225746,0.047085952013731,0.052739840000867844,0.06028147414326668],[1.250581681233598e-5,0.006874441169202328,0.009443879127502441,0.012730740942060947,0.01646188274025917,0.019592763856053352,0.021481914445757866,0.022843345999717712,0.024908756837248802,0.02764013223350048,0.0327581986784935],[1.5738032743684016e-5,0.0004744190664496273,0.010018114931881428,0.013179001398384571,0.01716414839029312,0.020902764052152634,0.024196133017539978,0.026653345674276352,0.029308604076504707,0.03230246901512146,0.03461255133152008],[1.731393967929762e-5,0.008650937117636204,0.012303974479436874,0.016502931714057922,0.021449025720357895,0.026982631534337997,0.031986773014068604,0.03790082409977913,0.04556912183761597,0.06119002029299736,0.06567757576704025],[1.9169798179063946e-5,0.0015218178741633892,0.0062501197680830956,0.01129084825515747,0.01719645969569683,0.021950144320726395,0.026039570569992065,0.030593713745474815,0.03425382450222969,0.03731675446033478,0.03940197825431824],[3.41116901836358e-5,0.00241016480140388,0.01026679016649723,0.017624780535697937,0.026870694011449814,0.035531092435121536,0.042074427008628845,0.049246251583099365,0.05564994364976883,0.06083085015416145,0.06706201285123825],[2.5166205887217075e-5,0.008896278217434883,0.01723140850663185,0.029390627518296242,0.04428048059344292,0.05752312019467354,0.06742513179779053,0.0744369700551033,0.08163361996412277,0.09444768726825714,0.11406318098306656],[2.892051088565495e-5,0.00528979767113924,0.022985978052020073,0.054411809891462326,0.10029786080121994,0.1619710922241211,0.19343648850917816,0.2278415411710739,0.2693513035774231,0.32042384147644043,0.37610384821891785],[3.912188913091086e-5,0.006449506152421236,0.02981395646929741,0.0717867761850357,0.1339419037103653,0.2200973778963089,0.21058505773544312,0.23559580743312836,0.27978888154029846,0.3283306062221527,0.39367812871932983],[4.441063720150851e-5,0.009690222330391407,0.02041887678205967,0.036073338240385056,0.05501953884959221,0.0724087581038475,0.08504794538021088,0.09751783311367035,0.11978010088205338,0.14252467453479767,0.1797747164964676],[4.674935189541429e-5,0.00806731078773737,0.02474864386022091,0.048407286405563354,0.07301715016365051,0.09313308447599411,0.10167558491230011,0.11298166215419769,0.12410380691289902,0.13331328332424164,0.14025503396987915],[4.27144841523841e-5,0.013455340638756752,0.040838420391082764,0.07449181377887726,0.1104711964726448,0.14000438153743744,0.15827487409114838,0.17004716396331787,0.1790047436952591,0.19318930804729462,0.1995077133178711],[8.393175812670961e-5,0.007640139665454626,0.030733264982700348,0.07559312880039215,0.13575118780136108,0.20513448119163513,0.23459546267986298,0.24507983028888702,0.2564999759197235,0.2640603184700012,0.2806053161621094],[9.057266288436949e-5,0.011006742715835571,0.05697299912571907,0.12844690680503845,0.22549717128276825,0.35814544558525085,0.30043497681617737,0.3224810063838959,0.347502201795578,0.37231406569480896,0.42328184843063354],[0.0001812881528167054,