{"training_accuracy":[0.875,1.0],"attacked_training_accuracy":[0.375,0.375],"kl_over_time":[[0.0001133666155510582,0.05376671254634857,0.542461097240448,1.9656769037246704,3.570373296737671,5.791277885437012,7.977028846740723,10.028397560119629,11.907380104064941,13.601009368896484,15.396791458129883],[0.000028069480322301388,0.4072352647781372,2.497168779373169,4.471093654632568,6.637441635131836,8.825433731079102,11.206207275390625,13.503108978271484,15.734966278076172,17.909273147583008,20.08148193359375]]}