{"training_accuracy":[0.44999998807907104,0.5600000023841858,0.4699999988079071,0.49000000953674316],"attacked_training_accuracy":[0.25,0.30000001192092896,0.3799999952316284,0.3700000047683716],"kl_over_time":[[1.585506481660559e-7,1.3337214568309719e-6,5.761548891314305e-6,1.368301673210226e-5,2.480670082150027e-5,3.970344550907612e-5,5.9035810409113765e-5,8.086422167252749e-5,0.00010636066872393712,0.00013559417857322842,0.00016858735762070864],[5.220837238084641e-7,2.8467106858443003e-6,1.2395028534228913e-5,3.56072087015491e-5,6.674992619082332e-5,0.00010936064063571393,0.0001586315775057301,0.0002237081789644435,0.0002981464785989374,0.0003863376041408628,0.0004864834772888571],[1.0655277264959295e-6,1.2798860552720726e-5,5.798317943117581e-5,0.0001525863481219858,0.00029663482564501464,0.00048727510147728026,0.0007341869059018791,0.0010069689014926553,0.0013339542783796787,0.001704096794128418,0.0020839569624513388],[4.485417957766913e-5,9.704073454486206e-5,0.0001379624445689842,0.00022797653218731284,0.0003588987165130675,0.0009212606237269938,0.0014539246913045645,0.00230608182027936,0.003833309980109334,0.004931268282234669,0.0064178649336099625]]}