{"training_accuracy":[0.5699999928474426,0.5600000023841858,0.6100000143051147,0.7200000286102295,0.6899999976158142,0.6700000166893005],"attacked_training_accuracy":[0.46000000834465027,0.4099999964237213,0.5199999809265137,0.5400000214576721,0.36000001430511475,0.41999998688697815],"kl_over_time":[[5.327451546577322e-8,0.00034111246350221336,0.0014293418498709798,0.0033168618101626635,0.006049946416169405,0.009715731255710125,0.01443845871835947,0.020346729084849358,0.02762390859425068,0.03646830841898918,0.04706786945462227],[1.0436595232476975e-7,0.00027426687302067876,0.0012274528853595257,0.002977178432047367,0.005637674126774073,0.009332173503935337,0.014185259118676186,0.02032519318163395,0.02790088579058647,0.03722397983074188,0.04837949573993683],[1.77765670628105e-7,0.00019730567873921245,0.0008308063843287528,0.001944378367625177,0.0036069222260266542,0.005889296531677246,0.008875012397766113,0.012636293657124043,0.017314016819000244,0.022946622222661972,0.029799802228808403],[1.8799634915467323e-7,0.00022930272098165005,0.0009137773886322975,0.002010345458984375,0.003450679127126932,0.005213654134422541,0.007257845252752304,0.009547469206154346,0.012055166997015476,0.014765609055757523,0.017674976959824562],[3.195861779659026e-7,0.0001836008159443736,0.0008635790436528623,0.0021295759361237288,0.004061975982040167,0.006783805321902037,0.010445879772305489,0.015077377669513226,0.02094551920890808,0.02812536247074604,0.036847129464149475],[4.373636954824178e-7,0.00014119244588073343,0.0007924272213131189,0.002045778790488839,0.004005773458629847,0.006779202260077,0.010440296493470669,0.015125446021556854,0.020950863137841225,0.028135107830166817,0.03674037382006645]]}