{"validation_accuracy":[0.6155555248260498],"attacked_validation_accuracies":[0.4211111068725586],"validation_kl_over_time":[[1.7183944578391674e-7,0.006426005624234676,0.02491820603609085,0.0560791902244091,0.09851577877998352,0.15179520845413208,0.21993152797222137,0.2961355149745941,0.3959242105484009,0.5141724348068237,0.6495501399040222]]}