{"training_accuracy":[0.1599999964237213,0.25999999046325684],"attacked_training_accuracy":[0.20999999344348907,0.15000000596046448],"kl_over_time":[[9.275610324266381e-8,5.5111770052462816e-5,0.0003322814009152353,0.0009402926079928875,0.0018944465555250645,0.003234964795410633,0.004970747046172619,0.007089713588356972,0.009648271836340427,0.012616598047316074,0.01612243615090847],[7.364063208115113e-7,0.0005487619200721383,0.0023624864406883717,0.005483042914420366,0.009809651412069798,0.015209714882075787,0.021411104127764702,0.028449205681681633,0.036134786903858185,0.04433896765112877,0.05277715623378754]]}