{"training_accuracy":[0.875,0.75],"attacked_training_accuracy":[0.375,0.5],"kl_over_time":[[0.00005361596413422376,0.17693252861499786,1.4667149782180786,2.4603235721588135,3.451785087585449,4.6823954582214355,6.689638137817383,8.826351165771484,11.378365516662598,13.82625675201416,16.57362937927246],[0.01039078924804926,0.49766984581947327,1.7811479568481445,4.172947406768799,7.023146629333496,9.777870178222656,12.328072547912598,14.728808403015137,16.94089126586914,NaN,NaN]]}