{"training_accuracy":[0.25999999046325684,0.11999999731779099,0.12999999523162842,0.1899999976158142,0.20999999344348907,0.20000000298023224,0.25999999046325684,0.1899999976158142,0.25,0.18000000715255737,0.28999999165534973,0.2800000011920929,0.2199999988079071,0.3199999928474426,0.30000001192092896,0.25,0.33000001311302185,0.27000001072883606,0.2199999988079071,0.3100000023841858,0.3400000035762787,0.27000001072883606,0.3400000035762787,0.3100000023841858,0.3100000023841858,0.3400000035762787,0.3400000035762787,0.41999998688697815,0.38999998569488525,0.3499999940395355,0.4099999964237213,0.4000000059604645,0.30000001192092896,0.36000001430511475,0.41999998688697815,0.41999998688697815,0.4000000059604645,0.38999998569488525,0.41999998688697815,0.4000000059604645],"attacked_training_accuracy":[0.1599999964237213,0.05999999865889549,0.12999999523162842,0.1599999964237213,0.18000000715255737,0.17000000178813934,0.23000000417232513,0.14000000059604645,0.20999999344348907,0.1599999964237213,0.27000001072883606,0.23999999463558197,0.23000000417232513,0.20999999344348907,0.28999999165534973,0.2800000011920929,0.33000001311302185,0.23000000417232513,0.25999999046325684,0.23000000417232513,0.23000000417232513,0.23999999463558197,0.25999999046325684,0.33000001311302185,0.28999999165534973,0.27000001072883606,0.28999999165534973,0.38999998569488525,0.4699999988079071,0.30000001192092896,0.3700000047683716,0.3700000047683716,0.2800000011920929,0.3100000023841858,0.41999998688697815,0.4399999976158142,0.3400000035762787,0.36000001430511475,0.3799999952316284,0.4399999976158142],"kl_over_time":[[1.0628772315612878e-6,0.0003030973894055933,0.0011853085597977042,0.002710442990064621,0.00496293418109417,0.008045932278037071,0.012074343860149384,0.017230026423931122,0.023669984191656113,0.03158833086490631,0.04121150076389313],[3.155539388899342e-6,0.0002672485716175288,0.0009902927558869123,0.0021979743614792824,0.003931280691176653,0.0062470464035868645,0.009209007024765015,0.012884961441159248,0.017360961064696312,0.022731056436896324,0.02907627448439598],[9.240386020792357e-7,0.00017737719463184476,0.0006994910654611886,0.0015797250671312213,0.0028330206405371428,0.004489145707339048,0.006584315560758114,0.009172676131129265,0.012322886846959591,0.016128400340676308,0.02065798081457615],[1.2044292816426605e-6,0.00012561658513732255,0.00046108750393614173,0.00099878606852144,0.001742045977152884,0.0027008240576833487,0.0038936655037105083,0.005341432057321072,0.007073800545185804,0.009131696075201035,0.011556827463209629],[1.6628883940938977e-6,9.792990022106096e-5,0.00035979339736513793,0.0008002299000509083,0.0014409782597795129,0.0023008259013295174,0.0034155766479671,0.004806200973689556,0.006503696087747812,0.008545063436031342,0.010981672443449497],[1.0713546316765132e-6,8.135616371873766e-5,0.00029816385358572006,0.000643571896944195,0.0011177316773682833,0.0017152263317257166,0.00244904519058764,0.0033190303947776556,0.0043398793786764145,0.005556788295507431,0.006974307354539633],[1.419095156052208e-6,6.347000453388318e-5,0.0002456033253110945,0.0005688545061275363,0.001047397730872035,0.001704146503470838,0.002554915379732847,0.0036280786152929068,0.004947506822645664,0.0065428996458649635,0.008446102030575275],[1.971786332433112e-6,4.289133721613325e-5,0.0001522452657809481,0.0003404035232961178,0.0006163854268379509,0.0009944334160536528,0.001485925866290927,0.002108416287228465,0.002873603254556656,0.0038028082344681025,0.004922034684568644],[1.4780432593397563e-6,3.942369221476838e-5,0.00013563632091972977,0.00029278892907314,0.0005212760297581553,0.0008290980476886034,0.0012346785515546799,0.0017597215482965112,0.0024241702631115913,0.0032425990793854,0.004258811008185148],[1.3390902040555375e-6,3.775280492845923e-5,0.00013625912833958864,0.0003055016277357936,0.0005585151957347989,0.0009014056413434446,0.0013529045972973108,0.0019283118890598416,0.0026475470513105392,0.0035165732260793447,0.0045723095536231995],[7.494317060263711e-7,2.3989559849724174e-5,8.280480687972158e-5,0.00017477906658314168,0.00030433054780587554,0.0004746823979075998,0.0006918655126355588,0.0009603056241758168,0.001285663223825395,0.0016805353807285428,0.0021533670369535685],[7.83440100349253e-7,1.9275710656074807e-5,6.548468809342012e-5,0.00013795934501104057,0.00023669078655075282,0.00036568648647516966,0.0005320406635291874,0.0007496250909753144,0.0010243917349725962,0.0013666384620591998,0.0017875964986160398],[5.578153263741115e-7,1.699948188615963e-5,6.17348268860951e-5,0.00013178847439121455,0.00022607237042393535,0.0003486017812974751,0.0004993512993678451,0.0006764010759070516,0.0008907103328965604,0.0011491572950035334,0.001457798178307712],[6.09412893481931e-7,1.851774868555367e-5,6.93446199875325e-5,0.00015899393474683166,0.00028878371813334525,0.0004674084484577179,0.0006982705090194941,0.000993853434920311,0.0013612032635137439,0.001805800129659474,0.002346816472709179],[7.061896667437395e-7,1.2558150046970695e-5,4.7850691771600395e-5,0.00011154287494719028,0.00020990290795452893,0.0003489110677037388,0.0005272846319712698,0.0007628541789017618,0.0010623789858072996,0.0014339147601276636,0.001892188098281622],[9.510293352832377e-7,1.565859383845236e-5,5.406918717199005e-5,0.00012117253936594352,0.00022020174947101623,0.00035619307891465724,0.0005317370523698628,0.0007567260763607919,0.001036566449329257,0.0013875412987545133,0.0018022973090410233],[1.426706603524508e-6,1.9473576685413718e-5,6.718332588206977e-5,0.00014518514217343181,0.0002648087393026799,0.0004242007853463292,0.000637042976450175,0.0009113047271966934,0.0012401430867612362,0.0016500042984262109,0.0021558732260018587],[8.603333867540641e-7,1.2769126442435663e-5,4.667649409384467e-5,0.00010182806727243587,0.0001784611667972058,0.00028171323356218636,0.00041790897375904024,0.0005833073519170284,0.0007832892588339746,0.00103267643135041,0.0013407516526058316],[1.1110454352092347e-6,2.5497080059722066e-5,8.627810893813148e-5,0.0001806706131901592,0.00032605614978820086,0.0005078843096271157,0.0007538817590102553,0.0010347521165385842,0.001409836346283555,0.0018446218455210328,0.00236862082965672],[1.083820166059013e-6,1.444489407731453e-5,5.04972085764166e-5,0.00011559533595573157,0.00021406280575320125,0.0003481592866592109,0.0005154359969310462,0.0007185920840129256,0.0009701856761239469,0.0012812052154913545,0.0016439222963526845],[9.817467798711732e-7,1.2453412637114525e-5,4.08173946198076e-5,8.791599975666031e-5,0.00015921451267786324,0.00025430586538277566,0.0003793163050431758,0.0005401285598054528,0.0007314920076169074,0.0009676630725152791,0.0012509855441749096],[1.024116045300616e-6,1.442328721168451e-5,4.950711445417255e-5,0.00010915836173808202,0.00019017346494365484,0.00029708159854635596,0.00042817986104637384,0.0005917483358643949,0.0007991797756403685,0.0010410812683403492,0.0013367400970309973],[1.5917431710477103e-6,1.5033385352580808e-5,5.24717106600292e-5,0.00011168833589181304,0.00019908841932192445,0.00031609725556336343,0.0004671075439546257,0.0006557679153047502,0.0008885235292837024,0.0011742191854864359,0.0015160241164267063],[1.9208855519536883e-6,1.7998096154769883e-5,6.359453982440755e-5,0.00013827680959366262,0.0002464444551151246,0.0003852055815514177,0.0005569187924265862,0.0007751852390356362,0.0010225921869277954,0.0013018193421885371,0.0016575173940509558],[1.477182081544015e-6,2.1320878659025766e-5,7.667891622986645e-5,0.00017461772949900478,0.0003165960661135614,0.0005124779418110847,0.0007530903676524758,0.0010526403784751892,0.001405160641297698,0.0018251421861350536,0.0023418583441525698],[1.6226271100094891e-6,1.3246936759969685e-5,4.536764754448086e-5,0.00010613774793455377,0.00018909666687250137,0.0002995203831233084,0.00044161296682432294,0.0006177001632750034,0.0008261287584900856,0.001078188419342041,0.0013667725725099444],[1.612657342775492e-6,1.739260187605396e-5,5.8393496146891266e-5,0.00012907301425002515,0.00022349308710545301,