{"training_accuracy":[0.6499999761581421,0.7099999785423279],"attacked_training_accuracy":[0.12999999523162842,0.14000000059604645],"kl_over_time":[[3.6777018976863474e-6,0.6373182535171509,2.2796061038970947,3.5326952934265137,4.334288597106934,5.303432464599609,6.105744361877441,7.103582382202148,8.153468132019043,8.76439380645752,9.563703536987305],[1.8370495808994747e-6,0.6205191612243652,1.6688140630722046,2.908797025680542,3.8602070808410645,4.884366035461426,6.00774621963501,6.92044734954834,8.024423599243164,8.87732219696045,9.609681129455566]],"mm_val_robustness":[[0.5067777633666992,0.5756666660308838,0.5505277514457703,0.5192777514457703,0.5447777509689331,0.5481389164924622,0.534250020980835,0.5137777924537659,0.5135555267333984,0.5402500033378601,0.502916693687439,0.5484166741371155,0.5391944646835327,0.5706111192703247,0.562666654586792,0.5932222008705139,0.5711666941642761,0.5482500195503235,0.5661388635635376,0.5292778015136719,0.5062777996063232,0.538861095905304,0.535194456577301,0.5806111097335815,0.535027801990509,0.49336111545562744,0.5380833148956299,0.5453055500984192,0.5734722018241882,0.48561111092567444,0.5383333563804626,0.5592777729034424,0.5254722237586975,0.5835278034210205,0.5723333358764648,0.5253333449363708,0.5467777848243713,0.5581111311912537,0.5691111087799072,0.5368611216545105,0.5109722018241882,0.5253611207008362,0.5253611207008362,0.5529999732971191,0.5818889141082764,0.5089722275733948,0.5614166855812073,0.5381944179534912,0.5601944327354431,0.5090833306312561]]}