{"training_accuracy":[0.6499999761581421],"attacked_training_accuracy":[0.10999999940395355],"kl_over_time":[[6.201418273121817e-6,0.4390483498573303,2.0190603733062744,3.185992956161499,4.095334053039551,5.072478771209717,6.130927562713623,7.083702087402344,8.029712677001953,8.938838005065918,9.788384437561035]]}