{"training_accuracy":[0.20999999344348907],"attacked_training_accuracy":[0.28999999165534973],"kl_over_time":[[1.5900461676210398e-6,1.3784945622319356e-5,4.064731183461845e-5,8.33175508887507e-5,0.00014303431089501828,0.0002228727680630982,0.00032621610444039106,0.00045650778338313103,0.0006146946689113975,0.000814106606412679,0.0010507990373298526]]}