{"training_accuracy":[0.46000000834465027,0.5799999833106995,0.5,0.5199999809265137,0.6399999856948853,0.6000000238418579,0.6899999976158142,0.7099999785423279,0.6200000047683716,0.49000000953674316,0.5299999713897705,0.6499999761581421,0.6600000262260437,0.6000000238418579,0.6800000071525574,0.7699999809265137,0.75,0.7099999785423279,0.75,0.699999988079071,0.7300000190734863,0.6899999976158142,0.7099999785423279,0.7200000286102295,0.7300000190734863,0.75,0.7300000190734863,0.75,0.6800000071525574,0.7099999785423279,0.7200000286102295,0.7400000095367432,0.8100000023841858,0.8299999833106995,0.7400000095367432,0.8199999928474426,0.7799999713897705,0.8500000238418579,0.7599999904632568,0.7799999713897705],"attacked_training_accuracy":[0.20999999344348907,0.3700000047683716,0.4099999964237213,0.47999998927116394,0.27000001072883606,0.23999999463558197,0.27000001072883606,0.25,0.27000001072883606,0.33000001311302185,0.2199999988079071,0.20000000298023224,0.23000000417232513,0.23999999463558197,0.1599999964237213,0.30000001192092896,0.23000000417232513,0.25999999046325684,0.3100000023841858,0.23000000417232513,0.4300000071525574,0.2800000011920929,0.23999999463558197,0.25,0.25,0.25,0.27000001072883606,0.20999999344348907,0.20999999344348907,0.18000000715255737,0.2199999988079071,0.23000000417232513,0.27000001072883606,0.25,0.33000001311302185,0.2800000011920929,0.25999999046325684,0.3400000035762787,0.2800000011920929,0.28999999165534973],"kl_over_time":[[1.3845239877700806,1.385702133178711,1.3870265483856201,1.3884800672531128,1.3900446891784668,1.3918957710266113,1.3938076496124268,1.395858883857727,1.3981343507766724,1.4007713794708252,1.4035701751708984],[1.372117042541504,1.373504877090454,1.3750118017196655,1.3766467571258545,1.3783990144729614,1.3803062438964844,1.3821238279342651,1.3841098546981812,1.3863178491592407,1.3885773420333862,1.3908900022506714],[1.3575177192687988,1.3596563339233398,1.3617068529129028,1.3638513088226318,1.366079330444336,1.3683063983917236,1.3706369400024414,1.3733607530593872,1.3763093948364258,1.3797290325164795,1.3828694820404053],[1.323601484298706,1.3300132751464844,1.333754539489746,1.3385703563690186,1.342685341835022,1.3480156660079956,1.3531078100204468,1.3581560850143433,1.363675594329834,1.369422435760498,1.3741408586502075],[1.295584797859192,1.3049668073654175,1.3170208930969238,1.325814962387085,1.335990309715271,1.351452112197876,1.366844654083252,1.3862541913986206,1.4109086990356445,1.4323813915252686,1.4543545246124268],[1.2691359519958496,1.2989777326583862,1.354111909866333,1.4038095474243164,1.450925588607788,1.480794072151184,1.5060875415802002,1.5284051895141602,1.5505529642105103,1.5736268758773804,1.597123622894287],[1.239670991897583,1.2559734582901,1.2649084329605103,1.2839726209640503,1.2972056865692139,1.311574101448059,1.331296443939209,1.3543826341629028,1.3762961626052856,1.4062374830245972,1.4329850673675537],[1.2277843952178955,1.2424497604370117,1.2868363857269287,1.3281110525131226,1.3674113750457764,1.4214637279510498,1.4848923683166504,1.5598373413085938,1.6316938400268555,1.7126590013504028,1.784102201461792],[1.2022461891174316,1.267855167388916,1.31988525390625,1.3789243698120117,1.4187672138214111,1.450903058052063,1.4802778959274292,1.5082441568374634,1.535941243171692,1.5637129545211792,1.5913931131362915],[1.1956089735031128,1.1970808506011963,1.2182421684265137,1.2263245582580566,1.2546249628067017,1.3000810146331787,1.3333615064620972,1.3762402534484863,1.4290289878845215,1.499383807182312,1.5616430044174194],[1.189185380935669,1.1879708766937256,1.2147096395492554,1.237423300743103,1.3166582584381104,1.4138827323913574,1.5193722248077393,1.6532056331634521,1.7972278594970703,1.9453520774841309,2.086296796798706],[1.1274601221084595,1.1486891508102417,1.166353464126587,1.188856840133667,1.2225887775421143,1.2563554048538208,1.2976937294006348,1.3231909275054932,1.358102560043335,1.3904988765716553,1.4304479360580444],[1.1022347211837769,1.143027663230896,1.2319481372833252,1.3537009954452515,1.5049153566360474,1.6410959959030151,1.7943313121795654,1.996052861213684,2.203343391418457,2.386854887008667,2.5591015815734863],[1.0834625959396362,1.088955283164978,1.1423096656799316,1.260135293006897,1.3951714038848877,1.5413503646850586,1.6279654502868652,1.6972312927246094,1.7548609972000122,1.8183279037475586,1.8842713832855225],[1.0970795154571533,1.1790302991867065,1.3844022750854492,1.6194603443145752,1.8710026741027832,2.0866613388061523,2.296261787414551,2.5549118518829346,2.7858726978302,3.00821590423584,3.2246713638305664],[1.0087358951568604,1.0383031368255615,1.21798574924469,1.4063087701797485,1.518129825592041,1.6286954879760742,1.7176287174224854,1.8042341470718384,1.8887611627578735,1.9685752391815186,2.0554282665252686],[1.0365933179855347,1.2139952182769775,1.3964364528656006,1.5725643634796143,1.7150614261627197,1.8238239288330078,1.9346047639846802,2.0312490463256836,2.1300485134124756,2.209385395050049,2.3089001178741455],[1.0086113214492798,1.0791927576065063,1.2073974609375,1.3385893106460571,1.4555472135543823,1.593247652053833,1.7285174131393433,1.8432340621948242,1.950528621673584,2.054748058319092,2.1447081565856934],[0.9730822443962097,1.0279717445373535,1.1385868787765503,1.2778397798538208,1.4018226861953735,1.5017634630203247,1.5775552988052368,1.6588716506958008,1.7472238540649414,1.8304882049560547,1.9087193012237549],[1.022929310798645,1.1825932264328003,1.4095892906188965,1.6108592748641968,1.766928791999817,1.9054111242294312,2.0122787952423096,2.120934009552002,2.2299273014068604,2.336622476577759,2.4516491889953613],[0.9263853430747986,1.0592966079711914,1.308007836341858,1.473343014717102,1.604222297668457,1.7252384424209595,1.8394174575805664,1.9453226327896118,2.0419838428497314,2.1284289360046387,2.2137439250946045],[0.9434612989425659,1.025356411933899,1.1995863914489746,1.3895976543426514,1.6737626791000366,2.0131735801696777,2.3762238025665283,2.710697889328003,2.9961726665496826,3.2358782291412354,3.466538190841675],[0.9168857336044312,1.1034672260284424,1.3492608070373535,1.6029484272003174,1.8658429384231567,2.1681344509124756,2.4357478618621826,2.7717533111572266,3.1431033611297607,3.4562435150146484,3.7091658115386963],[0.9562014937400818,1.0852632522583008,1.5159879922866821,1.8159879446029663,1.993186593055725,2.176907539367676,2.3354880809783936,2.4920272827148438,2.65442156791687,2.807408094406128,2.951467752456665],[0.8455563187599182,0.910509467124939,1.1954790353775024,1.5246742963790894,1.881341576576233,2.222050428390503,2.6777968406677246,3.0517961978912354,3.3435816764831543,3.623356819152832,3.9152672290802],[0.8449501991271973,1.1703169345855713,1.489546775817871,1.7641000747680664,1.9564557075500488,2.1422975063323975,2.33278751373291,2.495164394378662,2.6544172763824463,2.817052125930786,2.9744255542755127],[0.8296006917953491,1.0586364269256592,1.3206267356872559,1.6362401247024536,1.9852980375289917,2.361901044845581,2.8669703006744385,3.2261533737182617,3.5534722805023193,3.850942373275757,4.148396015167236],[0.9227378368377686,1.0977474451065063,1.3641700744628906,1.634658932685852,1.9633853435516357,2.265331268310547,2.4405109882354736,2.6181468963623047,2.7852070331573486,2.9617278575897217,3.1338586807250977],[0.9144138097763062,1.0312774181365967,1.2449672222137451,1.4928566217422485,1.70834219455719,2.039283514022827,2.3985917568206787,2.7949116230010986,3.243286371231079,3.636045455932617,3.986565351486206],[0.8132274150848389,0.9449246525764465,1.2436766624450684,1.5691272020339966,1.8972744941711426,2.2367050647735596,2.447094440460205,2.6877541542053223,2.8985795974731445,3.104193925857544,3.309767961502075],[0.8037988543510437,1.0384016036987305,1.3950669765472412,1.7601063251495361,2.070902109146118,2.413130521774292,2.841675043106079,3.3099772930145264,3.707758665084839,4.095427989959717,4.493352890014648],[0.7702683210372925,0.9495519399642944,1.4751967191696167,1.9382119178771973,