{"training_accuracy":[0.44999998807907104,0.5899999737739563,0.46000000834465027,0.5,0.6100000143051147,0.5699999928474426,0.6600000262260437,0.6399999856948853,0.6700000166893005,0.5799999833106995],"attacked_training_accuracy":[0.20999999344348907,0.3799999952316284,0.4000000059604645,0.27000001072883606,0.25999999046325684,0.38999998569488525,0.27000001072883606,0.25,0.20999999344348907,0.33000001311302185],"kl_over_time":[[1.384671926498413,1.3858529329299927,1.3871809244155884,1.3885530233383179,1.3900693655014038,1.3918579816818237,1.3937972784042358,1.3958483934402466,1.3981096744537354,1.4008393287658691,1.4037598371505737],[1.3723386526107788,1.3735582828521729,1.3751503229141235,1.376814365386963,1.3783302307128906,1.380300760269165,1.3822287321090698,1.3841451406478882,1.386440396308899,1.3884989023208618,1.390868067741394],[1.358476161956787,1.3599331378936768,1.361969232559204,1.364020824432373,1.3658435344696045,1.3678946495056152,1.3706637620925903,1.37296724319458,1.375565528869629,1.3783589601516724,1.381751537322998],[1.3203046321868896,1.3261348009109497,1.3305214643478394,1.3382834196090698,1.3443633317947388,1.3506375551223755,1.358538269996643,1.3677833080291748,1.3745461702346802,1.3850879669189453,1.3916215896606445],[1.2752200365066528,1.2864010334014893,1.2999241352081299,1.3169337511062622,1.3509970903396606,1.3736070394515991,1.4054245948791504,1.4385554790496826,1.4708914756774902,1.4960689544677734,1.5274274349212646],[1.258785367012024,1.2763147354125977,1.3250834941864014,1.4549404382705688,1.4911340475082397,1.5274981260299683,1.5582817792892456,1.5828545093536377,1.6094402074813843,1.635962963104248,1.6608926057815552],[1.2000426054000854,1.2305792570114136,1.2385799884796143,1.2552086114883423,1.275012731552124,1.3280202150344849,1.4235707521438599,1.4996997117996216,1.587381362915039,1.6922060251235962,1.7606561183929443],[1.20810067653656,1.2169535160064697,1.298883318901062,1.3507227897644043,1.4023847579956055,1.4666305780410767,1.548762321472168,1.617877721786499,1.7175654172897339,1.842092752456665,1.9605635404586792],[1.1118911504745483,1.1260381937026978,1.213016152381897,1.2808080911636353,1.3683733940124512,1.4387887716293335,1.5383634567260742,1.6577272415161133,1.7695807218551636,1.9038681983947754,2.0480432510375977],[1.138657808303833,1.1478627920150757,1.1593270301818848,1.282535433769226,1.451871395111084,1.5584214925765991,1.6449486017227173,1.72562575340271,1.7876214981079102,1.8483738899230957,1.9092319011688232]]}