{"training_accuracies":[],"attacked_training_accuracies":[],"kl_over_time":[],"validation_accuracy":[0.4207252264022827,0.4207252264022827,0.42176148295402527,0.4404143691062927],"attacked_validation_accuracy":[0.32020723819732666,0.3274611234664917,0.3564766049385071,0.3440414369106293],"validation_kl_over_time":[[8.458177269687894e-9,0.000191549290320836,0.0008256404544226825,0.0019248739117756486,0.0035085107665508986,0.005599487107247114,0.008230019360780716,0.011439356952905655,0.015265854075551033,0.01976139470934868,0.02496590092778206],[6.767040705568661e-9,0.00019696805975399911,0.0008395823533646762,0.0019460367038846016,0.003536574076861143,0.005630875937640667,0.008266293443739414,0.011477046646177769,0.015299610793590546,0.019783299416303635,0.024982314556837082],[9.930697153492929e-9,0.0001981930690817535,0.0008403125102631748,0.001945539261214435,0.00353193748742342,0.005626039579510689,0.008256638422608376,0.011463968083262444,0.01528572291135788,0.01976902410387993,0.02497260458767414],[7.219481013009954e-9,0.00019555889593902975,0.0008314565639011562,0.0019270703196525574,0.003499269252642989,0.005571737419813871,0.008176757022738457,0.011342744342982769,0.015112890861928463,0.01953543908894062,0.024649130180478096]],"model_parameters":{"desired_samples":16000,"window_size_samples":480,"window_stride_samples":160,"spectrogram_length":98,"fingerprint_width":40,"fingerprint_size":3920,"label_count":4,"sample_rate":16000,"preprocess":"mfcc","average_window_width":-1,"in_repeat":1,"data_url":"https:\/\/storage.googleapis.com\/download.tensorflow.org\/data\/speech_commands_v0.02.tar.gz","data_dir":"\/cluster\/scratch\/faberf\/speech_dataset","background_volume":0.1,"background_frequency":0.8,"silence_percentage":10.0,"unknown_percentage":10.0,"time_shift_ms":100.0,"seed":0,"testing_percentage":10,"validation_percentage":10,"clip_duration_ms":1000,"window_size_ms":30.0,"window_stride_ms":10.0,"feature_bin_count":40,"n_epochs":"1","eval_step_interval":1,"learning_rate":"0.001","batch_size":5,"summaries_dir":"results\/retrain_logs","wanted_words":"yes,no","train_dir":"results\/speech_commands_train","save_step_interval":1000,"start_checkpoint":"","model_architecture":"lsnn","check_nans":false,"quantize":false,"n_hidden":128,"n_layer":1,"dropout_prob":0.0,"print_every":10,"reg":0.001,"n_lif_frac":0.0,"beta":2.0,"tau_adaptation":98,"comment":"","n_thr_spikes":-1,"dampening_factor":0.3,"dt":1.0,"thr":0.01,"thr_min":0.005,"tau":20.0,"refr":2,"n_delay":0,"random_eprop":false,"eprop":false,"avg_spikes":true,"beta_lipschitzness":0.1,"num_attack_steps":10,"attack_epsilon":0.01,"relative_epsilon":false,"initial_std":0.001,"relative_initial_std":false,"session_id":2986338342,"db":"fynn","verbosity":20,"optimizer":"adam","start_time":1604257537696}}