{"training_accuracy":[0.4300000071525574,0.5,0.36000001430511475,0.44999998807907104,0.5299999713897705,0.46000000834465027],"attacked_training_accuracy":[0.25,0.2199999988079071,0.30000001192092896,0.2800000011920929,0.27000001072883606,0.25999999046325684],"kl_over_time":[[2.0938315969942778e-7,2.189355200243881e-6,3.967300472140778e-6,1.4747834029549267e-5,4.715074828709476e-5,0.00012158306344645098,0.0001971236924873665,0.0003071210521738976,0.0003994977450929582,0.0005445648566819727,0.0006778779206797481],[2.8751730951626087e-7,2.245828227387392e-6,3.714073682203889e-5,8.384600369026884e-5,0.00016902328934520483,0.0002987884799949825,0.0003641873481683433,0.000421749718952924,0.00044387555681169033,0.0005287884850986302,0.0005368543206714094],[5.153053734829882e-7,5.619300281978212e-5,7.112736057024449e-5,0.00010315207327948883,0.00015524895570706576,0.00023735816648695618,0.0003316562215331942,0.0004483684024307877,0.0005865598795935512,0.0007251969072967768,0.0008601223235018551],[4.894463927485049e-7,5.844210318173282e-5,0.00020541845879051834,0.0004630988696590066,0.000973744667135179,0.0016977747436612844,0.0027689053677022457,0.0044009992852807045,0.006290267687290907,0.008591526187956333,0.010578211396932602],[7.03283433267643e-7,7.772639946779236e-5,0.00023681535094510764,0.0004416258307173848,0.0008069732575677335,0.001230610185302794,0.0019044294022023678,0.0031479494646191597,0.005134991370141506,0.007971223443746567,0.01012374646961689],[4.5057123543301714e-7,0.0001237700053025037,0.0002659207384567708,0.0006835207459516823,0.0013894503936171532,0.002502087503671646,0.0042373547330498695,0.006443412974476814,0.00802468042820692,0.010860448703169823,0.014055627398192883]]}