{"training_accuracy":[0.6200000047683716],"attacked_training_accuracy":[0.28999999165534973]}