{"training_accuracy":[0.3199999928474426,0.550000011920929,0.7099999785423279,0.699999988079071,0.7599999904632568,0.6399999856948853,0.7400000095367432,0.6800000071525574,0.699999988079071,0.6299999952316284,0.800000011920929,0.6100000143051147,0.699999988079071,0.800000011920929,0.7599999904632568,0.7799999713897705,0.8299999833106995,0.800000011920929,0.7699999809265137,0.7400000095367432,0.699999988079071,0.7300000190734863,0.7200000286102295,0.75,0.7599999904632568,0.75,0.7599999904632568,0.8399999737739563,0.7799999713897705,0.7699999809265137,0.8399999737739563,0.800000011920929,0.7599999904632568,0.8299999833106995,0.800000011920929,0.8100000023841858,0.800000011920929,0.7599999904632568,0.7799999713897705],"attacked_training_accuracy":[0.27000001072883606,0.20999999344348907,0.27000001072883606,0.41999998688697815,0.3799999952316284,0.4399999976158142,0.30000001192092896,0.46000000834465027,0.20999999344348907,0.3700000047683716,0.49000000953674316,0.4300000071525574,0.3700000047683716,0.20000000298023224,0.25,0.5400000214576721,0.28999999165534973,0.4099999964237213,0.47999998927116394,0.2800000011920929,0.3100000023841858,0.25999999046325684,0.1599999964237213,0.33000001311302185,0.28999999165534973,0.3100000023841858,0.23999999463558197,0.23000000417232513,0.18000000715255737,0.5899999737739563,0.3499999940395355,0.18000000715255737,0.27000001072883606,0.23999999463558197,0.25999999046325684,0.23999999463558197,0.25999999046325684,0.20000000298023224,0.23999999463558197],"kl_over_time":[[9.861688340606634e-6,0.039274681359529495,0.16513003408908844,0.3648592531681061,0.6176978945732117,0.9065102934837341,1.2223310470581055,1.5658092498779297,1.93243408203125,2.339050769805908,2.8037002086639404],[1.087436976376921e-5,0.06517837196588516,0.2674109637737274,0.593612790107727,1.014455795288086,1.4969507455825806,2.0196382999420166,2.5702719688415527,3.1503100395202637,3.721156597137451,4.2965240478515625],[8.307181815325748e-6,0.05907069146633148,0.2532288730144501,0.5843822360038757,1.01857590675354,1.5189560651779175,2.0672085285186768,2.6400885581970215,3.2272439002990723,3.836733341217041,4.457319736480713],[3.776328230742365e-5,0.051881011575460434,0.22850440442562103,0.5253750681877136,0.915911853313446,1.39519464969635,1.9436531066894531,2.549654245376587,3.198665142059326,3.893558979034424,4.590659141540527],[4.1457064071437344e-5,0.04451022669672966,0.20355390012264252,0.46624842286109924,0.8170069456100464,1.2532464265823364,1.7565350532531738,2.3073935508728027,2.877246856689453,3.455831289291382,4.050699234008789],[4.066951441927813e-5,0.053430862724781036,0.228768989443779,0.5084787011146545,0.8679441809654236,1.2983275651931763,1.758050799369812,2.2226474285125732,2.687795877456665,3.1585474014282227,3.631795644760132],[7.015348091954365e-5,0.05091066285967827,0.20606599748134613,0.4693041741847992,0.8535319566726685,1.3404995203018188,1.8943215608596802,2.5677778720855713,3.2870941162109375,4.054561614990234,4.8048095703125],[7.94751540524885e-5,0.08697875589132309,0.34187743067741394,0.7335440516471863,1.222534418106079,1.753849744796753,2.3215293884277344,2.871648073196411,3.464686155319214,4.052502155303955,4.63509464263916],[0.0001653004001127556,0.08475232124328613,0.4226153492927551,1.0667470693588257,1.8981198072433472,2.9246246814727783,4.185530185699463,5.370822429656982,6.259899139404297,7.053866863250732,7.8293585777282715],[4.597146835294552e-5,0.07003932446241379,0.32517772912979126,0.7787804007530212,1.3476310968399048,2.001559257507324,2.6491997241973877,3.3126375675201416,3.9810702800750732,4.639067649841309,5.293089389801025],[0.0007902592769823968,0.08294938504695892,0.3515509366989136,0.7505137324333191,1.250214695930481,1.821552038192749,2.3636817932128906,2.9212615489959717,3.4810314178466797,4.041166305541992,4.519834041595459],[0.0001331347448285669,0.06939923763275146,0.29523250460624695,0.6394995450973511,1.0658318996429443,1.6422921419143677,2.1668765544891357,2.689932107925415,3.1811885833740234,3.485682249069214,3.731886625289917],[0.00018467307381797582,0.09989853948354721,0.3947473168373108,0.8520320057868958,1.4332575798034668,2.137425422668457,2.9180188179016113,3.716177225112915,4.508233070373535,5.1696391105651855,5.741137504577637],[0.00011208724754396826,0.0955110564827919,0.431213915348053,1.0207467079162598,1.8146452903747559,2.7676596641540527,3.9482340812683105,5.671637058258057,7.267496109008789,8.521949768066406,9.518474578857422],[0.000179815455339849,0.11462094634771347,0.49270540475845337,1.063671588897705,1.7832261323928833,2.6873695850372314,4.0303778648376465,5.783888816833496,7.841446399688721,9.389195442199707,9.68790054321289],[0.0004223414871376008,0.08004770427942276,0.3736149072647095,0.840846061706543,1.4928224086761475,2.2361984252929688,2.9964020252227783,3.743933916091919,4.475359916687012,5.056585311889648,5.499063014984131],[0.00011544425069587305,0.12768064439296722,0.5463818311691284,1.202944040298462,1.9763680696487427,2.8014843463897705,3.7654876708984375,4.776589870452881,5.727310657501221,6.407467365264893,7.150875091552734],[0.00015366726438514888,0.12388969212770462,0.5372953414916992,1.2331931591033936,2.177182197570801,3.3248937129974365,4.669605255126953,5.887152194976807,6.703402996063232,7.158353328704834,7.445756435394287],[0.00026416266337037086,0.10677838325500488,0.5026759505271912,1.1018329858779907,1.826356291770935,2.5443224906921387,3.3062357902526855,4.135071277618408,4.877908706665039,5.353944778442383,5.617957592010498],[0.00019823973707389086,0.21875903010368347,0.8297057747840881,1.754008412361145,2.897451162338257,4.051657199859619,5.107544898986816,6.071719169616699,6.948138236999512,7.69549036026001,8.251623153686523],[3.025698424607981e-5,0.05885499343276024,0.5087258219718933,1.3827674388885498,2.559507131576538,3.9378933906555176,5.382203102111816,6.7901153564453125,7.741071701049805,8.523715019226074,9.009512901306152],[0.00010322980233468115,0.12266293913125992,0.7427558898925781,1.8412449359893799,3.201298236846924,4.647524833679199,6.020491600036621,7.008780479431152,7.775862693786621,8.165876388549805,8.336529731750488],[0.0002462724514771253,0.2492152601480484,1.2114099264144897,2.7620186805725098,4.55613899230957,6.285120010375977,7.766228675842285,8.879690170288086,9.517586708068848,9.840091705322266,9.963589668273926],[0.00011553544027265161,0.19844269752502441,0.8511361479759216,1.80145263671875,2.968156099319458,4.251728057861328,5.298581600189209,6.182302951812744,6.990969657897949,7.62786340713501,7.91558313369751],[0.0018142011249437928,0.3012765944004059,1.2228198051452637,2.6829214096069336,4.162686824798584,5.477150917053223,6.466740608215332,7.128040790557861,7.476096153259277,7.694024562835693,7.763802528381348],[0.00011019062367267907,0.2719397246837616,1.0125956535339355,1.9172004461288452,2.8666045665740967,3.8633577823638916,4.898942947387695,5.646180152893066,6.076773643493652,6.506897449493408,6.907916069030762],[0.00010571206075837836,0.29793691635131836,1.233945608139038,2.416931390762329,3.7198803424835205,5.11624813079834,6.427841663360596,7.659662246704102,8.686405181884766,9.696459770202637,10.512673377990723],[0.0012970188399776816,0.19260819256305695,0.9137020707130432,2.210803270339966,3.905217170715332,5.611414432525635,6.757139682769775,7.731842517852783,8.638833999633789,9.26645565032959,9.532025337219238],[0.00032489074510522187,0.21403628587722778,0.9124521613121033,1.8848891258239746,2.9846861362457275,4.266121864318848,5.266010761260986,6.072014808654785,6.69976282119751,7.42579460144043,8.145069122314453],[0.00011836655903607607,0.18291181325912476,0.7618516087532043,1.5072742700576782,2.2794342041015625,3.0749778747558594,3.859163761138916,4.485476493835449,4.80576229095459,4.911035060882568,4.99216890335083],[3.752703923964873e-5,0.11169420182704926,0.6343644857406616,1.6184951066970825,2.7752416133880615,4.078174591064453,5.380038261413574,6.493910789489746,7.3120646476745605,