{"training_accuracy":[0.5799999833106995,0.6200000047683716,0.7400000095367432,0.7099999785423279,0.6800000071525574,0.6600000262260437,0.7099999785423279,0.6700000166893005,0.7699999809265137,0.7599999904632568,0.7799999713897705,0.8100000023841858,0.75],"attacked_training_accuracy":[0.4099999964237213,0.4000000059604645,0.47999998927116394,0.49000000953674316,0.6299999952316284,0.5899999737739563,0.5600000023841858,0.6100000143051147,0.7300000190734863,0.7599999904632568,0.7699999809265137,0.7400000095367432,0.6299999952316284],"kl_over_time":[[4.200220260486276e-8,3.30440561810974e-5,5.2492410759441555e-5,0.00010804221528815106,0.00017626078624743968,0.00026069022715091705,0.0003662884118966758,0.0004819468013010919,0.0006205946556292474,0.0007666379096917808,0.0009263934916816652],[8.817525554150052e-8,5.5353957577608526e-5,0.00014510135224554688,0.0003210752329323441,0.0005292704445309937,0.000815519830211997,0.0011624237522482872,0.0015572428237646818,0.0020099615212529898,0.0024977566208690405,0.003044823417440057],[1.6260194968253927e-7,8.42321096570231e-5,0.0001623180869501084,0.00039604585617780685,0.0006751580513082445,0.0010573052568361163,0.0015123843913897872,0.002026236616075039,0.002627281006425619,0.0032720111776143312,0.003958076238632202],[1.616528635395298e-7,0.00010802145698107779,0.0002975850075017661,0.0006299295928329229,0.0010835464345291257,0.0016061350470408797,0.002216565189883113,0.002897212514653802,0.003630033927038312,0.00442503159865737,0.0052541266195476055],[3.4275450389031903e-7,2.6009660359704867e-5,0.00011132535291835666,0.00032558076782152057,0.0006571590784005821,0.001088898628950119,0.0015852201031520963,0.002149240579456091,0.002797886962071061,0.0035113822668790817,0.0042314366437494755],[5.234617219684878e-7,0.00011032644397346303,0.00042676215525716543,0.0009559023310430348,0.0015703371027484536,0.0023474963381886482,0.0032638588454574347,0.00426977314054966,0.005387647543102503,0.0065965899266302586,0.00789511390030384],[6.977392672524729e-7,9.509023220743984e-5,0.00029033608734607697,0.0007236599922180176,0.0012816962553188205,0.0019975348841398954,0.0028915058355778456,0.003938743844628334,0.005159446969628334,0.006510751321911812,0.008008305914700031],[9.71662302617915e-7,0.00025093587464652956,0.0005846876301802695,0.0011407878482714295,0.0018746227724477649,0.0027595683932304382,0.0038161908742040396,0.004978103097528219,0.006280079483985901,0.0077406903728842735,0.009250866249203682],[9.341039799437567e-7,0.00019733434601221234,0.0006218291819095612,0.0013548142742365599,0.002260632114484906,0.003429125528782606,0.004822707735002041,0.006321249064058065,0.008111869916319847,0.010097073391079903,0.012140927836298943],[5.275751846056664e-6,9.054676775122061e-5,0.0004142617399338633,0.0008678616140969098,0.0016521359793841839,0.002618910511955619,0.0038891551084816456,0.005363373551517725,0.007149871438741684,0.009406747296452522,0.011915788054466248],[1.7198238992932602e-6,6.021381341270171e-5,0.00019775895634666085,0.00037885821075178683,0.0006720693199895322,0.0010345159098505974,0.001482834224589169,0.0020115007646381855,0.0026425926480442286,0.0033487691543996334,0.004155351314693689],[1.5793598322488833e-6,0.0001600548712303862,0.0007367429207079113,0.0017485854914411902,0.0031935509759932756,0.005032910034060478,0.007303519174456596,0.010078458115458488,0.013256307691335678,0.016811683773994446,0.020819315686821938],[2.134385340468725e-6,0.00011912141053471714,0.0008211959502659738,0.0018962714821100235,0.003526849439367652,0.00568515295162797,0.008473820053040981,0.011565928347408772,0.01550336554646492,0.019903531298041344,0.024535631760954857]]}