{"training_accuracy":[0.25999999046325684,0.36000001430511475,0.28999999165534973,0.28999999165534973,0.23000000417232513,0.36000001430511475,0.33000001311302185,0.38999998569488525,0.550000011920929,0.5099999904632568],"attacked_training_accuracy":[0.28999999165534973,0.33000001311302185,0.25,0.27000001072883606,0.27000001072883606,0.27000001072883606,0.25999999046325684,0.33000001311302185,0.27000001072883606,0.25],"kl_over_time":[[1.1172416236604477e-7,3.882539658661699e-6,1.709651951387059e-5,4.040191925014369e-5,7.47024969314225e-5,0.00011983099830104038,0.00017736355948727578,0.0002502468414604664,0.0003383025759831071,0.0004494613967835903,0.0005823798128403723],[1.2077310884706094e-7,2.4473233679600526e-6,1.3188722732593305e-5,3.286226274212822e-5,6.237358320504427e-5,0.00010108570131706074,0.0001504991960246116,0.0002128800842911005,0.00029212067602202296,0.00038682794547639787,0.0005087637691758573],[1.2869540455540118e-7,4.208528025628766e-6,1.8119373635272495e-5,4.303848254494369e-5,7.731935329502448e-5,0.00012088158837286755,0.0001740993175189942,0.0002354441094212234,0.0003138503816444427,0.0004035908496007323,0.0005134097300469875],[1.181620277179718e-7,3.6668927805294516e-6,1.557436553412117e-5,3.7635309126926586e-5,7.006517262198031e-5,0.00011340147466398776,0.00016966617840807885,0.00023963701096363366,0.0003318210947327316,0.00044471363071352243,0.0005856293137185276],[1.6384800005653233e-7,5.743514066125499e-6,2.3341321139014326e-5,5.329104169504717e-5,9.681259689386934e-5,0.00015487814380321652,0.00023087031149771065,0.0003271893656346947,0.0004519194772001356,0.000610519025940448,0.0008127930341288447],[1.741158399681808e-7,3.604507810450741e-6,1.8423181245452724e-5,4.66812307422515e-5,8.939931285567582e-5,0.00014786496467422694,0.00022434031416196376,0.0003208873968105763,0.00044363163760863245,0.0006015017279423773,0.0007996517233550549],[1.5513676032696821e-7,3.3130761494248873e-6,1.8478989659342915e-5,4.649004767998122e-5,9.05447595869191e-5,0.00014897738583385944,0.00022152639576233923,0.0003143803041893989,0.0004361813480500132,0.0005773614393547177,0.0007679487462155521],[1.6169822458778071e-7,2.0588313418556936e-6,1.0393601769465022e-5,2.595456680865027e-5,5.0546757847769186e-5,8.276027801912278e-5,0.00012406522000674158,0.00017423821554984897,0.0002308265829924494,0.0002980096032842994,0.0003760339168366045],[2.206689515560356e-7,6.671373284916626e-6,2.948623114207294e-5,6.805158773204312e-5,0.00012123446504119784,0.0001851782581070438,0.00025807591737248003,0.00034175149630755186,0.0004333385732024908,0.0005379728972911835,0.0006580736953765154],[1.8968599135860131e-7,5.219657850830117e-6,2.969480920000933e-5,7.629412721144035e-5,0.0001378731249133125,0.00021909723000135273,0.00031182621023617685,0.0004134307673666626,0.0005300859920680523,0.0006576926098205149,0.0007965597324073315]]}