{"training_accuracy":[0.550000011920929,0.7599999904632568,0.7099999785423279,0.699999988079071,0.7099999785423279,0.699999988079071,0.7699999809265137,0.7099999785423279,0.75],"attacked_training_accuracy":[0.41999998688697815,0.4399999976158142,0.3799999952316284,0.3799999952316284,0.3799999952316284,0.3799999952316284,0.5099999904632568,0.4099999964237213,0.3799999952316284],"kl_over_time":[[9.104427931561077e-7,0.02063029073178768,0.08384418487548828,0.20913264155387878,0.416664719581604,0.7513505220413208,1.2353935241699219,1.771578311920166,2.336435079574585,2.9136362075805664,3.4990410804748535],[3.6865812944597565e-6,0.061021894216537476,0.21801574528217316,0.44073042273521423,0.6965439915657043,0.9770305156707764,1.2787249088287354,1.5868138074874878,1.8957513570785522,2.218834400177002,2.552204132080078],[9.838880032475572e-6,0.050195567309856415,0.21000716090202332,0.4799874722957611,0.8958277106285095,1.4673151969909668,2.193787097930908,2.952887535095215,3.7392256259918213,4.553689002990723,5.3731889724731445],[9.713752660900354e-6,0.006617214065045118,0.10905855894088745,0.35564911365509033,0.7251319885253906,1.165316104888916,1.6746838092803955,2.2006659507751465,2.729320526123047,3.2552404403686523,3.7826621532440186],[1.2982403859496117e-5,0.012635576538741589,0.08253724873065948,0.2270808219909668,0.4331780970096588,0.6642216444015503,1.0529552698135376,1.5176470279693604,2.0433430671691895,2.615976095199585,3.258605480194092],[1.1852035640913527e-5,0.020938409492373466,0.10561888664960861,0.249888077378273,0.4251263439655304,0.5809127688407898,0.7251805067062378,0.858447790145874,1.048441767692566,1.2486493587493896,1.5235389471054077],[2.664018757059239e-5,0.04232088848948479,0.2098788022994995,0.5200861096382141,0.9708464741706848,1.5385535955429077,2.2793362140655518,3.100292205810547,3.9931132793426514,4.89638614654541,5.799394607543945],[1.8621663912199438e-5,0.077463798224926,0.34590911865234375,0.7869322896003723,1.4079535007476807,2.2076714038848877,3.2288458347320557,4.248994827270508,5.289805889129639,6.32480525970459,7.343210220336914],[2.865749593183864e-5,0.08638408780097961,0.3392382860183716,0.7570304870605469,1.3413726091384888,2.2070343494415283,3.4605419635772705,4.80409574508667,6.15895414352417,7.501806259155273,8.823931694030762]]}