{"training_accuracy":[0.41999998688697815,0.30000001192092896,0.38999998569488525,0.3499999940395355],"attacked_training_accuracy":[0.11999999731779099,0.28999999165534973,0.36000001430511475,0.47999998927116394],"kl_over_time":[[2.3500298595990898e-8,1.4421461855818052e-5,6.5412718868174125e-6,3.0353983675013296e-5,2.8603522878256626e-5,6.585761002497748e-5,0.0001323183678323403,0.00021148569067008793,0.0003404410381335765,0.00043199246283620596,0.0004808882949873805],[2.7644759370559768e-8,5.0692389777395874e-5,2.8037842639605515e-5,8.34974052850157e-5,0.00020824052626267076,0.0002662390179466456,0.00045825503184460104,0.0006687851273454726,0.0009712621103972197,0.0011682555777952075,0.0014911132166162133],[3.773147483343564e-8,3.2636522519169375e-5,2.3999287805054337e-5,3.604528319556266e-5,6.395621312549338e-5,8.398240606766194e-5,0.0003476132987998426,0.0003295188944321126,0.00039992466918192804,0.000490316713694483,0.0006076932768337429],[2.9367924980761018e-8,2.18263448914513e-5,9.28311601455789e-6,0.00010958271741401404,9.750393655849621e-5,0.00017640962323639542,0.0003782638523261994,0.0006010484066791832,0.0008789703133516014,0.0011011279420927167,0.0012705036206170917]]}