{"training_accuracy":[0.28999999165534973,0.3400000035762787,0.4099999964237213,0.38999998569488525,0.6299999952316284,0.5899999737739563,0.7300000190734863,0.7099999785423279,0.6700000166893005,0.699999988079071,0.7699999809265137,0.7900000214576721,0.800000011920929,0.8299999833106995,0.8100000023841858,0.8999999761581421,0.8299999833106995,0.8600000143051147,0.8899999856948853,0.9599999785423279,0.949999988079071,0.949999988079071,0.9300000071525574,0.9200000166893005,0.8999999761581421,0.949999988079071,0.9399999976158142,0.9100000262260437,0.9700000286102295,0.9100000262260437,0.949999988079071,0.9100000262260437,0.9700000286102295,0.9399999976158142,0.9800000190734863],"attacked_training_accuracy":[0.28999999165534973,0.3100000023841858,0.25,0.20999999344348907,0.27000001072883606,0.23000000417232513,0.30000001192092896,0.23000000417232513,0.20999999344348907,0.30000001192092896,0.28999999165534973,0.36000001430511475,0.20999999344348907,0.46000000834465027,0.23000000417232513,0.36000001430511475,0.25,0.27000001072883606,0.20000000298023224,0.2800000011920929,0.4399999976158142,0.3199999928474426,0.4000000059604645,0.20999999344348907,0.25999999046325684,0.1899999976158142,0.18000000715255737,0.23999999463558197,0.3199999928474426,0.28999999165534973,0.17000000178813934,0.20999999344348907,0.20000000298023224,0.30000001192092896,0.2800000011920929],"kl_over_time":[[5.407640628618537e-7,1.625351251277607e-5,0.00011126617027912289,0.0003408747143112123,0.0007424093782901764,0.001357357483357191,0.0022407316137105227,0.003481644205749035,0.005114874802529812,0.007194111123681068,0.009814111515879631],[3.5521331938070944e-6,8.128640911309049e-5,0.0007630093023180962,0.0022594474721699953,0.004662379156798124,0.008405148051679134,0.013534527271986008,0.02033391036093235,0.02969939075410366,0.04097475856542587,0.055641088634729385],[1.6397600120399147e-5,0.00017835207108873874,0.002041536383330822,0.006505310535430908,0.014240945689380169,0.02495592273771763,0.03994210064411163,0.05940522626042366,0.08411695063114166,0.11581243574619293,0.15406256914138794],[2.5518773327348754e-5,0.0027414464857429266,0.012353801168501377,0.02882416918873787,0.0530494786798954,0.0836998000741005,0.12096597254276276,0.16390475630760193,0.2108931690454483,0.2617717683315277,0.31760072708129883],[4.2216070141876116e-5,0.0008411198505200446,0.00960092805325985,0.03232976049184799,0.07166772335767746,0.1287824660539627,0.20515455305576324,0.29965734481811523,0.41077592968940735,0.5471665859222412,0.6978510022163391],[5.7100027333945036e-5,0.01544962264597416,0.057354237884283066,0.12257496267557144,0.21570011973381042,0.3280855417251587,0.4570620357990265,0.5925357937812805,0.7376484274864197,0.878843367099762,1.0235087871551514],[0.00014804775128141046,0.00513590220361948,0.04685566946864128,0.13242878019809723,0.24962474405765533,0.39783793687820435,0.5630714297294617,0.7366362810134888,0.9033669829368591,1.0703871250152588,1.2357226610183716],[0.00021277929772622883,0.012153234332799911,0.08328928053379059,0.22265370190143585,0.4226384162902832,0.6485564112663269,0.9059698581695557,1.149049162864685,1.395583152770996,1.6310734748840332,1.8685864210128784],[0.0002448118175379932,0.009246583096683025,0.05831664800643921,0.21374526619911194,0.4655311405658722,0.7819207310676575,1.1736037731170654,1.5822227001190186,2.0198864936828613,2.4932851791381836,2.9714043140411377],[0.00024652559659443796,0.005331849213689566,0.030775737017393112,0.09456377476453781,0.2509823739528656,0.42882800102233887,0.7174820303916931,1.0605000257492065,1.4295010566711426,1.7631607055664062,2.0696356296539307],[0.00044165251892991364,0.009101258590817451,0.10735829919576645,0.34300696849823,0.7254267930984497,1.1690871715545654,1.6658295392990112,2.183044910430908,2.7054710388183594,3.2239866256713867,3.7415425777435303],[0.00027097819838672876,0.012755910865962505,0.062368784099817276,0.15585023164749146,0.27455899119377136,0.4081796109676361,0.5473864674568176,0.6965380907058716,0.8658324480056763,1.0599888563156128,1.330310344696045],[0.001184561988338828,0.061492543667554855,0.21320724487304688,0.457518994808197,0.7504749298095703,1.0970927476882935,1.5024992227554321,1.973956823348999,2.6101315021514893,3.2888739109039307,4.013258457183838],[0.006624144036322832,0.09873472154140472,0.3375622034072876,0.7113502621650696,1.0557376146316528,1.45767080783844,1.8251938819885254,2.1711339950561523,2.4994125366210938,2.8053195476531982,3.084967851638794],[0.0005177110433578491,0.0953887552022934,0.3866303265094757,0.8772700428962708,1.456921935081482,2.114696979522705,2.7142345905303955,3.443740129470825,4.258013725280762,4.983865737915039,5.683047294616699],[0.0012390193296596408,0.06363031268119812,0.22667662799358368,0.5742028951644897,1.0478544235229492,1.5874688625335693,2.405721426010132,3.115631580352783,3.6833250522613525,4.21191930770874,4.714454650878906],[0.000995118054561317,0.035303857177495956,0.21539698541164398,0.5589764714241028,1.0864758491516113,1.6710271835327148,2.2344701290130615,2.7518467903137207,3.2734832763671875,3.804661750793457,4.337822914123535],[0.00036505630123429,0.0407414585351944,0.27577415108680725,0.7664058804512024,1.3626961708068848,2.0656542778015137,2.937011241912842,3.7763588428497314,4.479867935180664,5.100448131561279,5.696625709533691],[0.0010514544555917382,0.19101448357105255,0.6309890747070312,1.2437522411346436,1.9147869348526,2.5602574348449707,3.2881407737731934,3.965693950653076,4.603621959686279,5.257974624633789,5.875893592834473],[0.001001488883048296,0.21226947009563446,0.5677585601806641,1.1080349683761597,1.622738003730774,2.1731202602386475,2.7470250129699707,3.292106866836548,3.8225114345550537,4.426961421966553,5.089849948883057],[0.0010567652061581612,0.10118438303470612,0.44574928283691406,1.186833143234253,1.6973004341125488,2.364802837371826,3.012126922607422,3.6328001022338867,4.201991558074951,4.74030065536499,5.27468204498291],[0.0007871328270994127,0.23243987560272217,0.6053758263587952,1.0239760875701904,1.455453634262085,1.9868192672729492,2.5818352699279785,3.1755874156951904,3.8065788745880127,4.3904523849487305,4.956484317779541],[0.0017216772539541125,0.2990429997444153,0.8483789563179016,1.5096527338027954,2.1007513999938965,2.6308395862579346,3.1529572010040283,3.631856679916382,4.0930891036987305,4.516135215759277,4.928436279296875],[0.0005919727263972163,0.11667013168334961,0.3987899720668793,0.72620689868927,1.2683178186416626,1.9437259435653687,2.653958320617676,3.421163320541382,4.182753086090088,4.980635643005371,5.862253665924072],[0.0013967611594125628,0.08519220352172852,0.47618675231933594,1.1174815893173218,1.9183162450790405,2.820298910140991,3.714289665222168,4.659202575683594,5.584982395172119,6.474690914154053,7.341015338897705],[0.01599232107400894,0.26394888758659363,0.8670672178268433,1.6185640096664429,2.519123077392578,3.4457855224609375,4.633071422576904,5.709007263183594,6.699819087982178,7.703478813171387,8.638079643249512],[0.001526768202893436,0.09845101833343506,0.4756094515323639,0.9598228335380554,1.465680480003357,2.3543765544891357,3.065744161605835,3.944981575012207,4.871095180511475,5.9006171226501465,6.83406400680542],[0.001670810510404408,0.21751104295253754,0.7485842704772949,1.454067349433899,2.1736011505126953,2.7614212036132812,3.4257113933563232,4.271853923797607,5.176043510437012,6.150970458984375,7.132326126098633],[0.004961006809026003,0.0874362364411354,0.5592455863952637,1.2844085693359375,2.2072906494140625,2.912891149520874,3.5471251010894775,4.101567268371582,4.617362022399902,5.174336910247803,5.776735782623291],[0.005314940121024847,0.2174653261899948,0.751970648765564,1.4650732278823853,2.240797996520996,2.805781841278076,3.292276620864868,3.755869150161743,4.287249565124512,4.874964714050293,5.476093769073486],[0.01203965675085783,0.16898128390312195,0.5661985874176025,1.179382085800171,1.9583498239517212,2.761017322540283,3.595646858215332,4.520380973815918,