{"training_accuracy":[0.4399999976158142],"attacked_training_accuracy":[0.10999999940395355],"kl_over_time":[[4.151086230308465e-8,0.00039360078517347574,0.0017242460744455457,0.0039257085882127285,0.00692702317610383,0.010678059421479702,0.015138030052185059,0.020284494385123253,0.026131395250558853,0.03269577771425247,0.04003831744194031]]}