{"training_accuracy":[0.2199999988079071,0.17000000178813934,0.23000000417232513,0.17000000178813934,0.3100000023841858,0.28999999165534973,0.25,0.33000001311302185,0.4000000059604645,0.30000001192092896,0.3700000047683716,0.3499999940395355,0.3499999940395355,0.4300000071525574,0.3700000047683716,0.3799999952316284,0.41999998688697815,0.4300000071525574,0.41999998688697815,0.44999998807907104,0.3700000047683716,0.3799999952316284,0.5400000214576721,0.4099999964237213,0.5299999713897705,0.5299999713897705,0.44999998807907104,0.550000011920929,0.5199999809265137,0.46000000834465027,0.550000011920929,0.6100000143051147,0.4699999988079071,0.5600000023841858,0.5600000023841858,0.5099999904632568,0.5799999833106995,0.5699999928474426,0.5600000023841858,0.6899999976158142],"attacked_training_accuracy":[0.1599999964237213,0.14000000059604645,0.12999999523162842,0.15000000596046448,0.1899999976158142,0.1899999976158142,0.20999999344348907,0.25,0.20999999344348907,0.1899999976158142,0.23999999463558197,0.30000001192092896,0.38999998569488525,0.25,0.25999999046325684,0.36000001430511475,0.3700000047683716,0.25999999046325684,0.33000001311302185,0.36000001430511475,0.27000001072883606,0.3400000035762787,0.38999998569488525,0.33000001311302185,0.46000000834465027,0.46000000834465027,0.38999998569488525,0.38999998569488525,0.4099999964237213,0.3100000023841858,0.5199999809265137,0.5799999833106995,0.3499999940395355,0.4399999976158142,0.49000000953674316,0.4699999988079071,0.5,0.4699999988079071,0.5,0.5600000023841858],"kl_over_time":[[2.1163216388231376e-6,0.0004046300600748509,0.0016014944994822145,0.003681344212964177,0.006748760584741831,0.010925531387329102,0.016324637457728386,0.02312885783612728,0.0314469039440155,0.04146978259086609,0.05342411249876022],[3.0407425128942123e-6,0.00028698451933450997,0.0010547750862315297,0.0023051153402775526,0.004055061377584934,0.006351458840072155,0.009271353483200073,0.012877666391432285,0.017262231558561325,0.022560715675354004,0.02886406145989895],[1.1845504559460096e-6,0.00021292566088959575,0.0007925688987597823,0.0017106127925217152,0.002962420228868723,0.004555803257972002,0.00648683775216341,0.008800857700407505,0.011546745896339417,0.014767696149647236,0.018545225262641907],[1.1877554015882197e-6,0.00013920445053372532,0.0005459345993585885,0.0012483787722885609,0.0022771896328777075,0.003668287070468068,0.005479298532009125,0.0077333953231573105,0.010518958792090416,0.013888994231820107,0.017879702150821686],[1.9349929516465636e-6,0.0001415605074726045,0.0005091210477985442,0.0010979450307786465,0.0018973496044054627,0.0029010132420808077,0.004122460726648569,0.005570068024098873,0.007264238316565752,0.009240060113370419,0.011528982780873775],[2.0524557839962654e-6,0.00012204515223857015,0.0004500049981288612,0.0010008313693106174,0.0017915084026753902,0.0028563211672008038,0.00421447679400444,0.005925873760133982,0.007996910251677036,0.010503136552870274,0.013477291911840439],[2.58864315583196e-6,0.00011433318286435679,0.0004143121768720448,0.0009035921539179981,0.001606052159331739,0.00252264435403049,0.003701724112033844,0.005127556622028351,0.006895352620631456,0.008979427628219128,0.011475465260446072],[2.510615786377457e-6,0.00012249905557837337,0.00045968027552589774,0.001054008724167943,0.0019420478492975235,0.0031434509437531233,0.004723604302853346,0.006722353398799896,0.009244514629244804,0.012295499444007874,0.015981728211045265],[1.7392550262229634e-6,9.711470920592546e-5,0.00038154993671923876,0.0008792966254986823,0.0016133966855704784,0.002609110437333584,0.003903114702552557,0.00550007913261652,0.0074910447001457214,0.0098655316978693,0.012735364958643913],[3.0237802093324717e-6,0.00010654766083462164,0.0004087819834239781,0.0009512059041298926,0.0017577650723978877,0.0028681193944066763,0.004330862779170275,0.0061811720952391624,0.008493504486978054,0.011304502375423908,0.014686869457364082],[2.6278532914147945e-6,6.927426875336096e-5,0.0002844349655788392,0.000653544208034873,0.0011984128504991531,0.0019221785478293896,0.002860820619389415,0.00403520418331027,0.005443588364869356,0.007194775156676769,0.009243258275091648],[3.441919716351549e-6,8.619587606517598e-5,0.0004079981881659478,0.0010438691824674606,0.00205004564486444,0.0034353192895650864,0.005328902509063482,0.007634295616298914,0.010594057850539684,0.01415050495415926,0.018466578796505928],[3.207842155461549e-6,0.00010912187281064689,0.0004798763256985694,0.0011718448949977756,0.0022008847445249557,0.003601439530029893,0.005380918271839619,0.007535115350037813,0.010076463222503662,0.01302797719836235,0.0165423434227705],[6.4414512053190265e-6,0.00018963254115078598,0.0006776473019272089,0.00150635268073529,0.002730106934905052,0.004376703407615423,0.0064218430779874325,0.009052197448909283,0.01213926263153553,0.01590283401310444,0.020300541073083878],[4.7383873607032e-6,0.00012414953380357474,0.0005582552985288203,0.0013347327476367354,0.0025759947020560503,0.004235337488353252,0.0064643193036317825,0.009302852675318718,0.012742588296532631,0.017054526135325432,0.022218191996216774],[6.442010999307968e-6,0.00021056373952887952,0.000753589381929487,0.0016818208387121558,0.002990391803905368,0.00481764692813158,0.007373201660811901,0.010213462635874748,0.013248827308416367,0.0169171504676342,0.020776046440005302],[5.8051064115716144e-6,0.00011115494999103248,0.000531652185600251,0.0013432957930490375,0.0025615734048187733,0.004236930049955845,0.0063064852729439735,0.008881217800080776,0.011892776004970074,0.015559584833681583,0.019895007833838463],[9.922381650540046e-6,0.00022576800256501883,0.0008870034944266081,0.0020927737932652235,0.003769724862650037,0.006022642832249403,0.008900330401957035,0.012531638145446777,0.016728242859244347,0.02186865545809269,0.027964647859334946],[1.3508709344023373e-5,0.00019408110529184341,0.0007742324960418046,0.0018903263844549656,0.0035960106179118156,0.00599035806953907,0.009229809045791626,0.01325965952128172,0.018217716366052628,0.024754228070378304,0.032474685460329056],[1.1751556485251058e-5,0.0002884264977183193,0.0011351600987836719,0.0026617436669766903,0.004611578304320574,0.007309049367904663,0.010601160116493702,0.014203752391040325,0.018357643857598305,0.022983679547905922,0.02833235263824463],[1.093508217309136e-5,0.00026054875343106687,0.0010275625390931964,0.00243410374969244,0.004473268985748291,0.007076068315654993,0.010164040140807629,0.014037304557859898,0.01842162199318409,0.02367507852613926,0.029863666743040085],[1.3053945622232277e-5,0.0002694378490559757,0.0010722014121711254,0.0024303665850311518,0.004396421369165182,0.006828215438872576,0.00995674729347229,0.013702580705285072,0.018000256270170212,0.022989897057414055,0.02892952412366867],[2.1666197426384315e-5,0.00017943345301318914,0.0008091620984487236,0.0019307696493342519,0.0037688289303332567,0.00611893180757761,0.009061846882104874,0.013018912635743618,0.017618609592318535,0.02324490435421467,0.029800036922097206],[2.8233527700649574e-5,0.0001796202705008909,0.0008368320413865149,0.0020911034662276506,0.004085149150341749,0.006608705502003431,0.009714093990623951,0.013492893427610397,0.0179162435233593,0.022936725988984108,0.028719957917928696],[1.5772473489050753e-5,0.0002243562339572236,0.0008876424981281161,0.0020942583214491606,0.003917954862117767,0.0064955223351716995,0.00962521880865097,0.013528606854379177,0.01817755028605461,0.023969898000359535,0.030660519376397133],[1.924278330989182e-5,0.0002027839800575748,0.0007937026093713939,0.0018271905137225986,0.003420392284169793,0.00583207281306386,0.00867830403149128,0.012339836917817593,0.016399865970015526,0.021466894075274467,0.02732519619166851],[2.63950860244222e-5,0.00029716145945712924,0.0011554770171642303,0.0027261872310191393,0.004952594637870789,0.007934405468404293,0.011613511480391026,0.015967560932040215,0.021119078621268272,0.027326593175530434,0.0341811366379261],[4.163127232459374e-5,0.0005034003988839686,0.0022276861127465963,