{"training_accuracy":[0.5299999713897705,0.5400000214576721,0.7099999785423279,0.6499999761581421,0.7200000286102295,0.6499999761581421],"attacked_training_accuracy":[0.4000000059604645,0.38999998569488525,0.41999998688697815,0.41999998688697815,0.4000000059604645,0.4399999976158142],"kl_over_time":[[4.685838561613309e-8,0.0012309245066717267,0.0031060075853019953,0.006035424768924713,0.009448271244764328,0.01234712079167366,0.015122913755476475,0.018208922818303108,0.022437795996665955,0.028201039880514145,0.035334132611751556],[1.1550571343832416e-7,0.0032008045818656683,0.009946267120540142,0.01923179440200329,0.029348960146307945,0.03714197129011154,0.045740336179733276,0.05512920394539833,0.07004556059837341,0.08943847566843033,0.11521800607442856],[1.1664033650049532e-7,0.0010823918273672462,0.000390709494240582,0.009189216420054436,0.027179917320609093,0.051018666476011276,0.07713282853364944,0.10022691637277603,0.11702565103769302,0.12364351749420166,0.14194558560848236],[1.6275747327654244e-7,0.0018770400201901793,0.011908413842320442,0.03783247247338295,0.0696643814444542,0.10451868921518326,0.13529528677463531,0.153004452586174,0.18064184486865997,0.21526537835597992,0.2632301151752472],[1.870561021632966e-7,0.0014079938409850001,0.011143455281853676,0.03021792322397232,0.050225403159856796,0.06771766394376755,0.07792215049266815,0.08135117590427399,0.09261520206928253,0.11397472769021988,0.1471412479877472],[1.867886538775565e-7,0.008155486546456814,0.03145840764045715,0.06511368602514267,0.10278289765119553,0.1379355639219284,0.17079101502895355,0.20047229528427124,0.2470732033252716,0.30857646465301514,0.38112586736679077]]}