{"training_accuracy":[0.5799999833106995,0.5600000023841858,0.7900000214576721],"attacked_training_accuracy":[0.4699999988079071,0.4000000059604645,0.5299999713897705],"kl_over_time":[[5.06784800791138e-8,0.0011597106931731105,0.002068494912236929,0.0037626868579536676,0.005763801280409098,0.007082490716129541,0.008903308771550655,0.010826495476067066,0.01328353863209486,0.016228927299380302,0.01978166215121746],[1.3731722958709724e-7,0.0051351627334952354,0.008229764178395271,0.015649227425456047,0.02119460143148899,0.02462942525744438,0.026045778766274452,0.026915529742836952,0.03073849342763424,0.03596982732415199,0.04229382425546646],[2.0614864126855537e-7,0.004712309688329697,0.010013928636908531,0.020293306559324265,0.030496209859848022,0.037029676139354706,0.041151951998472214,0.04489448294043541,0.054892100393772125,0.06830469518899918,0.08424721658229828]]}