{"training_accuracy":[0.47999998927116394,0.5899999737739563,0.46000000834465027,0.5,0.5899999737739563,0.5899999737739563,0.6600000262260437,0.6800000071525574,0.6100000143051147,0.5899999737739563,0.6299999952316284,0.7300000190734863,0.6800000071525574,0.6299999952316284,0.7200000286102295,0.7200000286102295,0.7699999809265137],"attacked_training_accuracy":[0.20999999344348907,0.2199999988079071,0.38999998569488525,0.33000001311302185,0.33000001311302185,0.3700000047683716,0.3400000035762787,0.2800000011920929,0.25,0.28999999165534973,0.4300000071525574,0.41999998688697815,0.3400000035762787,0.30000001192092896,0.4300000071525574,0.25999999046325684,0.3499999940395355],"kl_over_time":[[2.2815827094291308e-7,1.4665588423667941e-6,5.699688244931167e-6,1.3658133866556454e-5,2.499602487660013e-5,3.901408490492031e-5,5.5775537475710735e-5,7.709461351623759e-5,0.00010283302253810689,0.00012875694665126503,0.00015972726396284997],[5.191274112803512e-7,3.0509654607158154e-6,1.2909305951325223e-5,3.476291021797806e-5,6.462297460529953e-5,0.00010719690180849284,0.0001613364729564637,0.00022518401965498924,0.00030062871519476175,0.00038795990985818207,0.0004952447488903999],[1.9947506189055275e-6,2.879180829040706e-5,8.760463242651895e-5,0.00021020624262746423,0.00037181421066634357,0.0005735629238188267,0.0008061471162363887,0.0011205206392332911,0.00147215835750103,0.0018790711183100939,0.0023303418420255184],[3.924844349967316e-6,7.076843758113682e-5,0.00013011643022764474,0.00044421045458875597,0.0008187065832316875,0.0015755572821944952,0.002453883644193411,0.0034311157651245594,0.004427040461450815,0.0055746412836015224,0.006827495526522398],[1.8355933207203634e-5,0.0006358677055686712,0.0019563385285437107,0.00581721868366003,0.008766853250563145,0.012175899930298328,0.01791108399629593,0.021863020956516266,0.02764284983277321,0.03235716372728348,0.03750837221741676],[8.228405931731686e-6,0.0002590951626189053,0.0055542015470564365,0.010616444982588291,0.020346181467175484,0.02712785266339779,0.03742782771587372,0.04585344344377518,0.05586904287338257,0.06732811033725739,0.0790308266878128],[0.000426746963057667,0.0035529672168195248,0.008583981543779373,0.014979743398725986,0.024531053379178047,0.034087102860212326,0.04415811598300934,0.06299104541540146,0.07582429051399231,0.08780580013990402,0.10132299363613129],[0.002236889908090234,0.0030384042765945196,0.012827879749238491,0.022248534485697746,0.03948906809091568,0.06461504101753235,0.07875339686870575,0.09945032000541687,0.11160574853420258,0.13021570444107056,0.151217520236969],[2.1531348465941846e-5,0.0010262784780934453,0.008588938973844051,0.02049505151808262,0.03506210073828697,0.05508880317211151,0.07966834306716919,0.10517711192369461,0.12689341604709625,0.1546500325202942,0.18767748773097992],[2.632238101796247e-5,0.009797274135053158,0.026048526167869568,0.039555624127388,0.06757267564535141,0.09200768917798996,0.12768402695655823,0.15246939659118652,0.17413200438022614,0.1967327892780304,0.21954183280467987],[0.0016480376943945885,0.0038038091734051704,0.010771190747618675,0.030920173972845078,0.05750787630677223,0.09767675399780273,0.1321766972541809,0.16665971279144287,0.2401539385318756,0.2915012538433075,0.3235574960708618],[0.0002687129017431289,0.01835617981851101,0.05166272073984146,0.09843380004167557,0.1525382548570633,0.20451144874095917,0.25776979327201843,0.29339247941970825,0.3263039290904999,0.3603803217411041,0.39474835991859436],[0.00027039911947213113,0.0032733322586864233,0.020196091383695602,0.07583744823932648,0.1518353372812271,0.23555201292037964,0.29081642627716064,0.33679404854774475,0.383015513420105,0.42363646626472473,0.46278661489486694],[0.0008635872509330511,0.005366215016692877,0.012083706445991993,0.026797370985150337,0.0678795576095581,0.11399205774068832,0.1598670929670334,0.20340847969055176,0.25581085681915283,0.2997136116027832,0.3527407646179199],[0.001542573096230626,0.011303512379527092,0.024098237976431847,0.045087289065122604,0.06253518164157867,0.0887940376996994,0.11444556713104248,0.13339675962924957,0.1602972447872162,0.18406692147254944,0.2125374972820282],[0.0017608082853257656,0.008285541087388992,0.030495885759592056,0.054341595619916916,0.09867638349533081,0.1492827981710434,0.19295863807201385,0.2559811472892761,0.3481913208961487,0.4225977659225464,0.46864065527915955],[0.00043438447755761445,0.009238366968929768,0.05333743989467621,0.10006377846002579,0.16341102123260498,0.23854082822799683,0.3081901967525482,0.37738654017448425,0.42417052388191223,0.47946324944496155,0.5360409021377563]]}