{"training_accuracy":[0.6499999761581421,0.7099999785423279,0.6200000047683716,0.75,0.7099999785423279,0.7599999904632568,0.7200000286102295,0.800000011920929,0.7400000095367432,0.6899999976158142,0.7799999713897705,0.7799999713897705,0.8199999928474426,0.8600000143051147,0.8600000143051147,0.8299999833106995,0.7400000095367432,0.8199999928474426,0.8399999737739563,0.8199999928474426],"attacked_training_accuracy":[0.18000000715255737,0.07000000029802322,0.20999999344348907,0.15000000596046448,0.17000000178813934,0.1899999976158142,0.10999999940395355,0.09000000357627869,0.15000000596046448,0.18000000715255737,0.11999999731779099,0.10000000149011612,0.18000000715255737,0.27000001072883606,0.17000000178813934,0.20999999344348907,0.07999999821186066,0.2199999988079071,0.2800000011920929,0.25999999046325684],"kl_over_time":[[1.1832532436528709e-5,0.42206090688705444,1.6030254364013672,3.0061614513397217,4.1417036056518555,5.258972644805908,6.228077411651611,7.011519432067871,7.846837043762207,8.552230834960938,9.18052864074707],[1.984789605558035e-6,0.7583990097045898,1.5141232013702393,2.4016664028167725,3.640838146209717,4.903376579284668,6.158140659332275,6.919869422912598,7.759739398956299,8.913854598999023,9.909591674804688],[1.945872099895496e-6,0.46320074796676636,1.7178120613098145,2.9470958709716797,4.036301136016846,4.92445182800293,5.630884647369385,6.3219733238220215,7.166109561920166,8.023332595825195,8.717354774475098],[2.0377658529469045e-6,0.7064335346221924,2.1436479091644287,3.6513969898223877,4.949160575866699,6.267765998840332,7.25778341293335,8.07950496673584,8.945473670959473,9.706875801086426,10.790522575378418],[2.117803887813352e-6,0.7166427373886108,2.081130027770996,3.7606022357940674,5.154949188232422,6.379024982452393,7.497776985168457,8.34894847869873,9.171743392944336,9.965896606445312,10.81365966796875],[1.9863832676492166e-6,0.8248419165611267,2.0988519191741943,3.2095348834991455,4.354228496551514,5.534346103668213,6.700023174285889,7.487002372741699,8.109399795532227,8.946404457092285,9.743468284606934],[1.6286354593830765e-6,0.3857507109642029,1.441107153892517,3.104966402053833,4.476771831512451,5.893858909606934,7.1861572265625,8.37510871887207,9.33832836151123,10.305992126464844,11.038949012756348],[2.3222610252560116e-6,0.4289693236351013,1.4160524606704712,2.6878790855407715,4.345686435699463,5.449801921844482,6.454761981964111,7.713718891143799,8.816584587097168,9.823652267456055,10.71763801574707],[1.3822569826515974e-6,0.5202465057373047,1.7139623165130615,3.07259464263916,4.61741828918457,5.717824459075928,6.845149993896484,7.878853797912598,9.246994972229004,10.215723037719727,11.389994621276855],[1.0636659908414003e-6,0.643520712852478,2.101856231689453,3.6673965454101562,5.284736633300781,6.60127067565918,7.615061283111572,8.59471321105957,9.467046737670898,10.396695137023926,11.310803413391113],[1.2845626997659565e-6,0.5289887189865112,1.9450795650482178,3.180445909500122,4.516654968261719,5.456662654876709,6.578436851501465,7.4838714599609375,8.680030822753906,9.709136962890625,10.625544548034668],[1.5225756442305283e-6,0.3608713150024414,1.439352035522461,2.9200494289398193,4.530930519104004,5.806111812591553,7.031477928161621,8.02590274810791,9.187360763549805,10.304144859313965,11.46213150024414],[2.0421216504473705e-6,0.5049993991851807,1.7360519170761108,3.0658702850341797,4.564308166503906,5.813477039337158,6.801685810089111,7.948131561279297,8.808646202087402,9.749155044555664,10.633514404296875],[2.109705746988766e-6,0.5533133745193481,1.6466223001480103,3.001721143722534,4.308365821838379,5.472675800323486,6.541020393371582,7.659392356872559,8.515063285827637,9.367194175720215,10.11557674407959],[1.4017643934494117e-6,0.44017738103866577,1.4974473714828491,3.187868356704712,4.598793983459473,5.911229610443115,7.142862319946289,8.45095157623291,9.653563499450684,10.74378776550293,11.826679229736328],[8.343723720827256e-7,0.46769270300865173,1.4288625717163086,2.643604040145874,3.7799198627471924,4.776926517486572,5.660948276519775,6.611725330352783,7.588564395904541,8.437789916992188,9.268410682678223],[9.591930165697704e-7,0.4424802362918854,1.3331029415130615,2.4735772609710693,3.937469482421875,5.56357479095459,6.763654708862305,8.086037635803223,9.281929969787598,10.273212432861328,11.215272903442383],[1.295589186156576e-6,0.49312785267829895,1.9022996425628662,3.667424201965332,5.383195877075195,6.793821811676025,7.923255443572998,9.051885604858398,10.057126998901367,10.778879165649414,11.497709274291992],[9.737800610309932e-7,0.4473339319229126,1.7950445413589478,3.1948063373565674,4.373103618621826,5.558084011077881,6.6598334312438965,7.429105758666992,8.281503677368164,9.00711441040039,9.694677352905273],[9.64084733823256e-7,0.4727247655391693,1.4642945528030396,2.6949946880340576,4.112771987915039,5.477738380432129,6.658843994140625,7.670936584472656,8.68198299407959,9.659130096435547,10.505407333374023]]}