{"training_accuracy":[0.2199999988079071,0.17000000178813934,0.3199999928474426,0.20000000298023224,0.38999998569488525,0.33000001311302185,0.27000001072883606,0.36000001430511475,0.44999998807907104,0.3499999940395355,0.3799999952316284,0.4000000059604645,0.41999998688697815,0.4699999988079071,0.4099999964237213,0.41999998688697815,0.46000000834465027,0.5,0.49000000953674316,0.46000000834465027,0.4000000059604645,0.4000000059604645,0.5199999809265137,0.6100000143051147,0.5299999713897705,0.5299999713897705,0.6000000238418579,0.5699999928474426,0.5600000023841858,0.5799999833106995,0.6600000262260437,0.6600000262260437,0.5199999809265137,0.6899999976158142,0.5699999928474426,0.5099999904632568,0.5299999713897705,0.5299999713897705,0.5600000023841858,0.6100000143051147],"attacked_training_accuracy":[0.2199999988079071,0.1899999976158142,0.2199999988079071,0.1599999964237213,0.23000000417232513,0.27000001072883606,0.2199999988079071,0.30000001192092896,0.36000001430511475,0.25999999046325684,0.28999999165534973,0.30000001192092896,0.25999999046325684,0.33000001311302185,0.3199999928474426,0.3100000023841858,0.33000001311302185,0.41999998688697815,0.38999998569488525,0.3199999928474426,0.33000001311302185,0.3700000047683716,0.3799999952316284,0.3700000047683716,0.36000001430511475,0.30000001192092896,0.4300000071525574,0.44999998807907104,0.4300000071525574,0.47999998927116394,0.4300000071525574,0.4300000071525574,0.46000000834465027,0.38999998569488525,0.3700000047683716,0.4099999964237213,0.4300000071525574,0.33000001311302185,0.38999998569488525,0.41999998688697815],"kl_over_time":[[3.768719381014307e-8,1.669950688665267e-5,7.520540384575725e-5,0.00017547010793350637,0.0003142722707707435,0.0004940491635352373,0.0007094722241163254,0.0009615573799237609,0.0012462815502658486,0.0015653937589377165,0.0019189899321645498],[5.436347194631708e-8,1.852023160608951e-5,9.478422725806013e-5,0.00023400972713716328,0.00042682906496338546,0.0006723311962559819,0.0009665645193308592,0.0013045701198279858,0.0016788066131994128,0.002095992909744382,0.002542120171710849],[7.072033980648484e-8,1.660453199292533e-5,7.82267889007926e-5,0.0001849700784077868,0.00033600148162804544,0.0005258418968878686,0.0007553449249826372,0.001021509408019483,0.0013233302161097527,0.0016569828148931265,0.0020223543979227543],[1.208341160463533e-7,1.975387567654252e-5,9.19255762710236e-5,0.00021888497576583177,0.0003976335283368826,0.0006325116846710443,0.0009255291079171002,0.0012753623304888606,0.0016912645660340786,0.0021717636846005917,0.002719264477491379],[1.8782381516757596e-7,2.7624311769613996e-5,0.0001360110763926059,0.0003294477646704763,0.0005990022327750921,0.0009545045904815197,0.0013900133781135082,0.0019048970425501466,0.0024955570697784424,0.0031734604854136705,0.003913393709808588],[2.3805975502000365e-7,3.098764500464313e-5,0.00016584985132794827,0.0004190242907498032,0.0008077284437604249,0.0013537544291466475,0.002046892885118723,0.002935968805104494,0.004004620015621185,0.005329317878931761,0.00686951819807291],[4.0091532582664513e-7,3.543754792190157e-5,0.00017153001681435853,0.000409927946748212,0.0007523306994698942,0.001198161975480616,0.0017294364515691996,0.0023577692918479443,0.0030789526645094156,0.0038860091008245945,0.004780853167176247],[4.751902338284708e-7,3.342778290971182e-5,0.00018722610548138618,0.00047734699910506606,0.0009180371416732669,0.0014982213033363223,0.0022221594117581844,0.003112739883363247,0.004143869038671255,0.00534367561340332,0.006728907581418753],[7.472663128282875e-7,5.148247873876244e-5,0.0002782612282317132,0.0007127835997380316,0.001331948209553957,0.0021451881621032953,0.0031704693101346493,0.0043782624416053295,0.005777392070740461,0.00736423721536994,0.009118794463574886],[6.366265665747051e-7,2.835049781424459e-5,0.0001940092333825305,0.0005614442634396255,0.0011652047978714108,0.0020280482713133097,0.0031608962453901768,0.004578562919050455,0.0063670300878584385,0.008453366346657276,0.011023004539310932],[1.4520468312184676e-6,7.845804066164419e-5,0.000441608892288059,0.0011599177960306406,0.002238205401226878,0.0037221794482320547,0.00558013329282403,0.007878297008574009,0.010645821690559387,0.013869649730622768,0.017558008432388306],[1.8070163605443668e-6,0.0001303088793065399,0.000742013449780643,0.001848754589445889,0.0034808802884072065,0.0055463979952037334,0.008118345402181149,0.01115137804299593,0.014720913954079151,0.018759820610284805,0.023166317492723465],[1.024877633426513e-6,0.00021671649301424623,0.0010646793525665998,0.00249695242382586,0.004592998418956995,0.007156887091696262,0.010364001616835594,0.014240610413253307,0.018618229776620865,0.02355268970131874,0.029119223356246948],[3.468343265922158e-6,0.00026902774698100984,0.0016068487893790007,0.00354197365231812,0.006442688405513763,0.010178129188716412,0.014756869524717331,0.020118584856390953,0.02678593061864376,0.03427455201745033,0.04322877898812294],[1.4918857687007403e-6,0.0001800187019398436,0.0009847189066931605,0.0024543493054807186,0.0047420295886695385,0.008087562397122383,0.012148350477218628,0.017993591725826263,0.025455527007579803,0.03343169018626213,0.04231928661465645],[1.2568890269903932e-5,0.0006603498477488756,0.003192638047039509,0.005392958875745535,0.009244557470083237,0.014216727577149868,0.019503753632307053,0.025634026154875755,0.03312728926539421,0.0407266803085804,0.04993775114417076],[3.924139036826091e-6,0.0003357647219672799,0.0015112393302842975,0.003737818216904998,0.007185185793787241,0.011520471423864365,0.01703977957367897,0.023523153737187386,0.031003432348370552,0.038893453776836395,0.047922201454639435],[3.2344287319574505e-6,0.00017356839089188725,0.0010177798103541136,0.0027585153002291918,0.005417562089860439,0.008906519040465355,0.01341712474822998,0.018787942826747894,0.025105249136686325,0.03274736925959587,0.04128212854266167],[5.222493655310245e-6,0.00021574947459157556,0.0010792796965688467,0.003077523084357381,0.006486913189291954,0.010874409228563309,0.01680065505206585,0.023662233725190163,0.03220537677407265,0.04173756390810013,0.052453573793172836],[4.851791345572565e-6,0.00041782198240980506,0.002583946567028761,0.006512217223644257,0.012045438401401043,0.019082870334386826,0.02778698317706585,0.03754892572760582,0.048625875264406204,0.06067754700779915,0.07350257784128189],[4.427756721270271e-6,0.00027238455368205905,0.001991022378206253,0.005392992403358221,0.01010314654558897,0.017240028828382492,0.026098452508449554,0.03579084202647209,0.046222589910030365,0.057968948036432266,0.07111634314060211],[6.952676358196186e-6,0.0002494727086741477,0.0015575195429846644,0.004589741583913565,0.009236561134457588,0.015673348680138588,0.025069570168852806,0.03531665727496147,0.04716238006949425,0.060006033629179,0.07535021007061005],[6.409042725863401e-6,0.0003285864368081093,0.0019762017764151096,0.005341034382581711,0.010613502934575081,0.01768283173441887,0.026294907554984093,0.03639713302254677,0.047826748341321945,0.06079728901386261,0.07553967088460922],[3.131915036647115e-6,0.00036269909469410777,0.0021480033174157143,0.005503346677869558,0.01046684104949236,0.017008967697620392,0.025546060875058174,0.035829659551382065,0.04810742288827896,0.06422018259763718,0.08018992841243744],[4.840665951633127e-6,0.00043356139212846756,0.002190183149650693,0.005732408724725246,0.011295302771031857,0.01843426749110222,0.0272848941385746,0.03819381073117256,0.05101117491722107,0.06727690994739532,0.08490793406963348],[4.303617060941178e-6,0.00039807974826544523,0.0020620948635041714,0.005202649161219597,0.009941079653799534,0.01681171916425228,0.026195954531431198,0.037996768951416016,0.05412999168038368,0.07272248715162277,0.09739314764738083],[6.218359885679092e-6,0.0005772581789642572,0.002813655650243163,0.006899736821651459,0.012842393480241299,0.0203348770737648,0.030318401753902435,0.0482792854309082,0.06360670924186707,0.08008235692977905,0.09858149290084839],[4.883781002718024e-6,