{"training_accuracy":[0.2199999988079071,0.17000000178813934,0.2800000011920929,0.23000000417232513,0.3199999928474426,0.3199999928474426,0.2800000011920929,0.3400000035762787,0.38999998569488525,0.33000001311302185,0.3400000035762787,0.36000001430511475,0.3499999940395355,0.4000000059604645,0.3799999952316284,0.3799999952316284,0.4399999976158142,0.38999998569488525,0.41999998688697815,0.41999998688697815,0.3700000047683716,0.3700000047683716,0.4399999976158142,0.46000000834465027,0.47999998927116394,0.44999998807907104,0.47999998927116394,0.5099999904632568,0.5600000023841858,0.49000000953674316,0.5799999833106995,0.5600000023841858,0.4300000071525574,0.5699999928474426,0.6100000143051147,0.5299999713897705,0.5299999713897705,0.5400000214576721,0.5799999833106995,0.5],"attacked_training_accuracy":[0.1599999964237213,0.05999999865889549,0.14000000059604645,0.2199999988079071,0.17000000178813934,0.20999999344348907,0.27000001072883606,0.23999999463558197,0.28999999165534973,0.20000000298023224,0.2199999988079071,0.3199999928474426,0.33000001311302185,0.41999998688697815,0.25999999046325684,0.3100000023841858,0.36000001430511475,0.25,0.4000000059604645,0.30000001192092896,0.3499999940395355,0.3400000035762787,0.3199999928474426,0.44999998807907104,0.4000000059604645,0.38999998569488525,0.33000001311302185,0.4000000059604645,0.47999998927116394,0.4300000071525574,0.46000000834465027,0.4300000071525574,0.36000001430511475,0.44999998807907104,0.5199999809265137,0.4300000071525574,0.47999998927116394,0.44999998807907104,0.49000000953674316,0.47999998927116394],"kl_over_time":[[1.1027728987755836e-6,0.00031813798705115914,0.0012609668774530292,0.002908779541030526,0.005351343657821417,0.008721362799406052,0.013134020380675793,0.01881503127515316,0.025871193036437035,0.03457210585474968,0.045164432376623154],[3.4123547720810166e-6,0.0002907276793848723,0.001069938763976097,0.0023606913164258003,0.004207170102745295,0.0066364179365336895,0.009706313721835613,0.01349249854683876,0.018075469881296158,0.023538798093795776,0.030004965141415596],[9.023134452945669e-7,0.00018713611643761396,0.0007196940132416785,0.0016035252483561635,0.002848300850018859,0.004482829011976719,0.0065588741563260555,0.00915172416716814,0.012329954653978348,0.016219129785895348,0.02090108022093773],[1.4187421584210824e-6,0.0001409671240253374,0.0005272547714412212,0.0011524747824296355,0.002007991075515747,0.0031032280530780554,0.004460727330297232,0.006111685652285814,0.008090444840490818,0.010428318753838539,0.013177570886909962],[1.919725491461577e-6,0.00012263032840564847,0.0004551281745079905,0.001021457719616592,0.001837186748161912,0.0029413236770778894,0.0043669031001627445,0.006130354944616556,0.008329378440976143,0.010968532413244247,0.01413199957460165],[1.6377719020965742e-6,0.0001191608389490284,0.00044164046994410455,0.0009543459163978696,0.0016533082816749811,0.002528791083022952,0.003587449202314019,0.004831804893910885,0.006274479441344738,0.00795250479131937,0.009866651147603989],[1.813252652027586e-6,9.575815056450665e-5,0.00037723410059697926,0.0008899391978047788,0.0016566743142902851,0.002728869905695319,0.0041632321663200855,0.0059901331551373005,0.008279685862362385,0.011118285357952118,0.014608771540224552],[2.546631776567665e-6,0.00010152004688279703,0.0003743816923815757,0.0008443550323136151,0.0015230263816192746,0.002439932432025671,0.003611786989495158,0.005068626720458269,0.006832524202764034,0.008961282670497894,0.011472613550722599],[2.6656991849449696e-6,9.276179480366409e-5,0.0003462048771325499,0.0007892805151641369,0.001433241879567504,0.002307330723851919,0.0034503068309277296,0.004880982451140881,0.006621842738240957,0.008730998262763023,0.011263112537562847],[3.6733154047396965e-6,0.00013339763972908258,0.0004965111729688942,0.0011178054846823215,0.002028852701187134,0.0032849961426109076,0.004950257949531078,0.007016810122877359,0.009624907746911049,0.012753601185977459,0.016630815342068672],[3.3373664791724877e-6,0.00013194279745221138,0.0005608711508102715,0.0012752662878483534,0.0022926118690520525,0.003639942267909646,0.005254325922578573,0.007120475638657808,0.009280764497816563,0.011737682856619358,0.014585394412279129],[4.642646217689617e-6,9.153468272415921e-5,0.00039303002995438874,0.0009274621261283755,0.0017489967867732048,0.0028367775958031416,0.004244993906468153,0.005997888743877411,0.00809534452855587,0.010570391081273556,0.013437749817967415],[3.839535565930419e-6,8.044456626521423e-5,0.000328141642967239,0.0007571503520011902,0.0013820483582094312,0.0022122592199593782,0.0032833709847182035,0.004659375641494989,0.006320161744952202,0.00833287462592125,0.01067507453262806],[4.2155875235039275e-6,0.00019104585226159543,0.0006918476428836584,0.0014291208935901523,0.002487736288458109,0.00382204819470644,0.005591950844973326,0.007614878937602043,0.009984858334064484,0.012726926244795322,0.01593257673084736],[5.749510364694288e-6,0.00016790279187262058,0.0006579110631719232,0.001459270715713501,0.0026205950416624546,0.0041739181615412235,0.006123147904872894,0.008648679591715336,0.011634725145995617,0.01528413500636816,0.019570445641875267],[1.2812555723940022e-5,0.00029828015249222517,0.0007786944624967873,0.0016561326337978244,0.00289300549775362,0.004643424414098263,0.007205910049378872,0.010029511526226997,0.013084898702800274,0.01659414917230606,0.02062026411294937],[6.190225121827098e-6,0.0001867058890638873,0.0009098005830310285,0.0019589439034461975,0.003467884613201022,0.005509568843990564,0.008204146288335323,0.01131103839725256,0.014886856079101562,0.018761510029435158,0.023396829143166542],[8.607018571638037e-6,0.0001420052140019834,0.0006227941485121846,0.0015608930261805654,0.002901644678786397,0.004764312878251076,0.00727012800052762,0.01046906691044569,0.014156430959701538,0.018502039834856987,0.023497199639678],[1.4220498997019604e-5,0.0002875505306292325,0.0010290094651281834,0.0022346125915646553,0.003895767265930772,0.00594264455139637,0.00850458163768053,0.01158013567328453,0.01506479736417532,0.01957629807293415,0.024589866399765015],[1.5886020264588296e-5,0.0003631092549767345,0.0012478920398280025,0.002760665025562048,0.004740681033581495,0.007223065942525864,0.010314730927348137,0.013881389051675797,0.018191523849964142,0.023187942802906036,0.029020847752690315],[2.1864512746105902e-5,0.00020196050172671676,0.0008914441568776965,0.002048593247309327,0.0038088529836386442,0.006008640863001347,0.008725670166313648,0.011989859864115715,0.01588532142341137,0.020588159561157227,0.026191987097263336],[1.431997134204721e-5,0.0002071861526928842,0.0008701285696588457,0.002510149497538805,0.004204162862151861,0.006549506448209286,0.00924841221421957,0.012582678347826004,0.01639600284397602,0.021002771332859993,0.02604490891098976],[1.126485858549131e-5,0.0003183916269335896,0.0011931544868275523,0.002708289073780179,0.004874654114246368,0.007789737544953823,0.011488196440041065,0.015912538394331932,0.021514615043997765,0.027837982401251793,0.03520483151078224],[1.683980372035876e-5,0.0003411924699321389,0.0014479282544925809,0.0032850592397153378,0.0057625374756753445,0.010471485555171967,0.01483277976512909,0.019486203789711,0.025446424260735512,0.03191743046045303,0.03933446481823921],[2.5011277102748863e-5,0.00023595086531713605,0.0007840885082259774,0.0019164785044267774,0.0034665425773710012,0.0054757860489189625,0.00808694027364254,0.011132621206343174,0.014769062399864197,0.01878160610795021,0.023375310003757477],[1.466681351303123e-5,0.00027481155120767653,0.0012224146630614996,0.002943641971796751,0.005449703894555569,0.008727616630494595,0.01270558126270771,0.017288217321038246,0.022480256855487823,0.028657158836722374,0.03572073206305504],[2.395082265138626e-5,0.0005102649447508156,0.0019039561739191413,0.004277809057384729,0.007471248973160982,0.011601900681853294,0.017048919573426247,0.023938799276947975,0.03241685777902603,0.04099103808403015,0.05169576406478882],[2.4699134883121587e-5,