{"training_accuracy":[0.30000001192092896,0.23999999463558197,0.28999999165534973,0.28999999165534973,0.44999998807907104,0.4300000071525574,0.41999998688697815,0.36000001430511475,0.5600000023841858,0.5,0.41999998688697815,0.41999998688697815,0.47999998927116394,0.5,0.5,0.47999998927116394,0.46000000834465027,0.5400000214576721,0.47999998927116394,0.5299999713897705],"attacked_training_accuracy":[0.33000001311302185,0.33000001311302185,0.36000001430511475,0.2199999988079071,0.3499999940395355,0.3199999928474426,0.3799999952316284,0.3799999952316284,0.47999998927116394,0.41999998688697815,0.38999998569488525,0.4000000059604645,0.4399999976158142,0.44999998807907104,0.44999998807907104,0.49000000953674316,0.41999998688697815,0.46000000834465027,0.4699999988079071,0.4099999964237213],"kl_over_time":[[4.5395680103865743e-7,2.736492024268955e-5,6.319575913948938e-5,0.00011708361853379756,0.00020030948508065194,0.0002977315743919462,0.0004230102931614965,0.0005539043340831995,0.0007179814274422824,0.0008854701882228255,0.0010782923782244325],[8.88688191480469e-7,5.477153536048718e-5,0.00023909262381494045,0.0005730120465159416,0.0010737337870523334,0.0016968646086752415,0.002444519428536296,0.003288849489763379,0.004315949510782957,0.005374911241233349,0.006632239557802677],[1.607952412996383e-6,8.216521382564679e-5,0.00038793141720816493,0.0009536698344163597,0.0017288046656176448,0.0027175790164619684,0.0038450034335255623,0.005125378258526325,0.00651057343930006,0.007961670868098736,0.009574848227202892],[3.367086719663348e-6,0.0002179340663133189,0.0009759239619597793,0.002334249671548605,0.00450164545327425,0.007241401355713606,0.010555383749306202,0.014757330529391766,0.019850950688123703,0.025417380034923553,0.03221839293837547],[4.320661901147105e-6,0.0002898610255215317,0.0012483915779739618,0.0029111814219504595,0.005440774839371443,0.009018727578222752,0.013438382185995579,0.019008496776223183,0.025613656267523766,0.03305157646536827,0.0419108085334301],[5.605805199593306e-6,0.0005466251168400049,0.0019646163564175367,0.0041157458908855915,0.007404087111353874,0.01131737232208252,0.01596497930586338,0.021431807428598404,0.027887115254998207,0.03526775911450386,0.04334389418363571],[8.081511623458937e-6,0.0004611301701515913,0.0010474702576175332,0.002508103149011731,0.004620365798473358,0.007490490097552538,0.011121891438961029,0.015740828588604927,0.021800270304083824,0.02889285981655121,0.036767370998859406],[1.1086872291343752e-5,0.0003735355567187071,0.0013388769002631307,0.0030335080809891224,0.005195081699639559,0.007869245484471321,0.011341282166540623,0.015046291053295135,0.01942034251987934,0.02396797575056553,0.02866554632782936],[1.9012990378541872e-5,0.0034751854836940765,0.001626336481422186,0.004055518191307783,0.006560429930686951,0.011353373527526855,0.017789194360375404,0.02461974136531353,0.033456724137067795,0.04470907896757126,0.05600582808256149],[1.4532552995660808e-5,0.0015586153604090214,0.0015802385751158,0.003725097980350256,0.007082941010594368,0.011359427124261856,0.016926098614931107,0.02334727719426155,0.03136923164129257,0.04027395322918892,0.050860680639743805],[8.05588424555026e-5,0.0008414930780418217,0.003071565181016922,0.008718586526811123,0.02566438913345337,0.05030627176165581,0.06411924958229065,0.08390174806118011,0.09860309213399887,0.12187030166387558,0.13736405968666077],[2.8859525627922267e-5,0.0006244007381610572,0.001147550530731678,0.002631483133882284,0.005040626972913742,0.008332350291311741,0.01218427624553442,0.01670372299849987,0.02282913587987423,0.028964584693312645,0.0365116223692894],[2.7629923351923935e-5,0.0004344385815784335,0.0016384850023314357,0.0028094726148992777,0.0049065109342336655,0.0075279115699231625,0.010925603099167347,0.015023564919829369,0.02014254592359066,0.025479387491941452,0.03229871019721031],[2.5408458895981312e-5,0.0006707939319312572,0.0018752142786979675,0.003800353966653347,0.006699253339320421,0.01063106395304203,0.0158782247453928,0.022488439455628395,0.03073875419795513,0.039958253502845764,0.04934566095471382],[2.3302645786316134e-5,0.0005783308879472315,0.0019620207604020834,0.004223080351948738,0.007732247933745384,0.012158536352217197,0.018092848360538483,0.025215022265911102,0.033349886536598206,0.04353667050600052,0.0544205941259861],[2.787625817290973e-5,0.0007661801646463573,0.02684956043958664,0.030240032821893692,0.0358310341835022,0.050678398460149765,0.060548052191734314,0.07010477781295776,0.07819269597530365,0.09066200256347656,0.10408374667167664],[3.204902168363333e-5,0.0006698608049191535,0.0019097086042165756,0.004252296406775713,0.008144154213368893,0.012979971244931221,0.018869630992412567,0.026431113481521606,0.036004334688186646,0.046502821147441864,0.05755827948451042],[3.439977808739059e-5,0.0012190998531877995,0.0023538980167359114,0.004713535308837891,0.007725124713033438,0.0116927744820714,0.01742118038237095,0.023235134780406952,0.030309466645121574,0.03862012177705765,0.047547485679388046],[4.1597177187213674e-5,0.0005215037381276488,0.001499816426075995,0.003097203793004155,0.005755488760769367,0.008425241336226463,0.011206206865608692,0.01565556414425373,0.02013666182756424,0.024943320080637932,0.031214041635394096],[4.7706987970741466e-5,0.0015559702878817916,0.00152468285523355,0.0027563285548239946,0.006335059180855751,0.007719788234680891,0.012654697522521019,0.015047750435769558,0.020309874787926674,0.026585683226585388,0.03393193334341049]]}