{"training_accuracy":[0.5],"attacked_training_accuracy":[0.20999999344348907],"kl_over_time":[[1.3810592889785767,1.3819596767425537,1.3828885555267334,1.3837380409240723,1.3845293521881104,1.3854396343231201,1.3862296342849731,1.3870056867599487,1.387694001197815,1.3885345458984375,1.3891922235488892]]}