{"training_accuracy":[0.15000000596046448,0.18000000715255737,0.17000000178813934],"attacked_training_accuracy":[0.1599999964237213,0.10000000149011612,0.12999999523162842],"kl_over_time":[[2.4220447869538475e-8,1.4606012882723007e-5,6.821971328463405e-5,0.00016715704987291247,0.00031301035778596997,0.0005102258292026818,0.0007638399838469923,0.001074496190994978,0.0014503552811220288,0.001893486944027245,0.00241212104447186],[4.1932935346267186e-8,1.5656552932341583e-5,7.072834705468267e-5,0.0001699164422461763,0.0003143998619634658,0.0005090758204460144,0.0007563438848592341,0.0010666071902960539,0.0014370447024703026,0.0018808407476171851,0.002404003171250224],[2.7730724383445704e-8,1.630054430279415e-5,7.128607103368267e-5,0.00016612786566838622,0.0002981120487675071,0.0004677759134210646,0.0006761541008017957,0.0009209788404405117,0.0012041556183248758,0.001525163883343339,0.0018839911790564656]]}