{"training_accuracy":[0.9599999785423279],"attacked_training_accuracy":[0.33000001311302185],"kl_over_time":[[0.0012420109705999494,0.25384578108787537,1.6543090343475342,3.5081899166107178,5.220952033996582,7.255805492401123,8.203882217407227,8.154511451721191,6.826793670654297,4.9725470542907715,3.5009829998016357]]}