{"training_accuracy":[0.28999999165534973,0.33000001311302185,0.27000001072883606,0.3700000047683716,0.41999998688697815,0.3400000035762787,0.4300000071525574,0.41999998688697815,0.4000000059604645,0.28999999165534973,0.2800000011920929,0.2800000011920929,0.46000000834465027,0.5199999809265137,0.4099999964237213,0.2800000011920929,0.36000001430511475,0.3100000023841858,0.3799999952316284,0.6499999761581421,0.6299999952316284,0.3700000047683716,0.5600000023841858,0.5,0.5400000214576721,0.5099999904632568,0.5,0.5600000023841858,0.5400000214576721,0.46000000834465027,0.41999998688697815,0.4699999988079071,0.4000000059604645,0.4699999988079071,0.4699999988079071,0.5,0.46000000834465027,0.5199999809265137,0.5799999833106995,0.5,0.44999998807907104,0.4399999976158142,0.4099999964237213,0.41999998688697815,0.6200000047683716,0.47999998927116394,0.5600000023841858,0.6200000047683716,0.5299999713897705],"attacked_training_accuracy":[0.20000000298023224,0.2199999988079071,0.27000001072883606,0.27000001072883606,0.3100000023841858,0.1599999964237213,0.3700000047683716,0.23999999463558197,0.20999999344348907,0.28999999165534973,0.2800000011920929,0.23999999463558197,0.30000001192092896,0.25,0.25,0.3199999928474426,0.27000001072883606,0.2800000011920929,0.25999999046325684,0.3400000035762787,0.27000001072883606,0.2800000011920929,0.25999999046325684,0.4699999988079071,0.3100000023841858,0.3700000047683716,0.2800000011920929,0.20999999344348907,0.23999999463558197,0.28999999165534973,0.3799999952316284,0.27000001072883606,0.33000001311302185,0.3199999928474426,0.30000001192092896,0.3499999940395355,0.3100000023841858,0.36000001430511475,0.25,0.25,0.23999999463558197,0.3499999940395355,0.3199999928474426,0.28999999165534973,0.23000000417232513,0.30000001192092896,0.23999999463558197,0.36000001430511475,0.2199999988079071],"kl_over_time":[[1.0703146102741812e-7,2.041254901996581e-6,7.182509762060363e-6,1.6143923858180642e-5,3.655574982985854e-5,7.251113129314035e-5,9.134721040027216e-5,0.00012452967348508537,0.00015558574523311108,0.00019693926151376218,0.00024375508655793965],[9.286231517080523e-8,1.5576572423015023e-6,1.53312230395386e-5,4.833580896956846e-5,0.00011193174577783793,0.00021919496066402644,0.00033682293724268675,0.0004999327939003706,0.0006745677092112601,0.0008884405833669007,0.0011187881464138627],[1.2940884630552318e-7,8.433661605522502e-6,4.4890799472341314e-5,0.00011177425767527893,0.00023288137163035572,0.0004242130962666124,0.0005902133416384459,0.0008501580450683832,0.0011052488116547465,0.0014248035149648786,0.0017886155983433127],[1.266202644956138e-7,6.236733042896958e-6,3.3958851417992264e-5,7.070865103742108e-5,0.00013421823678072542,0.00022741143766324967,0.00032149613252840936,0.00044730192166753113,0.000572088873013854,0.0007186218863353133,0.0008676557336002588],[1.8927090650322498e-7,3.6082246879232116e-6,1.6935002349782735e-5,4.365214044810273e-5,8.832899038679898e-5,0.00014934536011423916,0.0001839646720327437,0.00024041740107350051,0.00028387948987074196,0.0003398832632228732,0.0004045101231895387],[1.9083293523181055e-7,4.602850822266191e-6,1.888774750113953e-5,4.111895395908505e-5,7.488499250030145e-5,0.00011338311742292717,0.00013955145550426096,0.00018213682051282376,0.00021950277732685208,0.00026258823345415294,0.0003149627009406686],[1.9478301283015753e-7,2.2244830688578077e-5,6.055785343050957e-5,0.00010691021452657878,0.00017039425438269973,0.00023585687449667603,0.0002893811324611306,0.00034463530755601823,0.0003904842888005078,0.00045765607501380146,0.0005415444611571729],[2.2385377462796896e-7,4.266049927537097e-6,1.7716465663397685e-5,5.506865636561997e-5,0.0001252867659786716,0.0002496681408956647,0.0004020787018816918,0.000627479690592736,0.0008472292101942003,0.0011700844625011086,0.0015465086326003075],[2.387814674875699e-7,1.3321288861334324e-5,5.57718776690308e-5,0.0001399200555169955,0.000283768808003515,0.0005234144628047943,0.0006281058886088431,0.0007973090978339314,0.0009637988987378776,0.001158203580416739,0.0014026518911123276],[2.762086523944163e-7,1.620241346245166e-5,0.00012057255662512034,0.00025433339760638773,0.000480179296573624,0.0008367489208467305,0.0011914701899513602,0.0017249395605176687,0.0022842171601951122,0.003001041943207383,0.0038636215031147003],[3.022033752131392e-7,1.1947177881665993e-5,8.97224381333217e-5,0.00019457610324025154,0.0003696960920933634,0.0006344069261103868,0.0009113819687627256,0.0012196290772408247,0.001441104570403695,0.0016995237674564123,0.0019410478416830301],[3.828636465641466e-7,7.55748351366492e-6,3.80120545742102e-5,0.00012864632299169898,0.00033302351948805153,0.0007300585857592523,0.0013016953598707914,0.0020408930722624063,0.0028746724128723145,0.003957887180149555,0.005210749804973602],[4.441717464942485e-7,4.686854299507104e-5,6.474481779150665e-5,0.00010323792230337858,0.00014626714983023703,0.0001968085707630962,0.00023142322606872767,0.0002669224631972611,0.0003153447760269046,0.00040725982398726046,0.0005995004321448505],[5.628000394608534e-7,1.4889455087541137e-5,7.725905743427575e-5,0.00020819010387640446,0.00044348544906824827,0.0008061872213147581,0.0010821267496794462,0.001389355631545186,0.001658990397118032,0.0020096783991903067,0.002395682968199253],[6.274325983213203e-7,2.3977252567419782e-5,9.920393495121971e-5,0.0002673405106179416,0.0005922794807702303,0.0011340301716700196,0.001261888537555933,0.0016680051339790225,0.0020379472989588976,0.0024915412068367004,0.0029788189567625523],[6.098260882936302e-7,3.066761200898327e-5,6.568841490661725e-5,0.00014455037307925522,0.00027141463942825794,0.00044261678704060614,0.0005628575454466045,0.0006873614038340747,0.0008005884592421353,0.0009464957402087748,0.0010783640900626779],[7.132728114811471e-7,7.190937321865931e-5,0.0001235474192071706,0.0002517967368476093,0.00047148120938800275,0.0009071463136933744,0.0016026365337893367,0.0025670623872429132,0.0037575720343738794,0.0051710521802306175,0.0068027423694729805],[9.506499623057607e-7,4.2579395085340366e-5,0.00018821544654201716,0.0004709324275609106,0.0009624367812648416,0.0017526003066450357,0.0022901310585439205,0.0032918774522840977,0.0043752118945121765,0.00583304138854146,0.007427900098264217],[9.36400169848639e-7,1.8313861801289022e-5,6.712038157274947e-5,0.00014621757145505399,0.0002555171959102154,0.0004194361681584269,0.0005894120549783111,0.0007792786345817149,0.0008861100650392473,0.0009911117376759648,0.0010855257278308272],[8.140959835145622e-7,4.4857624743599445e-5,0.00015002372674643993,0.000380355806555599,0.0007768793147988617,0.0014094352954998612,0.0017203689785674214,0.002098284661769867,0.0023681269958615303,0.002683534286916256,0.003017983166500926],[9.737531172504532e-7,3.277721771155484e-5,0.00015764877025503665,0.0004272490623407066,0.0008687828085385263,0.001561942626722157,0.0016650944016873837,0.002017204649746418,0.0022126389667391777,0.0025258276145905256,0.0028930287808179855],[1.1930707159990561e-6,4.953226380166598e-5,0.0002715762529987842,0.00065841298783198,0.0012920834124088287,0.0022413209080696106,0.002530869795009494,0.0030069707427173853,0.0032829975243657827,0.0035794975701719522,0.003863116493448615],[1.0163707884203177e-6,0.00010069235577248037,0.0003035275440197438,0.0006524748750962317,0.0012116659199818969,0.0021294106263667345,0.0024149566888809204,0.002986591076478362,0.0033481894060969353,0.0037118298932909966,0.0040694335475564],[1.5796686057001352e-6,2.151070839317981e-5,9.248522837879136e-5,0.0002221956819994375,0.0003837452386505902,0.0005510369082912803,0.0006923730252310634,0.0008628786308690906,0.0010175211355090141,0.0012011838844045997,0.001542109763249755],[1.071981614586548e-6,4.140246892347932e-5,0.00014908990124240518,0.0003151379933115095,0.000536171835847199,0.0007728945347480476,0.0009439736604690552,0.0012663970701396465,0.0019729926716536283,0.002209264785051346,0.002569271018728614],[1.8388151374892914e-6,5.115632666274905e-5,0.00014017267676535994,0.00028375498368404806,