{"training_accuracy":[0.6499999761581421,0.7099999785423279,0.6200000047683716,0.75,0.7099999785423279,0.7599999904632568,0.7200000286102295,0.800000011920929,0.7400000095367432,0.6899999976158142,0.7799999713897705,0.7799999713897705,0.8199999928474426,0.8600000143051147,0.8600000143051147,0.8299999833106995,0.7400000095367432,0.8199999928474426,0.8399999737739563,0.8199999928474426,0.8299999833106995,0.8500000238418579,0.8700000047683716,0.7900000214576721,0.8199999928474426,0.8500000238418579,0.8799999952316284,0.8899999856948853,0.9100000262260437,0.8399999737739563,0.9100000262260437,0.8500000238418579,0.800000011920929,0.8100000023841858,0.8100000023841858,0.8700000047683716,0.8700000047683716,0.8799999952316284,0.8700000047683716,0.8799999952316284,0.8999999761581421,0.8799999952316284],"attacked_training_accuracy":[0.5099999904632568,0.5799999833106995,0.46000000834465027,0.5899999737739563,0.5099999904632568,0.5299999713897705,0.5,0.6499999761581421,0.6000000238418579,0.5600000023841858,0.6100000143051147,0.5400000214576721,0.5600000023841858,0.5699999928474426,0.6700000166893005,0.6399999856948853,0.5600000023841858,0.44999998807907104,0.6200000047683716,0.5899999737739563,0.6000000238418579,0.6800000071525574,0.6100000143051147,0.6800000071525574,0.7300000190734863,0.6299999952316284,0.7300000190734863,0.7300000190734863,0.699999988079071,0.6200000047683716,0.6899999976158142,0.6499999761581421,0.6899999976158142,0.699999988079071,0.6800000071525574,0.699999988079071,0.7300000190734863,0.699999988079071,0.7300000190734863,0.6399999856948853,0.7099999785423279,0.5799999833106995],"kl_over_time":[[1.1838070349767804e-5,0.011688441969454288,0.05404864251613617,0.12408503890037537,0.20149749517440796,0.28578341007232666,0.36937853693962097,0.4766336977481842,0.5896633267402649,0.688075065612793,0.8213319182395935],[1.518972567282617e-6,0.010420718230307102,0.0461432971060276,0.11202272027730942,0.1969621479511261,0.2922600209712982,0.3995334506034851,0.5103105902671814,0.6386195421218872,0.7806857228279114,0.9273501634597778],[2.351333932892885e-6,0.013743700459599495,0.05995484068989754,0.13089995086193085,0.2316211611032486,0.35840660333633423,0.5057945847511292,0.6768207550048828,0.8642120361328125,1.075626015663147,1.2739896774291992],[1.918793486765935e-6,0.008775816299021244,0.041360415518283844,0.09716338664293289,0.17193251848220825,0.2604561448097229,0.360503226518631,0.469714879989624,0.5825834274291992,0.7034594416618347,0.8305290937423706],[1.6146707366715418e-6,0.012765309773385525,0.0653206929564476,0.1627766638994217,0.29702919721603394,0.4555557072162628,0.6285108923912048,0.8085955381393433,0.9879559278488159,1.1705899238586426,1.3537415266036987],[1.533092358840804e-6,0.015248599462211132,0.061616018414497375,0.1340581327676773,0.22851130366325378,0.3404480814933777,0.4703085124492645,0.6197850704193115,0.790812611579895,0.9787130355834961,1.1769697666168213],[1.3902845239499584e-6,0.010930572636425495,0.05214947462081909,0.1296781599521637,0.24525918066501617,0.39467212557792664,0.5713221430778503,0.7664593458175659,0.9761431813240051,1.1992440223693848,1.4310730695724487],[1.3453172869049013e-6,0.008944385685026646,0.03546664118766785,0.0768284723162651,0.12768085300922394,0.19049133360385895,0.2611303925514221,0.3410845100879669,0.43686720728874207,0.5461771488189697,0.6790034174919128],[1.058661382558057e-6,0.007360673509538174,0.0358591228723526,0.08767745643854141,0.1581616997718811,0.23940707743167877,0.33261436223983765,0.43985316157341003,0.5637374520301819,0.7001179456710815,0.8487242460250854],[1.4259011322792503e-6,0.008711612783372402,0.04259604215621948,0.1050635501742363,0.1909787952899933,0.29508543014526367,0.4122520387172699,0.5341701507568359,0.6658781170845032,0.7980507016181946,0.9368069767951965],[6.595142281184962e-7,0.008101058192551136,0.04465721920132637,0.11303039640188217,0.20815619826316833,0.3281579613685608,0.4366881847381592,0.5981900691986084,0.7762373685836792,0.9649311900138855,1.1595040559768677],[1.4066026778891683e-6,0.006307679694145918,0.027960781008005142,0.06921400874853134,0.13148340582847595,0.2120557427406311,0.3130916655063629,0.4343586564064026,0.5729551315307617,0.7256935834884644,0.8919992446899414],[2.014685151152662e-6,0.010521569289267063,0.04197882115840912,0.09846416115760803,0.16831085085868835,0.25720104575157166,0.36237213015556335,0.4803328514099121,0.6120278239250183,0.7655062675476074,0.9478484988212585],[2.3332604541792534e-6,0.015910619869828224,0.06818113476037979,0.15846818685531616,0.27434176206588745,0.4090598523616791,0.5467031598091125,0.689890444278717,0.8373812437057495,0.9894872903823853,1.1529357433319092],[9.44670318858698e-7,0.005241705570369959,0.02847956120967865,0.0754675343632698,0.14450164139270782,0.2294003814458847,0.3260069191455841,0.4332406520843506,0.5453577041625977,0.6671701073646545,0.8069586753845215],[1.2966060012331582e-6,0.013277363032102585,0.058669161051511765,0.1325467973947525,0.2239321619272232,0.3237210810184479,0.42768654227256775,0.5421547889709473,0.6711502075195312,0.8098881840705872,0.9595659375190735],[1.7086669004129362e-6,0.00882380548864603,0.040554504841566086,0.09816722571849823,0.1778312772512436,0.2710498869419098,0.38119274377822876,0.5034489631652832,0.6321357488632202,0.7659820914268494,0.9131266474723816],[1.315930717282754e-6,0.0077345166355371475,0.03716867417097092,0.09186795353889465,0.1711515188217163,0.27360615134239197,0.4006631374359131,0.5516215562820435,0.7224478125572205,0.9190110564231873,1.1410640478134155],[1.036845674207143e-6,0.006395835895091295,0.028565434738993645,0.0646163672208786,0.11315827816724777,0.17234614491462708,0.24287909269332886,0.3267100155353546,0.4278024137020111,0.5504518747329712,0.693832278251648],[9.263599167752545e-7,0.010296490043401718,0.0403393879532814,0.09293727576732635,0.16644176840782166,0.2559376060962677,0.3602840304374695,0.4792095720767975,0.6152437925338745,0.7698329091072083,0.9401760697364807],[1.169261736322369e-6,0.008539506234228611,0.0382622629404068,0.09103544801473618,0.16657641530036926,0.2624393701553345,0.37478339672088623,0.5040028095245361,0.6448019742965698,0.8011966347694397,0.9722170829772949],[8.838073313199857e-7,0.007881442084908485,0.032935064285993576,0.07688052952289581,0.14079563319683075,0.22353194653987885,0.32145392894744873,0.4295736849308014,0.5482243299484253,0.6747815608978271,0.8123732805252075],[1.2492536143327015e-6,0.008473987691104412,0.03691067546606064,0.08805251866579056,0.16298456490039825,0.2611788511276245,0.38143569231033325,0.5265673995018005,0.6955468654632568,0.8790472149848938,1.0762957334518433],[9.034213803715829e-7,0.0083467997610569,0.040201570838689804,0.09653478115797043,0.17397192120552063,0.27292943000793457,0.3841882348060608,0.5070950388908386,0.6397411227226257,0.7814977765083313,0.9306808114051819],[7.301257483049994e-7,0.0059049539268016815,0.025282958522439003,0.05757349729537964,0.10492178052663803,0.16263125836849213,0.23425014317035675,0.31804341077804565,0.41218191385269165,0.5152391791343689,0.6291074752807617],[6.989165513004991e-7,0.009123298339545727,0.041741471737623215,0.09881368279457092,0.1767480969429016,0.2726183533668518,0.38075095415115356,0.49974897503852844,0.6259889602661133,0.7525460720062256,0.8861506581306458],[5.564572802541079e-7,0.0068989098072052,0.03475676849484444,0.09032323956489563,0.17826415598392487,0.2917395234107971,0.41817396879196167,0.5511286854743958,0.6934149265289307,0.8475968837738037,1.0235981941223145],[1.2052436204612604e-6,0.008361049927771091,0.03047119826078415,0.06664924323558807,0.11766084283590317,0.18733739852905273,0.27121666073799133,0.3678726851940155,0.473808616399765,0.586068332195282,0.7045729160308838],[1.346422891401744e-6,0.008267126977443695,0.03376678749918938,0.07500863820314407,0.13021305203437805,0.19726671278476715,0.27720436453819275,0.36992567777633667,0.4745239019393921,0.5896329283714294,0.7153201699256897],[1.0920897466348833e-6,