{"training_accuracy":[0.4300000071525574,0.44999998807907104,0.550000011920929,0.47999998927116394,0.5600000023841858,0.5799999833106995,0.6399999856948853,0.6700000166893005,0.5899999737739563,0.550000011920929,0.6700000166893005,0.75,0.6100000143051147,0.7099999785423279],"attacked_training_accuracy":[0.38999998569488525,0.2199999988079071,0.23999999463558197,0.27000001072883606,0.27000001072883606,0.27000001072883606,0.30000001192092896,0.3199999928474426,0.3100000023841858,0.33000001311302185,0.27000001072883606,0.3100000023841858,0.25,0.4099999964237213],"kl_over_time":[[8.476860102746286e-7,3.11863623210229e-5,0.00011109383194707334,0.00024453343939967453,0.0004463321529328823,0.0007291719666682184,0.0011247217189520597,0.0016589468577876687,0.0023910310119390488,0.003386502154171467,0.004761171992868185],[1.7637007658777293e-6,3.95706738345325e-5,0.0001359724992653355,0.00029989989707246423,0.000550400756765157,0.0009124643984250724,0.00138266256544739,0.0019985169637948275,0.0027657728642225266,0.0037754427175968885,0.005061201751232147],[3.96815312342369e-6,0.00011891446047229692,0.0004345573834143579,0.0009351003100164235,0.0016781637677922845,0.002610857365652919,0.0037634142208844423,0.005165040958672762,0.006762759760022163,0.008543994277715683,0.010686424560844898],[3.629424099926837e-5,0.00043726651347242296,0.0017319329781457782,0.003549635875970125,0.005941234529018402,0.009046589955687523,0.013249104842543602,0.018033966422080994,0.02472304366528988,0.032384298741817474,0.040787819772958755],[0.00022505014203488827,0.003923479001969099,0.009055472910404205,0.017106739804148674,0.0258078183978796,0.03526262566447258,0.045868564397096634,0.06007203087210655,0.07595904171466827,0.09653271734714508,0.11910688132047653],[0.0018291224259883165,0.008355523459613323,0.03347024694085121,0.06102849915623665,0.07591184228658676,0.09147623181343079,0.10687509179115295,0.1216140165925026,0.13664035499095917,0.1518491953611374,0.1681995689868927],[0.0024846307933330536,0.010982680134475231,0.03537026792764664,0.06578122079372406,0.09413133561611176,0.12835581600666046,0.17078609764575958,0.22094149887561798,0.26346731185913086,0.3182963728904724,0.3661118149757385],[0.0002157851995434612,0.008929121308028698,0.0319163016974926,0.09329292178153992,0.1572752594947815,0.2009059488773346,0.24172787368297577,0.2772606909275055,0.31172317266464233,0.33962318301200867,0.3748207092285156],[0.00329608004540205,0.02419516071677208,0.10890194028615952,0.19038480520248413,0.23644179105758667,0.2673736810684204,0.30060240626335144,0.33594900369644165,0.36470603942871094,0.39592161774635315,0.4263277053833008],[0.0007557645440101624,0.010405520908534527,0.06627711653709412,0.1317072957754135,0.18360908329486847,0.2299722582101822,0.27269870042800903,0.32569411396980286,0.366341233253479,0.4055264890193939,0.44835853576660156],[0.0018333265325054526,0.02773953787982464,0.11131958663463593,0.19696693122386932,0.27120280265808105,0.3571617007255554,0.4517526626586914,0.521515429019928,0.5722880363464355,0.6182786226272583,0.6648682951927185],[0.00162061199080199,0.017914116382598877,0.06782930344343185,0.16033582389354706,0.25969862937927246,0.3430314064025879,0.4504227638244629,0.571398913860321,0.6830528974533081,0.7853230237960815,0.9392425417900085],[0.0029323347844183445,0.03629352152347565,0.12610769271850586,0.24406161904335022,0.38348594307899475,0.5672810673713684,0.7366535663604736,0.8779758810997009,1.0460915565490723,1.1868913173675537,1.300539255142212],[0.0015535425627604127,0.028905805200338364,0.117926687002182,0.23512324690818787,0.3310677409172058,0.41361212730407715,0.5012303590774536,0.55961674451828,0.6112399697303772,0.661486029624939,0.7083756923675537]]}