{"training_accuracy":[0.6499999761581421],"attacked_training_accuracy":[0.05999999865889549],"kl_over_time":[[4.607020400726469e-6,0.6627259850502014,2.151789426803589,3.185779094696045,4.1559014320373535,5.203316688537598,6.423012733459473,7.410928249359131,8.340546607971191,9.248748779296875,9.839962005615234]]}