{"validation_accuracy":[0.2544776201248169],"attacked_validation_accuracies":[0.2410447746515274],"validation_kl_over_time":[[1.479670524597168,1.5016223192214966,1.5308926105499268,1.56980562210083,1.6218966245651245,1.6926496028900146,1.7846565246582031,1.9036988019943237,2.050896644592285,2.2285690307617188,3.0816762447357178]]}