{"validation_accuracy":[0.2777777910232544],"training_accuracy":[0.6499999761581421,0.7200000286102295,0.6100000143051147,0.7300000190734863,0.7099999785423279,0.6800000071525574,0.7099999785423279,0.75,0.7200000286102295,0.699999988079071,0.7599999904632568,0.7699999809265137,0.8199999928474426,0.8500000238418579,0.8299999833106995,0.8299999833106995,0.7799999713897705,0.800000011920929,0.7699999809265137,0.800000011920929,0.8199999928474426,0.8399999737739563,0.8600000143051147,0.7300000190734863,0.8299999833106995,0.8500000238418579,0.8500000238418579,0.8600000143051147,0.8500000238418579,0.8700000047683716,0.8899999856948853,0.8600000143051147,0.8399999737739563,0.7699999809265137,0.800000011920929,0.8600000143051147,0.8299999833106995,0.8700000047683716,0.9100000262260437,0.8399999737739563,0.8799999952316284,0.8600000143051147,0.8899999856948853,0.8299999833106995,0.8700000047683716,0.8500000238418579,0.8700000047683716,0.8199999928474426,0.8999999761581421,0.8299999833106995,0.9200000166893005,0.8700000047683716,0.800000011920929,0.8700000047683716,0.8899999856948853,0.9200000166893005,0.8199999928474426,0.8799999952316284,0.8899999856948853],"attacked_training_accuracy":[0.12999999523162842,0.3100000023841858,0.25,0.20999999344348907,0.2199999988079071,0.25999999046325684,0.3499999940395355,0.20999999344348907,0.2800000011920929,0.1899999976158142,0.27000001072883606,0.44999998807907104,0.3100000023841858,0.20999999344348907,0.33000001311302185,0.07999999821186066,0.3799999952316284,0.2800000011920929,0.30000001192092896,0.28999999165534973,0.33000001311302185,0.36000001430511475,0.4300000071525574,0.44999998807907104,0.5099999904632568,0.36000001430511475,0.27000001072883606,0.4300000071525574,0.3400000035762787,0.36000001430511475,0.3799999952316284,0.36000001430511475,0.3700000047683716,0.4300000071525574,0.3700000047683716,0.38999998569488525,0.3700000047683716,0.44999998807907104,0.3400000035762787,0.38999998569488525,0.4399999976158142,0.4099999964237213,0.47999998927116394,0.4399999976158142,0.5099999904632568,0.44999998807907104,0.6299999952316284,0.4300000071525574,0.3100000023841858,0.4000000059604645,0.4099999964237213,0.4099999964237213,0.3799999952316284,0.33000001311302185,0.5799999833106995,0.3199999928474426,0.4300000071525574,0.38999998569488525,0.46000000834465027],"kl_over_time":[[3.1639085591450566e-6,0.1688593477010727,0.7025743722915649,1.3516634702682495,1.9186043739318848,2.529876708984375,3.210981607437134,3.9474058151245117,4.6815619468688965,5.283849239349365,7.127767086029053],[1.725842253108567e-6,0.202384814620018,0.6823269724845886,1.3880021572113037,2.1750924587249756,2.766981840133667,3.4771299362182617,4.120058536529541,4.656998634338379,5.125911235809326,5.778021812438965],[1.451437356081442e-6,0.1508355438709259,0.4959631860256195,0.9488052129745483,1.5846565961837769,2.180133104324341,2.692340135574341,3.202457904815674,3.61745285987854,4.1196722984313965,6.338776111602783],[1.1987458492512815e-6,0.13952361047267914,0.50310879945755,1.0750595331192017,1.7040002346038818,2.3507494926452637,2.897901773452759,3.428781270980835,4.0382537841796875,4.4808454513549805,5.815486907958984],[1.0268527148582507e-6,0.10021881014108658,0.4257289469242096,0.9296954274177551,1.4097801446914673,1.9736312627792358,2.6254782676696777,3.25203800201416,3.707611560821533,4.269449234008789,5.885988712310791],[9.868133474810747e-7,0.15669308602809906,0.567338764667511,1.1273086071014404,1.8294966220855713,2.5890309810638428,3.3209028244018555,4.0710225105285645,4.681605815887451,5.156831741333008,6.38716983795166],[1.2823909401049605e-6,0.09927263110876083,0.36665937304496765,0.8125115036964417,1.3690732717514038,1.9213899374008179,2.537212371826172,3.1491618156433105,3.7817599773406982,4.379335880279541,5.212038993835449],[9.212453733198345e-7,0.06855794042348862,0.32645103335380554,0.75450199842453,1.2670952081680298,1.6331064701080322,2.267505645751953,2.890969753265381,3.579288959503174,4.188051700592041,5.899392127990723],[1.4954599691918702e-6,0.09494577348232269,0.34204375743865967,0.6201472878456116,1.0344048738479614,1.513879418373108,2.0892534255981445,2.6550586223602295,3.2869694232940674,3.9054951667785645,4.928394317626953],[7.377128099506081e-7,0.11281135678291321,0.3972022831439972,0.7947807312011719,1.2566802501678467,1.8297637701034546,2.3979971408843994,3.019510507583618,3.6888856887817383,4.316482067108154,5.527388572692871],[7.371033916570013e-7,0.07517001032829285,0.3389338552951813,0.7228009104728699,1.2688541412353516,1.8967859745025635,2.4955759048461914,3.04790997505188,3.527348518371582,3.98864483833313,5.22898006439209],[8.835272069518396e-7,0.05146785452961922,0.2415972799062729,0.5415666699409485,0.9056364893913269,1.2991915941238403,1.7246694564819336,2.139939546585083,2.611433982849121,3.086674213409424,4.01240348815918],[6.394473075488349e-7,0.07819446176290512,0.30912506580352783,0.7070605158805847,1.177114486694336,1.6987311840057373,2.1941277980804443,2.7446112632751465,3.288400173187256,3.8148887157440186,5.27217960357666],[4.586648287840944e-7,0.0667470321059227,0.3019475042819977,0.6705223917961121,1.1003259420394897,1.5648162364959717,2.0330867767333984,2.559784173965454,3.1344661712646484,3.838831663131714,5.290634632110596],[1.3828420151185128e-6,0.03443412855267525,0.2319946587085724,0.5798539519309998,1.0405442714691162,1.6184606552124023,2.262192487716675,2.920886754989624,3.5650320053100586,4.142366409301758,5.17662239074707],[6.51459401979082e-7,0.07218080013990402,0.2996768355369568,0.6543378829956055,1.1204452514648438,1.6828408241271973,2.3162612915039062,2.9716882705688477,3.650071382522583,4.313662052154541,6.112143039703369],[6.066241553526197e-7,0.07694916427135468,0.35150572657585144,0.7690857648849487,1.215367078781128,1.7072325944900513,2.212056875228882,2.7146267890930176,3.138936758041382,3.582324981689453,4.646166801452637],[3.5004333653887443e-7,0.06969472020864487,0.3260655105113983,0.7235870361328125,1.1473395824432373,1.666036605834961,2.298112154006958,2.9473369121551514,3.5874125957489014,4.005266189575195,5.411104679107666],[9.994521406042622e-7,0.06582452356815338,0.26589417457580566,0.6002378463745117,1.03142249584198,1.534273624420166,2.0364830493927,2.545790910720825,3.0771028995513916,3.599684953689575,5.157496929168701],[7.707645863774815e-7,0.0718802660703659,0.26118171215057373,0.5480636358261108,0.9523901343345642,1.4159573316574097,1.8732988834381104,2.48317289352417,3.088672399520874,3.6715071201324463,5.271711826324463],[9.095968493966211e-7,0.060806870460510254,0.238521546125412,0.5432202816009521,0.9533283114433289,1.416406273841858,1.9447201490402222,2.514758348464966,3.110649347305298,3.550607204437256,4.449561595916748],[4.7210355091920064e-7,0.04847688600420952,0.21048356592655182,0.5088147521018982,0.9064246416091919,1.3293235301971436,1.8578864336013794,2.3712306022644043,2.8717784881591797,3.344635486602783,4.37371826171875],[6.276326871557103e-7,0.07564833760261536,0.3138340711593628,0.6829861402511597,1.1392463445663452,1.6690958738327026,2.2612228393554688,2.8286051750183105,3.368184804916382,3.907656192779541,4.9101080894470215],[5.127039344188233e-7,0.06003784015774727,0.2395746111869812,0.5270124673843384,0.8923848271369934,1.3348543643951416,1.7939461469650269,2.2329320907592773,2.632093667984009,3.000481128692627,3.8367788791656494],[4.3610779698610713e-7,0.06519698351621628,0.28377223014831543,0.6639167666435242,1.1521762609481812,1.6349928379058838,2.1503190994262695,2.6311981678009033,3.0800726413726807,3.517869234085083,4.221594333648682],[5.499536541719863e-7,0.042560603469610214,0.1671808958053589,0.37815141677856445,0.7684788107872009,1.294029712677002,1.887230634689331,2.4367897510528564,3.0571131706237793,3.640118360519409,5.1119232177734375],[3.237193766381097e-7,0.03525269404053688,0.14274722337722778,0.36091139912605286,0.7285195589065552,1.2056132555007935,1.737903356552124,2.292484998703003,2.848597288131714,