{"training_accuracy":[0.4399999976158142],"attacked_training_accuracy":[0.25],"kl_over_time":[[1.950150902985115e-7,0.000006385626420524204,0.00002590732583485078,0.00005932272688369267,0.00010710669448599219,0.00017195218242704868,0.00025094387819990516,0.00035246965126134455,0.0004767958598677069,0.0006273719482123852,0.0008251899271272123]]}