{"training_accuracy":[0.6000000238418579,0.7799999713897705,0.6899999976158142,0.7400000095367432,0.6700000166893005,0.6700000166893005,0.7300000190734863,0.7099999785423279,0.800000011920929,0.8299999833106995,0.7799999713897705,0.8399999737739563,0.7099999785423279,0.800000011920929,0.75,0.8100000023841858,0.8100000023841858,0.7300000190734863,0.7900000214576721,0.75],"attacked_training_accuracy":[0.38999998569488525,0.41999998688697815,0.4000000059604645,0.46000000834465027,0.3199999928474426,0.4000000059604645,0.4099999964237213,0.4099999964237213,0.07000000029802322,0.4000000059604645,0.3700000047683716,0.4000000059604645,0.38999998569488525,0.41999998688697815,0.47999998927116394,0.4099999964237213,0.4699999988079071,0.3499999940395355,0.3799999952316284,0.3499999940395355],"kl_over_time":[[6.505803753498185e-7,0.02824978716671467,0.11248341202735901,0.25364017486572266,0.45833703875541687,0.7454278469085693,1.1508052349090576,1.6183079481124878,2.137735366821289,2.6865572929382324,3.256618022918701],[4.5396100176731125e-6,0.013168604113161564,0.13203635811805725,0.35330677032470703,0.6321837306022644,0.9473216533660889,1.2944514751434326,1.643817663192749,1.9991400241851807,2.3602375984191895,2.7318828105926514],[1.0543159987719264e-5,0.028244847431778908,0.15766428411006927,0.4017100930213928,0.7602567672729492,1.2344199419021606,1.8589186668395996,2.5529062747955322,3.3278117179870605,4.115513324737549,4.913858413696289],[8.342963155882899e-6,0.030096884816884995,0.17359916865825653,0.4613882303237915,0.8544607162475586,1.3048675060272217,1.828926920890808,2.3532047271728516,2.886650323867798,3.413408041000366,3.929720878601074],[1.8232534785056487e-5,0.0437387153506279,0.15638922154903412,0.36577704548835754,0.6650428771972656,1.0609798431396484,1.5819774866104126,2.207766056060791,2.924835681915283,3.6984150409698486,4.531882286071777],[1.4469374946202151e-5,0.0541202612221241,0.22030168771743774,0.5212802290916443,0.9585596323013306,1.526745080947876,2.3442318439483643,3.193925619125366,4.049555778503418,4.88523006439209,5.711833477020264],[2.2759706553188153e-5,0.02308964729309082,0.1660601794719696,0.47363463044166565,0.933305561542511,1.5429654121398926,2.3296985626220703,3.235032796859741,4.2181854248046875,5.191775321960449,6.168692588806152],[2.3987935492186807e-5,0.024453431367874146,0.1421172022819519,0.4065651595592499,0.8564788699150085,1.5221933126449585,2.4657340049743652,3.661696195602417,5.065256118774414,6.597024917602539,8.152002334594727],[1.1792809345934074e-5,0.01976822316646576,0.08078823238611221,0.1789824664592743,0.2999345064163208,0.45847636461257935,0.8547762632369995,1.50927734375,2.380363941192627,3.3372650146484375,4.36595344543457],[1.4123292203294113e-5,0.009333690628409386,0.0651441216468811,0.24308882653713226,0.7861207127571106,1.9132893085479736,3.602400541305542,5.096492767333984,6.528922080993652,7.885780334472656,9.204154014587402],[1.640991831663996e-5,0.006366498302668333,0.030816439539194107,0.20110763609409332,0.5824126601219177,1.2812191247940063,2.477362871170044,3.834810733795166,5.292314529418945,6.702790260314941,8.062836647033691],[1.8166767404181883e-5,0.015503423288464546,0.16638028621673584,0.5017073154449463,1.072429895401001,1.9915722608566284,3.134493350982666,4.3241047859191895,5.527544021606445,6.754644393920898,7.976754188537598],[2.1399508113972843e-5,0.016202397644519806,0.1403842270374298,0.45794180035591125,1.0289164781570435,1.99685800075531,3.304413318634033,4.660874843597412,6.025540828704834,7.3734869956970215,"NaN"],[3.113131606369279e-5,0.04179532825946808,0.2310909777879715,0.6430239677429199,1.2721184492111206,2.0786948204040527,3.053215503692627,4.2523322105407715,5.642543315887451,7.069827556610107,8.496487617492676],[9.740699169924483e-6,0.03640075773000717,0.20430037379264832,0.5313926935195923,1.1004385948181152,2.0148231983184814,3.45137882232666,5.190463542938232,7.068471908569336,9.030031204223633,"NaN"],[1.7967107851291075e-5,0.09882639348506927,0.39172637462615967,0.9250096678733826,1.7260640859603882,2.9731085300445557,4.635158061981201,6.335770130157471,8.10491943359375,9.710697174072266,"NaN"],[1.5517460269620642e-5,0.05314158275723457,0.3890126049518585,1.0706733465194702,2.1001272201538086,3.6488401889801025,5.791213035583496,7.99307918548584,10.236071586608887,"NaN","NaN"],[1.802531915018335e-5,0.03364686295390129,0.2879694402217865,0.9162217974662781,1.9351043701171875,3.3995742797851562,5.516901969909668,7.743282318115234,10.021770477294922,"NaN","NaN"],[4.011080818600021e-5,0.020210489630699158,0.08148616552352905,0.18500979244709015,0.3351081311702728,0.4762175381183624,0.7617318034172058,1.2493396997451782,1.8752754926681519,2.5314536094665527,3.2853844165802],[3.6994235415477306e-5,0.030162276700139046,0.22642379999160767,0.722494900226593,1.596789836883545,3.016002655029297,5.159415245056152,7.200349807739258,9.1253023147583,10.955686569213867,12.691652297973633]],"validation_accuracy":[0.8211110830307007],"attacked_validation_accuracies":[0.3799999952316284],"validation_kl_over_time":[[1.7117979950853623e-5,0.08239652216434479,0.474666953086853,1.1818456649780273,2.215116500854492,3.667202949523926,5.680166721343994,7.666548728942871,9.743935585021973,"NaN","NaN"]]}