{"training_accuracy":[0.1599999964237213,0.25999999046325684,0.3199999928474426,0.30000001192092896,0.4699999988079071,0.4399999976158142,0.4399999976158142,0.3799999952316284,0.49000000953674316,0.47999998927116394,0.4699999988079071,0.4300000071525574,0.5400000214576721,0.5600000023841858,0.46000000834465027,0.5699999928474426,0.5199999809265137,0.5899999737739563,0.5799999833106995,0.5799999833106995,0.5199999809265137,0.5199999809265137,0.5600000023841858,0.5899999737739563,0.550000011920929,0.46000000834465027,0.5600000023841858,0.6200000047683716,0.47999998927116394,0.5299999713897705,0.5699999928474426,0.5799999833106995,0.5199999809265137,0.6100000143051147,0.6600000262260437,0.6499999761581421,0.5600000023841858,0.6200000047683716,0.6399999856948853,0.6800000071525574,0.6299999952316284,0.6000000238418579,0.6299999952316284,0.6899999976158142,0.6200000047683716,0.550000011920929,0.699999988079071,0.5799999833106995,0.7200000286102295,0.6100000143051147,0.6100000143051147,0.6100000143051147,0.6899999976158142],"attacked_training_accuracy":[0.20999999344348907,0.15000000596046448,0.23000000417232513,0.20000000298023224,0.33000001311302185,0.25,0.25,0.18000000715255737,0.3400000035762787,0.3700000047683716,0.2800000011920929,0.30000001192092896,0.38999998569488525,0.36000001430511475,0.20999999344348907,0.33000001311302185,0.3199999928474426,0.4099999964237213,0.41999998688697815,0.28999999165534973,0.3400000035762787,0.27000001072883606,0.23999999463558197,0.36000001430511475,0.41999998688697815,0.3799999952316284,0.3700000047683716,0.3799999952316284,0.30000001192092896,0.23999999463558197,0.28999999165534973,0.38999998569488525,0.23999999463558197,0.33000001311302185,0.38999998569488525,0.3199999928474426,0.20000000298023224,0.36000001430511475,0.28999999165534973,0.3400000035762787,0.30000001192092896,0.36000001430511475,0.3199999928474426,0.23999999463558197,0.5099999904632568,0.4399999976158142,0.28999999165534973,0.3499999940395355,0.3199999928474426,0.28999999165534973,0.3799999952316284,0.3100000023841858,0.28999999165534973],"kl_over_time":[[9.275610324266381e-8,5.5111770052462816e-5,0.0003322814009152353,0.0009402926079928875,0.0018944465555250645,0.003234964795410633,0.004970747046172619,0.007089713588356972,0.009648271836340427,0.012616598047316074,0.01612243615090847],[7.364063208115113e-7,0.0005487619200721383,0.0023624864406883717,0.005483042914420366,0.009809651412069798,0.015209714882075787,0.021411104127764702,0.028449205681681633,0.036134786903858185,0.04433896765112877,0.05277715623378754],[1.6109761418192647e-6,0.0003833189548458904,0.001902294810861349,0.004592792131006718,0.008659492246806622,0.013850357383489609,0.020538832992315292,0.028470860794186592,0.03813950717449188,0.04944213852286339,0.06242367625236511],[3.599924639274832e-6,0.0006623394438065588,0.0032539688982069492,0.008229234255850315,0.015577790327370167,0.0256442129611969,0.038247574120759964,0.054350804537534714,0.07388376444578171,0.09739141166210175,0.1258116066455841],[4.818775323656155e-6,0.0010084870737046003,0.005116413347423077,0.012431585229933262,0.022813620045781136,0.036360688507556915,0.05314701050519943,0.07311645895242691,0.09686088562011719,0.12368306517601013,0.15448535978794098],[6.862525879114401e-6,0.0018420213600620627,0.008289214223623276,0.019670158624649048,0.036051250994205475,0.0576031468808651,0.0843532606959343,0.11691566556692123,0.15512408316135406,0.2001708298921585,0.25177717208862305],[8.532178071618546e-6,0.0014630841324105859,0.007526226341724396,0.019057665020227432,0.035910714417696,0.05815986916422844,0.08571530878543854,0.11860878020524979,0.1572401225566864,0.20138736069202423,0.2510187327861786],[1.1280721082584932e-5,0.0018217646284028888,0.008639171719551086,0.020759381353855133,0.03803695738315582,0.06100979819893837,0.08878021687269211,0.12223243713378906,0.16222596168518066,0.2071286290884018,0.2600790858268738],[1.6916386812226847e-5,0.0027302270755171776,0.012327540665864944,0.0280302707105875,0.0505114309489727,0.07893940061330795,0.1133885532617569,0.1549747884273529,0.20235027372837067,0.2560076415538788,0.3180817663669586],[1.0153626135434024e-5,0.002250123769044876,0.01130709145218134,0.028070900589227676,0.05229344218969345,0.08355821669101715,0.12260643392801285,0.1680212765932083,0.22291357815265656,0.2850758731365204,0.35864052176475525],[2.34207182074897e-5,0.005760962143540382,0.024175256490707397,0.05307639017701149,0.08894266188144684,0.13056053221225739,0.17534275352954865,0.22574837505817413,0.2806006968021393,0.33859679102897644,0.4011310040950775],[1.7942611520993523e-5,0.004115258809179068,0.01860404945909977,0.045674197375774384,0.08406957238912582,0.13432279229164124,0.1948402374982834,0.269164502620697,0.3513124883174896,0.4499371349811554,0.5599469542503357],[2.2975886167841963e-5,0.003050511470064521,0.016445623710751534,0.041138723492622375,0.07831715792417526,0.1279972642660141,0.19181600213050842,0.2693522572517395,0.3590962886810303,0.46171003580093384,0.579066276550293],[2.1816464141011238e-5,0.0038014971651136875,0.018086818978190422,0.045286696404218674,0.08599897474050522,0.14153964817523956,0.21097098290920258,0.29518091678619385,0.3980288505554199,0.5172068476676941,0.6486854553222656],[2.041679726971779e-5,0.006573874037712812,0.027238842099905014,0.06208619475364685,0.10919977724552155,0.16729183495044708,0.23553067445755005,0.31393569707870483,0.4033263325691223,0.5005220770835876,0.604087233543396],[2.2765923858969472e-5,0.006141630467027426,0.02833324298262596,0.06525222957134247,0.11526361852884293,0.17963233590126038,0.2539502680301666,0.3427775800228119,0.44190895557403564,0.554119348526001,0.6795254945755005],[2.3998147298698314e-5,0.006190142594277859,0.027703450992703438,0.06448767334222794,0.11832068860530853,0.19110746681690216,0.2814224660396576,0.39174461364746094,0.5098286271095276,0.6392797231674194,0.7780146598815918],[2.943499930552207e-5,0.004432154353708029,0.020376678556203842,0.04894908890128136,0.0907229483127594,0.14458738267421722,0.2118193507194519,0.2909039556980133,0.38332870602607727,0.4882792830467224,0.6099788546562195],[3.358010508236475e-5,0.007787590846419334,0.03617791458964348,0.08203987032175064,0.14264552295207977,0.21727705001831055,0.3037174940109253,0.40656909346580505,0.5244992971420288,0.6570603847503662,0.7991690039634705],[3.9578433643328026e-5,0.0029069127049297094,0.02114267461001873,0.05873170867562294,0.11372310668230057,0.19070039689540863,0.2848565876483917,0.39937227964401245,0.5319347381591797,0.6804823279380798,0.8517167568206787],[3.4442709875293076e-5,0.006281294859945774,0.030419306829571724,0.0733913853764534,0.13335318863391876,0.20887403190135956,0.29521703720092773,0.39101293683052063,0.49906718730926514,0.6133512854576111,0.7387977242469788],[3.228925197618082e-5,0.00757964001968503,0.03607054054737091,0.09050394594669342,0.1662445068359375,0.260181188583374,0.3767094016075134,0.5135034322738647,0.6653788685798645,0.8302827477455139,1.0076254606246948],[4.802972398465499e-5,0.005765747278928757,0.03082629106938839,0.07831089198589325,0.14634422957897186,0.22985194623470306,0.33513426780700684,0.45562201738357544,0.5928525328636169,0.7425044178962708,0.9053163528442383],[3.4594824683154e-5,0.007581954821944237,0.037130534648895264,0.08902578055858612,0.160955011844635,0.25210294127464294,0.35521358251571655,0.46669676899909973,0.5884997248649597,0.7085897922515869,0.8393915891647339],[2.9627608455484733e-5,0.008035171777009964,0.04100476950407028,0.09755329042673111,0.1727045476436615,0.26170387864112854,0.36686426401138306,0.48661482334136963,0.6204449534416199,0.76535564661026,0.9146321415901184],[2.35769748542225e-5,0.004274691920727491,0.022203806787729263,0.05606969818472862,0.11022134870290756,0.18374602496623993,0.2742038369178772,0.37914037704467773,0.5026748180389404,0.6417254209518433,0.7953069806098938],[3.591656422941014e-5,0.009232099168002605,0.04453929141163826,0.10685060918331146,