{"training_accuracy":[1.0],"attacked_training_accuracy":[0.375],"kl_over_time":[[0.000339650985551998,0.28669998049736023,0.9052601456642151,2.2211966514587402,4.322974681854248,6.393371105194092,8.383315086364746,10.371206283569336,12.157122611999512,12,12]]}
