{"training_accuracy":[0.4399999976158142,0.5799999833106995,0.4699999988079071,0.5199999809265137,0.5899999737739563,0.6200000047683716,0.6700000166893005,0.6499999761581421,0.6399999856948853,0.5600000023841858,0.6899999976158142,0.6399999856948853,0.6899999976158142,0.6700000166893005,0.6399999856948853,0.6399999856948853],"attacked_training_accuracy":[0.25,0.20999999344348907,0.36000001430511475,0.27000001072883606,0.27000001072883606,0.27000001072883606,0.25999999046325684,0.30000001192092896,0.3199999928474426,0.3499999940395355,0.25,0.27000001072883606,0.25,0.23999999463558197,0.3400000035762787,0.27000001072883606],"kl_over_time":[[1.7058553680726618e-7,0.0000044892708501720335,0.000018969198208651505,0.00004641346095013432,0.00008611846715211868,0.00014197303971741349,0.0002129660570062697,0.0003023003228008747,0.0004175208159722388,0.0005580207798629999,0.0007409315439872444],[4.629469572137168e-7,0.000005052720553067047,0.000040451464883517474,0.00011008657020283863,0.00021992760594002903,0.0003705139388330281,0.0005562794394791126,0.0007626746664755046,0.0009868487250059843,0.0012350337347015738,0.0014979001134634018],[0.000001348423552371969,0.000034423683246131986,0.00021537314751185477,0.0005840409430675209,0.0011127020698040724,0.0017975997179746628,0.0026948994491249323,0.003716181730851531,0.004960424266755581,0.0064337956719100475,0.008137536235153675],[0.000006060317900846712,0.0004465805250220001,0.0018354888306930661,0.003517423290759325,0.005421879701316357,0.008614404127001762,0.012206687591969967,0.016400283202528954,0.02163098379969597,0.026821821928024292,0.032592128962278366],[0.0006056217825971544,0.002053420525044203,0.005434093996882439,0.013140828348696232,0.021081261336803436,0.02743791975080967,0.036772582679986954,0.04932945594191551,0.06359552592039108,0.07733730226755142,0.09476710855960846],[0.0001231044006999582,0.0025523880030959845,0.014201642945408821,0.027925362810492516,0.040785618126392365,0.05632973462343216,0.07439180463552475,0.09391802549362183,0.11567077040672302,0.14119547605514526,0.17364515364170074],[0.000021416293748188764,0.005122920963913202,0.01562231034040451,0.031768880784511566,0.05018831044435501,0.07207521051168442,0.09182962030172348,0.10886643081903458,0.13575421273708344,0.16862228512763977,0.21022388339042664],[0.00011298616300337017,0.0069388472475111485,0.038897667080163956,0.09770742058753967,0.1419825553894043,0.16871699690818787,0.19712144136428833,0.22125981748104095,0.24411757290363312,0.26697593927383423,0.29144996404647827],[0.00017741674673743546,0.018381517380475998,0.06507433205842972,0.11225061118602753,0.1523592174053192,0.18989849090576172,0.2161359041929245,0.24242042005062103,0.2673886716365814,0.2934049367904663,0.3192823529243469],[0.0008343375520780683,0.015380453318357468,0.04849381744861603,0.1118319034576416,0.17931082844734192,0.23317363858222961,0.2660532593727112,0.29381006956100464,0.3233782947063446,0.3520642817020416,0.38035956025123596],[0.0006175180897116661,0.005831148941069841,0.02646523341536522,0.08491174876689911,0.1737535446882248,0.21983474493026733,0.2635166049003601,0.30042314529418945,0.3339940905570984,0.3629767596721649,0.3943929076194763],[0.000720533134881407,0.013953542336821556,0.06976831704378128,0.13503673672676086,0.19275978207588196,0.2362428605556488,0.2746124863624573,0.3155357241630554,0.35646525025367737,0.39480966329574585,0.4316367208957672],[0.0015635869931429625,0.016993653029203415,0.05850646272301674,0.1556684970855713,0.24375300109386444,0.31922048330307007,0.3688186705112457,0.4230564534664154,0.46609219908714294,0.5119556188583374,0.5607326626777649],[0.0023943877313286066,0.0258304663002491,0.11000796407461166,0.19637878239154816,0.25880423188209534,0.3297000527381897,0.37156882882118225,0.41914674639701843,0.4618675112724304,0.5021033883094788,0.5499667525291443],[0.001080623478628695,0.032803263515233994,0.059281665831804276,0.10128157585859299,0.1261715143918991,0.15528856217861176,0.1920730620622635,0.24012088775634766,0.2829810380935669,0.3328203558921814,0.3804844617843628],[0.00022852681286167353,0.024077147245407104,0.1004670113325119,0.15803994238376617,0.21802523732185364,0.2730710506439209,0.3261527419090271,0.40358367562294006,0.47671210765838623,0.5643991827964783,0.6676090955734253]]}