{"training_accuracy":[0.2199999988079071,0.17000000178813934,0.3199999928474426,0.20000000298023224,0.3799999952316284,0.3499999940395355,0.27000001072883606,0.3499999940395355,0.44999998807907104,0.3400000035762787,0.36000001430511475,0.4000000059604645,0.4300000071525574,0.44999998807907104,0.4000000059604645,0.41999998688697815,0.4300000071525574,0.5099999904632568,0.49000000953674316,0.4300000071525574,0.4399999976158142,0.4300000071525574,0.5199999809265137,0.5799999833106995,0.5199999809265137,0.5099999904632568,0.5799999833106995,0.550000011920929,0.5699999928474426,0.6100000143051147,0.6600000262260437,0.6600000262260437,0.5299999713897705,0.6600000262260437,0.5699999928474426,0.5099999904632568,0.5199999809265137,0.550000011920929,0.550000011920929,0.5899999737739563],"attacked_training_accuracy":[0.2199999988079071,0.1599999964237213,0.20000000298023224,0.2199999988079071,0.28999999165534973,0.27000001072883606,0.1599999964237213,0.25,0.3400000035762787,0.25,0.28999999165534973,0.30000001192092896,0.27000001072883606,0.3400000035762787,0.23000000417232513,0.3499999940395355,0.27000001072883606,0.36000001430511475,0.27000001072883606,0.1899999976158142,0.18000000715255737,0.2199999988079071,0.33000001311302185,0.3400000035762787,0.44999998807907104,0.28999999165534973,0.2800000011920929,0.38999998569488525,0.28999999165534973,0.4099999964237213,0.23999999463558197,0.4000000059604645,0.3100000023841858,0.3199999928474426,0.30000001192092896,0.15000000596046448,0.28999999165534973,0.28999999165534973,0.20000000298023224,0.3799999952316284],"kl_over_time":[[2.9364434439571596e-8,1.527275708212983e-5,6.420136924134567e-5,0.00014683882181998342,0.0002656704746186733,0.00042518219561316073,0.0006239822250790894,0.0008628384093753994,0.0011436035856604576,0.0014657011488452554,0.001834528404287994],[5.421489746026964e-8,1.684206108620856e-5,9.162016067421064e-5,0.00023211122606880963,0.00042880905675701797,0.0006833694642409682,0.000990491360425949,0.0013457074528560042,0.0017440601950511336,0.002187035046517849,0.0026650528889149427],[8.394504646958012e-8,3.352011844981462e-5,0.0001523347746115178,0.00036267712130211294,0.0006744510610587895,0.0010923633817583323,0.0016313889063894749,0.0022996889892965555,0.0031056595034897327,0.004064634442329407,0.005182047840207815],[1.2987408126718947e-7,1.891593092295807e-5,0.00010705735621741042,0.0002876705548260361,0.0005682744667865336,0.0009585033403709531,0.0014662414323538542,0.0020982183050364256,0.0028473769780248404,0.0037532555870711803,0.004796611610800028],[1.513487433157934e-7,1.598840390215628e-5,9.013865201268345e-5,0.0002389869769103825,0.0004605278663802892,0.0007663335418328643,0.001155963516794145,0.0016266258899122477,0.0021974744740873575,0.002890933770686388,0.0036950570065528154],[2.959557718895667e-7,1.597522532392759e-5,0.00010905443195952103,0.00029152657953090966,0.0005799901555292308,0.0009726824937388301,0.0014866692945361137,0.002121404279023409,0.002868034178391099,0.003749852068722248,0.004784340038895607],[4.297821760701481e-7,3.9019971154630184e-5,0.00019964492821600288,0.00050039601046592,0.0009392242063768208,0.0015316092176362872,0.0022793852258473635,0.0031831650994718075,0.004256840329617262,0.005507130641490221,0.006944848224520683],[7.072329708535108e-7,1.7704358469927683e-5,0.00013239130203146487,0.0003998018801212311,0.0008602775633335114,0.0015081842429935932,0.0023798802867531776,0.0034772376529872417,0.00483024911954999,0.006451004184782505,0.008360838517546654],[7.572941740363603e-7,6.236335320863873e-5,0.0003087115183006972,0.000795453495811671,0.0015559550374746323,0.002648786874487996,0.00403570756316185,0.005768409930169582,0.007906310260295868,0.010491805151104927,0.0134723586961627],[1.0495003834876115e-6,0.00011574792733881623,0.0005433309706859291,0.0012910510413348675,0.002360353944823146,0.003717811079695821,0.005414359271526337,0.007325400598347187,0.009504749439656734,0.011915159411728382,0.014590210281312466],[1.6031384575398988e-6,0.0001318402064498514,0.0008306632516905665,0.0025620036758482456,0.005700328387320042,0.010091717354953289,0.014327511191368103,0.019292939454317093,0.025247391313314438,0.032043665647506714,0.039802320301532745],[1.996094852074748e-6,0.0001073385210474953,0.0008382595260627568,0.0024152719415724277,0.004946442786604166,0.008544471114873886,0.013198001310229301,0.019123975187540054,0.02645922638475895,0.034670185297727585,0.0441758893430233],[2.1969560748402728e-6,0.0004008539253845811,0.0016118077328428626,0.003747082082554698,0.006774926092475653,0.011114105582237244,0.015647312626242638,0.0209026038646698,0.02668006345629692,0.032965198159217834,0.0397576168179512],[6.3598790802643634e-6,0.00028280619881115854,0.0017301940824836493,0.004363214131444693,0.007802789099514484,0.012396540492773056,0.017849965021014214,0.024051256477832794,0.0313614085316658,0.039393506944179535,0.04819989204406738],[4.198707301839022e-6,0.001154924277216196,0.003217659890651703,0.006487579084932804,0.011537275277078152,0.018603907898068428,0.027534853667020798,0.03817116096615791,0.05113716796040535,0.06580616533756256,0.08273808658123016],[6.222848242032342e-6,0.0016849328530952334,0.0036961501464247704,0.009024128317832947,0.01569250412285328,0.025107698515057564,0.0360642708837986,0.04914361238479614,0.06353724747896194,0.08098402619361877,0.09973670542240143],[1.1302422535663936e-5,0.0012627081014215946,0.004926406778395176,0.011148643679916859,0.019664285704493523,0.030973495915532112,0.04533003643155098,0.06194901838898659,0.08145696669816971,0.10450060665607452,0.13165970146656036],[8.248468475358095e-6,0.0012075279373675585,0.005537631455808878,0.012177159078419209,0.02171066403388977,0.03373221680521965,0.0489649623632431,0.06540512293577194,0.08399675786495209,0.10612714290618896,0.13090276718139648],[1.728640381770674e-5,0.000876743346452713,0.004341013263911009,0.011054405942559242,0.027934620156884193,0.044129446148872375,0.06270658224821091,0.08361618965864182,0.112161785364151,0.14513427019119263,0.18669679760932922],[1.0080469110107515e-5,0.005176537670195103,0.012054117396473885,0.024587277323007584,0.040828149765729904,0.06060708686709404,0.09754306823015213,0.1287834644317627,0.16538162529468536,0.211348757147789,0.26034459471702576],[1.1149923921038862e-5,0.0010701266583055258,0.006607037037611008,0.015605098567903042,0.028948070481419563,0.04707631841301918,0.06950657069683075,0.09789741039276123,0.1302080750465393,0.16531382501125336,0.20325636863708496],[1.0431825103296433e-5,0.0009585041552782059,0.006076359655708075,0.01926426589488983,0.03404532000422478,0.05451827868819237,0.07805465161800385,0.10566545277833939,0.13985450565814972,0.18123646080493927,0.22779391705989838],[0.00021520729933399707,0.0016759836580604315,0.009613260626792908,0.022847570478916168,0.0414118766784668,0.06594223529100418,0.09333375841379166,0.12512056529521942,0.16021373867988586,0.19994068145751953,0.24660181999206543],[1.07568384919432e-5,0.0020538819953799248,0.00924407597631216,0.021675214171409607,0.040039997547864914,0.06563803553581238,0.09862948209047318,0.13748380541801453,0.17647086083889008,0.22212974727153778,0.27167147397994995],[1.4866656783851795e-5,0.0022333315573632717,0.007745793089270592,0.02314821258187294,0.04013045132160187,0.05816735699772835,0.08224231749773026,0.10886672139167786,0.14187322556972504,0.17996257543563843,0.22262392938137054],[3.840220233541913e-5,0.0016057605389505625,0.009065276943147182,0.023916102945804596,0.04678886756300926,0.07283380627632141,0.10614051669836044,0.14053139090538025,0.17995639145374298,0.22434131801128387,0.2670649290084839],[1.2726748536806554e-5,0.003102034330368042,0.01681058295071125,0.03538287431001663,0.06006224453449249,0.09142744541168213,0.17055845260620117,0.21798698604106903,0.2646479606628418,0.3238541781902313,0.38357070088386536],[2.5609284421079792e-5,0.002663051476702094,0.010538826696574688,0.024579988792538643,0.04551620036363602,0.07316666096448898,