{"training_accuracy":[0.30000001192092896],"attacked_training_accuracy":[0.15000000596046448]}