{"training_accuracy":[0.7400000095367432],"attacked_training_accuracy":[0.3100000023841858]}