{"training_accuracy":[0.6499999761581421],"attacked_training_accuracy":[0.1899999976158142]}