{"training_accuracy":[1.0],"attacked_training_accuracy":[0.375],"kl_over_time":[[0.000028840502636739984,0.04614149406552315,0.12395122647285461,0.19704410433769226,0.28138694167137146,2.0117239952087402,4.5381999015808105,7.051766395568848,9.615778923034668,9,9]]}
