{"training_accuracy":[0.4300000071525574],"attacked_training_accuracy":[0.4699999988079071],"kl_over_time":[[2.9793731926019973e-8,2.4822391424095258e-5,1.637889727135189e-5,0.0001457933831261471,0.0002708392858039588,0.0005143730668351054,0.0007872681017033756,0.0010943777160719037,0.0014111731434240937,0.0016976711340248585,0.0020241111051291227]]}