{"training_accuracy":[0.4399999976158142],"attacked_training_accuracy":[0.4300000071525574],"kl_over_time":[[1.5670387654154183e-7,4.4902955664838373e-7,4.3635165525302e-7,6.128284439910203e-7,7.84861299507611e-7,1.02241881450027e-6,1.1236019190619118e-6,1.5606705119353137e-6,1.891936335596256e-6,2.029217739618616e-6,2.6791676646098495e-6]]}