{"training_accuracy":[0.5],"attacked_training_accuracy":[0.25],"kl_over_time":[[0.0015858131228014827,0.07306091487407684,0.9203543066978455,2.421903371810913,4.373059272766113,6.39192008972168,8.644323348999023,10.978879928588867,13.443121910095215,15.886082649230957,18.30508041381836]]}