{"training_accuracy":[0.6399999856948853,0.7799999713897705],"attacked_training_accuracy":[0.11999999731779099,0.12999999523162842],"kl_over_time":[[2.645588665473042e-6,0.4406335651874542,1.2701221704483032,2.1866066455841064,3.010972023010254,3.922776937484741,4.616779804229736,5.426806926727295,5.97025728225708,6.630495548248291,7.247677326202393],[1.7444492641516263e-6,0.2659764587879181,0.8785423040390015,1.6485273838043213,2.259345531463623,3.08504581451416,3.81689190864563,4.573757648468018,5.37495756149292,6.0703911781311035,6.536640644073486]],"validation_accuracy":[0.6221110820770264],"attacked_validation_accuracies":[0.09716666489839554],"validation_kl_over_time":[[3.3180419904965675e-6,0.33662059903144836,1.13379967212677,1.942038893699646,2.6723005771636963,3.340226888656616,3.8537099361419678,4.402053356170654,4.945304870605469,5.609464645385742,6.375038146972656]]}