{"training_accuracy":[0.4300000071525574,0.550000011920929,0.49000000953674316,0.5099999904632568,0.6000000238418579,0.5799999833106995,0.6399999856948853,0.6600000262260437,0.5799999833106995,0.5199999809265137,0.699999988079071,0.699999988079071,0.6499999761581421,0.699999988079071,0.7200000286102295,0.6899999976158142,0.7900000214576721,0.6000000238418579,0.8199999928474426,0.7900000214576721,0.7900000214576721,0.7400000095367432,0.7599999904632568,0.7400000095367432,0.7400000095367432,0.7699999809265137,0.7099999785423279,0.7699999809265137,0.7599999904632568,0.7900000214576721,0.8199999928474426,0.8100000023841858,0.7900000214576721,0.800000011920929,0.7900000214576721,0.6899999976158142,0.8399999737739563,0.800000011920929,0.7900000214576721,0.7599999904632568,0.7400000095367432,0.7799999713897705,0.8299999833106995,0.7400000095367432,0.7300000190734863,0.800000011920929,0.8299999833106995,0.8100000023841858,0.7699999809265137,0.800000011920929,0.8299999833106995,0.8600000143051147,0.8199999928474426,0.6499999761581421,0.7699999809265137,0.8199999928474426,0.8199999928474426,0.8299999833106995,0.7300000190734863,0.8399999737739563,0.800000011920929,0.7300000190734863,0.800000011920929,0.8299999833106995,0.8199999928474426,0.8199999928474426],"attacked_training_accuracy":[0.3700000047683716,0.4099999964237213,0.36000001430511475,0.28999999165534973,0.30000001192092896,0.3799999952316284,0.4399999976158142,0.4399999976158142,0.3199999928474426,0.3199999928474426,0.25,0.3700000047683716,0.30000001192092896,0.3100000023841858,0.3499999940395355,0.2800000011920929,0.33000001311302185,0.30000001192092896,0.2199999988079071,0.28999999165534973,0.38999998569488525,0.3199999928474426,0.27000001072883606,0.27000001072883606,0.23000000417232513,0.23999999463558197,0.3400000035762787,0.27000001072883606,0.3799999952316284,0.27000001072883606,0.3100000023841858,0.23000000417232513,0.28999999165534973,0.27000001072883606,0.4099999964237213,0.2199999988079071,0.3100000023841858,0.25999999046325684,0.30000001192092896,0.25,0.2800000011920929,0.1899999976158142,0.27000001072883606,0.3700000047683716,0.2800000011920929,0.27000001072883606,0.23999999463558197,0.3100000023841858,0.23999999463558197,0.38999998569488525,0.3400000035762787,0.25999999046325684,0.28999999165534973,0.550000011920929,0.25999999046325684,0.25,0.28999999165534973,0.27000001072883606,0.23999999463558197,0.20000000298023224,0.2199999988079071,0.41999998688697815,0.18000000715255737,0.23000000417232513,0.23000000417232513,0.2199999988079071],"kl_over_time":[[1.9110997584448342e-7,7.717502512605279e-7,2.7563312414713437e-6,7.475201073248172e-6,1.4432209354708903e-5,2.3477765353163704e-5,3.646211189334281e-5,5.127155964146368e-5,6.892949022585526e-5,8.938401151681319e-5,0.00011285657092230394],[3.930910850158398e-7,1.9524557046679547e-6,8.956149940786418e-6,2.6101581170223653e-5,5.543440784094855e-5,9.228776616510004e-5,0.0001360232854494825,0.0001955269108293578,0.0002589514188002795,0.0003349824110046029,0.0004262900911271572],[1.7376403320668032e-6,1.4869468031974975e-5,7.228449976537377e-5,0.0001617677480680868,0.0003091821272391826,0.000522296060808003,0.0007702554576098919,0.0011082291603088379,0.0014280821196734905,0.001858377130702138,0.002295127836987376],[6.136464071460068e-5,0.0001822313788579777,0.0007287377957254648,0.0011550564086064696,0.00252644345164299,0.00349339353851974,0.0046401661820709705,0.005974758882075548,0.007504978217184544,0.009164947085082531,0.011312251910567284],[1.5329336747527122e-5,0.0001210439731949009,0.002148325089365244,0.004866642877459526,0.008228660561144352,0.013697175309062004,0.01743507757782936,0.023069726303219795,0.0280002448707819,0.03266352042555809,0.039312105625867844],[1.3749594472756144e-5,0.0012822294374927878,0.007015237119048834,0.019699953496456146,0.04603492468595505,0.05921049043536186,0.06730460375547409,0.07719014585018158,0.09097682684659958,0.10215702652931213,0.11075332760810852],[0.001751551404595375,0.007954433560371399,0.013318540528416634,0.018238143995404243,0.022967036813497543,0.03787754103541374,0.059024155139923096,0.09888956695795059,0.12804725766181946,0.14061760902404785,0.15723367035388947],[0.0008997891563922167,0.00853013712912798,0.01909659057855606,0.051929160952568054,0.07428325712680817,0.11320669203996658,0.16333787143230438,0.17658843100070953,0.19784747064113617,0.2226746380329132,0.2475631982088089],[6.167992250993848e-5,0.002428632229566574,0.009313005954027176,0.022874074056744576,0.0408359132707119,0.06564172357320786,0.09348861128091812,0.12012187391519547,0.1573411077260971,0.20540393888950348,0.24474698305130005],[0.00019075478485319763,0.0037942854687571526,0.029012348502874374,0.05657637491822243,0.07762295007705688,0.11192969977855682,0.17413264513015747,0.255609393119812,0.35283610224723816,0.37990614771842957,0.41266825795173645],[0.001501058111898601,0.013755261898040771,0.030754094943404198,0.07421363890171051,0.10773050040006638,0.16154618561267853,0.22807253897190094,0.2881070673465729,0.33853569626808167,0.3858351707458496,0.4409160912036896],[0.0029971704352647066,0.008263438940048218,0.015577135607600212,0.05984906479716301,0.12012803554534912,0.20558513700962067,0.2619662284851074,0.335066556930542,0.3886224925518036,0.4265935719013214,0.466586709022522],[0.0021805160213261843,0.018090829253196716,0.03551727160811424,0.055271029472351074,0.09751902520656586,0.1428743600845337,0.21151047945022583,0.2715092599391937,0.32886093854904175,0.36946767568588257,0.430183470249176],[0.0002147052000509575,0.011219863779842854,0.052160006016492844,0.08795089274644852,0.14429667592048645,0.20064696669578552,0.2558629512786865,0.32317355275154114,0.3848039209842682,0.45783278346061707,0.5296887755393982],[0.0020808435510843992,0.014259638264775276,0.02357126586139202,0.0339302122592926,0.05246682092547417,0.07649800181388855,0.09682675451040268,0.12487361580133438,0.15439918637275696,0.1814381182193756,0.21022295951843262],[0.0033719087950885296,0.013723011128604412,0.06286139041185379,0.11447872966527939,0.18509803712368011,0.26315340399742126,0.3353669047355652,0.4171464443206787,0.5108746290206909,0.5810225605964661,0.6945054531097412],[0.0030366729479283094,0.015622910112142563,0.0348270982503891,0.06824002414941788,0.09233249723911285,0.14574694633483887,0.22508159279823303,0.2824297845363617,0.3684576451778412,0.45867887139320374,0.5468321442604065],[0.002034036675468087,0.020311111584305763,0.040951747447252274,0.08572327345609665,0.17510339617729187,0.2683790624141693,0.34568679332733154,0.39635512232780457,0.45399945974349976,0.4808078706264496,0.5233557224273682],[0.0010269831400364637,0.013552159070968628,0.058024682104587555,0.18897053599357605,0.36164599657058716,0.5077177286148071,0.5709857940673828,0.6174992322921753,0.6522790193557739,0.7072849273681641,0.7492191195487976],[0.0015154802240431309,0.015132076106965542,0.04335957393050194,0.077601857483387,0.11572209745645523,0.1692594289779663,0.2249704897403717,0.28483137488365173,0.32844096422195435,0.40410444140434265,0.4635172188282013],[0.0028759753331542015,0.04120290279388428,0.0996832624077797,0.20300014317035675,0.369291216135025,0.4773577153682709,0.5402926802635193,0.595226526260376,0.6772195100784302,0.7358960509300232,0.8026267886161804],[0.0007618920062668622,0.04600955545902252,0.19261111319065094,0.32160675525665283,0.3863224685192108,0.42941778898239136,0.4955308735370636,0.5509870648384094,0.6394737362861633,0.7095834016799927,0.7660343647003174],[0.002876639598980546,0.019451186060905457,0.06383895128965378,0.13075853884220123,0.22979827225208282,0.33892822265625,0.4724966287612915,0.5866891145706177,0.6764159798622131,0.759384274482727,0.9187292456626892],[0.0013515978353098035,0.01630993001163006,0.049613989889621735,0.10157552361488342,0.19868965446949005,0.35613539814949036,0.4616148769855499,0.5705444812774658,0.6510236859321594,0.7512561082839966,0.8509016036987305],[0.011692885309457779,0.03596165031194687,