{"training_accuracy":[0.6299999952316284,0.7699999809265137,0.7599999904632568],"attacked_training_accuracy":[0.4399999976158142,0.44999998807907104,0.4300000071525574],"kl_over_time":[[1.0266522849633475e-6,0.027672210708260536,0.09897241741418839,0.21143566071987152,0.36196109652519226,0.550152599811554,0.788934588432312,1.061919927597046,1.3765751123428345,1.7165557146072388,2.0909759998321533],[5.907134891458554e-6,0.006643751636147499,0.059662893414497375,0.2325453758239746,0.5075469017028809,0.8471056818962097,1.2374317646026611,1.6059216260910034,1.962770938873291,2.3043625354766846,2.659196376800537],[6.322161425487138e-6,0.03050946444272995,0.15246233344078064,0.35364264249801636,0.6097978949546814,0.923486590385437,1.2841688394546509,1.6764620542526245,2.0862131118774414,2.5028412342071533,2.923623561859131]]}