{"training_accuracy":[0.4300000071525574,0.47999998927116394,0.4000000059604645,0.5099999904632568,0.5699999928474426,0.6000000238418579,0.6000000238418579,0.41999998688697815,0.4399999976158142,0.36000001430511475,0.41999998688697815,0.44999998807907104,0.49000000953674316,0.3700000047683716,0.4300000071525574,0.4300000071525574,0.4000000059604645,0.5,0.49000000953674316,0.4399999976158142,0.5400000214576721,0.6299999952316284,0.6299999952316284],"attacked_training_accuracy":[0.4099999964237213,0.4399999976158142,0.5199999809265137,0.33000001311302185,0.46000000834465027,0.5299999713897705,0.4699999988079071,0.46000000834465027,0.38999998569488525,0.25999999046325684,0.3799999952316284,0.28999999165534973,0.4399999976158142,0.3499999940395355,0.28999999165534973,0.3700000047683716,0.27000001072883606,0.44999998807907104,0.3700000047683716,0.3199999928474426,0.25,0.3700000047683716,0.4099999964237213],"kl_over_time":[[1.3128909870374628e-7,3.8216893472053926e-7,5.058373631072755e-7,7.374859478659346e-7,9.448523314858903e-7,1.2248966640981962e-6,1.4700181054649875e-6,2.1260530047584325e-6,2.718924633882125e-6,3.410946419535321e-6,4.367621841083746e-6],[2.692810596727213e-7,8.237605584326957e-7,9.323077279077552e-7,1.1899199989784393e-6,1.5661577208447852e-6,2.027870550591615e-6,2.5280080535594607e-6,3.0902231173968175e-6,3.828437002084684e-6,4.833569164475193e-6,5.822946604894241e-6],[4.915923454973381e-7,1.6118555095090414e-6,2.540232799219666e-6,2.8785289032384753e-6,3.2495677260158118e-6,4.080891358171357e-6,4.726921360997949e-6,5.337727998266928e-6,6.5330204961355776e-6,1.0080905667564366e-5,1.3450736332742963e-5],[2.2362539766618283e-6,5.181033884582575e-6,7.47608237361419e-6,6.954574473638786e-6,1.1499614629428834e-5,1.5876150428084657e-5,2.5300098059233278e-5,3.151159035041928e-5,4.384803105494939e-5,5.6369040976278484e-5,6.638262129854411e-5],[3.589242624002509e-6,1.3222918823885266e-5,1.651539969316218e-5,3.15145225613378e-5,5.144853639649227e-5,7.06753198755905e-5,0.00010691901115933433,0.0001405483781127259,0.00016852650151122361,0.00019869716197717935,0.0002464745775796473],[5.03687579112011e-6,0.0002216023567598313,0.0002610204683151096,0.0007001354242675006,0.0007690388010814786,0.0004885293310508132,0.0006597548490390182,0.0006793196080252528,0.0007727354532107711,0.001060104463249445,0.001338098431006074],[0.00014443835243582726,0.0002889219904318452,0.000915920885745436,0.004448063671588898,0.0038064324762672186,0.007176652550697327,0.009134521707892418,0.011448157019913197,0.014219267293810844,0.01783054880797863,0.022075476124882698],[4.287077535991557e-5,0.0024341887328773737,0.004281443078070879,0.00853653158992529,0.00875597819685936,0.010433151386678219,0.01813318394124508,0.025610551238059998,0.029884424060583115,0.03005163185298443,0.036698706448078156],[2.642028448462952e-5,0.018687654286623,0.010722910985350609,0.021621208637952805,0.014478443190455437,0.02925332449376583,0.035622019320726395,0.036484479904174805,0.04995054006576538,0.05580691248178482,0.04815639927983284],[0.009072649292647839,0.05640435218811035,0.06388863176107407,0.06858069449663162,0.07493679225444794,0.09645248204469681,0.10236796736717224,0.1272510141134262,0.15183143317699432,0.16954553127288818,0.18821631371974945],[2.3826070901122876e-5,0.010218212381005287,0.013055400922894478,0.01614328846335411,0.04528398439288139,0.09337952733039856,0.13444390892982483,0.13826127350330353,0.19948989152908325,0.2433193475008011,0.26546183228492737],[0.011114879511296749,0.024502867832779884,0.07844715565443039,0.09786266833543777,0.12101472914218903,0.19041357934474945,0.20270007848739624,0.30639639496803284,0.3352229595184326,0.34070518612861633,0.4071459174156189],[0.020017778500914574,0.05884448066353798,0.07522288709878922,0.10961169749498367,0.12358568608760834,0.16219983994960785,0.1856217384338379,0.21830333769321442,0.2721349895000458,0.2594570815563202,0.3713516592979431],[3.394587474758737e-5,0.04662294685840607,0.03732920065522194,0.051401443779468536,0.028865639120340347,0.04911280423402786,0.11257462948560715,0.09283913671970367,0.11297579854726791,0.1013403981924057,0.14861983060836792],[5.831914677401073e-5,0.015728158876299858,0.046893160790205,0.0757712572813034,0.07717796415090561,0.14248602092266083,0.11836127191781998,0.2115333527326584,0.2111300230026245,0.3209643065929413,0.36172905564308167],[0.003893129760399461,0.038660258054733276,0.07353834807872772,0.12793782353401184,0.12937220931053162,0.18410316109657288,0.19042250514030457,0.21156476438045502,0.24689361453056335,0.3027973473072052,0.37355294823646545],[0.007696265354752541,0.07447521388530731,0.044064782559871674,0.08169535547494888,0.11379289627075195,0.18185149133205414,0.21117514371871948,0.3110692799091339,0.32883691787719727,0.39490166306495667,0.40634772181510925],[2.7297917768009938e-5,0.014734367839992046,0.04473614692687988,0.14511731266975403,0.1622646152973175,0.2326081097126007,0.27067965269088745,0.3238159120082855,0.4501223564147949,0.4879172444343567,0.5893749594688416],[5.0104041292797774e-5,0.06085923686623573,0.08434227108955383,0.11461516469717026,0.18790309131145477,0.20516657829284668,0.1966298222541809,0.20470388233661652,0.27639639377593994,0.31541910767555237,0.3151512145996094],[0.015687499195337296,0.04284216836094856,0.05680880323052406,0.0801849365234375,0.12161919474601746,0.13624830543994904,0.17801734805107117,0.18106766045093536,0.19227232038974762,0.25704675912857056,0.25079160928726196],[4.376933429739438e-5,0.04228290542960167,0.0793430432677269,0.07869001477956772,0.13256536424160004,0.07704192399978638,0.14992915093898773,0.16664746403694153,0.20269162952899933,0.31924471259117126,0.32291874289512634],[1.9616731151472777e-5,0.060259874910116196,0.11403441429138184,0.10906854271888733,0.09242522716522217,0.13275766372680664,0.1435600370168686,0.1656791865825653,0.3120940625667572,0.366523802280426,0.3794488310813904],[0.00027981624589301646,0.14200012385845184,0.1497240662574768,0.29345667362213135,0.39513617753982544,0.431985080242157,0.5552653670310974,0.5595047473907471,0.6148029565811157,0.666118860244751,0.722572922706604]]}