{"training_accuracy":[0.875],"attacked_training_accuracy":[0.5],"kl_over_time":[[0.000036098041164223105,0.11053304374217987,0.6484683156013489,1.4694448709487915,2.5634255409240723,3.896104574203491,5.211156845092773,6.582829475402832,7.824606895446777,9.133767127990723,10.423148155212402]]}