{"training_accuracy":[0.2199999988079071,0.17000000178813934,0.25999999046325684,0.20000000298023224,0.4000000059604645,0.28999999165534973,0.25999999046325684,0.36000001430511475,0.4099999964237213,0.3400000035762787,0.3499999940395355,0.3799999952316284,0.41999998688697815,0.4399999976158142,0.4099999964237213,0.38999998569488525,0.41999998688697815,0.4399999976158142,0.49000000953674316,0.4300000071525574,0.36000001430511475,0.4000000059604645,0.5299999713897705,0.5,0.6100000143051147,0.5099999904632568,0.49000000953674316,0.5699999928474426,0.5199999809265137,0.5600000023841858,0.5099999904632568,0.49000000953674316,0.6100000143051147,0.5600000023841858,0.5899999737739563,0.5799999833106995,0.5899999737739563,0.5600000023841858,0.5600000023841858,0.5600000023841858],"attacked_training_accuracy":[0.1599999964237213,0.18000000715255737,0.25999999046325684,0.17000000178813934,0.28999999165534973,0.3100000023841858,0.25,0.2199999988079071,0.27000001072883606,0.23999999463558197,0.28999999165534973,0.27000001072883606,0.3799999952316284,0.3100000023841858,0.23999999463558197,0.28999999165534973,0.2800000011920929,0.25,0.3499999940395355,0.28999999165534973,0.25999999046325684,0.20999999344348907,0.4000000059604645,0.3199999928474426,0.3199999928474426,0.30000001192092896,0.3499999940395355,0.3400000035762787,0.36000001430511475,0.33000001311302185,0.27000001072883606,0.3499999940395355,0.3799999952316284,0.33000001311302185,0.38999998569488525,0.3100000023841858,0.25,0.3400000035762787,0.25999999046325684,0.4399999976158142],"kl_over_time":[[4.6130359976359614e-8,1.4463192201219499e-5,7.166287105064839e-5,0.00018409985932521522,0.00035728520015254617,0.0005977084510959685,0.0009110777755267918,0.0013018044410273433,0.0017791694262996316,0.002348223002627492,0.0030224390793591738],[5.607311237554313e-8,2.420867713226471e-5,0.00010419313912279904,0.00023686002532485873,0.00041989958845078945,0.0006494435365311801,0.0009229056304320693,0.0012404025765135884,0.0015993338311091065,0.0019978869240731,0.002447856590151787],[8.986977206859592e-8,3.6299898056313396e-5,0.00016839371528476477,0.0004080882645212114,0.0007571539608761668,0.0012243272503837943,0.0018197714816778898,0.002546468051150441,0.003421326167881489,0.004440661519765854,0.005643025506287813],[1.1491823670439771e-7,2.3143556973082013e-5,0.00011607747001107782,0.00029542463016696274,0.0005632778047583997,0.0009360664989799261,0.0014108833856880665,0.0020219709258526564,0.0027846177108585835,0.0037184469401836395,0.004849689081311226],[1.672010228048748e-7,4.0309587348019704e-5,0.0001891601423267275,0.0004612608172465116,0.0008660058374516666,0.0014212295645847917,0.0021243535447865725,0.0030078517738729715,0.0040656160563230515,0.005347609519958496,0.006822323426604271],[3.543934781191638e-7,3.6434783396543935e-5,0.00018349551828578115,0.00045675100409425795,0.0008710293332114816,0.0014307250967249274,0.0021545288618654013,0.003058245638385415,0.004164361394941807,0.0054858373478055,0.0070625958032906055],[4.5268546955412603e-7,4.292055746191181e-5,0.00024305227270815521,0.0006242771632969379,0.001210967544466257,0.002012948738411069,0.003065349068492651,0.0043465192429721355,0.005922194104641676,0.007792958058416843,0.009996533393859863],[6.566122578988143e-7,3.6495726817520335e-5,0.0002519496192689985,0.0007355545531027019,0.0015179195906966925,0.002622809261083603,0.004084031097590923,0.005901013966649771,0.008159583434462547,0.010866953991353512,0.014138443395495415],[7.444793368449609e-7,6.052900062059052e-5,0.000326920096995309,0.0008885969873517752,0.0017764609074220061,0.003008818021044135,0.004605262074619532,0.006545595824718475,0.008961746469140053,0.011773419566452503,0.014970500022172928],[1.2665976782955113e-6,3.003291567438282e-5,0.00032197212567552924,0.0009909352520480752,0.0020508270245045424,0.003539543366059661,0.005436433479189873,0.007791479118168354,0.010542056523263454,0.013792240060865879,0.017611157149076462],[1.280244305235101e-6,0.00017383780505042523,0.000905541586689651,0.0022074603475630283,0.004178900737315416,0.006680083926767111,0.009759068489074707,0.013480247929692268,0.017631014809012413,0.02240332029759884,0.027843210846185684],[1.895961759146303e-6,0.00030335059273056686,0.0014904269482940435,0.003479370381683111,0.006414609961211681,0.01034932117909193,0.015296520665287971,0.021305622532963753,0.028213853016495705,0.03667997196316719,0.045724790543317795],[3.943102456105407e-6,8.148823690135032e-5,0.00041192854405380785,0.001138807856477797,0.0023262419272214174,0.004073036834597588,0.006414979696273804,0.00936206616461277,0.012959289364516735,0.017443658784031868,0.022641099989414215],[2.6195018563157646e-6,0.00039048530743457377,0.0017311586998403072,0.00422705290839076,0.007632412947714329,0.012124826200306416,0.01776568591594696,0.024648284539580345,0.032553937286138535,0.041783954948186874,0.052092522382736206],[4.636807716451585e-6,0.0005489271716214716,0.0025687783490866423,0.005690132267773151,0.011487040668725967,0.0173342302441597,0.02475009858608246,0.03297269716858864,0.0422794334590435,0.053664691746234894,0.06633429229259491],[4.5272536226548254e-6,0.0006250737351365387,0.003164379857480526,0.006880901753902435,0.011572477407753468,0.017776237800717354,0.025719037279486656,0.03478294238448143,0.045098207890987396,0.05767976492643356,0.07025528699159622],[1.606815385457594e-5,0.0010071565629914403,0.0038698541466146708,0.008729023858904839,0.0152662368491292,0.023504938930273056,0.03392289951443672,0.04663378745317459,0.06193103268742561,0.07890283316373825,0.09808395057916641],[3.466850557742873e-6,0.0006813126383349299,0.0032860564533621073,0.007950865663588047,0.014298087917268276,0.022768577560782433,0.03431226313114166,0.04830293729901314,0.06356382369995117,0.0798180103302002,0.0983811616897583],[5.158226031198865e-6,0.0005119697889313102,0.002876621438190341,0.007897562347352505,0.015165423974394798,0.025404058396816254,0.03807206451892853,0.05458921194076538,0.0735153928399086,0.09481704235076904,0.12022577226161957],[1.3583335203293245e-5,0.0012571901315823197,0.0062734452076256275,0.013036046177148819,0.022837042808532715,0.036221712827682495,0.051186542958021164,0.0695103332400322,0.09188751131296158,0.11682102084159851,0.1451083868741989],[6.383048457792029e-6,0.0004963293322362006,0.0032248266506940126,0.008436608128249645,0.0164076779037714,0.02724463678896427,0.04115961119532585,0.05646504461765289,0.07455930858850479,0.09440256655216217,0.11730405688285828],[5.354030236048857e-6,0.001039927825331688,0.005095706321299076,0.012144740670919418,0.022049617022275925,0.034959178417921066,0.05020827054977417,0.06982232630252838,0.09671243280172348,0.12262138724327087,0.15084674954414368],[5.603669251286192e-6,0.0004799541784450412,0.0028006795328110456,0.007901743054389954,0.01644527167081833,0.027272474020719528,0.04203268140554428,0.06006426364183426,0.0811987966299057,0.10429952293634415,0.13147136569023132],[6.858746928628534e-6,0.001007434562779963,0.005722257774323225,0.014555844478309155,0.027296459302306175,0.04523509368300438,0.06941186636686325,0.09937175363302231,0.1324225217103958,0.1680125743150711,0.2070436179637909],[1.5009053640824277e-5,0.0022168701980262995,0.008323600515723228,0.018162917345762253,0.03218488022685051,0.049562424421310425,0.07421299815177917,0.10095304250717163,0.1314229965209961,0.16972653567790985,0.20727957785129547],[1.3195890460337978e-5,0.0020621460862457752,0.0069276136346161366,0.014811809174716473,0.02537708170711994,0.03847146034240723,0.05532681196928024,0.07980150729417801,0.10970599949359894,0.142621710896492,0.17457596957683563],[1.498832534707617e-5,0.001492412411607802,0.007350194733589888,0.017204301431775093,0.03143373504281044,0.049824703484773636,0.07322690635919571,0.1009518951177597,0.13495594263076782,0.17236663401126862,0.21431919932365417],[1.0326498340873513e-5,0.0012617431348189712,0.008586936630308628,0.02136489562690258,0.03771854192018509,0.05767650529742241,