{"training_accuracy":[0.17000000178813934,0.12999999523162842,0.25,0.2199999988079071,0.33000001311302185,0.3199999928474426,0.23999999463558197,0.3799999952316284,0.36000001430511475,0.3499999940395355,0.41999998688697815,0.44999998807907104,0.44999998807907104,0.33000001311302185,0.3499999940395355,0.4300000071525574,0.3799999952316284,0.44999998807907104,0.5,0.38999998569488525,0.46000000834465027,0.46000000834465027,0.5099999904632568,0.46000000834465027,0.3700000047683716,0.550000011920929,0.47999998927116394,0.4699999988079071,0.4099999964237213,0.46000000834465027,0.5099999904632568,0.49000000953674316,0.5799999833106995,0.5299999713897705,0.5,0.5299999713897705,0.5799999833106995,0.47999998927116394,0.5099999904632568,0.5400000214576721,0.550000011920929,0.6700000166893005,0.5600000023841858,0.5600000023841858,0.6600000262260437,0.5699999928474426,0.5699999928474426,0.5799999833106995,0.550000011920929,0.5799999833106995,0.5299999713897705,0.6200000047683716,0.5899999737739563,0.6600000262260437,0.6399999856948853,0.6600000262260437,0.6600000262260437,0.5899999737739563,0.6000000238418579,0.6499999761581421,0.5299999713897705,0.6700000166893005,0.6200000047683716,0.6700000166893005,0.7300000190734863,0.6100000143051147,0.6600000262260437,0.7200000286102295,0.7200000286102295,0.6399999856948853,0.6600000262260437,0.6299999952316284,0.6200000047683716,0.6600000262260437,0.5899999737739563,0.7200000286102295,0.7200000286102295,0.7099999785423279,0.6600000262260437,0.6200000047683716],"attacked_training_accuracy":[0.10999999940395355,0.07999999821186066,0.18000000715255737,0.11999999731779099,0.25999999046325684,0.1599999964237213,0.18000000715255737,0.27000001072883606,0.2199999988079071,0.3199999928474426,0.3199999928474426,0.27000001072883606,0.20999999344348907,0.25,0.20999999344348907,0.2800000011920929,0.20000000298023224,0.28999999165534973,0.15000000596046448,0.25999999046325684,0.3400000035762787,0.3199999928474426,0.3499999940395355,0.20000000298023224,0.23000000417232513,0.23999999463558197,0.28999999165534973,0.20000000298023224,0.14000000059604645,0.25,0.2800000011920929,0.30000001192092896,0.2800000011920929,0.23999999463558197,0.23999999463558197,0.25999999046325684,0.20999999344348907,0.25,0.23000000417232513,0.20999999344348907,0.15000000596046448,0.25999999046325684,0.25,0.23999999463558197,0.2199999988079071,0.33000001311302185,0.11999999731779099,0.07000000029802322,0.23000000417232513,0.1899999976158142,0.2199999988079071,0.18000000715255737,0.27000001072883606,0.27000001072883606,0.20999999344348907,0.1599999964237213,0.2199999988079071,0.23999999463558197,0.25,0.23999999463558197,0.27000001072883606,0.17000000178813934,0.23000000417232513,0.20999999344348907,0.3400000035762787,0.17000000178813934,0.2800000011920929,0.25999999046325684,0.1599999964237213,0.20999999344348907,0.20000000298023224,0.17000000178813934,0.20000000298023224,0.25999999046325684,0.23999999463558197,0.20000000298023224,0.25,0.20000000298023224,0.23000000417232513,0.2199999988079071],"kl_over_time":[[2.033188819885254,2.0368688106536865,2.0404717922210693,2.044109344482422,2.047487258911133,2.0509610176086426,2.0543625354766846,2.057739019393921,2.060992479324341,2.064126491546631,2.067319393157959],[2.0602147579193115,2.064242362976074,2.0683112144470215,2.072345018386841,2.076608180999756,2.080836772918701,2.0851378440856934,2.0896029472351074,2.0940682888031006,2.098898410797119,2.1037003993988037],[2.0234808921813965,2.0270745754241943,2.0305943489074707,2.0340499877929688,2.037344217300415,2.0408003330230713,2.0439107418060303,2.0471811294555664,2.050421714782715,2.0535342693328857,2.0567774772644043],[2.0390725135803223,2.04410982131958,2.0488204956054688,2.0537095069885254,2.058481454849243,2.0633652210235596,2.0682122707366943,2.0728566646575928,2.0777945518493652,2.0827434062957764,2.0878207683563232],[2.0084712505340576,2.0131585597991943,2.0176773071289062,2.0222153663635254,2.0264015197753906,2.03056001663208,2.034768581390381,2.038693428039551,2.042389154434204,2.0460755825042725,2.0497231483459473],[1.9710464477539062,1.9778203964233398,1.9842772483825684,1.99103844165802,1.9972741603851318,2.0034103393554688,2.009601354598999,2.0156891345977783,2.0212576389312744,2.026716947555542,2.0321550369262695],[2.007575750350952,2.0139482021331787,2.0208640098571777,2.027217149734497,2.033792734146118,2.0405752658843994,2.0474469661712646,2.0542471408843994,2.0612146854400635,2.0684077739715576,2.0760152339935303],[1.944795846939087,1.9537503719329834,1.9624189138412476,1.9709333181381226,1.9792476892471313,1.987581729888916,1.995571255683899,2.003383159637451,2.0112240314483643,2.018733024597168,2.026014804840088],[1.9674707651138306,1.97589111328125,1.9839919805526733,1.9920580387115479,1.9996535778045654,2.007448673248291,2.014495849609375,2.021665334701538,2.029043197631836,2.035891532897949,2.043149471282959],[1.9089058637619019,1.92106032371521,1.9330660104751587,1.9456084966659546,1.9570043087005615,1.9683505296707153,1.979939341545105,1.9910982847213745,2.0020174980163574,2.012481689453125,2.0227749347686768],[1.8358384370803833,1.8491584062576294,1.8625441789627075,1.8762943744659424,1.8891631364822388,1.9020906686782837,1.914884328842163,1.9273607730865479,1.9401096105575562,1.9521605968475342,1.963969111442566],[1.8712986707687378,1.8850291967391968,1.8986576795578003,1.9129557609558105,1.9264991283416748,1.939749002456665,1.9538345336914062,1.9678324460983276,1.9822841882705688,1.9958690404891968,2.0099711418151855],[1.8296258449554443,1.8443081378936768,1.8588862419128418,1.875413179397583,1.8909177780151367,1.9073383808135986,1.9243605136871338,1.9414730072021484,1.9590704441070557,1.9771982431411743,1.9965394735336304],[1.8780590295791626,1.8921849727630615,1.907160758972168,1.923460841178894,1.9403741359710693,1.956798791885376,1.9736154079437256,1.989839792251587,2.0075395107269287,2.024674654006958,2.0423996448516846],[1.814374327659607,1.8294190168380737,1.8464747667312622,1.8639659881591797,1.879496693611145,1.8981853723526,1.9170001745224,1.9358456134796143,1.9565080404281616,1.9766576290130615,1.996454119682312],[1.7679952383041382,1.7861881256103516,1.8041998147964478,1.8218705654144287,1.8388630151748657,1.8568133115768433,1.8753684759140015,1.8923074007034302,1.909722089767456,1.9274452924728394,1.9445476531982422],[1.8139686584472656,1.8329647779464722,1.84951913356781,1.8676515817642212,1.886659860610962,1.9072710275650024,1.9281482696533203,1.9527571201324463,1.9754832983016968,2.0010523796081543,2.026848316192627],[1.6895686388015747,1.7119262218475342,1.7351409196853638,1.7568405866622925,1.7791874408721924,1.8010958433151245,1.824851393699646,1.8494678735733032,1.8749842643737793,1.90146803855896,1.9287210702896118],[1.7016881704330444,1.7273578643798828,1.7559325695037842,1.783747673034668,1.8155852556228638,1.8514407873153687,1.8839298486709595,1.9182299375534058,1.9513715505599976,1.9884613752365112,2.0191421508789062],[1.7203110456466675,1.7443958520889282,1.7686258554458618,1.7952836751937866,1.8197376728057861,1.8440295457839966,1.8684399127960205,1.89023756980896,1.912462830543518,1.9368090629577637,1.9598802328109741],[1.6726510524749756,1.6937354803085327,1.7164100408554077,1.7390090227127075,1.7613569498062134,1.7850000858306885,1.808741569519043,1.8348830938339233,1.8634001016616821,1.8900656700134277,1.9191941022872925],[1.6466203927993774,1.6720818281173706,1.6962299346923828,1.7216033935546875,1.7482705116271973,1.7732243537902832,1.799717664718628,1.8257269859313965,1.8521698713302612,1.883708119392395,1.9110254049301147],[1.5471267700195312,1.5764614343643188,1.6059379577636719,1.6368658542633057,1.668454885482788,1.701834797859192,1.7348806858062744,1.7676454782485962,1.803356647491455,1.836327314376831,1.8714548349380493],[1.6221064329147339,1.652695894241333,1.6873114109039307,1.7238938808441162,1.7663695812225342,1.8155966997146606,1.8674834966659546,1.9209959506988525,1.9794565439224243,