{"training_accuracies":[0.4399999976158142,0.3199999928474426,0.41999998688697815,0.20999999344348907,0.28999999165534973,0.25999999046325684,0.2800000011920929,0.23999999463558197,0.27000001072883606,0.20999999344348907,0.3100000023841858,0.25999999046325684,0.27000001072883606,0.4000000059604645,0.2199999988079071,0.3100000023841858,0.20000000298023224,0.27000001072883606,0.1428571492433548,0.28999999165534973,0.27000001072883606,0.23999999463558197,0.2800000011920929,0.1899999976158142,0.3199999928474426,0.25,0.23000000417232513,0.28999999165534973,0.25999999046325684,0.3499999940395355,0.20000000298023224,0.38999998569488525,0.3100000023841858,0.36000001430511475,0.44999998807907104,0.33000001311302185,0.4000000059604645,0.6428571343421936,0.44999998807907104,0.4000000059604645],"attacked_training_accuracies":[0.20000000298023224,0.25999999046325684,0.27000001072883606,0.20000000298023224,0.3199999928474426,0.20999999344348907,0.2800000011920929,0.23999999463558197,0.27000001072883606,0.20999999344348907,0.30000001192092896,0.25999999046325684,0.33000001311302185,0.30000001192092896,0.23000000417232513,0.3199999928474426,0.20000000298023224,0.28999999165534973,0.2142857164144516,0.30000001192092896,0.30000001192092896,0.25,0.2800000011920929,0.1899999976158142,0.3400000035762787,0.25,0.25,0.27000001072883606,0.3100000023841858,0.3199999928474426,0.20999999344348907,0.3499999940395355,0.3499999940395355,0.44999998807907104,0.44999998807907104,0.4399999976158142,0.4300000071525574,0.6428571343421936,0.3799999952316284,0.3799999952316284],"kl_over_time":[[3.2873455779736105e-7,3.9500881143794686e-7,4.623628626632126e-7,5.775606837232772e-7,6.62421996366902e-7,7.737102691862674e-7,9.10550056687498e-7,0.000001056301357493794,0.0000012367477211228106,0.0000013418700746115064,0.0000016014184893720085],[4.7522820523226983e-7,5.35833180492773e-7,5.751118123953347e-7,7.312078764698526e-7,9.461726904191892e-7,0.0000011810118394350866,0.0000014639782648373512,0.0000018275812863066676,0.0000021892642507737037,0.0000025513268155918922,0.000002977145413751714],[9.858226803771686e-7,0.0000013890766012991662,0.0000015739244645374129,0.0000021354437649279134,0.0000025755123260751134,0.000003425585418881383,0.000003739793555723736,0.00000461462332168594,0.000005911778316658456,0.000006905889677000232,0.0000084186294770916],[0.000001934889496624237,0.000002609456259961007,0.000003214546040908317,0.0000032236437164101517,0.000004098978479305515,0.000004907293259748258,0.000005370035069063306,0.00000628734051133506,0.0000063103852880885825,0.000007460969300154829,0.000008352836630365346],[0.0000076150213317305315,0.000007870133231335785,0.000009364091965835541,0.000010713934898376465,0.000015206865100481082,0.0000196836881514173,0.00002189008955610916,0.00002524293631722685,0.00003095733336522244,0.0000318290876748506,0.000030225566661101766],[0.000004813183295482304,0.00000546097498954623,0.000004715981503977673,0.0000063842312556516845,0.000008680830433149822,0.000009821669664233923,0.00000885236840986181,0.000011889502275153063,0.000012855105524067767,0.000015013684787845705,0.000017236967323697172],[0.000004294486188882729,0.000004700975296145771,0.0000054299039220495615,0.000005594978574663401,0.000006474594556493685,0.000007105989880074048,0.000008307781172334217,0.000009407902325619943,0.000011169665413035545,0.000013417823538475204,0.000014988393559178803],[0.000007289141649380326,0.000008537463145330548,0.000010475050657987595,0.000010344798283767886,0.000012059851542289834,0.000014023019502928946,0.000017132990251411684,0.000021809109966852702,0.000024008275431697257,0.00002722172939684242,0.000030440180125879124],[0.000007896361239545513,0.000008459635864710435,0.000010211696462647524,0.000012392712051223498,0.000014721994375577196,0.000020828936612815596,0.000027036214305553585,0.00003439459396759048,0.0000409350723202806,0.000046604520321125165,0.000056525364925619215],[0.00001203247120429296,0.000011491873010527343,0.00001371879807265941,0.000013087059414829127,0.00001624829019419849,0.000017058939192793332,0.000023125065126805566,0.00002498920184734743,0.000030425744625972584,0.000032259689760394394,0.00003355590160936117],[0.00001033793614624301,0.000011421775525377598,0.000012581333976413589,0.000015227859876176808,0.000022293404981610365,0.000030397613954846747,0.000034141368814744055,0.00004852876008953899,0.0000530145043740049,0.00006529709207825363,0.00007572267350042239],[0.000013184107046981808,0.00001207923014590051,0.00001462109594285721,0.000016785166735644452,0.00001529190740257036,0.00002256544576084707,0.000029793427529511973,0.000027024596420233138,0.000026395529857836664,0.000034604676329763606,0.00004469023406272754],[0.000017151673091575503,0.00002257130472571589,0.000021293819372658618,0.000018197722965851426,0.000020747451344504952,0.000022153835743665695,0.000025710081899887882,0.000025994870156864636,0.00003484236367512494,0.00003547183587215841,0.00003582752833608538],[0.000012970743227924686,0.000018008428014582023,0.000019035138393519446,0.00002300103187735658,0.000024633183784317225,0.000027125603082822636,0.00003025636942766141,0.00003999723412562162,0.00004135302151553333,0.00005043362034484744,0.00005922377749811858],[0.000013184821909817401,0.000017086837033275515,0.000023677965145907365,0.000025177429051836953,0.00003270500019425526,0.000027288528144708835,0.00003806060703936964,0.0000454501059721224,0.00005037531445850618,0.00005928425525780767,0.00006097808000049554],[0.000019731043721549213,0.0000209050158446189,0.00002071621929644607,0.0000252866175287636,0.000025333132725791074,0.00002613373362692073,0.000027874195438926108,0.00004159598029218614,0.00003988026946899481,0.0000508514312969055,0.00006925098568899557],[0.00002247308293590322,0.00002682033482415136,0.000034632135793799534,0.00003103095878032036,0.000042579245928209275,0.000045564782340079546,0.00005593578680418432,0.00005435102139017545,0.000049441136070527136,0.00007190241012722254,0.00008193062240025029],[0.000026441899535711855,0.000023654049073229544,0.000023862339730840176,0.000024740194930927828,0.00004238439578330144,0.000051924187573604286,0.00006639635103056207,0.00008476447692373767,0.00009913364192470908,0.0001229903136845678,0.0001316043926635757],[0.00003739483508979902,0.00003520299287629314,0.00004266003816155717,0.00004308638381189667,0.00004691557114711031,0.00004188961975160055,0.00004919008642900735,0.000053730025683762506,0.00005685524229193106,0.00006340798427117988,0.00008555871318094432],[0.00003087487129960209,0.00003781582563533448,0.00003583146462915465,0.000038442929508164525,0.00003434795144130476,0.00003354205910000019,0.000047633398935431615,0.0000444840952695813,0.00004710592111223377,0.00004886368697043508,0.00006425068568205461],[0.00002817005770339165,0.00002898098864534404,0.00003966288568335585,0.000035429897252470255,0.00003283712067059241,0.00003835229654214345,0.000042515999666647986,0.00003822953294729814,0.00003500622187857516,0.000043936746806139126,0.000049282713007414714],[0.00004368988811620511,0.00006018296335241757,0.00003817691685981117,0.00004862420246354304,0.00006198976188898087,0.00004932326919515617,0.00007160448876675218,0.000059876590967178345,0.00006157009192975238,0.00008322821668116376,0.00008699744648765773],[0.00016560751828365028,0.00019156993948854506,0.00020935878274030983,0.00023604392481502146,0.0002450417960062623,0.00024335163470823318,0.0001666657190071419,0.000153332541231066,0.00020762838539667428,0.00023286363284569234,0.00025683073909021914],[0.0002986114704981446,0.0002821901871357113,0.0003008255735039711,0.00027142613544128835,0.0004401214246172458,0.00035786631633527577,0.00022130832076072693,0.00038262768066488206,0.00044362281914800406,0.0003657021152321249,0.00037484115455299616],[0.00012895590043626726,0.00013215267972555012,0.00011773603910114616,0.00015190368867479265,0.0001418249012203887,0.00014551669300999492,0.00011846969573525712,0.00015470039215870202,