{"training_accuracy":[0.41999998688697815,0.4000000059604645,0.4300000071525574,0.47999998927116394,0.4399999976158142,0.5899999737739563,0.5699999928474426,0.6399999856948853,0.5799999833106995,0.550000011920929,0.699999988079071],"attacked_training_accuracy":[0.18000000715255737,0.20000000298023224,0.18000000715255737,0.28999999165534973,0.11999999731779099,0.33000001311302185,0.4099999964237213,0.3400000035762787,0.3199999928474426,0.27000001072883606,0.3499999940395355],"kl_over_time":[[5.177890216145897e-6,0.04611391946673393,0.1666523516178131,0.36200904846191406,0.6171050071716309,0.8952666521072388,1.2296733856201172,1.6507339477539062,2.176640510559082,2.640706777572632,3.0277950763702393],[1.9631925169960596e-6,0.06489147990942001,0.20159003138542175,0.4184103310108185,0.6741878986358643,0.8924340009689331,0.9924207329750061,1.2287315130233765,1.4864559173583984,1.8558199405670166,2.2166402339935303],[2.436750264678267e-6,0.0522628091275692,0.18656989932060242,0.2995545268058777,0.4694378674030304,0.7014397978782654,0.8625245690345764,0.9677717089653015,1.1732337474822998,1.4076507091522217,1.596649169921875],[5.566822437685914e-6,0.0559481717646122,0.17418871819972992,0.3042806088924408,0.49010583758354187,0.7268139719963074,0.8890278339385986,1.1165413856506348,1.3519428968429565,1.7127928733825684,2.144162893295288],[1.3915620229454362e-6,0.06482501327991486,0.14426001906394958,0.26813021302223206,0.43247443437576294,0.6224995851516724,0.7028563022613525,0.8743941187858582,1.0411545038223267,1.2728298902511597,1.4445910453796387],[1.6721394331398187e-6,0.05924104526638985,0.18049655854701996,0.22251662611961365,0.36280906200408936,0.4762507975101471,0.5743972063064575,0.7539704442024231,0.9766034483909607,1.1243339776992798,1.2852625846862793],[7.992216524144169e-6,0.04660937190055847,0.1024412289261818,0.2084798961877823,0.2888339161872864,0.3925739824771881,0.4166325330734253,0.6007441282272339,0.6864491105079651,0.8477663993835449,1.0213935375213623],[1.9106742001895327e-6,0.04121933877468109,0.13515043258666992,0.2656390368938446,0.4092939794063568,0.5383096933364868,0.7047562003135681,0.9188380241394043,1.0868078470230103,1.2624685764312744,1.4812970161437988],[2.004173893510597e-6,0.03163371607661247,0.10663175582885742,0.18682387471199036,0.21661898493766785,0.26215022802352905,0.4203822910785675,0.5182098150253296,0.7238076329231262,0.8076887130737305,0.9662284851074219],[1.2649729796976317e-6,0.018619155511260033,0.0849359780550003,0.13768760859966278,0.27248018980026245,0.4272926151752472,0.6222854256629944,0.6774500012397766,0.8564106822013855,1.0551103353500366,1.222271203994751],[2.5315521270385943e-6,0.029759511351585388,0.10746218264102936,0.15854212641716003,0.23913557827472687,0.3366030752658844,0.4300650358200073,0.5450528860092163,0.6770679950714111,0.8397665023803711,1.0098141431808472]]}