{"training_accuracy":[0.6399999856948853],"attacked_training_accuracy":[0.3700000047683716],"kl_over_time":[[1.1485741424621665e-6,0.02651817537844181,0.10304563492536545,0.23265677690505981,0.4197600781917572,0.6761581301689148,1.0308470726013184,1.4530715942382812,1.947660207748413,2.478520393371582,3.037156820297241]]}