{"training_accuracy":[0.6499999761581421],"attacked_training_accuracy":[0.07999999821186066],"kl_over_time":[[5.735034392273519e-6,0.5022345781326294,2.345712423324585,3.4998104572296143,4.620619297027588,5.654286861419678,6.61354923248291,7.556131362915039,8.63436508178711,9.764562606811523,10.921936988830566]]}