{"training_accuracy":[0.27000001072883606,0.38999998569488525,0.4399999976158142,0.4699999988079071,0.5400000214576721,0.5299999713897705,0.5099999904632568,0.4399999976158142,0.6299999952316284,0.5899999737739563,0.5600000023841858,0.550000011920929,0.5699999928474426,0.5899999737739563,0.5,0.6399999856948853,0.5199999809265137,0.6200000047683716,0.6299999952316284,0.6600000262260437,0.5899999737739563,0.6100000143051147,0.6399999856948853,0.699999988079071,0.6399999856948853,0.6200000047683716,0.5600000023841858,0.6600000262260437,0.75,0.6399999856948853,0.6200000047683716,0.7400000095367432,0.550000011920929,0.7699999809265137,0.6600000262260437,0.7200000286102295,0.6800000071525574,0.7699999809265137,0.6600000262260437,0.699999988079071,0.5899999737739563,0.6899999976158142,0.6499999761581421,0.7300000190734863,0.6499999761581421,0.6499999761581421,0.6899999976158142],"attacked_training_accuracy":[0.20000000298023224,0.25999999046325684,0.30000001192092896,0.27000001072883606,0.3100000023841858,0.3199999928474426,0.25999999046325684,0.3199999928474426,0.46000000834465027,0.30000001192092896,0.33000001311302185,0.3100000023841858,0.33000001311302185,0.4399999976158142,0.28999999165534973,0.30000001192092896,0.4099999964237213,0.38999998569488525,0.4000000059604645,0.3400000035762787,0.3499999940395355,0.36000001430511475,0.23999999463558197,0.23000000417232513,0.4000000059604645,0.3100000023841858,0.3199999928474426,0.2199999988079071,0.30000001192092896,0.3400000035762787,0.46000000834465027,0.38999998569488525,0.17000000178813934,0.3700000047683716,0.27000001072883606,0.3799999952316284,0.36000001430511475,0.3100000023841858,0.3499999940395355,0.3700000047683716,0.25,0.33000001311302185,0.27000001072883606,0.17000000178813934,0.4000000059604645,0.4699999988079071,0.3499999940395355],"kl_over_time":[[1.0361312661189004e-6,0.0012095902347937226,0.005104068201035261,0.011680344119668007,0.020554857328534126,0.03145802393555641,0.04397149011492729,0.05764475092291832,0.07212648540735245,0.08770152181386948,0.10375083982944489],[5.0406551963533275e-6,0.0010596971260383725,0.005779537837952375,0.014547069557011127,0.027857162058353424,0.04586807265877724,0.06846482306718826,0.09625940024852753,0.12945276498794556,0.16827186942100525,0.21363157033920288],[6.8788681346632075e-6,0.002031386364251375,0.009312809444963932,0.02215507999062538,0.04072435945272446,0.06387578696012497,0.09307091683149338,0.12800855934619904,0.16800212860107422,0.21268649399280548,0.2622542381286621],[1.2596065062098205e-5,0.004626799374818802,0.02316582202911377,0.055180370807647705,0.0990125983953476,0.15344949066638947,0.2172725647687912,0.29095813632011414,0.376577764749527,0.4729536473751068,0.5776122212409973],[2.0258543372619897e-5,0.0039064777083694935,0.01820896379649639,0.04381834715604782,0.08003906160593033,0.13068774342536926,0.1940072625875473,0.2710724174976349,0.3638075888156891,0.4700561463832855,0.5887997150421143],[1.984423397516366e-5,0.008028811775147915,0.03627326712012291,0.08022527396678925,0.13805030286312103,0.21248561143875122,0.30174386501312256,0.40080368518829346,0.5138644576072693,0.6410577297210693,0.7655084729194641],[2.347439294680953e-5,0.005185204558074474,0.02716377191245556,0.06764491647481918,0.13067857921123505,0.21990442276000977,0.3274266719818115,0.4519190788269043,0.5923217535018921,0.7463600039482117,0.915870189666748],[3.852076770272106e-5,0.008362889289855957,0.03778731822967529,0.08384588360786438,0.14286170899868011,0.21223437786102295,0.2899266481399536,0.37831488251686096,0.475340336561203,0.5707613825798035,0.6844602823257446],[2.7117430363432504e-5,0.016587959602475166,0.06677579134702682,0.14688695967197418,0.2607804834842682,0.3956294059753418,0.5507336854934692,0.7076302766799927,0.8679530024528503,1.0210516452789307,1.158920168876648],[4.669664485845715e-5,0.006189193110913038,0.029277734458446503,0.07215148955583572,0.1336641162633896,0.21623890101909637,0.31491485238075256,0.4299624562263489,0.5609096884727478,0.7013949155807495,0.8601495027542114],[4.39935211034026e-5,0.009019850753247738,0.04238705709576607,0.10739385336637497,0.19972266256809235,0.32077714800834656,0.46988868713378906,0.6396948099136353,0.8315078616142273,1.0351239442825317,1.2521913051605225],[4.3061580072389916e-5,0.008626554161310196,0.042858634144067764,0.10589280724525452,0.20023223757743835,0.3196146786212921,0.4649792015552521,0.6330428719520569,0.8130599856376648,1.0110336542129517,1.2202965021133423],[4.280928988009691e-5,0.01948217675089836,0.06909436732530594,0.14074480533599854,0.22497627139091492,0.3180891275405884,0.4293610155582428,0.5543220639228821,0.695958137512207,0.8489277958869934,1.0075407028198242],[2.2654257918475196e-5,0.004213680513203144,0.028026819229125977,0.07686805725097656,0.14894144237041473,0.24612770974636078,0.37884703278541565,0.561627984046936,0.7708438038825989,0.9997115731239319,1.2348194122314453],[4.9217276682611555e-5,0.017102248966693878,0.10687793791294098,0.26098576188087463,0.45126187801361084,0.6681314706802368,0.8410813212394714,1.0449352264404297,1.2832379341125488,1.5522582530975342,1.8347852230072021],[7.644887955393642e-5,0.008702709339559078,0.04914286360144615,0.13290837407112122,0.24713434278964996,0.403312623500824,0.5929524302482605,0.822130560874939,1.0711309909820557,1.3332439661026,1.6218838691711426],[7.343475590460002e-5,0.015246429480612278,0.07988949120044708,0.2022542655467987,0.4082958996295929,0.6389367580413818,0.879683792591095,1.0916334390640259,1.2676496505737305,1.46314537525177,1.6670098304748535],[4.6041037421673536e-5,0.008911865763366222,0.05157734453678131,0.13329818844795227,0.251083105802536,0.39654776453971863,0.5705390572547913,0.7654284238815308,0.9841349720954895,1.2216118574142456,1.4769681692123413],[4.6240656956797466e-5,0.007874869741499424,0.04174582287669182,0.110137440264225,0.21684390306472778,0.38968539237976074,0.6905735731124878,1.0643435716629028,1.462638258934021,1.7898101806640625,2.065498113632202],[7.300906872842461e-5,0.017162203788757324,0.10316619277000427,0.3371468782424927,0.7089508175849915,1.1373399496078491,1.4087127447128296,1.6240054368972778,1.8474191427230835,2.086423873901367,2.3571085929870605],[7.860118057578802e-5,0.010420700535178185,0.057842228561639786,0.14957281947135925,0.28721362352371216,0.4861462414264679,0.7367900013923645,1.02763032913208,1.357216715812683,1.6974315643310547,2.032036781311035],[7.953210297273472e-5,0.011046385392546654,0.05377865210175514,0.13077640533447266,0.25888052582740784,0.44022849202156067,0.6950047612190247,0.9779082536697388,1.240379810333252,1.4819222688674927,1.7266085147857666],[6.811410275986418e-5,0.010915624909102917,0.06658206135034561,0.18556968867778778,0.36684438586235046,0.6123731732368469,0.9115069508552551,1.262737512588501,1.6623345613479614,2.0947155952453613,2.5333409309387207],[8.476718357997015e-5,0.02706366404891014,0.11869587749242783,0.2788488566875458,0.4944297969341278,0.7813273668289185,1.134716510772705,1.5315355062484741,1.972497820854187,2.4401051998138428,2.9043331146240234],[0.0004511255247052759,0.020426740869879723,0.08437421917915344,0.1947680413722992,0.3616087734699249,0.5847259163856506,0.86012202501297,1.1803991794586182,1.5462697744369507,1.9448673725128174,2.362436056137085],[0.0001552623143652454,0.011558589525520802,0.062279634177684784,0.151000514626503,0.3016212284564972,0.5097191333770752,0.7878559827804565,1.1280320882797241,1.5269945859909058,1.9522085189819336,2.405195474624634],[9.69019893091172e-5,0.03159535303711891,0.12968699634075165,0.284427672624588,0.4988102614879608,0.7677781581878662,1.090135931968689,1.4398846626281738,1.8153834342956543,2.2173309326171875,2.613945245742798],[0.00011568890477064997,0.017197679728269577,0.1116461381316185,0.2789130210876465,0.5182601809501648,0.8547189831733704,1.2874728441238403,1.8570525646209717,2.4637291431427,2.9323155879974365,3.40533447265625],[6.247212149901316e-5,0.007689943537116051,