{"training_accuracy":[0.6399999856948853,0.7799999713897705,0.699999988079071,0.7799999713897705,0.7300000190734863,0.7200000286102295,0.7599999904632568],"attacked_training_accuracy":[0.15000000596046448,0.20000000298023224,0.27000001072883606,0.17000000178813934,0.15000000596046448,0.30000001192092896,0.12999999523162842],"kl_over_time":[[2.534111217755708e-6,0.3096869885921478,1.043628215789795,1.8767248392105103,2.68524169921875,3.4662399291992188,4.14801025390625,4.610957622528076,5.012580871582031,5.494849681854248,5.896511077880859],[1.9584206256695325e-6,0.2678818702697754,0.9837074279785156,1.8941090106964111,2.6713786125183105,3.4863831996917725,4.243320941925049,4.988489151000977,5.597621917724609,6.07952356338501,6.529016017913818],[1.5666553281334927e-6,0.2811290919780731,0.8885631561279297,1.760205626487732,2.6650240421295166,3.3669629096984863,4.061464786529541,4.579744338989258,5.150086402893066,5.528872966766357,5.942038536071777],[1.53020346260746e-6,0.2500298023223877,1.0127748250961304,1.9941649436950684,2.856995105743408,3.393340587615967,4.120373249053955,4.6554856300354,5.155562400817871,5.604763507843018,6.153268337249756],[1.5048551631480223e-6,0.17662078142166138,0.7111944556236267,1.3997024297714233,2.165445327758789,2.9588654041290283,3.8094701766967773,4.633917331695557,5.318759441375732,5.981125354766846,6.504311561584473],[1.0581653668850777e-6,0.17286111414432526,0.4750622510910034,1.0646106004714966,1.7369149923324585,2.442232370376587,3.0878894329071045,3.712266683578491,4.278895854949951,4.800841331481934,5.1958231925964355],[6.328387485154963e-7,0.18488702178001404,0.7404260039329529,1.1553258895874023,1.9463304281234741,2.7428483963012695,3.6432039737701416,4.533890724182129,5.498798847198486,6.372624397277832,7.285092830657959]]}