{"training_accuracy":[0.2800000011920929,0.3100000023841858,0.25999999046325684,0.2800000011920929],"attacked_training_accuracy":[0.28999999165534973,0.33000001311302185,0.2800000011920929,0.4000000059604645],"kl_over_time":[[9.943127565748e-8,4.365776021586498e-6,2.1170551917748526e-5,5.126417818246409e-5,9.46287254919298e-5,0.00015304492262657732,0.00022780257859267294,0.0003263860126025975,0.00044265383621677756,0.0005910305771976709,0.0007714818348176777],[1.0816634699040151e-7,5.763797616964439e-6,2.4425549781881273e-5,5.6468885304639116e-5,0.00010309945355402306,0.00016595890338066965,0.0002458424132782966,0.0003500667808111757,0.00048065188457258046,0.0006400258862413466,0.0008383828680962324],[1.0901111124894669e-7,4.752231234306237e-6,2.146074257325381e-5,5.2068498916924e-5,9.711593156680465e-5,0.00016006488294806331,0.0002406443963991478,0.00034571788273751736,0.00047497570631094277,0.0006416794494725764,0.0008478474337607622],[1.0800461325288779e-7,4.651257768273354e-6,2.2919868570170365e-5,5.477391823660582e-5,0.00010238619142910466,0.00016721905558370054,0.00025003813789226115,0.0003545074723660946,0.0004819848691113293,0.0006415793905034661,0.0008342645596712828]]}