{"training_accuracy":[0.38999998569488525],"attacked_training_accuracy":[0.10999999940395355]}