{"training_accuracy":[0.17000000178813934,0.1599999964237213,0.1899999976158142],"attacked_training_accuracy":[0.1599999964237213,0.14000000059604645,0.15000000596046448],"kl_over_time":[[5.7082523596818646e-8,1.7515323634142987e-5,8.563294977648184e-5,0.0002152722590835765,0.0004131663590669632,0.0006838150438852608,0.0010504609672352672,0.001505816588178277,0.0020888682920485735,0.002812011167407036,0.003699125023558736],[6.556709308824793e-8,1.3984739780426025e-5,7.445760275004432e-5,0.00019476570014376193,0.0003788579488173127,0.0006449070642702281,0.000992230256088078,0.0014391302829608321,0.0019993369933217764,0.002686041174456477,0.003535936353728175],[5.1459640104667415e-8,1.1820246072602458e-5,5.4049320169724524e-5,0.00013468231190927327,0.00024819085956551135,0.0003985640942119062,0.0005735974409617484,0.0007776647689752281,0.001004187623038888,0.0012487510684877634,0.0015113962581381202]]}