{"training_accuracy":[0.6200000047683716],"attacked_training_accuracy":[0.46000000834465027],"kl_over_time":[[5.0481684610304e-8,0.0008636235725134611,0.0019678096286952496,0.003836459945887327,0.006203053053468466,0.008164705708622932,0.01063879206776619,0.013292670249938965,0.016948208212852478,0.021148545667529106,0.026222772896289825]]}