{"training_accuracy":[0.2199999988079071,0.17000000178813934,0.25,0.18000000715255737,0.3499999940395355,0.3499999940395355,0.28999999165534973,0.33000001311302185,0.41999998688697815,0.3100000023841858,0.36000001430511475],"attacked_training_accuracy":[0.1599999964237213,0.1899999976158142,0.12999999523162842,0.17000000178813934,0.27000001072883606,0.15000000596046448,0.20999999344348907,0.18000000715255737,0.1899999976158142,0.1899999976158142,0.2199999988079071],"kl_over_time":[[2.212922026956221e-6,0.0004210697370581329,0.001678270404227078,0.0038909518625587225,0.0071623846888542175,0.01166908722370863,0.017566826194524765,0.02502836100757122,0.03430971875786781,0.04553744196891785,0.05905749276280403],[3.001899358423543e-6,0.0003016798000317067,0.0011361081851646304,0.002518552588298917,0.004493463784456253,0.007131170481443405,0.010544568300247192,0.014842359349131584,0.020176274701952934,0.026681814342737198,0.03454136848449707],[1.2490747849369654e-6,0.0002474478678777814,0.0009225309477187693,0.0020088148303329945,0.003493363270536065,0.005373700521886349,0.007677277084439993,0.010443654842674732,0.013715286739170551,0.017583023756742477,0.02210298925638199],[1.3526065458790981e-6,0.00017928257875610143,0.0007073393207974732,0.0016011059051379561,0.0028968178667128086,0.004636786878108978,0.0068748281337320805,0.009672094136476517,0.01309482753276825,0.01721177063882351,0.0221389289945364],[2.1438788735395065e-6,0.00017383597150910646,0.0006297914660535753,0.0013682517455890775,0.0023819939233362675,0.00368677731603384,0.005309360101819038,0.0072673289105296135,0.009592477232217789,0.01236491184681654,0.015585791319608688],[3.6936328342562774e-6,0.00021270041179377586,0.0007755000842735171,0.0017210959922522306,0.003080375026911497,0.004872318357229233,0.007155659608542919,0.009967019781470299,0.013387637212872505,0.01749712973833084,0.022320065647363663],[4.3796612771984655e-6,0.0002155419351765886,0.0007973042665980756,0.001802094397135079,0.003241505241021514,0.005167163908481598,0.007587296888232231,0.010597867891192436,0.014146917499601841,0.018394462764263153,0.023340916261076927],[3.8875159589224495e-6,0.0002492995117790997,0.0010012272978201509,0.0023180495481938124,0.004231372382491827,0.006811696570366621,0.010136384516954422,0.014250325970351696,0.019246423617005348,0.025311363860964775,0.032437775284051895],[4.411132067616563e-6,0.0001888052502181381,0.0007704957970418036,0.0018016580725088716,0.003354602726176381,0.005370279308408499,0.00789361447095871,0.010947534814476967,0.014593969099223614,0.01891697198152542,0.023871326819062233],[5.891330147278495e-6,0.0002610469236969948,0.001064577023498714,0.002485200297087431,0.004617846105247736,0.007593175396323204,0.011552168987691402,0.016617590561509132,0.022856758907437325,0.030513839796185493,0.0395432747900486],[5.614006568066543e-6,0.0002986301842611283,0.0013108011335134506,0.003312396351248026,0.006385969463735819,0.010317239910364151,0.015001844614744186,0.021389486268162727,0.02927536889910698,0.03744793310761452,0.04675823077559471]]}