{"training_accuracy":[0.2199999988079071,0.17000000178813934,0.3100000023841858,0.20999999344348907,0.4099999964237213,0.2800000011920929,0.2800000011920929,0.3499999940395355,0.46000000834465027,0.3499999940395355,0.3700000047683716,0.3700000047683716,0.4300000071525574,0.46000000834465027,0.38999998569488525,0.4099999964237213,0.4699999988079071,0.4699999988079071,0.49000000953674316,0.4399999976158142,0.4300000071525574,0.41999998688697815,0.49000000953674316,0.47999998927116394,0.5899999737739563,0.4300000071525574,0.5699999928474426,0.5400000214576721,0.6399999856948853,0.6399999856948853,0.6000000238418579,0.5299999713897705,0.5600000023841858,0.5199999809265137,0.6499999761581421,0.6100000143051147,0.4699999988079071,0.5400000214576721,0.6600000262260437,0.6600000262260437],"attacked_training_accuracy":[0.2199999988079071,0.17000000178813934,0.20999999344348907,0.1599999964237213,0.27000001072883606,0.33000001311302185,0.33000001311302185,0.30000001192092896,0.20000000298023224,0.25999999046325684,0.2800000011920929,0.30000001192092896,0.3499999940395355,0.27000001072883606,0.36000001430511475,0.3199999928474426,0.3700000047683716,0.3499999940395355,0.28999999165534973,0.30000001192092896,0.2199999988079071,0.3499999940395355,0.41999998688697815,0.25999999046325684,0.38999998569488525,0.2199999988079071,0.2800000011920929,0.38999998569488525,0.4399999976158142,0.3400000035762787,0.41999998688697815,0.33000001311302185,0.3700000047683716,0.3100000023841858,0.3100000023841858,0.3700000047683716,0.28999999165534973,0.2800000011920929,0.5199999809265137,0.25999999046325684],"kl_over_time":[[4.2260158039653106e-8,1.6709282135707326e-5,8.256892760982737e-5,0.00020397189655341208,0.00039423396810889244,0.0006582101923413575,0.0010112616000697017,0.0014512845082208514,0.0019996771588921547,0.002659775549545884,0.003445926122367382],[6.155825360565359e-8,1.2405370398482773e-5,6.0233309341128916e-5,0.0001447684335289523,0.0002644587366376072,0.0004211514606140554,0.0006165169761516154,0.0008535879896953702,0.0011362329823896289,0.00147919706068933,0.0018808376044034958],[7.57843068299735e-8,2.333072006877046e-5,0.00011009562877006829,0.0002585195761639625,0.00046763414866290987,0.0007355189300142229,0.0010626791045069695,0.001445153378881514,0.0018787304870784283,0.0023600312415510416,0.002887158887460828],[1.3195106873808982e-7,2.2124959286884405e-5,0.00011908352462342009,0.0003095092542935163,0.0005987249314785004,0.0009981092298403382,0.0015328848967328668,0.002183616394177079,0.0029943662229925394,0.003982129972428083,0.005145053844898939],[2.0470513106829458e-7,2.5824203476076946e-5,0.00012951817188877612,0.00031319112167693675,0.0005722939968109131,0.0009035831317305565,0.0012981952168047428,0.0017533315112814307,0.002269547898322344,0.0028396493289619684,0.003475592937320471],[2.3094645484889043e-7,2.6436749976710416e-5,0.0001336717396043241,0.0003194314776919782,0.0005803595413453877,0.0009108335943892598,0.0013011720729991794,0.0017435223562642932,0.0022415432613343,0.002784000476822257,0.003385183634236455],[3.7804505836902536e-7,3.746409129234962e-5,0.0001997202925849706,0.0005084393778815866,0.0009666357655078173,0.001563963945955038,0.0023071537725627422,0.0032104181591421366,0.0042491150088608265,0.005422711372375488,0.006760170683264732],[4.883591486759542e-7,5.4638541769236326e-5,0.00026403178344480693,0.0006376273813657463,0.0011742390925064683,0.0018369397148489952,0.002654057927429676,0.0036225300282239914,0.004686407279223204,0.005895748734474182,0.00718400813639164],[8.148165875354607e-7,5.794220487587154e-5,0.00030253251316025853,0.0008132642251439393,0.001574978232383728,0.0025923140347003937,0.003841550787910819,0.005383909214287996,0.007154102902859449,0.009194254875183105,0.011542028747498989],[1.0829533039213857e-6,5.564537786995061e-5,0.0003719707019627094,0.001009395346045494,0.0019906407687813044,0.003329313825815916,0.005117114633321762,0.007305083330720663,0.009981350973248482,0.013210379518568516,0.016897330060601234],[1.1702762776621967e-6,0.00014876874047331512,0.0007219958351925015,0.0018380534602329135,0.0034912284463644028,0.005585703533142805,0.008213757537305355,0.011319367215037346,0.014990400522947311,0.019075807183980942,0.023590803146362305],[2.2504818844026886e-6,0.00018413460929878056,0.0010065053356811404,0.002512931125238538,0.0048150792717933655,0.007661448325961828,0.011091492138803005,0.015271789394319057,0.019988855347037315,0.025533638894557953,0.031367845833301544],[1.4355653092934517e-6,0.0002575374674052,0.0013578933430835605,0.0033716228790581226,0.006317636929452419,0.00989032443612814,0.014190698973834515,0.019379694014787674,0.025416851043701172,0.0319489911198616,0.03918647766113281],[1.7283720126215485e-6,0.0005182650056667626,0.002901001600548625,0.005855721887201071,0.009791749529540539,0.014930703677237034,0.02167971059679985,0.02960595116019249,0.03923777490854263,0.05087154358625412,0.06593633443117142],[2.9726027150900336e-6,0.0006810799241065979,0.0020573996007442474,0.00435901153832674,0.007545812986791134,0.01165265217423439,0.016623131930828094,0.022494301199913025,0.02921222150325775,0.03677765652537346,0.045021217316389084],[4.985378836863674e-6,0.00023664743639528751,0.001478503574617207,0.003947398625314236,0.007668006233870983,0.014519956894218922,0.022166533395648003,0.031191205605864525,0.04154670611023903,0.05416741222143173,0.0703161433339119],[4.510444796324009e-6,0.00024397768720518798,0.0012961685424670577,0.0031797545962035656,0.0063231950625777245,0.010512718930840492,0.016098463907837868,0.0230740737169981,0.031216001138091087,0.04167497530579567,0.05328991636633873],[5.750173841079231e-6,0.0007390285609290004,0.0032867304980754852,0.007771728094667196,0.013757179491221905,0.02154669724404812,0.03160659596323967,0.04257618263363838,0.05534894019365311,0.06924906373023987,0.08573812246322632],[2.343588312214706e-5,0.0008286153897643089,0.003276817500591278,0.007970603182911873,0.015073440037667751,0.02544938586652279,0.039301518350839615,0.05990462750196457,0.0833449512720108,0.1097036749124527,0.14338946342468262],[1.074001829692861e-5,0.0022993965540081263,0.0067324829287827015,0.01674891635775566,0.026672814041376114,0.045387253165245056,0.06047533452510834,0.07734304666519165,0.09580453485250473,0.12626676261425018,0.1534649282693863],[5.397349468694301e-6,0.0005050637410022318,0.0033534253016114235,0.010262029245495796,0.01843193545937538,0.028634557500481606,0.041963864117860794,0.05801321938633919,0.07694090157747269,0.09990689903497696,0.126656636595726],[0.00029327685479074717,0.0013767735799774528,0.0053345812484622,0.01251622848212719,0.0217308197170496,0.03308224305510521,0.04747157171368599,0.06321406364440918,0.08100537955760956,0.10120045393705368,0.1237633004784584],[1.3102187040203717e-5,0.0006984135252423584,0.003777176607400179,0.00902621354907751,0.017221922054886818,0.028985919430851936,0.04353253170847893,0.06044071167707443,0.08081910759210587,0.10474153608083725,0.13162654638290405],[9.998933819588274e-6,0.0008134776726365089,0.005236146505922079,0.013211657293140888,0.025669468566775322,0.04115099832415581,0.06325916945934296,0.0887545719742775,0.11694248020648956,0.15050151944160461,0.1884927749633789],[1.124188656831393e-5,0.0015471280785277486,0.007014727219939232,0.017326056957244873,0.032619498670101166,0.05211932212114334,0.07504720240831375,0.10164950788021088,0.13264814019203186,0.16870799660682678,0.20635367929935455],[2.1761856260127388e-5,0.0008243183838203549,0.0033135712146759033,0.010649995878338814,0.021576765924692154,0.03779734671115875,0.05697735771536827,0.08078092336654663,0.11183366179466248,0.1497880071401596,0.18618232011795044],[8.280762267531827e-5,0.002803326118737459,0.01035263855010271,0.02403673529624939,0.044114138931035995,0.06971470266580582,0.1008865162730217,0.137826606631279,0.1773354709148407,0.22286231815814972,0.26964670419692993],[1.0362291504861787e-5,0.0011897369986400008,0.005608606152236462,