{"training_accuracy":[0.9800000190734863,0.9900000095367432,0.9700000286102295],"attacked_training_accuracy":[0.3700000047683716,0.25999999046325684,0.4300000071525574],"kl_over_time":[[0.004583440721035004,0.16815872490406036,1.524139165878296,4.951802730560303,7.723664283752441,9.77658462524414,10.449935913085938,8.66958999633789,5.808243274688721,3.1202969551086426,1.9904539585113525],[0.031353481113910675,0.15212473273277283,1.1514869928359985,2.3245303630828857,3.70493745803833,6.01099967956543,7.767461776733398,8.037572860717773,7.256753444671631,5.83864164352417,3.9261608123779297],[0.000674800481647253,0.28349483013153076,0.3657629191875458,0.7536036372184753,1.555638074874878,3.6667754650115967,6.431286334991455,8.294534683227539,8.45229434967041,NaN,NaN]]}