{"training_accuracy":[0.2199999988079071,0.17000000178813934,0.25,0.17000000178813934,0.3400000035762787,0.3100000023841858,0.27000001072883606,0.3400000035762787,0.4399999976158142,0.3199999928474426,0.3499999940395355,0.4099999964237213,0.38999998569488525,0.4699999988079071,0.38999998569488525,0.38999998569488525,0.4300000071525574,0.44999998807907104,0.47999998927116394,0.46000000834465027,0.4399999976158142,0.4099999964237213,0.5099999904632568,0.4300000071525574,0.6000000238418579,0.5,0.5,0.5199999809265137,0.550000011920929,0.4699999988079071,0.550000011920929,0.6299999952316284,0.47999998927116394,0.5899999737739563,0.5699999928474426,0.5299999713897705,0.6000000238418579,0.6200000047683716,0.5899999737739563,0.6600000262260437],"attacked_training_accuracy":[0.1599999964237213,0.18000000715255737,0.14000000059604645,0.18000000715255737,0.27000001072883606,0.15000000596046448,0.20999999344348907,0.25,0.1899999976158142,0.20999999344348907,0.30000001192092896,0.23000000417232513,0.36000001430511475,0.25,0.30000001192092896,0.30000001192092896,0.2800000011920929,0.20999999344348907,0.25,0.36000001430511475,0.23000000417232513,0.23000000417232513,0.4099999964237213,0.38999998569488525,0.4000000059604645,0.4000000059604645,0.3100000023841858,0.36000001430511475,0.3199999928474426,0.3199999928474426,0.3700000047683716,0.4399999976158142,0.27000001072883606,0.38999998569488525,0.4099999964237213,0.2800000011920929,0.4399999976158142,0.36000001430511475,0.4099999964237213,0.4099999964237213],"kl_over_time":[[2.140441665687831e-6,0.0004164708370808512,0.0016549124848097563,0.0038234239909797907,0.007043460849672556,0.011433611623942852,0.017172763124108315,0.024405665695667267,0.03332490846514702,0.04414904862642288,0.05707477778196335],[3.025917521881638e-6,0.0002992858353536576,0.0011147117475047708,0.0024621395859867334,0.004378510173410177,0.006932439748197794,0.010223078541457653,0.014348875731229782,0.019418347626924515,0.02555696666240692,0.032939471304416656],[1.1277689964117599e-6,0.00023557207896374166,0.0008801727672107518,0.0019116707844659686,0.003324028104543686,0.005115346051752567,0.00730285607278347,0.00992472656071186,0.0130273113027215,0.016694098711013794,0.021012352779507637],[1.3059170669293962e-6,0.00016897026216611266,0.0006635119789279997,0.001510849455371499,0.0027422946877777576,0.004405897576361895,0.006546593736857176,0.009235560894012451,0.012522990815341473,0.016500208526849747,0.021232137456536293],[1.8816348301697872e-6,0.0001526724372524768,0.0005540965939871967,0.001205688458867371,0.0020942515693604946,0.0032467972487211227,0.004668146371841431,0.006386455148458481,0.008440501056611538,0.01085680816322565,0.013707033358514309],[2.688774202397326e-6,0.00018409642507322133,0.0006898512365296483,0.001533285598270595,0.002746486570686102,0.004375522490590811,0.006459580734372139,0.009050755761563778,0.012179617770016193,0.015943314880132675,0.020412947982549667],[4.001842171419412e-6,0.00019484016229398549,0.0007267947075888515,0.0016280697891488671,0.002914971671998501,0.004607354290783405,0.006764843128621578,0.009432011283934116,0.012571384198963642,0.016343506053090096,0.020777765661478043],[3.8103053157101385e-6,0.00017716236470732838,0.0006959877209737897,0.0016585233388468623,0.003129007061943412,0.005192467011511326,0.007872904650866985,0.011288866400718689,0.01549335103482008,0.02063634805381298,0.026715034618973732],[3.4588690596137894e-6,0.00014105501759331673,0.0006458365241996944,0.001605526776984334,0.003076637862250209,0.0051109627820551395,0.007739644031971693,0.010992699302732944,0.01503710262477398,0.019799692556262016,0.02540816180408001],[5.60436092200689e-6,0.00022599121439270675,0.000882329186424613,0.002025655237957835,0.003726663300767541,0.006073835771530867,0.00911354273557663,0.01305633969604969,0.017925385385751724,0.023759454488754272,0.030781663954257965],[4.90150796395028e-6,8.532346691936255e-5,0.00033962741144932806,0.0008213010150939226,0.0016214796341955662,0.002773970365524292,0.0043166885152459145,0.0062422133050858974,0.008531063795089722,0.011232482269406319,0.014367976225912571],[7.521062798332423e-6,0.0002319054037798196,0.0011615072144195437,0.0027962762396782637,0.005215961951762438,0.008355557918548584,0.012254519388079643,0.016929451376199722,0.022504309192299843,0.028975116088986397,0.03644551336765289],[9.188599506160244e-6,0.000292923825327307,0.0011246122885495424,0.002580325584858656,0.004725981038063765,0.007607289589941502,0.011010153219103813,0.015072448179125786,0.019511541351675987,0.02466772496700287,0.030442751944065094],[1.5696288755862042e-5,0.00047437375178560615,0.0017688062507659197,0.0038147622253745794,0.006776335183531046,0.010983813554048538,0.01715279184281826,0.02392868511378765,0.03183281049132347,0.04128433018922806,0.05209217593073845],[7.271631329786032e-5,0.0006843323935754597,0.001790061010979116,0.003758453531190753,0.006782734766602516,0.01057545654475689,0.015522799454629421,0.021540669724345207,0.02861628495156765,0.0370449535548687,0.0465407595038414],[4.755328336614184e-5,0.0008601935114711523,0.0024281381629407406,0.0051655457355082035,0.00885203666985035,0.013522682711482048,0.01937618851661682,0.026392020285129547,0.035004910081624985,0.04475446417927742,0.05534956976771355],[2.299027437402401e-5,0.0014625501353293657,0.0027297933120280504,0.005935652181506157,0.010732834227383137,0.017250489443540573,0.025095658376812935,0.03529096394777298,0.04749421030282974,0.06202241778373718,0.07936450839042664],[1.8516650015953928e-5,0.0008434494957327843,0.0032768964301794767,0.007410011254251003,0.014375823549926281,0.02307942882180214,0.034827910363674164,0.047832190990448,0.06441720575094223,0.08183456212282181,0.10307939350605011],[0.00019408519438002259,0.0008917935192584991,0.002979546319693327,0.008830002509057522,0.01750020869076252,0.025948738679289818,0.03707917779684067,0.053962886333465576,0.0748014897108078,0.09906421601772308,0.12907639145851135],[0.0015881425933912396,0.002808176213875413,0.005825071129947901,0.010533220134675503,0.016655266284942627,0.02458789385855198,0.034807901829481125,0.04654670134186745,0.059607479721307755,0.07425533980131149,0.09143554419279099],[3.8615253288298845e-5,0.0006797724636271596,0.002807831624522805,0.0065902420319616795,0.012192903086543083,0.019340863451361656,0.02922520786523819,0.04098743945360184,0.0549185648560524,0.07103978097438812,0.08938205242156982],[4.975405317964032e-5,0.000850569165777415,0.004991385620087385,0.01035852637141943,0.018066296353936195,0.030422518029808998,0.04270191118121147,0.05845680087804794,0.07701443880796432,0.09858350455760956,0.12311159819364548],[4.960049409419298e-5,0.0005982511211186647,0.00278551341034472,0.0064948187209665775,0.012123886495828629,0.019112354144454002,0.02852851152420044,0.03995119407773018,0.052656617015600204,0.06696899235248566,0.08284074813127518],[3.493748954497278e-5,0.00043009372893720865,0.002294247504323721,0.006807251833379269,0.013547399081289768,0.022598346695303917,0.03706436976790428,0.04999840259552002,0.06459333002567291,0.080602265894413,0.09924338757991791],[6.697489152429625e-5,0.0011153043014928699,0.003985342103987932,0.009102540090680122,0.016225464642047882,0.02703857421875,0.039529625326395035,0.05433038994669914,0.07290803641080856,0.0935545265674591,0.12023946642875671],[6.644376117037609e-5,0.0009767787996679544,0.0039552622474730015,0.009587845765054226,0.017912864685058594,0.02847301959991455,0.04350576177239418,0.06192310154438019,0.08183339238166809,0.10480351001024246,0.13167721033096313],[0.00010969894356094301,0.001772088697180152,0.005702532362192869,0.011500202119350433,0.019584232941269875,0.030235933139920235,0.04252639040350914,0.056766804307699203,0.07397066801786423,0.09511952847242355,0.11773157119750977],[7.756773266009986e-5,0.0011791305150836706,0.004771922715008259,0.011271114461123943,0.01972213387489319,0.030118044465780258,0.04311850294470787,0.058145374059677124,0.08448749035596848,