{"training_accuracy":[0.28999999165534973,0.3400000035762787,0.4000000059604645,0.38999998569488525,0.6299999952316284,0.5899999737739563],"attacked_training_accuracy":[0.4300000071525574,0.33000001311302185,0.20000000298023224,0.27000001072883606,0.30000001192092896,0.28999999165534973],"kl_over_time":[[4.549101788597909e-7,3.491006646072492e-5,0.00014609655772801489,0.0003562860074453056,0.0005276792217046022,0.0007291583460755646,0.000910311471670866,0.00111624994315207,0.0013470422709360719,0.0016230442561209202,0.0019113869639113545],[2.9809632451360812e-6,7.793886470608413e-5,0.0009503990295343101,0.0018105757189914584,0.0034718161914497614,0.006044651847332716,0.00799770001322031,0.009784483350813389,0.01158121321350336,0.013609790243208408,0.015978515148162842],[1.0675885278033093e-5,0.000436431379057467,0.005470278672873974,0.00738553749397397,0.009555391035974026,0.011402620933949947,0.01302362885326147,0.014728509820997715,0.016455942764878273,0.0190872959792614,0.023358091711997986],[2.2152815290610306e-5,0.009360743686556816,0.0281963050365448,0.06346246600151062,0.11968913674354553,0.1979561746120453,0.25654181838035583,0.32279089093208313,0.3697189688682556,0.41697120666503906,0.4734092652797699],[4.3269319576211274e-5,0.015696829184889793,0.0349905863404274,0.06408801674842834,0.10189193487167358,0.14624381065368652,0.19165082275867462,0.23163649439811707,0.26263582706451416,0.29312512278556824,0.3218287527561188],[0.00011176463158335537,0.020940978080034256,0.06358649581670761,0.15704651176929474,0.30543795228004456,0.5181364417076111,0.6078489422798157,0.7179456949234009,0.8189754486083984,0.9234609603881836,1.0307891368865967]]}