{"training_accuracy":[0.6499999761581421],"attacked_training_accuracy":[0.3700000047683716],"kl_over_time":[[1.0233551392957452e-6,0.027121521532535553,0.10639865696430206,0.23384074866771698,0.41140204668045044,0.6445151567459106,0.957838237285614,1.3202345371246338,1.7265241146087646,2.166278839111328,2.639885187149048]]}