{"training_accuracy":[0.1599999964237213,0.11999999731779099,0.1599999964237213,0.11999999731779099,0.17000000178813934,0.1899999976158142,0.2199999988079071],"attacked_training_accuracy":[0.20999999344348907,0.12999999523162842,0.11999999731779099,0.11999999731779099,0.20000000298023224,0.10999999940395355,0.14000000059604645],"kl_over_time":[[4.620692806156512e-8,1.9850765966111794e-5,8.492764027323574e-5,0.00019220489775761962,0.000340815371600911,0.0005269678076729178,0.0007496317266486585,0.0010089452844113111,0.001299621188081801,0.0016215118812397122,0.001976575469598174],[4.329985969775407e-8,1.4723199456057046e-5,8.223288750741631e-5,0.00021818230743519962,0.0004309888172429055,0.0007311333320103586,0.0011268933303654194,0.0016404789639636874,0.002285765716806054,0.0030849813483655453,0.004059227649122477],[3.969197592823548e-8,1.768697075021919e-5,7.860375626478344e-5,0.0001804325293051079,0.0003184279485139996,0.0004919668426737189,0.000699027325026691,0.0009346796432510018,0.0011987194884568453,0.0014881902607157826,0.0018025810131803155],[4.995269975438532e-8,1.565473030495923e-5,7.041729986667633e-5,0.00016456730372738093,0.00029484208789654076,0.0004567199503071606,0.0006523870397359133,0.0008734036819078028,0.0011218665167689323,0.0013952093431726098,0.001687850570306182],[6.502115468265401e-8,7.103212283254834e-6,3.6029214243171737e-5,8.901132241589949e-5,0.00016607351426500827,0.0002670878602657467,0.0003911272215191275,0.000536041334271431,0.0007023764192126691,0.0008886851137503982,0.0010950335999950767],[5.2240789472079996e-8,5.433842034108238e-6,3.3413209166610613e-5,9.5444280304946e-5,0.00019993854220956564,0.0003513918782118708,0.000565098540391773,0.0008425069972872734,0.0011982567375525832,0.0016492274589836597,0.00221165525726974],[5.218989684863118e-8,7.647046004422009e-6,3.631906656664796e-5,8.697764860698953e-5,0.00015975032874848694,0.0002538968692533672,0.00036662089405581355,0.0004990030429325998,0.0006490644882433116,0.0008178382995538414,0.0010025928495451808]]}