{"training_accuracy":[0.5099999904632568,0.5199999809265137],"attacked_training_accuracy":[0.3199999928474426,0.4099999964237213],"kl_over_time":[[5.070536701623496e-8,0.0012309568701311946,0.0022303068544715643,0.004030723124742508,0.006454008631408215,0.00755652692168951,0.008286687545478344,0.008844119496643543,0.010242178104817867,0.012347455136477947,0.015073065645992756],[1.4424755079289753e-7,0.004791649989783764,0.007753340993076563,0.015343868173658848,0.02148384042084217,0.026315242052078247,0.029187103733420372,0.030880505219101906,0.03712646663188934,0.0447445809841156,0.053968701511621475]]}