{"training_accuracy":[0.4300000071525574,0.4399999976158142,0.5099999904632568,0.4300000071525574,0.6399999856948853,0.49000000953674316,0.5899999737739563,0.6700000166893005,0.5899999737739563,0.46000000834465027],"attacked_training_accuracy":[0.20999999344348907,0.3499999940395355,0.3799999952316284,0.36000001430511475,0.27000001072883606,0.23000000417232513,0.3400000035762787,0.3799999952316284,0.44999998807907104,0.25999999046325684],"kl_over_time":[[1.3819591999053955,1.3826849460601807,1.3835244178771973,1.384188175201416,1.3850247859954834,1.3858977556228638,1.3866894245147705,1.3874138593673706,1.3882827758789062,1.3890496492385864,1.3897489309310913],[1.3734855651855469,1.3748066425323486,1.376030683517456,1.3772438764572144,1.378698706626892,1.3799189329147339,1.381178379058838,1.382414698600769,1.3836791515350342,1.3849018812179565,1.3861732482910156],[1.3633978366851807,1.364917516708374,1.366732120513916,1.368302583694458,1.3698147535324097,1.3714163303375244,1.372894287109375,1.3743245601654053,1.375531554222107,1.376723051071167,1.3779374361038208],[1.3337687253952026,1.3379565477371216,1.3427822589874268,1.3459391593933105,1.349552869796753,1.3521571159362793,1.355334997177124,1.3580780029296875,1.3608348369598389,1.3629109859466553,1.3653002977371216],[1.2848163843154907,1.2929093837738037,1.3013384342193604,1.3067735433578491,1.3141621351242065,1.31951904296875,1.3253092765808105,1.3347218036651611,1.3412387371063232,1.3489843606948853,1.3565376996994019],[1.2665979862213135,1.272552251815796,1.2774200439453125,1.2842228412628174,1.3012326955795288,1.3121484518051147,1.3365583419799805,1.3633133172988892,1.4281610250473022,1.4519416093826294,1.467289686203003],[1.1876168251037598,1.1979215145111084,1.2087783813476562,1.222414255142212,1.2311207056045532,1.2485840320587158,1.2660443782806396,1.2775495052337646,1.2959221601486206,1.3143490552902222,1.330649971961975],[1.1811517477035522,1.1887001991271973,1.2099372148513794,1.2230392694473267,1.2484334707260132,1.261519193649292,1.278757095336914,1.2917710542678833,1.3071705102920532,1.32741379737854,1.3457446098327637],[1.1299494504928589,1.1421619653701782,1.1667956113815308,1.1877278089523315,1.1893686056137085,1.210239291191101,1.2257983684539795,1.2481509447097778,1.2737903594970703,1.291580319404602,1.3091005086898804],[1.1202131509780884,1.145122766494751,1.186731219291687,1.236024022102356,1.2599214315414429,1.2813829183578491,1.3131160736083984,1.3452444076538086,1.3786119222640991,1.4133286476135254,1.460736870765686]]}