{"training_accuracy":[0.23000000417232513,0.17000000178813934,0.28999999165534973],"attacked_training_accuracy":[0.1599999964237213,0.17000000178813934,0.1599999964237213],"kl_over_time":[[2.8700327447950258e-8,1.5637240721844137e-5,7.054123852867633e-5,0.0001633669453440234,0.0002968109620269388,0.00046581256901845336,0.0006712606991641223,0.000909585680346936,0.0011813956080004573,0.001487335073761642,0.0018268459243699908],[6.135635999271472e-8,1.8112410543835722e-5,7.802629261277616e-5,0.00017991388449445367,0.000319999031489715,0.0004977803328074515,0.0007107619312591851,0.0009611300192773342,0.0012438546400517225,0.001561157638207078,0.0019158462528139353],[6.151832110390387e-8,3.483218824840151e-5,0.00014534921501763165,0.0003329346945974976,0.0005925180739723146,0.0009184123482555151,0.0013129489962011576,0.0017731644911691546,0.002292526885867119,0.0028729515615850687,0.0035021095536649227]]}