{"training_accuracy":[0.2199999988079071,0.17000000178813934,0.25999999046325684,0.20000000298023224,0.38999998569488525,0.3100000023841858,0.25999999046325684,0.3700000047683716,0.4099999964237213,0.3400000035762787,0.3400000035762787,0.3700000047683716,0.4300000071525574,0.4399999976158142,0.3799999952316284,0.4000000059604645,0.41999998688697815,0.4300000071525574,0.46000000834465027,0.4399999976158142,0.3799999952316284,0.4000000059604645,0.44999998807907104,0.5,0.49000000953674316,0.4399999976158142,0.5299999713897705,0.5799999833106995,0.6399999856948853,0.41999998688697815,0.5199999809265137,0.4300000071525574,0.6299999952316284,0.6299999952316284,0.6100000143051147,0.5799999833106995,0.5899999737739563,0.5,0.5899999737739563,0.6100000143051147],"attacked_training_accuracy":[0.30000001192092896,0.15000000596046448,0.2199999988079071,0.17000000178813934,0.3100000023841858,0.3100000023841858,0.30000001192092896,0.33000001311302185,0.3700000047683716,0.27000001072883606,0.3199999928474426,0.3400000035762787,0.4300000071525574,0.38999998569488525,0.44999998807907104,0.3700000047683716,0.38999998569488525,0.3499999940395355,0.3700000047683716,0.4399999976158142,0.3199999928474426,0.4000000059604645,0.38999998569488525,0.4699999988079071,0.41999998688697815,0.4300000071525574,0.4300000071525574,0.550000011920929,0.4699999988079071,0.36000001430511475,0.5199999809265137,0.3199999928474426,0.5699999928474426,0.38999998569488525,0.46000000834465027,0.46000000834465027,0.41999998688697815,0.46000000834465027,0.5099999904632568,0.4000000059604645],"kl_over_time":[[3.5533275877241977e-8,8.416091077378951e-6,1.5503446775255725e-5,3.289202868472785e-5,5.152356607140973e-5,7.987281423993409e-5,0.00010923839727183804,0.0001499579375376925,0.0001896956964628771,0.00023626066104043275,0.0002925813023466617],[5.8407358949352783e-8,2.0821378711843863e-5,2.5831093353190226e-6,2.080579724861309e-5,2.774032691377215e-5,6.082809341023676e-5,9.182366920867935e-5,0.0001408122043358162,0.00019241364498157054,0.0002630603266879916,0.00032911679591052234],[7.793385492504967e-8,3.904619734385051e-5,4.7025172534631565e-5,0.00010538657807046548,0.00015998654998838902,0.0002396513446001336,0.00032882363302633166,0.0004274447856005281,0.000552027253434062,0.0006665621767751873,0.0007995410705916584],[1.5230540384436608e-7,4.220797563903034e-5,4.452151188161224e-5,9.423291339771822e-5,0.00015113857807591558,0.0002241034380858764,0.0003041288291569799,0.00040705082938075066,0.000505514966789633,0.0006236985791474581,0.0007528175483457744],[2.1319188192592264e-7,1.741287633194588e-5,3.124758222838864e-5,6.842507718829438e-5,0.00010724745516199619,0.00016689150652382523,0.0002292386197950691,0.0003048610524274409,0.00038678839337080717,0.000474052969366312,0.0005697135347872972],[3.507137478209188e-7,1.1793496014433913e-5,3.434418249526061e-5,7.95079831732437e-5,0.00013490382116287947,0.00020800397032871842,0.0002979793935082853,0.00041070382576435804,0.0005218138685449958,0.0006581615307368338,0.0008122644503600895],[3.998379440872668e-7,2.8506952730822377e-5,7.105302211130038e-5,0.00013822289474774152,0.00021966353233437985,0.0003306650905869901,0.0004573484475258738,0.00060647027567029,0.0007816894794814289,0.00098184694070369,0.0012047516647726297],[6.180716241033224e-7,1.1477114640001673e-5,4.056786929140799e-5,8.737962343730032e-5,0.00014971526979934424,0.00023592043726239353,0.00034030890674330294,0.0004730557557195425,0.0006127477390691638,0.0007707069744355977,0.0009458739659748971],[1.1139763955725357e-6,3.018515599251259e-5,0.00011975712550338358,0.00022943651129025966,0.00037714961217716336,0.0005656068096868694,0.0007988318102434278,0.001069446443580091,0.001378071610815823,0.001726030488498509,0.0021028772462159395],[1.2381441365505452e-6,3.941151226172224e-5,0.00012879379210062325,0.0002712448767852038,0.0004550379526335746,0.0007085617980919778,0.001013553817756474,0.0013894470175728202,0.0017958172829821706,0.0022753325756639242,0.0028175998013466597],[1.4609090612793807e-6,6.920145096955821e-5,0.00023684557527303696,0.0005450685857795179,0.0009949089726433158,0.001583337434567511,0.0023723498452454805,0.0032425771933048964,0.004417053889483213,0.005768533330410719,0.007082447409629822],[3.1323324947152287e-6,9.697674249764532e-5,0.0002969494671560824,0.0006547337397933006,0.0011571446666494012,0.001803471357561648,0.002630820730701089,0.0035914790350943804,0.004727381747215986,0.006039567291736603,0.007518605794757605],[3.728276851688861e-6,0.00015395114314742386,0.0004666238965000957,0.0010086250258609653,0.0017148576444014907,0.0025839798618108034,0.0036170589737594128,0.004905097186565399,0.006294025108218193,0.008020984940230846,0.009994865395128727],[4.546896434476366e-6,0.00018807954620569944,0.0007529937429353595,0.0017203029710799456,0.003052846994251013,0.0046088481321930885,0.006450415588915348,0.008474502712488174,0.010859771631658077,0.013408603146672249,0.0162609051913023],[2.803267534545739e-6,7.785196066834033e-5,0.0003724973648786545,0.0007976086926646531,0.0013724103337153792,0.002144320635125041,0.0030647169332951307,0.0042023612186312675,0.00558145996183157,0.007040105760097504,0.008724674582481384],[3.945095613744343e-6,0.00016689342737663537,0.0005729981930926442,0.0013656624360010028,0.002518017776310444,0.004096591845154762,0.006014673039317131,0.008999725803732872,0.012071721255779266,0.01534093078225851,0.018870441243052483],[4.556228304863907e-6,0.00021009700139984488,0.0005868900334462523,0.0012777505908161402,0.002375737763941288,0.004419872071594,0.007080520037561655,0.010018919594585896,0.01389037724584341,0.01781788468360901,0.023643240332603455],[5.79424431634834e-6,0.00019433173292782158,0.0010718511184677482,0.0031959740445017815,0.00563806900754571,0.008932028897106647,0.01337619498372078,0.01835470087826252,0.024298032745718956,0.031388912349939346,0.0401582345366478],[7.793396434863098e-6,0.0006889582728035748,0.001976445782929659,0.004380459431558847,0.007321247830986977,0.011539405211806297,0.016413211822509766,0.02236548811197281,0.028703898191452026,0.03607073798775673,0.04491923376917839],[2.7377120204619132e-5,0.000418783602071926,0.0012855201493948698,0.0029439276549965143,0.005311461631208658,0.008272422477602959,0.012073377147316933,0.016208114102482796,0.020872844383120537,0.027322236448526382,0.034623079001903534],[0.00018735675257630646,0.000460636307252571,0.0013471522834151983,0.0028445832431316376,0.005119118373841047,0.008089330978691578,0.011962172575294971,0.016862129792571068,0.02277686819434166,0.029787523671984673,0.03857975825667381],[2.3650629373150878e-5,0.0006482042954303324,0.0019077174365520477,0.004004086833447218,0.007107513956725597,0.011323374696075916,0.015990041196346283,0.02158837951719761,0.02788013406097889,0.03439483046531677,0.04210425168275833],[1.0280094102199655e-5,0.0003691900346893817,0.0013579715741798282,0.0029949278105050325,0.006004191469401121,0.009540801867842674,0.013831250369548798,0.019883671775460243,0.026306292042136192,0.03403405472636223,0.04226810485124588],[1.4801972611167002e-5,0.000533701095264405,0.0015726950950920582,0.003447290975600481,0.006395959760993719,0.009783973917365074,0.014573865570127964,0.01905263401567936,0.023823022842407227,0.03068356215953827,0.03858771547675133],[8.86592679307796e-5,0.0008293675491586328,0.002388052409514785,0.005337245762348175,0.009194033220410347,0.01350428443402052,0.02006480097770691,0.027069151401519775,0.036373041570186615,0.04874572530388832,0.062892846763134],[1.4697086953674443e-5,0.0006756006623618305,0.003352932631969452,0.006948423106223345,0.011366738006472588,0.01778639294207096,0.026257328689098358,0.03693718835711479,0.04951350763440132,0.06492018699645996,0.08251971751451492],[1.5111800166778266e-5,0.0007285936153493822,0.002177294110879302,0.005295693874359131,0.01028038002550602,0.024763919413089752,0.031810011714696884,0.04138609766960144,0.051709022372961044,0.06340307742357254,0.07812996953725815],