{"training_accuracy":[0.05000000074505806,0.05000000074505806],"attacked_training_accuracy":[0.05999999865889549,0.2199999988079071],"kl_over_time":[[2.6745683001649923e-8,1.5687657651142217e-5,1.4281745279731695e-5,4.273137528798543e-5,8.549285121262074e-5,0.00017432413005735725,0.0003299821983091533,0.0004670424968935549,0.0006489807856269181,0.000946990679949522,0.0012273865286260843],[3.914800572601962e-8,3.249503060942516e-5,3.6675662613561144e-6,2.7476467948872596e-5,2.168322680518031e-5,3.929476588382386e-5,9.265796688850969e-5,0.00012692599557340145,0.000266284157987684,0.00034488498931750655,0.0004041998472530395]]}