{"training_accuracy":[0.6499999761581421],"attacked_training_accuracy":[0.10000000149011612],"kl_over_time":[[3.5324756026966497e-6,0.7454760670661926,2.3906779289245605,3.6318602561950684,4.5839643478393555,5.509847164154053,6.562276363372803,7.533692836761475,8.78310489654541,9.614978790283203,10.219406127929688]]}