{"training_accuracy":[0.28999999165534973,0.33000001311302185,0.27000001072883606,0.2800000011920929,0.18000000715255737,0.5799999833106995,0.47999998927116394,0.4000000059604645,0.4399999976158142,0.49000000953674316],"attacked_training_accuracy":[0.25,0.33000001311302185,0.25,0.44999998807907104,0.18000000715255737,0.36000001430511475,0.27000001072883606,0.3700000047683716,0.41999998688697815,0.3400000035762787],"kl_over_time":[[3.5574575463215297e-7,2.194769876950886e-5,7.841779006412253e-5,0.00016861528274603188,0.000296523590805009,0.0004664906009566039,0.0006889585056342185,0.0009809728944674134,0.0013586715795099735,0.001854532863944769,0.0024964979384094477],[6.24967299245327e-7,1.3762636626779567e-5,4.672876821132377e-5,0.00010512933658901602,0.00019386260828468949,0.0003216247132513672,0.0004976235795766115,0.0007355503621511161,0.001053438289090991,0.00146236433647573,0.00201957649551332],[1.826735598342566e-7,9.44930889090756e-6,3.473297692835331e-5,7.772080425638705e-5,0.000140366522828117,0.00022642016119789332,0.0003411538200452924,0.0004900827188976109,0.0006781654083169997,0.0009262596140615642,0.0012368798488751054],[1.4839909567854193e-7,6.83677853885456e-6,2.448407030897215e-5,5.218835576670244e-5,9.10656526684761e-5,0.00014130448107607663,0.0002025134745053947,0.00027772283647209406,0.00036798309884034097,0.0004755708505399525,0.0006054611876606941],[2.481347110006027e-7,9.629387022869196e-6,3.335707515361719e-5,7.336145790759474e-5,0.00013201926776673645,0.0002127659390680492,0.0003195511526428163,0.0004523638926912099,0.0006216539768502116,0.0008317464380525053,0.0010976755293086171],[1.019963178805483e-6,1.029460418067174e-5,3.051605017390102e-5,6.176377792144194e-5,0.0001048218400683254,0.0001620983675820753,0.000233308834140189,0.00032272920361720026,0.00043063267366960645,0.0005647512152791023,0.0007222832646220922],[7.013121035015502e-7,7.564154657302424e-6,2.3254866391653195e-5,4.7392899432452396e-5,8.151549991453066e-5,0.00012704823166131973,0.0001839798642322421,0.00025577028281986713,0.00034402633900754154,0.0004506112600211054,0.0005796832265332341],[3.789726861214149e-7,7.125279807951301e-6,2.4205035515478812e-5,5.138195410836488e-5,9.016539115691558e-5,0.00014187175838742405,0.0002062968269456178,0.00028731152997352183,0.0003821548307314515,0.0005046142032369971,0.0006532113184221089],[8.101580988295609e-7,8.985517524706665e-6,2.7337437131791376e-5,5.590639921138063e-5,9.554901771480218e-5,0.00014827509585302323,0.00021213565196376294,0.0002919444814324379,0.0003902977332472801,0.000507629185449332,0.0006479515577666461],[3.9490316794399405e-7,9.518068509350996e-6,3.547972301021218e-5,7.79527981649153e-5,0.00014006998389959335,0.0002153487439500168,0.00031533330911770463,0.0004451833665370941,0.0005987306358292699,0.000782004848588258,0.0009943052427843213]]}