{"training_accuracy":[0.4300000071525574,0.4000000059604645,0.5600000023841858,0.47999998927116394,0.6100000143051147,0.6000000238418579,0.6800000071525574,0.6499999761581421,0.6200000047683716,0.5099999904632568,0.6499999761581421,0.6200000047683716,0.75],"attacked_training_accuracy":[0.20999999344348907,0.20999999344348907,0.23999999463558197,0.20999999344348907,0.27000001072883606,0.25,0.25999999046325684,0.23000000417232513,0.3100000023841858,0.28999999165534973,0.27000001072883606,0.20000000298023224,0.18000000715255737],"kl_over_time":[[1.5326058644404839e-7,2.296065986229223e-6,1.4910213394614402e-5,4.138590520597063e-5,8.019040251383558e-5,0.00013095120084472,0.0001926719123730436,0.0002676835283637047,0.0003560764016583562,0.0004536214401014149,0.0005751327844336629],[4.3640088165375346e-7,4.077542143932078e-6,3.392968574189581e-5,0.00010093206219607964,0.00020032486645504832,0.0003425945178605616,0.0005225263303145766,0.0007292900700122118,0.0009533215779811144,0.0012047761119902134,0.0014776790048927069],[1.480412379351037e-6,3.2929121516644955e-5,0.00019602937391027808,0.0005041214171797037,0.0009647960541769862,0.0016025917138904333,0.0023433761671185493,0.0031346881296485662,0.004012256395071745,0.004917463753372431,0.005885525140911341],[5.42839507033932e-6,5.5970529501792043e-5,0.0005550505593419075,0.002079610712826252,0.005171538330614567,0.009052097797393799,0.01253013126552105,0.016566399484872818,0.02085174061357975,0.024943796917796135,0.028927959501743317],[1.6273659639409743e-5,0.002674482297152281,0.010051026940345764,0.02049962431192398,0.030944814905524254,0.04145177826285362,0.05638926476240158,0.07000384479761124,0.0849190279841423,0.1011645644903183,0.12083598971366882],[0.0004767281352542341,0.005240521393716335,0.004009794909507036,0.006869159638881683,0.02835877425968647,0.07101007550954819,0.09929000586271286,0.11453313380479813,0.12972764670848846,0.14521370828151703,0.16200564801692963],[7.512293814215809e-5,0.006212534848600626,0.02887432835996151,0.06753996014595032,0.11562555283308029,0.16380278766155243,0.20685230195522308,0.2628122568130493,0.30647575855255127,0.37076979875564575,0.4318307340145111],[4.826706208405085e-5,0.0059389350935816765,0.05189279466867447,0.15013965964317322,0.20017825067043304,0.23828528821468353,0.2760277986526489,0.31329718232154846,0.35476210713386536,0.39242035150527954,0.4337000548839569],[0.0006702861865051091,0.016538364812731743,0.020964471623301506,0.07403788715600967,0.12094321846961975,0.19068962335586548,0.263557493686676,0.34942248463630676,0.4034973084926605,0.45787307620048523,0.5068849325180054],[0.0001637349632801488,0.051341112703084946,0.10053814947605133,0.16371409595012665,0.23503093421459198,0.3051329255104065,0.37713149189949036,0.4388435184955597,0.5061664581298828,0.5835086703300476,0.664018988609314],[0.0007222011336125433,0.008583568036556244,0.057433247566223145,0.08805892616510391,0.15442495048046112,0.26852405071258545,0.4224514365196228,0.5392366051673889,0.6744643449783325,0.8061343431472778,0.926350474357605],[0.0007164439302869141,0.015182205475866795,0.08762349933385849,0.34730491042137146,0.46803373098373413,0.5649018883705139,0.6113513708114624,0.6765644550323486,0.7489172220230103,0.8219584226608276,0.8971656560897827],[0.0022945685777813196,0.021912021562457085,0.11690599471330643,0.2729265093803406,0.45984548330307007,0.6647925972938538,0.8307026624679565,1.0554945468902588,1.1711924076080322,1.350213885307312,1.619240641593933]]}