{"training_accuracy":[0.33000001311302185,0.3100000023841858,0.36000001430511475,0.36000001430511475,0.4699999988079071,0.5,0.49000000953674316,0.3799999952316284,0.5899999737739563,0.5400000214576721,0.550000011920929,0.550000011920929,0.5899999737739563,0.6299999952316284,0.5299999713897705,0.6299999952316284,0.5899999737739563,0.6200000047683716,0.6499999761581421,0.6000000238418579,0.5899999737739563,0.5400000214576721],"attacked_training_accuracy":[0.23000000417232513,0.25,0.17000000178813934,0.23000000417232513,0.23000000417232513,0.28999999165534973,0.23000000417232513,0.28999999165534973,0.20999999344348907,0.28999999165534973,0.30000001192092896,0.23999999463558197,0.28999999165534973,0.25999999046325684,0.33000001311302185,0.3700000047683716,0.3700000047683716,0.28999999165534973,0.4000000059604645,0.2800000011920929,0.28999999165534973,0.2800000011920929],"kl_over_time":[[4.481636040054582e-7,0.00011506670853123069,0.0005863161059096456,0.001477534999139607,0.0027841399423778057,0.0045073507353663445,0.0067173573188483715,0.009397575631737709,0.012609402649104595,0.016402358189225197,0.020712098106741905],[7.630657705703925e-7,0.0003770339535549283,0.0019160471856594086,0.004762999247759581,0.010206542909145355,0.016848256811499596,0.02553628385066986,0.03604963794350624,0.049151819199323654,0.06402060389518738,0.07975956797599792],[2.442645154587808e-6,0.0013109988067299128,0.013006942346692085,0.0232696570456028,0.041919827461242676,0.06323800981044769,0.0901695042848587,0.11825109273195267,0.15212544798851013,0.1918875128030777,0.22800971567630768],[3.4110701108147623e-6,0.001965493429452181,0.01123527530580759,0.027507835999131203,0.05091621354222298,0.08070829510688782,0.11678649485111237,0.15965448319911957,0.20887084305286407,0.26301485300064087,0.3258856236934662],[4.023551809950732e-5,0.004060785751789808,0.012197763659060001,0.028883086517453194,0.05307706072926521,0.0839981660246849,0.12194442749023438,0.16685131192207336,0.21845871210098267,0.27626311779022217,0.34117773175239563],[2.5709534384077415e-5,0.00241994671523571,0.012748632580041885,0.03733649477362633,0.07546426355838776,0.12559150159358978,0.18446870148181915,0.25405704975128174,0.3350057899951935,0.4299425482749939,0.5419601798057556],[1.936769695021212e-5,0.0049647437408566475,0.028236206620931625,0.07599855959415436,0.15086179971694946,0.24481670558452606,0.3645099699497223,0.5118957161903381,0.6801235675811768,0.8720569610595703,1.0827062129974365],[2.5832103347056545e-5,0.005925115663558245,0.031040729954838753,0.07778100669384003,0.14432425796985626,0.22648470103740692,0.333452969789505,0.4509909749031067,0.5809431076049805,0.7248764634132385,0.8792153596878052],[5.04077943332959e-5,0.011075020767748356,0.054642338305711746,0.21103310585021973,0.37502142786979675,0.5575312972068787,0.740089476108551,0.9256703853607178,1.130035161972046,1.3549150228500366,1.5992647409439087],[2.4269616915262304e-5,0.005074143409729004,0.029126541689038277,0.07640952616930008,0.14430566132068634,0.2340506762266159,0.35664817690849304,0.4948250353336334,0.649624764919281,0.8212112188339233,1.0197117328643799],[4.557426291285083e-5,0.005531858187168837,0.032183703035116196,0.088514544069767,0.17267031967639923,0.2813810110092163,0.41281116008758545,0.5673324465751648,0.7445553541183472,0.9548447132110596,1.1883291006088257],[4.165165591984987e-5,0.011659271083772182,0.055943820625543594,0.135716512799263,0.24660734832286835,0.3791310489177704,0.5311245918273926,0.7112876772880554,0.9147009253501892,1.136771559715271,1.3798435926437378],[6.037339335307479e-5,0.006181355565786362,0.039872441440820694,0.11564899235963821,0.22856611013412476,0.380650132894516,0.5695818066596985,0.7815274596214294,1.010129451751709,1.2661151885986328,1.5496548414230347],[2.7321266315993853e-5,0.007332335691899061,0.039888687431812286,0.11821015924215317,0.247039332985878,0.45614874362945557,0.6857789754867554,0.9486466646194458,1.23525869846344,1.546065330505371,1.8709564208984375],[3.22068044624757e-5,0.005650258623063564,0.03573146089911461,0.1008308008313179,0.19613628089427948,0.3260098993778229,0.49167853593826294,0.6798455119132996,0.9127530455589294,1.1598079204559326,1.4603334665298462],[0.0001467490947106853,0.022196555510163307,0.12305065244436264,0.24842752516269684,0.4246487617492676,0.6131119132041931,0.8155267238616943,1.0435465574264526,1.2935112714767456,1.56141996383667,1.834322452545166],[4.6742679842282087e-5,0.007654557004570961,0.04431663453578949,0.1306433230638504,0.2556549906730652,0.4121745228767395,0.6055696606636047,0.8362901210784912,1.1005821228027344,1.3804326057434082,1.6752175092697144],[7.24123528925702e-5,0.01170525886118412,0.06657395511865616,0.1726142019033432,0.3443243205547333,0.5691105127334595,0.8330863118171692,1.1446952819824219,1.4916579723358154,1.8818280696868896,2.3035566806793213],[0.00011112637730548158,0.009729113429784775,0.05011487007141113,0.12439528852701187,0.23490935564041138,0.39088815450668335,0.605327844619751,0.8433933854103088,1.1054221391677856,1.389802098274231,1.7153273820877075],[8.92296593519859e-5,0.010314219631254673,0.05853404849767685,0.1814790815114975,0.44862043857574463,0.8915607929229736,1.3644061088562012,1.7957148551940918,2.2253189086914062,2.6491034030914307,3.0800201892852783],[0.00011880137753905728,0.01517888717353344,0.09701047837734222,0.2595740556716919,0.4939318597316742,0.7631013989448547,1.0828099250793457,1.4550753831863403,1.8290597200393677,2.229114532470703,2.6463842391967773],[0.00010290827049175277,0.017566584050655365,0.07819289714097977,0.20735637843608856,0.39201870560646057,0.6167194247245789,0.8875105381011963,1.2105042934417725,1.5859267711639404,1.989870548248291,2.4088361263275146]],"validation_accuracy":[0.12949907779693604],"attacked_validation_accuracies":[0.27384045720100403],"validation_kl_over_time":[[5.989475903334096e-5,0.012583412230014801,0.06847250461578369,0.18701733648777008,0.4170183539390564,0.7196462154388428,1.0299396514892578,1.3783793449401855,1.7760283946990967,2.229335308074951,2.7273292541503906]]}