{"training_accuracy":[0.5099999904632568,0.5199999809265137,0.5,0.6399999856948853,0.6499999761581421,0.6800000071525574,0.6600000262260437,0.699999988079071,0.6899999976158142,0.6000000238418579,0.7300000190734863,0.7300000190734863,0.8100000023841858,0.7799999713897705,0.7799999713897705,0.7599999904632568,0.6600000262260437,0.7699999809265137,0.75,0.7200000286102295,0.8199999928474426,0.8299999833106995,0.800000011920929,0.7400000095367432,0.7300000190734863],"attacked_training_accuracy":[0.0,0.009999999776482582,0.029999999329447746,0.019999999552965164,0.09000000357627869,0.03999999910593033,0.05999999865889549,0.019999999552965164,0.029999999329447746,0.11999999731779099,0.05000000074505806,0.07999999821186066,0.05000000074505806,0.07000000029802322,0.07000000029802322,0.03999999910593033,0.10000000149011612,0.09000000357627869,0.07999999821186066,0.18000000715255737,0.05999999865889549,0.05999999865889549,0.05000000074505806,0.10000000149011612,0.05000000074505806],"kl_over_time":[[1.5242382287979126,2.9244935512542725,4.4661478996276855,5.899423599243164,7.23689603805542,8.6069917678833,9.972814559936523,11.016874313354492,12.202733039855957,13.321292877197266,14.213297843933105],[1.3319844007492065,2.313613176345825,3.8649022579193115,5.459229469299316,7.21742582321167,8.18270492553711,9.00291633605957,10.056074142456055,10.605944633483887,11.30221939086914,12.116494178771973],[1.3876631259918213,2.3915553092956543,3.94974946975708,5.624444007873535,6.885696887969971,7.887599945068359,8.88005256652832,10.015792846679688,10.911001205444336,12.013616561889648,12.752533912658691],[1.200856328010559,1.9853357076644897,2.9365992546081543,4.318973541259766,5.912897109985352,6.853198051452637,7.614051818847656,8.753148078918457,9.75289535522461,10.604537010192871,11.556302070617676],[1.139792561531067,1.7331337928771973,2.9176554679870605,4.114121913909912,5.094871520996094,6.243656635284424,7.158563137054443,8.114974021911621,9.187357902526855,9.927395820617676,11.006744384765625],[0.9904124140739441,1.6330333948135376,2.7752251625061035,4.051613807678223,5.421894550323486,6.317928791046143,7.396204471588135,8.689692497253418,9.342874526977539,10.115514755249023,10.971808433532715],[0.9308665990829468,1.7003928422927856,3.078749895095825,4.544095993041992,5.751740455627441,6.8097662925720215,7.90698766708374,9.103957176208496,9.930583000183105,10.871485710144043,11.657833099365234],[0.8035072684288025,1.5373412370681763,2.545070171356201,4.016352653503418,5.510624408721924,6.693759441375732,7.86740255355835,8.938056945800781,9.965723037719727,10.847686767578125,11.857805252075195],[0.9004565477371216,1.7020503282546997,2.876450777053833,4.250307083129883,5.558376312255859,6.332424640655518,7.3101115226745605,8.175271034240723,8.810741424560547,9.414162635803223,10.075644493103027],[1.1985377073287964,2.0744032859802246,3.175699472427368,4.3878655433654785,5.133091449737549,5.756932735443115,6.558426856994629,7.532883644104004,8.34420108795166,8.86685562133789,9.578713417053223],[0.7992398142814636,1.332223892211914,1.960330605506897,2.72617769241333,3.738088369369507,5.045954704284668,5.895369529724121,6.908888816833496,7.8381500244140625,8.84573745727539,9.471182823181152],[0.8964102864265442,1.8046772480010986,2.681689500808716,3.857774019241333,4.9954047203063965,6.509449481964111,7.376557350158691,8.409809112548828,8.892683029174805,10.143887519836426,10.82150936126709],[0.7086008191108704,1.465624213218689,2.403237819671631,3.584688901901245,4.773427963256836,6.171474933624268,6.851694107055664,7.703680992126465,8.304343223571777,9.43124771118164,10.33865737915039],[0.6660870313644409,1.5014915466308594,2.6726667881011963,4.109372615814209,5.351051330566406,6.642050743103027,7.674195766448975,8.51673698425293,9.43021011352539,10.120290756225586,10.81583309173584],[0.6211053133010864,1.2492430210113525,2.2216148376464844,3.36384916305542,4.329221725463867,5.358165264129639,6.460239887237549,7.551000595092773,8.259465217590332,9.035351753234863,10.027888298034668],[0.6794556379318237,1.422731876373291,2.5497934818267822,3.62603759765625,4.53112268447876,5.348232269287109,6.172604084014893,7.08073091506958,7.509665489196777,8.568581581115723,9.481809616088867],[1.0055687427520752,1.5761909484863281,2.3508830070495605,3.2024166584014893,4.121840000152588,5.056697368621826,5.992372989654541,6.921385765075684,7.503732204437256,8.436050415039062,9.220413208007812],[0.7098111510276794,1.247362494468689,2.25726580619812,3.475260019302368,4.873441219329834,5.677536487579346,6.985262870788574,8.032581329345703,8.857144355773926,9.780301094055176,10.271446228027344],[0.8063295483589172,1.3396737575531006,2.170884847640991,3.4201552867889404,4.458942890167236,5.481406211853027,6.464534282684326,7.434909343719482,8.359292030334473,9.280922889709473,9.96414852142334],[0.730103075504303,1.4473482370376587,2.524796724319458,3.653101921081543,4.837397575378418,5.849049091339111,6.663704872131348,7.1128830909729,7.765262126922607,8.477795600891113,8.944515228271484],[0.6438155770301819,1.2824366092681885,2.093364953994751,3.170536756515503,4.357457637786865,5.4083991050720215,6.400178909301758,7.490527629852295,8.300521850585938,9.143106460571289,9.970622062683105],[0.5686461329460144,1.0273951292037964,1.7736916542053223,2.668964385986328,3.813168525695801,5.0742011070251465,6.4844512939453125,7.450120449066162,8.427024841308594,9.316976547241211,10.07994270324707],[0.5391465425491333,1.1042399406433105,1.7123658657073975,2.3799331188201904,3.2509472370147705,4.276574611663818,5.178239822387695,6.0062432289123535,6.726690292358398,7.496030330657959,8.479734420776367],[0.7537493109703064,1.427361011505127,2.1464548110961914,3.3699111938476562,4.6862311363220215,5.952203273773193,6.984624862670898,8.078612327575684,8.842775344848633,9.658002853393555,10.560734748840332],[0.7177881598472595,1.2416293621063232,2.1549594402313232,3.1750705242156982,4.342042922973633,5.468603610992432,6.7649054527282715,7.890991687774658,8.578543663024902,9.734055519104004,10.679430961608887]]}