{"training_accuracy":[0.28999999165534973],"attacked_training_accuracy":[0.2199999988079071]}