{"training_accuracies":[0.6000000238418579,0.20000000298023224],"attacked_training_accuracies":[0.6000000238418579,0.20000000298023224],"kl_over_time":[[4.3548109118773937e-8,0.00014239111624192446,0.0005834701587446034,0.0013432599371299148,0.0024340793024748564,0.003872149856761098,0.005699511151760817,0.007919066585600376,0.010544107295572758,0.013753158040344715,0.017343269661068916],[6.844652489235159e-8,0.00009696921915747225,0.0004667699395213276,0.0011148940538987517,0.002054557902738452,0.003254016162827611,0.004673135932534933,0.006306943483650684,0.0081758638843894,0.010231929831206799,0.012473187409341335]],"validation_accuracy":[0.4207252264022827,0.4207252264022827,0.4207252264022827,0.42383402585983276,0.4207252264022827,0.4207252264022827,0.4207252264022827,0.4207252264022827,0.4207252264022827,0.4207252264022827,0.4207252264022827,0.4207252264022827,0.4207252264022827,0.4207252264022827,0.4207252264022827,0.4207252264022827,0.4207252264022827,0.4207252264022827,0.4207252264022827,0.4207252264022827,0.4207252264022827,0.4207252264022827,0.4207252264022827,0.4207252264022827,0.4227977693080902,0.42590659856796265],"attacked_validation_accuracy":[0.3347148895263672,0.3481864631175995,0.34715017676353455,0.35958537459373474,0.35233157873153687,0.35233157873153687,0.337823748588562,0.34300512075424194,0.31917086243629456,0.3253885805606842,0.3191709518432617,0.33575117588043213,0.35129523277282715,0.3606216609477997,0.3689117133617401,0.38445571064949036,0.41139882802963257,0.41036257147789,0.41450759768486023,0.4051811993122101,0.39792728424072266,0.41658008098602295,0.43212416768074036,0.4186526834964752,0.4103624224662781,0.4176163971424103],"validation_kl_over_time":[[7.776972843487329e-9,0.00019311957294121385,0.000826770905405283,0.00192310381680727,0.0035011880099773407,0.00558439502492547,0.008201834745705128,0.011393205262720585,0.015190895646810532,0.01965247094631195,0.024820826947689056],[9.507454379331648e-9,0.00019326186156831682,0.0008213513065129519,0.001903920783661306,0.0034570132847875357,0.005506934132426977,0.008081776089966297,0.011216028593480587,0.014949504286050797,0.01932636648416519,0.0243939608335495],[5.916663603500183e-9,0.00019132941088173538,0.0008138429839164019,0.0018855754751712084,0.0034236169885843992,0.0054483674466609955,0.007989777252078056,0.011076941154897213,0.014746852219104767,0.019045324996113777,0.024016238749027252],[6.107271577349138e-9,0.0001916580949909985,0.0008144335588440299,0.001889009028673172,0.003433430101722479,0.005472810938954353,0.008036385290324688,0.011161952279508114,0.014880082570016384,0.01924479752779007,0.02429838664829731],[8.471303658552642e-9,0.00018420610285829753,0.0007906059036031365,0.001839144853875041,0.0033479118719697,0.005339132621884346,0.007842225022614002,0.010888639837503433,0.01451488770544529,0.01876104436814785,0.02367369271814823],[6.431042809396104e-9,0.0001841370394686237,0.0007890791748650372,0.0018323241965845227,0.003326637204736471,0.005293233320116997,0.00775206508114934,0.010731903836131096,0.014268704690039158,0.018395645543932915,0.023158276453614235],[8.441754850707639e-9,0.00018114721751771867,0.0007729277131147683,0.0017934179631993175,0.0032597878016531467,0.0051901089027523994,0.007614536210894585,0.01055628526955843,0.014051910489797592,0.018143491819500923,0.022873349487781525],[8.621543479137017e-9,0.0001760605809977278,0.0007567786378785968,0.001761675695888698,0.003207569243386388,0.0051112049259245396,0.007502016611397266,0.01040387898683548,0.013852857984602451,0.017893187701702118,0.02255850099027157],[7.4377934922154054e-9,0.00017464043048676103,0.000753547705244273,0.0017563761211931705,0.003195607801899314,0.005088781472295523,0.00745965912938118,0.010333637706935406,0.01374355610460043,0.01772482320666313,0.022321876138448715],[8.686623864662124e-9,0.0001762029278324917,0.0007561336387880147,0.0017568988259881735,0.003191807772964239,0.005078549031168222,0.00743781728670001,0.010291836224496365,0.013678454793989658,0.017622536048293114,0.02217513881623745],[1.451172781941068e-8,0.00017758955073077232,0.0007581393583677709,0.0017592990770936012,0.0031925751827657223,0.005075456108897924,0.007424096576869488,0.01026602741330862,0.013632340356707573,0.017540929839015007,0.022046715021133423],[1.066733279486698e-8,0.0001814362040022388,0.0007735805702395737,0.001795775955542922,0.0032592134084552526,0.005185146816074848,0.007593726739287376,0.010510407388210297,0.0139698451384902,0.017999878153204918,0.022645164281129837],[1.22891687936999e-8,0.0001770581293385476,0.0007625106954947114,0.0017724287463352084,0.0032205963507294655,0.005122735630720854,0.00749733904376626,0.010374321602284908,0.01377313956618309,0.017734231427311897,0.022288648411631584],[1.4776157186702221e-8,0.00018176277808379382,0.0007753574755042791,0.0017923281993716955,0.003240810241550207,0.005132235586643219,0.007485255599021912,0.01032088603824377,0.013660999946296215,0.01754159666597843,0.0219859778881073],[1.241984648459038e-8,0.00018658972112461925,0.0007995484629645944,0.001853870926424861,0.0033587955404073,0.005331306252628565,0.007793014403432608,0.010761757381260395,0.014268681406974792,0.01833959110081196,0.0230178851634264],[1.4814285798081528e-8,0.00018655561143532395,0.000797925575170666,0.0018488698406144977,0.0033490534406155348,0.005314224865287542,0.007759154308587313,0.010710319504141808,0.014192035421729088,0.018224919214844704,0.02286430634558201],[1.556084328058205e-8,0.00018679305503610522,0.0008029051241464913,0.0018632325809448957,0.003381031099706888,0.005363617558032274,0.00783215556293726,0.010807741433382034,0.014312869869172573,0.018376991152763367,0.023030858486890793],[2.0232114650298172e-8,0.00019119663920719177,0.0008208358194679022,0.0019046530360355973,0.0034528335090726614,0.005473386496305466,0.007985638454556465,0.011008025147020817,0.014564184471964836,0.018676623702049255,0.023382876068353653],[2.318325798000842e-8,0.00019973918097093701,0.0008518045651726425,0.001970503246411681,0.0035679207649081945,0.00565318763256073,0.008241325616836548,0.011354218237102032,0.015010396018624306,0.019234148785471916,0.02406507544219494],[2.1017024565139764e-8,0.00019185972632840276,0.0008214172557927668,0.001902207499369979,0.003443065332248807,0.00545064453035593,0.007935545407235622,0.010913306847214699,0.014400978572666645,0.01842302456498146,0.02301219291985035],[2.5300368022840303e-8,0.00019246363081037998,0.0008249249076470733,0.0019093831069767475,0.0034530723933130503,0.0054640392772853374,0.007951808162033558,0.010936298407614231,0.014433376491069794,0.018465867266058922,0.023059815168380737],[2.284928513063278e-8,0.00019749598868656904,0.0008448487496934831,0.0019584246911108494,0.003544866805896163,0.00561408931389451,0.008182375691831112,0.011261377483606339,0.014869866892695427,0.01903502270579338,0.023777198046445847],[2.0384250731808606e-8,0.00019944205996580422,0.0008514444925822318,0.0019711903296411037,0.0035651016514748335,0.005644344724714756,0.008212708868086338,0.011297599412500858,0.014901864342391491,0.019066045060753822,0.02379167452454567],[2.7754717635275483e-8,0.000202163151698187,0.0008673774427734315,0.0020118888933211565,0.003646447556093335,0.0057843090035021305,0.008439792320132256,0.011635476723313332,0.015388497151434422,0.019727839156985283,0.024683330208063126],[2.7801799973303787e-8,0.0001997295330511406,0.000858191167935729,0.00199195952154696,0.003610053099691868,0.005722790956497192,0.008343099616467953,0.01148130837827921,0.0151542192324996,0.019394317641854286,0.02421519160270691],[2.979875013409128e-8,0.00020561617566272616,0.0008795058238320053,0.002036886755377054,0.003688888158649206,0.005843365099281073,0.008516153320670128,0.011725237593054771,0.015483930706977844,0.01982022263109684,0.024753428995609283]],"model_parameters":{"desired_samples":16000,"window_size_samples":480,"window_stride_samples":160,"spectrogram_length":98,"fingerprint_width":40,"fingerprint_size":3920,