{"training_accuracy":[0.9900000095367432,0.9800000190734863,0.9800000190734863,0.9700000286102295,0.9700000286102295,0.9800000190734863,0.9800000190734863,0.9599999785423279,0.9700000286102295,0.9900000095367432,0.9800000190734863],"attacked_training_accuracy":[0.5299999713897705,0.33000001311302185,0.46000000834465027,0.46000000834465027,0.5299999713897705,0.38999998569488525,0.5099999904632568,0.36000001430511475,0.2800000011920929,0.28999999165534973,0.4099999964237213],"kl_over_time":[[0.0009518286096863449,0.21409690380096436,0.5220187306404114,0.9888929724693298,1.6147292852401733,2.729609727859497,3.1204042434692383,3.20877742767334,2.8874292373657227,2.430727243423462,1.9705862998962402],[0.0025521244388073683,0.24400576949119568,0.8546180725097656,2.0330536365509033,4.065478801727295,6.070651531219482,7.569383144378662,7.505809783935547,5.984170436859131,3.856928825378418,2.499431610107422],[0.0031013821717351675,0.2910204529762268,1.8881380558013916,4.02151346206665,6.042768478393555,7.84275484085083,8.328436851501465,7.015691757202148,4.769670009613037,2.7773513793945312,2.2947959899902344],[0.01816275715827942,0.33389055728912354,1.6361448764801025,3.0626330375671387,4.629323482513428,6.555755615234375,7.712438106536865,7.129881381988525,5.365869045257568,3.4064018726348877,2.1064157485961914],[0.002547167707234621,0.2772548496723175,0.8800389766693115,2.1799588203430176,3.625901699066162,4.7788238525390625,5.163112163543701,4.725386619567871,3.565432548522949,2.5032970905303955,1.7857002019882202],[0.0014859233051538467,0.4361048936843872,1.3629958629608154,3.4682717323303223,5.965681076049805,7.544798374176025,7.568603515625,6.3167338371276855,4.6845502853393555,3.1565377712249756,2.1864898204803467],[0.0008494982030242682,0.09422723203897476,0.20642966032028198,1.0844351053237915,2.754401683807373,4.758688449859619,5.732465744018555,6.192469120025635,5.361204624176025,3.7774271965026855,2.3849947452545166],[0.0010735653340816498,0.04999493435025215,1.16840660572052,3.085404396057129,5.410144329071045,7.471399784088135,9.168822288513184,9.416342735290527,8.13683795928955,5.994014739990234,3.7829504013061523],[0.0012695288751274347,0.21837195754051208,1.1627485752105713,2.684551954269409,4.886599540710449,7.057380199432373,8.46943473815918,8.153671264648438,6.791199684143066,4.699623107910156,3.0410778522491455],[0.012408046051859856,0.16053195297718048,1.6949670314788818,3.9920754432678223,6.3028244972229,8.22317886352539,8.723519325256348,7.382294654846191,5.053101539611816,2.820643901824951,1.7715193033218384],[0.0005422771791927516,0.25140535831451416,1.484322428703308,3.7302141189575195,5.675423622131348,7.498475074768066,8.027109146118164,7.044540882110596,NaN,NaN,NaN]]}