{"training_accuracy":[0.3199999928474426],"attacked_training_accuracy":[0.20000000298023224]}