{"training_accuracy":[0.2199999988079071,0.17000000178813934,0.3199999928474426,0.20000000298023224,0.3799999952316284,0.3499999940395355,0.27000001072883606,0.3499999940395355,0.44999998807907104,0.3400000035762787,0.36000001430511475,0.4000000059604645,0.4300000071525574,0.44999998807907104,0.4000000059604645,0.41999998688697815,0.4300000071525574,0.5099999904632568,0.49000000953674316,0.4300000071525574,0.4399999976158142,0.4300000071525574,0.5199999809265137,0.5799999833106995,0.5199999809265137,0.5099999904632568,0.5799999833106995,0.550000011920929,0.5699999928474426,0.6100000143051147,0.6600000262260437,0.6600000262260437,0.5299999713897705,0.6600000262260437,0.5699999928474426,0.5099999904632568,0.5199999809265137,0.550000011920929,0.550000011920929,0.5899999737739563],"attacked_training_accuracy":[0.1599999964237213,0.09000000357627869,0.17000000178813934,0.20000000298023224,0.30000001192092896,0.2199999988079071,0.2199999988079071,0.1899999976158142,0.3100000023841858,0.1599999964237213,0.23999999463558197,0.23999999463558197,0.2800000011920929,0.3100000023841858,0.27000001072883606,0.3499999940395355,0.28999999165534973,0.1899999976158142,0.25,0.2800000011920929,0.2800000011920929,0.23000000417232513,0.28999999165534973,0.3199999928474426,0.4300000071525574,0.2800000011920929,0.44999998807907104,0.30000001192092896,0.25,0.3400000035762787,0.3499999940395355,0.3100000023841858,0.3199999928474426,0.27000001072883606,0.28999999165534973,0.2199999988079071,0.3499999940395355,0.3700000047683716,0.23999999463558197,0.38999998569488525],"kl_over_time":[[3.046968458875199e-6,0.0003565087972674519,0.0013570594601333141,0.0030657832976430655,0.005560779478400946,0.008939764462411404,0.013350563123822212,0.018861496821045876,0.025722257792949677,0.034066032618284225,0.044035423547029495],[1.5401482187371585e-6,0.0002537199470680207,0.000972625392023474,0.002174445427954197,0.0039012860506772995,0.0062064058147370815,0.009194634854793549,0.012983154505491257,0.01769150234758854,0.023474739864468575,0.030490655452013016],[3.7439510833792156e-6,0.00020117225358262658,0.0007159851375035942,0.0015866821631789207,0.002862075110897422,0.004611188545823097,0.006911326665431261,0.00984299834817648,0.013534554280340672,0.01805182173848152,0.023474430665373802],[2.4740600110817468e-6,0.00016721963766030967,0.0006391704082489014,0.0014552500797435641,0.0026571766939014196,0.004300650674849749,0.006474817171692848,0.009221028536558151,0.012647418305277824,0.01684189774096012,0.02199561521410942],[1.0559269867371768e-6,0.00011525290028657764,0.00047476895269937813,0.0011193881509825587,0.0020724290516227484,0.0033946947660297155,0.005125471856445074,0.007368793245404959,0.010257916525006294,0.01382772158831358,0.01825306937098503],[1.8057772877000389e-6,0.00014088898024056107,0.0005679386085830629,0.0013131850864738226,0.00241506053134799,0.003909439314156771,0.005890307482331991,0.008354276418685913,0.011388418264687061,0.015025505796074867,0.019350919872522354],[3.251881480537122e-6,0.00016866605437826365,0.0007050164858810604,0.0017113914946094155,0.003295822301879525,0.00550046656280756,0.00850443635135889,0.012339191511273384,0.01717069372534752,0.023134559392929077,0.030351873487234116],[3.048878852496273e-6,0.0002221707400167361,0.000869054114446044,0.0019359684083610773,0.003449622541666031,0.00539028737694025,0.007852120324969292,0.010809721425175667,0.01430311519652605,0.018491871654987335,0.023303428664803505],[5.1915517360612284e-6,0.00024749853764660656,0.0009601752972230315,0.00217355415225029,0.00391786964610219,0.006233643740415573,0.009224200621247292,0.01276239100843668,0.017037885263562202,0.021964237093925476,0.02778506651520729],[6.452914021792822e-6,0.0002292651479365304,0.0008707506931386888,0.0020342913921922445,0.003733781399205327,0.006117328070104122,0.009292173199355602,0.013445858843624592,0.018540916964411736,0.02484719268977642,0.03241536021232605],[8.601487024861854e-6,0.0002878416271414608,0.001098361681215465,0.0024900317657738924,0.004534941166639328,0.0073386430740356445,0.0109627740457654,0.015414734371006489,0.020908117294311523,0.027169836685061455,0.0344400592148304],[1.0835132343345322e-5,0.0002718103933148086,0.001181190018542111,0.002944726962596178,0.0054098921827971935,0.008486082777380943,0.012258644215762615,0.016789713874459267,0.022161815315485,0.02812744304537773,0.035048708319664],[2.5479033865849487e-5,0.0004618083476088941,0.0017946677980944514,0.004333986900746822,0.008102653548121452,0.013264982029795647,0.019860416650772095,0.028096046298742294,0.03855350241065025,0.050932127982378006,0.06522305309772491],[1.33437451950158e-5,0.00057500961702317,0.002047704067081213,0.0045324647799134254,0.008027230389416218,0.012469923123717308,0.018015079200267792,0.02532520703971386,0.033754900097846985,0.044055838137865067,0.05665045231580734],[2.4482365915901028e-5,0.0004551816382445395,0.0028734367806464434,0.006407381966710091,0.011573795229196548,0.01887539029121399,0.027794038876891136,0.037909671664237976,0.0496409609913826,0.06345398724079132,0.07983813434839249],[9.647152182878926e-5,0.0016556730261072516,0.0031092732679098845,0.007022735197097063,0.012064552865922451,0.01780087687075138,0.026549717411398888,0.03543941304087639,0.044731978327035904,0.05560439079999924,0.06832484900951385],[0.00012358272215351462,0.002194799482822418,0.0050950562581419945,0.010222491808235645,0.017634620890021324,0.02684130147099495,0.03851651772856712,0.05227583646774292,0.06939872354269028,0.08927757292985916,0.11029373109340668],[0.00010538205242482945,0.001345813274383545,0.005868194159120321,0.013714530505239964,0.02477983385324478,0.04078366979956627,0.0609753392636776,0.08080679923295975,0.10384164750576019,0.1283952295780182,0.15569014847278595],[9.997645975090563e-5,0.0018335544737055898,0.0048613171093165874,0.01083393394947052,0.0188584066927433,0.03042890504002571,0.04541180655360222,0.06623800098896027,0.09131349623203278,0.12312538921833038,0.15909962356090546],[0.0036921617574989796,0.007727989926934242,0.013826285488903522,0.026708684861660004,0.037341635674238205,0.05018482729792595,0.07494866847991943,0.10228089988231659,0.1356627196073532,0.17061826586723328,0.20507922768592834],[7.089696737239137e-5,0.0012513473629951477,0.00544130289927125,0.012291296385228634,0.02278837189078331,0.0373946838080883,0.05673353374004364,0.07845278829336166,0.10239442437887192,0.12959599494934082,0.15799356997013092],[6.293743354035541e-5,0.0016907312674447894,0.005399341695010662,0.012662162072956562,0.024307556450366974,0.041848838329315186,0.061296891421079636,0.08484627306461334,0.11261255294084549,0.14482378959655762,0.17686377465724945],[0.00021337904036045074,0.0025215004570782185,0.007133548613637686,0.014740175567567348,0.02752336487174034,0.04424425959587097,0.06903908401727676,0.0972757488489151,0.12894068658351898,0.16594958305358887,0.20772773027420044],[0.00022089156846050173,0.0016089868731796741,0.006358723621815443,0.015961026772856712,0.02822156809270382,0.04459964483976364,0.06388399004936218,0.08853653818368912,0.11908643692731857,0.15305334329605103,0.1924513727426529],[8.207576320273802e-5,0.0019385232590138912,0.007105417083948851,0.01693720370531082,0.029285887256264687,0.04648075997829437,0.0634271502494812,0.0826542004942894,0.10903432965278625,0.13657449185848236,0.16635794937610626],[0.00013158805086277425,0.002449468709528446,0.00932196993380785,0.021162986755371094,0.036080002784729004,0.054738614708185196,0.08249669522047043,0.11145193129777908,0.14742690324783325,0.187132328748703,0.22932620346546173],[0.0005746076349169016,0.0022635527420789003,0.005729885771870613,0.012032044120132923,0.021042628213763237,0.032457880675792694,0.04603761062026024,0.06262819468975067,0.08101577311754227,0.10510547459125519,0.12695913016796112],[0.0001298899296671152,0.003391981590539217,0.01209389790892601,0.02484949491918087,0.04339919984340668,0.06621964275836945,0.09876758605241776,0.13685345649719238,