{"training_accuracy":[0.90625,0.75,0.75,0.84375,0.84375,0.6875,0.90625,0.75,0.90625,0.6875,0.75,0.84375,0.875,0.84375,0.96875,0.78125,0.90625,0.875,0.875,0.8125,0.90625,0.78125,0.84375,0.75,0.84375,0.90625,0.8125,0.8125,0.90625,0.78125,0.78125,0.875,0.78125,0.90625,0.875,0.875,0.78125,0.8125,0.75,0.78125,0.8125,0.8125,0.84375,0.75,0.9375,0.875,0.90625,0.875,0.71875,0.8125,0.875,0.90625,0.84375,0.875,0.9375,0.75,0.9375,0.8125,0.875,0.78125,0.875,0.9375,0.8125,0.875,0.875,0.78125,0.9375,0.84375,0.8125,0.84375,0.84375,0.875,0.78125,0.9375,0.875,0.875,0.75,0.6875,0.8125,0.84375,0.75,0.875,0.9375,0.84375,0.90625],"attacked_training_accuracy":[0.4375,0.40625,0.40625,0.28125,0.34375,0.3125,0.40625,0.375,0.34375,0.4375,0.4375,0.59375,0.21875,0.375,0.53125,0.40625,0.40625,0.46875,0.53125,0.4375,0.4375,0.25,0.5,0.46875,0.15625,0.40625,0.40625,0.375,0.5,0.3125,0.40625,0.34375,0.375,0.53125,0.40625,0.46875,0.46875,0.59375,0.3125,0.46875,0.4375,0.5,0.59375,0.4375,0.25,0.25,0.34375,0.40625,0.46875,0.59375,0.53125,0.46875,0.5,0.5625,0.40625,0.5,0.40625,0.59375,0.65625,0.40625,0.5,0.46875,0.375,0.375,0.40625,0.375,0.28125,0.21875,0.5,0.5,0.4375,0.5,0.40625,0.3125,0.3125,0.5625,0.3125,0.46875,0.3125,0.4375,0.4375,0.4375,0.4375,0.4375,0.375],"kl_over_time":[[0.00004481578798731789,0.049236755818128586,0.3960827887058258,1.031046748161316,1.8103902339935303,2.6565709114074707,3.626157760620117,4.651339530944824,5.668709754943848,6.684001445770264,7.731290817260742],[0.000014205065781425219,0.05733924359083176,0.3809688091278076,1.0393614768981934,1.9306704998016357,2.9813039302825928,3.951479196548462,4.940384864807129,5.963869571685791,6.9291181564331055,7.94545316696167],[0.00007828431262169033,0.15969368815422058,0.6611102819442749,1.3770854473114014,2.251755475997925,3.172341823577881,4.072075366973877,5.037343502044678,6.027141571044922,6.99854850769043,7.977795600891113],[0.00004715029717772268,0.03612837940454483,0.24676555395126343,0.7319096922874451,1.471524953842163,2.3914177417755127,3.4863719940185547,4.572012901306152,5.818796157836914,7.083970069885254,8.402832984924316],[0.000037679015804314986,0.014691740274429321,0.1216069906949997,0.5875638127326965,1.6575461626052856,3.104434013366699,4.690121650695801,6.185125827789307,7.659692764282227,9.123074531555176,10.594377517700195],[0.00011929377797059715,0.2098516970872879,0.8643075823783875,1.72829008102417,2.7827794551849365,3.9952392578125,5.326729774475098,6.6420159339904785,7.925143241882324,9.158844947814941,10.449631690979004],[0.00008037913357838988,0.07004562765359879,0.4516018033027649,1.1695396900177002,2.1231820583343506,3.152305841445923,4.367497444152832,5.529116630554199,6.8151140213012695,8.176149368286133,9.496036529541016],[0.00003594307054299861,0.22408714890480042,0.8296326994895935,1.7708401679992676,3.0440657138824463,4.534120559692383,6.014158725738525,7.490945339202881,8.981888771057129,10.436670303344727,11.910573959350586],[0.000054729058319935575,0.0343514010310173,0.4439330995082855,1.2999383211135864,2.3202431201934814,3.396488666534424,4.773604393005371,6.038819789886475,7.431141376495361,8.768866539001465,10.104479789733887],[0.00004558376531349495,0.07799389213323593,0.43436887860298157,1.0890426635742188,1.87437105178833,2.7468483448028564,3.607048749923706,4.5284013748168945,5.497256755828857,6.472609519958496,7.467206001281738],[0.000021572062905761413,0.17933237552642822,0.704991340637207,1.5161728858947754,2.4556474685668945,3.5357003211975098,4.81406307220459,6.147252082824707,7.470257759094238,8.788841247558594,10.098957061767578],[0.00006766373553546146,0.06070924550294876,0.40901556611061096,1.0073899030685425,1.7126394510269165,2.4996588230133057,3.378709554672241,4.262940406799316,5.186978816986084,6.096822261810303,7.0633544921875],[0.00008085933950496837,0.02025151066482067,0.14534522593021393,0.4850250482559204,1.0487313270568848,1.6865172386169434,2.6781365871429443,3.6883890628814697,4.748990058898926,5.868380546569824,7.103447914123535],[0.00009698932262836024,0.08384496718645096,0.49253231287002563,1.1868221759796143,2.1526384353637695,3.3108582496643066,4.531657695770264,5.826251029968262,7.180996894836426,8.53717041015625,9.87496566772461],[0.0003410301578696817,0.044832032173871994,0.26312071084976196,0.8003551363945007,1.6196447610855103,2.629840612411499,3.6639394760131836,4.741793632507324,5.825807094573975,6.878069877624512,7.937759876251221],[0.00006972084520384669,0.038506895303726196,0.13275566697120667,0.2830279469490051,0.45726561546325684,0.6764769554138184,0.9172035455703735,1.5688673257827759,2.599818706512451,3.7044475078582764,5.019486427307129],[0.000025903776986524463,0.08367220312356949,0.41039207577705383,1.0390719175338745,1.8744449615478516,2.7943453788757324,3.928734064102173,5.0213727951049805,6.2652974128723145,7.4121575355529785,8.659502029418945],[0.00003966514123021625,0.14850421249866486,0.5695720911026001,1.2130773067474365,1.995754599571228,2.79982328414917,3.669029474258423,4.5105180740356445,5.369575023651123,6.203668117523193,7.035031795501709],[0.0000195630327652907,0.026210730895400047,0.12543126940727234,0.31839513778686523,0.6481596827507019,1.1100353002548218,1.7877638339996338,2.5430190563201904,3.363028049468994,4.144477844238281,5.05881404876709],[0.000025191435270244256,0.06571320444345474,0.4051981568336487,1.0420693159103394,1.7851988077163696,2.6190295219421387,3.487187147140503,4.350682735443115,5.221073627471924,6.122320652008057,7.043276786804199],[0.00006635690078837797,0.06905535608530045,0.335729718208313,0.76715487241745,1.3462971448898315,2.048309087753296,2.8133370876312256,3.6524500846862793,4.527225017547607,5.461009979248047,6.443714618682861],[0.00007707405893597752,0.1602526754140854,0.7638729214668274,1.6012096405029297,2.6005799770355225,3.5819242000579834,4.623895168304443,5.720003604888916,6.7756876945495605,7.8953447341918945,9.011431694030762],[0.00011898238881258294,0.025917354971170425,0.14209596812725067,0.5192670822143555,1.1028755903244019,1.7854371070861816,2.5796539783477783,3.421938180923462,4.34804105758667,5.315167427062988,6.344429016113281],[0.00003793971336563118,0.057560261338949203,0.5451899170875549,1.5008995532989502,2.6273367404937744,3.8208799362182617,5.119139671325684,6.419203758239746,7.72324800491333,9.048626899719238,10.38024616241455],[0.000016151949239429086,0.04636477306485176,0.2045028656721115,0.46518316864967346,0.8537390232086182,1.5222792625427246,2.508510112762451,3.673330307006836,4.963062286376953,6.32809591293335,7.769949436187744],[0.00001334125772700645,0.20520265400409698,0.7065591812133789,1.4798959493637085,2.419066905975342,3.580824375152588,4.709940433502197,5.843418121337891,6.9930315017700195,8.20677375793457,9.457411766052246],[0.00003938539157388732,0.08234069496393204,0.42746245861053467,1.00748872756958,1.8748939037322998,2.6738240718841553,3.900423288345337,4.8963541984558105,5.998187065124512,7.066444396972656,8.142535209655762],[0.0000964108039624989,0.09333647042512894,0.499726802110672,1.2716937065124512,2.2146189212799072,3.143754720687866,4.174865245819092,5.21888542175293,6.2455549240112305,7.298587799072266,8.346052169799805],[0.00004241146962158382,0.12815724313259125,0.5767660737037659,1.2397080659866333,2.133817434310913,3.1509854793548584,4.168590068817139,5.179192066192627,6.168699264526367,7.15909481048584,8.150925636291504],[0.0002271852281410247,0.21582700312137604,0.7796965837478638,1.5078898668289185,2.309680700302124,3.1494293212890625,4.026321887969971,4.919775485992432,5.85725736618042,6.814604759216309,7.810266971588135],[0.00013355178816709667,0.03974924236536026,0.2624632716178894,0.7925706505775452,1.5534080266952515,2.4880239963531494,3.471043109893799,4.478420257568359,5.4730353355407715,6.511756420135498,7.560346603393555],[0.00008162765152519569,0.107179194688797,0.5355721712112427,1.3258215188980103,2.4239797592163086,3.6073524951934814,4.770050048828125,5.89415979385376,7.023250102996826,8.164570808410645,