{"training_accuracy":[0.23000000417232513,0.14000000059604645,0.09000000357627869,0.15000000596046448,0.11999999731779099,0.17000000178813934,0.10999999940395355,0.10999999940395355,0.12999999523162842,0.14000000059604645,0.17000000178813934,0.11999999731779099,0.10999999940395355,0.15000000596046448,0.20000000298023224,0.14000000059604645,0.10999999940395355,0.17000000178813934,0.11999999731779099,0.11999999731779099,0.1599999964237213,0.10000000149011612,0.15000000596046448,0.14000000059604645,0.1599999964237213,0.09000000357627869,0.10000000149011612,0.09000000357627869,0.11999999731779099,0.20000000298023224,0.10000000149011612,0.12999999523162842,0.12999999523162842,0.17000000178813934,0.11999999731779099,0.10999999940395355,0.10999999940395355,0.10999999940395355,0.10999999940395355,0.1899999976158142,0.10999999940395355,0.1599999964237213,0.10999999940395355,0.15000000596046448,0.15000000596046448,0.11999999731779099,0.11999999731779099,0.1599999964237213,0.17000000178813934,0.15000000596046448,0.1899999976158142,0.12999999523162842,0.07999999821186066,0.10999999940395355,0.10999999940395355,0.14000000059604645,0.1599999964237213,0.1599999964237213,0.09000000357627869,0.14000000059604645,0.11999999731779099,0.14000000059604645,0.11999999731779099,0.14000000059604645,0.07000000029802322,0.17000000178813934,0.18000000715255737,0.15000000596046448,0.07999999821186066,0.20999999344348907,0.10000000149011612,0.11999999731779099,0.05000000074505806,0.11999999731779099,0.12999999523162842,0.17000000178813934,0.23000000417232513,0.12999999523162842,0.27000001072883606,0.14000000059604645,0.17000000178813934,0.10000000149011612,0.1599999964237213,0.14000000059604645,0.10000000149011612,0.18000000715255737,0.09000000357627869,0.18000000715255737,0.11999999731779099,0.07999999821186066,0.14000000059604645,0.17000000178813934,0.10999999940395355,0.18000000715255737,0.10000000149011612,0.10999999940395355,0.11999999731779099,0.07999999821186066,0.07000000029802322,0.10999999940395355,0.14000000059604645,0.12999999523162842,0.07999999821186066,0.11999999731779099,0.14000000059604645,0.11999999731779099,0.15000000596046448],"attacked_training_accuracy":[0.10000000149011612,0.14000000059604645,0.09000000357627869,0.15000000596046448,0.11999999731779099,0.17000000178813934,0.10999999940395355,0.10999999940395355,0.12999999523162842,0.14000000059604645,0.17000000178813934,0.11999999731779099,0.10999999940395355,0.15000000596046448,0.20000000298023224,0.14000000059604645,0.10999999940395355,0.17000000178813934,0.11999999731779099,0.11999999731779099,0.1599999964237213,0.10000000149011612,0.15000000596046448,0.14000000059604645,0.1599999964237213,0.09000000357627869,0.10000000149011612,0.09000000357627869,0.11999999731779099,0.20000000298023224,0.10000000149011612,0.12999999523162842,0.12999999523162842,0.17000000178813934,0.11999999731779099,0.10999999940395355,0.10999999940395355,0.10999999940395355,0.10999999940395355,0.1899999976158142,0.10999999940395355,0.1599999964237213,0.10999999940395355,0.15000000596046448,0.15000000596046448,0.11999999731779099,0.11999999731779099,0.1599999964237213,0.17000000178813934,0.15000000596046448,0.1899999976158142,0.12999999523162842,0.07999999821186066,0.10999999940395355,0.10999999940395355,0.14000000059604645,0.1599999964237213,0.1599999964237213,0.09000000357627869,0.14000000059604645,0.11999999731779099,0.14000000059604645,0.11999999731779099,0.14000000059604645,0.07000000029802322,0.17000000178813934,0.18000000715255737,0.15000000596046448,0.07999999821186066,0.20999999344348907,0.10000000149011612,0.11999999731779099,0.05000000074505806,0.11999999731779099,0.12999999523162842,0.17000000178813934,0.23000000417232513,0.12999999523162842,0.27000001072883606,0.14000000059604645,0.17000000178813934,0.10000000149011612,0.1599999964237213,0.14000000059604645,0.10000000149011612,0.18000000715255737,0.09000000357627869,0.18000000715255737,0.11999999731779099,0.07999999821186066,0.14000000059604645,0.17000000178813934,0.10999999940395355,0.18000000715255737,0.10000000149011612,0.10999999940395355,0.11999999731779099,0.07999999821186066,0.07000000029802322,0.10999999940395355,0.14000000059604645,0.12999999523162842,0.07999999821186066,0.11999999731779099,0.14000000059604645,0.11999999731779099,0.15000000596046448],