{"training_accuracy":[0.05000000074505806,0.03999999910593033,0.12999999523162842],"attacked_training_accuracy":[0.33000001311302185,0.25999999046325684,0.25999999046325684],"kl_over_time":[[3.679766891195868e-8,2.1763931727036834e-5,1.1940336662519258e-5,3.777434540097602e-5,8.85937552084215e-5,0.00020151594071649015,0.0004580103559419513,0.0007589643355458975,0.0010394530836492777,0.0012537811417132616,0.0014131814241409302],[3.9343294844229604e-8,3.273823676863685e-5,1.9770166545640677e-5,2.7348087314749137e-5,4.503356103668921e-5,0.00017689728701952845,0.00028042111080139875,0.00042052811477333307,0.0005860723904334009,0.0006169870612211525,0.0006232468294911087],[3.085677136027698e-8,4.10606044169981e-5,2.282165405631531e-5,2.9175978852435946e-5,7.630693289684132e-5,0.00012805276492144912,0.0002514199586585164,0.0003984426730312407,0.0005916689988225698,0.0007572744507342577,0.0009461226873099804]]}