{"training_accuracy":[0.05000000074505806,0.03999999910593033],"attacked_training_accuracy":[0.1899999976158142,0.18000000715255737],"kl_over_time":[[2.975535551286157e-8,1.4870990526105743e-5,1.2405805136950221e-5,4.4296684791333973e-5,9.012818190967664e-5,0.0002585764159448445,0.0005162786692380905,0.0007469955016858876,0.0009577025193721056,0.0011239153100177646,0.0012880302965641022],[2.7613188180453108e-8,2.9587279641418718e-5,9.57113934418885e-6,2.2861460820422508e-5,2.6512047043070197e-5,5.271122790873051e-5,7.727654156042263e-5,0.0001492359151598066,0.0001692969526629895,0.00029727863147854805,0.0004108761786483228]]}