{"training_accuracy":[0.38999998569488525,0.3799999952316284],"attacked_training_accuracy":[0.14000000059604645,0.20999999344348907],"kl_over_time":[[2.5320291641151016e-8,2.6366698875790462e-5,1.9593240722315386e-5,4.44645993411541e-5,0.00010213998757535592,0.00017409109568689018,0.0003308761806692928,0.0005684480420313776,0.0008177689742296934,0.0009672762244008482,0.0010963518870994449],[1.8919502409175948e-8,3.418167034396902e-5,1.1591218026296701e-5,9.799930012377445e-6,4.920826177112758e-5,7.168494630604982e-5,0.00010305719479219988,0.00016065141244325787,0.0002184286422561854,0.0003618746413849294,0.0005432187463156879]]}