{"training_accuracy":[0.390625,0.3984375,0.5234375,0.5625,0.59375,0.5390625,0.546875,0.5078125,0.53125,0.671875,0.65625,0.6875],"attacked_training_accuracy":[0.4296875,0.4296875,0.453125,0.453125,0.4375,0.3671875,0.3984375,0.3671875,0.421875,0.4765625,0.4375,0.53125],"kl_over_time":[[2.4125041520051127e-8,0.00035405438393354416,0.0006777105736546218,0.0013263595756143332,0.0019564195536077023,0.0024222603533416986,0.0030367267318069935,0.003247296903282404,0.003730091266334057,0.004443017765879631,0.005599628668278456],[3.564235839803587e-8,0.001037212903611362,0.0020517809316515923,0.004323633387684822,0.006487484555691481,0.008318234235048294,0.009819192811846733,0.010669080540537834,0.012417890131473541,0.01517943199723959,0.018581440672278404],[5.248800505341933e-8,0.0014041762333363295,0.0032358583994209766,0.006279677618294954,0.009686256758868694,0.0120478430762887,0.014708957634866238,0.017639227211475372,0.021198349073529243,0.025506362318992615,0.03067871741950512],[6.400782837090446e-8,0.0019633970223367214,0.005891151260584593,0.011004873551428318,0.016615182161331177,0.020680150017142296,0.024063844233751297,0.025997739285230637,0.030032269656658173,0.036336563527584076,0.044943906366825104],[6.694671839113653e-8,0.0027036420069634914,0.006959237158298492,0.014267958700656891,0.020477458834648132,0.025610484182834625,0.029060889035463333,0.03071695938706398,0.03622603416442871,0.04430612176656723,0.054659824818372726],[7.070468655001605e-8,0.0030401423573493958,0.008721079677343369,0.017565704882144928,0.026912428438663483,0.03557414561510086,0.04181860014796257,0.045319199562072754,0.05235855281352997,0.06329473853111267,0.07712859660387039],[9.17540319278487e-8,0.003745440160855651,0.010658027604222298,0.022388670593500137,0.03569341450929642,0.04817187041044235,0.05758674442768097,0.06176631152629852,0.07249022275209427,0.0877549946308136,0.10737980157136917],[7.232579690708008e-8,0.004012860357761383,0.010572532191872597,0.02263457700610161,0.03515945374965668,0.04743156209588051,0.057197995483875275,0.06273025274276733,0.07368598878383636,0.09040169417858124,0.11060543358325958],[9.453509619561373e-8,0.0022958950139582157,0.008735954761505127,0.019581472501158714,0.03232196718454361,0.04512473940849304,0.05615074560046196,0.06412829458713531,0.077367402613163,0.09526076912879944,0.1174933910369873],[9.597845007647265e-8,0.003189887385815382,0.009871723130345345,0.019184978678822517,0.029552295804023743,0.03918658569455147,0.04897007718682289,0.05876820161938667,0.0733746886253357,0.09199795871973038,0.11632100492715836],[1.7312520128598408e-7,0.003072923980653286,0.012118514627218246,0.02472447231411934,0.03991164267063141,0.05529032275080681,0.07430875301361084,0.09565337002277374,0.11769574880599976,0.1384679079055786,0.16574198007583618],[1.200596244643748e-7,0.004641549661755562,0.011771343648433685,0.02429913729429245,0.03676743060350418,0.04952019453048706,0.06167224794626236,0.07237012684345245,0.09042416512966156,0.11562971770763397,0.14629121124744415]]}