{"validation_accuracy":[0.6255555152893066],"attacked_validation_accuracies":[0.4311111271381378],"validation_kl_over_time":[[1.7936926610673254e-7,0.0059700291603803635,0.02253943867981434,0.05117960274219513,0.09019270539283752,0.1380026489496231,0.19690179824829102,0.2633906602859497,0.35083362460136414,0.45487546920776367,0.5744509100914001]]}