{"training_accuracy":[0.6399999856948853],"attacked_training_accuracy":[0.1599999964237213],"kl_over_time":[[2.6629259082255885e-6,0.32537901401519775,0.9814543128013611,1.8489347696304321,2.6954567432403564,3.532332420349121,4.224085807800293,4.889064788818359,5.379610538482666,6.040469646453857,6.564261436462402]]}