{"training_accuracy":[0.33000001311302185],"attacked_training_accuracy":[0.23000000417232513],"kl_over_time":[[4.481636040054582e-7,0.00011506670853123069,0.0005863161059096456,0.001477534999139607,0.0027841399423778057,0.0045073507353663445,0.0067173573188483715,0.009397575631737709,0.012609402649104595,0.016402358189225197,0.020712098106741905]]}