{"training_accuracy":[0.1899999976158142],"attacked_training_accuracy":[0.12999999523162842]}