{"training_accuracy":[0.9800000190734863,0.9599999785423279,0.9800000190734863],"attacked_training_accuracy":[0.44999998807907104,0.4699999988079071,0.25],"kl_over_time":[[0.0007188469171524048,0.13927993178367615,0.3351106643676758,0.7024813890457153,1.040730357170105,2.2950050830841064,4.592179775238037,6.655951499938965,7.75186014175415,7.867986679077148,6.737680435180664],[0.001015929621644318,0.11519136279821396,1.7656950950622559,4.18549108505249,6.333066463470459,7.851020336151123,8.402738571166992,7.6539764404296875,5.365607738494873,3.0851101875305176,2.0467758178710938],[0.001917119137942791,0.14603742957115173,0.22675830125808716,1.224619746208191,3.633814811706543,5.896744728088379,7.4875922203063965,7.68931245803833,6.599400997161865,4.420301914215088,2.6310338973999023]]}