{"training_accuracy":[0.875,0.75],"attacked_training_accuracy":[0.25,0.5],"kl_over_time":[[0.0000605545355938375,0.1231740266084671,0.522285521030426,1.2631292343139648,2.83302903175354,4.63103723526001,6.369988441467285,8.232622146606445,9.985368728637695,11.701414108276367,12.99504280090332],[0.00002835565283021424,0.2809971868991852,1.9649074077606201,5.4709577560424805,9.23130989074707,12.936261177062988,17.15391731262207,NaN,NaN,NaN,NaN]]}