{"training_accuracy":[0.875],"attacked_training_accuracy":[0.5],"kl_over_time":[[0.0006134598515927792,0.05920024216175079,0.5170013308525085,1.918723464012146,3.9237866401672363,6.154092788696289,8.209705352783203,10.096395492553711,11.917622566223145,11,11]]}
