{"training_accuracy":[0.4000000059604645,0.5,0.6800000071525574,0.5899999737739563,0.699999988079071,0.5899999737739563,0.6100000143051147,0.5699999928474426,0.6399999856948853],"attacked_training_accuracy":[0.46000000834465027,0.38999998569488525,0.5099999904632568,0.36000001430511475,0.49000000953674316,0.47999998927116394,0.41999998688697815,0.3700000047683716,0.4300000071525574],"kl_over_time":[[3.236688428387424e-8,0.0003515434800647199,0.0006730905151925981,0.0012349887983873487,0.0019017922459170222,0.0023475911002606153,0.003055670764297247,0.003815996227785945,0.004814552143216133,0.005729385651648045,0.0070527056232094765],[8.462047418333896e-8,0.0010352344252169132,0.0024720344226807356,0.0048517691902816296,0.007615697104483843,0.00941095594316721,0.011775963008403778,0.014131981879472733,0.017109224572777748,0.020566152408719063,0.024877961724996567],[9.715849813574096e-8,0.003194051329046488,0.00708343368023634,0.014193692244589329,0.020198235288262367,0.025081796571612358,0.028369998559355736,0.030449500307440758,0.036372628062963486,0.045094531029462814,0.05620725452899933],[1.3985962254992046e-7,0.0006705501000396907,0.00019570975564420223,0.006048489827662706,0.014698251150548458,0.028013819828629494,0.04339880868792534,0.05486730858683586,0.0675303190946579,0.07732269912958145,0.09439843893051147],[1.9894829961231153e-7,0.001837309799157083,0.007439121603965759,0.020149588584899902,0.03557188808917999,0.046963680535554886,0.05502980202436447,0.059568822383880615,0.06756683439016342,0.07566502690315247,0.08888591825962067],[2.419741917947249e-7,0.011985678225755692,0.030331991612911224,0.059179484844207764,0.08647779375314713,0.10764722526073456,0.12015239149332047,0.12689565122127533,0.15217584371566772,0.18613170087337494,0.2253817915916443],[4.520747438618855e-7,0.010091088712215424,0.034895170480012894,0.06425321102142334,0.09189040958881378,0.1134367361664772,0.1288316249847412,0.1357801854610443,0.16567060351371765,0.20425648987293243,0.24787259101867676],[4.816100727111916e-7,0.002010958269238472,0.00027340484666638076,0.016120143234729767,0.03874087706208229,0.06534718722105026,0.08754640072584152,0.10269538313150406,0.11259321123361588,0.12193187326192856,0.14323970675468445],[6.823728995186684e-7,0.004849371034651995,0.032116733491420746,0.06797188520431519,0.10589885711669922,0.13652969896793365,0.15482179820537567,0.1738099455833435,0.2086440622806549,0.25040215253829956,0.31112590432167053]]}