{"training_accuracy":[0.9900000095367432,0.9700000286102295],"attacked_training_accuracy":[0.6899999976158142,0.2800000011920929],"kl_over_time":[[0.0002948185720015317,0.20799009501934052,0.7960952520370483,2.4246127605438232,4.48783540725708,6.076759338378906,6.877803802490234,6.180428981781006,4.345324516296387,2.4869396686553955,1.4773091077804565],[0.0032833456061780453,0.05291284620761871,0.22211986780166626,0.8026971817016602,2.1354970932006836,3.748430013656616,5.1757426261901855,5.9966912269592285,5.519467830657959,4.117870807647705,2.6127352714538574]]}