{"training_accuracy":[0.25,0.5,0.625,0.625,0.25,0.25,0.0,0.375,0.25,0.625,0.25,0.5,0.5,0.375,0.375,0.625,0.25,0.375,0.375,0.25],"attacked_training_accuracy":[0.375,0.625,0.25,0.25,0.375,0.625,0.0,0.5,0.5,0.375,0.25,0.5,0.5,0.5,0.375,0.25,0.625,0.375,0.5,0.625],"kl_over_time":[[3.363863498861974e-8,0.000009305413186666556,0.000008639017323730513,0.000009912053428706713,0.00001148893716163002,0.000023174998204922304,0.000018250724679091945,0.00004894830271950923,0.00004041335341753438,0.00003068992737098597,0.00015863394946791232],[3.180001684199851e-8,0.0000572629869566299,0.00001271542532776948,0.000011830361472675577,0.00003881845259456895,0.00003829339038929902,0.00005565312676480971,0.00006692572787869722,0.00007501996151404455,0.00009654148743720725,0.00011155020911246538],[1.662478865682715e-8,0.00005704252907889895,0.00000928161807678407,0.00003168717012158595,0.00001129197517002467,0.000046065830247243866,0.000136565460707061,0.00024680240312591195,0.00033592627733014524,0.0003996708837803453,0.000519154011271894],[3.572211326741126e-8,0.00010453596769366413,0.0000793661383795552,0.00006751072942279279,0.0001608593884157017,0.000346920860465616,0.000477994151879102,0.0005733806174248457,0.0006880168220959604,0.0007708590128459036,0.0007569848094135523],[3.086852373712645e-8,0.00010956982441712171,0.000017774496882339008,0.000013701298485102598,0.000021868114345124923,0.000014802086298004724,0.000027801159376394935,0.00006549833778990433,0.00013905612286180258,0.0002645897038746625,0.00047582603292539716],[1.534305660300106e-8,0.00008757653995417058,0.00005976595275569707,0.00018827633175533265,0.000386220432119444,0.0005170942167751491,0.0007077050977386534,0.0008941825362853706,0.001059162663295865,0.0011868802830576897,0.001238787779584527],[3.082232780116101e-8,0.00011122208525193855,0.0001488122361479327,0.00024482616572640836,0.000388872082112357,0.0005172364762984216,0.0006454706890508533,0.0008502436685375869,0.0010600372916087508,0.0013109747087582946,0.001653687097132206],[5.7473368286764526e-9,0.00021339836530387402,0.0002650249225553125,0.0005350683932192624,0.0010102224769070745,0.001481106854043901,0.0019495640881359577,0.0027895537205040455,0.003381041344255209,0.0045763831585645676,0.0054061561822891235],[5.9656031226040795e-9,0.0002361457300139591,0.0006166290258988738,0.0014178053243085742,0.0020285516511648893,0.0023884812835603952,0.0028371550142765045,0.003165912814438343,0.0034879660233855247,0.0036876762751489878,0.003863838966935873],[3.137357751370473e-8,0.00014821132936049253,0.0005637076683342457,0.0009980343747884035,0.0014810797292739153,0.002086482010781765,0.002816795837134123,0.003791517810896039,0.00442763464525342,0.005640610586851835,0.0066655888222157955],[-5.801056079945965e-9,0.000038899219362065196,0.000005103810053697089,0.0003929272061213851,0.0007168098236434162,0.0011735268635675311,0.0015076278941705823,0.001531719695776701,0.0017864223336800933,0.0021786270663142204,0.0028544804081320763],[3.6551856652522474e-8,0.00025654301862232387,0.00047991774044930935,0.000902888597920537,0.0012267050333321095,0.001614967593923211,0.0022013671696186066,0.0028843677137047052,0.0038490307051688433,0.004917677957564592,0.006286680698394775],[2.9114220367887356e-8,0.00019019286264665425,0.0005935340304858983,0.001020842231810093,0.0012374593643471599,0.0014100110856816173,0.0018274144968017936,0.002432689070701599,0.0031090553384274244,0.0040132771246135235,0.005204733461141586],[1.4667369541143671e-8,0.0006921179592609406,0.0012900765286758542,0.002675400348380208,0.004499062895774841,0.006233785301446915,0.0076065375469625,0.008348039351403713,0.00958637148141861,0.010113717056810856,0.01132630743086338],[-9.543548173951422e-9,0.0005746757378801703,0.00122772844042629,0.002392914379015565,0.0038669987116008997,0.004932407755404711,0.006195814348757267,0.007117938250303268,0.008469278924167156,0.009886140003800392,0.011759577319025993],[5.540558234429227e-8,0.0008461422403343022,0.001665708259679377,0.003281194716691971,0.005089317448437214,0.006424714811146259,0.007859963923692703,0.009031842462718487,0.010116081684827805,0.010858047753572464,0.012501951307058334],[5.506686662215543e-8,0.0003465953341219574,0.0014051770558580756,0.0031593083404004574,0.005704720038920641,0.00833265669643879,0.010586431249976158,0.012602688744664192,0.014722983352839947,0.01675485447049141,0.01904354616999626],[6.334684599096363e-8,0.0006703520775772631,0.0016985161928460002,0.003069793339818716,0.003967670723795891,0.004358891863375902,0.004449159372597933,0.004664174746721983,0.005702427122741938,0.006363020744174719,0.007890777662396431],[6.934206453479419e-8,0.0006980582838878036,0.001746779540553689,0.0035080830566585064,0.00497056869789958,0.0060344357043504715,0.007441569119691849,0.00860853586345911,0.010536136105656624,0.011844859458506107,0.014429514296352863],[4.9445176841800276e-8,0.0006992093985900283,0.001503253006376326,0.0030245804227888584,0.004960421938449144,0.006832410581409931,0.008314860053360462,0.009822768159210682,0.01175430603325367,0.013997724279761314,0.017016490921378136]]}