{"training_accuracy":[0.5099999904632568],"attacked_training_accuracy":[0.11999999731779099]}