{"training_accuracy":[0.3799999952316284,0.3700000047683716,0.4099999964237213,0.4300000071525574,0.49000000953674316,0.5199999809265137,0.46000000834465027,0.38999998569488525,0.5600000023841858,0.4699999988079071,0.49000000953674316,0.47999998927116394,0.49000000953674316,0.5199999809265137,0.5099999904632568,0.5699999928474426,0.47999998927116394,0.5400000214576721,0.5799999833106995,0.6299999952316284,0.49000000953674316,0.44999998807907104,0.550000011920929,0.5],"attacked_training_accuracy":[0.27000001072883606,0.2800000011920929,0.27000001072883606,0.3499999940395355,0.28999999165534973,0.41999998688697815,0.2800000011920929,0.25999999046325684,0.3499999940395355,0.36000001430511475,0.2800000011920929,0.3100000023841858,0.2199999988079071,0.3799999952316284,0.25999999046325684,0.3199999928474426,0.33000001311302185,0.3700000047683716,0.38999998569488525,0.20000000298023224,0.25999999046325684,0.3799999952316284,0.20000000298023224,0.25],"kl_over_time":[[2.5050953809113707e-6,0.0027805014979094267,0.012155100703239441,0.027428671717643738,0.048170726746320724,0.07298710942268372,0.10237191617488861,0.13524630665779114,0.17127594351768494,0.2102767527103424,0.25315573811531067],[4.471494321478531e-6,0.004616481717675924,0.020619887858629227,0.05107937753200531,0.09441083669662476,0.14293763041496277,0.19563092291355133,0.2513120174407959,0.3080042898654938,0.36615288257598877,0.4258113503456116],[5.350028914108407e-6,0.006175297312438488,0.02725292555987835,0.0595560148358345,0.09636668115854263,0.13723820447921753,0.18224547803401947,0.23085638880729675,0.27791693806648254,0.3154766857624054,0.35763514041900635],[1.0364410627516918e-5,0.004367352928966284,0.01878567598760128,0.044245775789022446,0.07992520928382874,0.12635771930217743,0.18330848217010498,0.24847283959388733,0.3244107663631439,0.40821799635887146,0.5038248300552368],[2.6287472792319022e-5,0.010513665154576302,0.042568325996398926,0.09379669278860092,0.15644696354866028,0.22712115943431854,0.3081433176994324,0.3841497600078583,0.4587458670139313,0.5354377031326294,0.6222183704376221],[1.507048091298202e-5,0.005554515402764082,0.023321960121393204,0.055470842868089676,0.10048335790634155,0.15818187594413757,0.2274087518453598,0.3066249489784241,0.39628997445106506,0.49485859274864197,0.6028366684913635],[1.2755754141835496e-5,0.004851956851780415,0.02660772018134594,0.08612016588449478,0.18112365901470184,0.28968316316604614,0.4056910574436188,0.5083383321762085,0.5796747207641602,0.6576956510543823,0.7483418583869934],[3.068726073252037e-5,0.005337280686944723,0.028956595808267593,0.0713832750916481,0.1301042139530182,0.20339854061603546,0.2838270962238312,0.37939372658729553,0.48127517104148865,0.5937178134918213,0.7146084904670715],[1.736023841658607e-5,0.013051051646471024,0.0742591917514801,0.1804826259613037,0.3339805006980896,0.5181718468666077,0.6695560812950134,0.8154370188713074,0.9637573957443237,1.0740865468978882,1.1934030055999756],[2.7436002710601315e-5,0.009826602414250374,0.048102665692567825,0.11099070310592651,0.19507838785648346,0.2904747724533081,0.40234434604644775,0.5231531262397766,0.6580065488815308,0.7962524890899658,0.9374280571937561],[2.844790833478328e-5,0.006173291709274054,0.03860844671726227,0.09909551590681076,0.18461887538433075,0.29136040806770325,0.4155465364456177,0.5532371401786804,0.7055299878120422,0.8681748509407043,1.0444352626800537],[2.506906821508892e-5,0.008971823379397392,0.04679649695754051,0.11035369336605072,0.2005145400762558,0.30903172492980957,0.43565794825553894,0.5773314833641052,0.725109875202179,0.884335994720459,1.0531811714172363],[3.344967990415171e-5,0.034968942403793335,0.13672085106372833,0.2704615294933319,0.3969290852546692,0.5440046787261963,0.7204291224479675,0.9155726432800293,1.1297444105148315,1.3587000370025635,1.6010442972183228],[2.1012428987887688e-5,0.004933575168251991,0.022971292957663536,0.057321012020111084,0.10648208111524582,0.17488208413124084,0.2619726359844208,0.37037673592567444,0.500332772731781,0.6457377672195435,0.794931948184967],[1.73325515788747e-5,0.043128516525030136,0.18126176297664642,0.36488449573516846,0.5192452669143677,0.6157478094100952,0.7335835099220276,0.8674020767211914,1.0176249742507935,1.1815366744995117,1.351958155632019],[1.9306749891256914e-5,0.00665734289214015,0.03537891060113907,0.09876444935798645,0.1918485015630722,0.31238657236099243,0.4555140435695648,0.6180052161216736,0.7997300624847412,0.9960813522338867,1.204805612564087],[3.630305582191795e-5,0.018821442499756813,0.11167491972446442,0.2844347655773163,0.552681028842926,0.8905048966407776,1.2194786071777344,1.4978090524673462,1.7184137105941772,1.9175803661346436,2.1113193035125732],[2.8207939976709895e-5,0.011807311326265335,0.058621399104595184,0.1428465098142624,0.25583040714263916,0.3946840465068817,0.5565557479858398,0.73843914270401,0.9338027834892273,1.1442800760269165,1.3611805438995361],[4.130435991100967e-5,0.04971566051244736,0.35629332065582275,0.8310707807540894,1.0822142362594604,1.2531898021697998,1.4349071979522705,1.6111260652542114,1.7869213819503784,1.9724737405776978,2.1641952991485596],[2.7878153559868224e-5,0.02000492811203003,0.14341628551483154,0.4791024923324585,0.8886724710464478,1.19930100440979,1.4036016464233398,1.6261799335479736,1.8831781148910522,2.157658100128174,2.4658823013305664],[4.145816637901589e-5,0.046271391212940216,0.14852795004844666,0.2727312445640564,0.4123355746269226,0.5824769139289856,0.7887658476829529,1.0223448276519775,1.2666841745376587,1.5242377519607544,1.7860080003738403],[3.5140234103892e-5,0.013212505728006363,0.05595265328884125,0.12853451073169708,0.22198134660720825,0.33762434124946594,0.481163889169693,0.6344770789146423,0.8120918273925781,0.9873620867729187,1.1638504266738892],[7.898183685028926e-5,0.05010175704956055,0.3246591091156006,0.6331593990325928,0.8184834122657776,1.024789810180664,1.2483067512512207,1.4888474941253662,1.742777705192566,2.0068485736846924,2.2710254192352295],[4.045182140544057e-5,0.01105031929910183,0.05715147405862808,0.13981375098228455,0.24855978786945343,0.384820818901062,0.5506835579872131,0.7331631183624268,0.9311012029647827,1.1403005123138428,1.356608510017395]]}