{"training_accuracy":[0.17000000178813934,0.12999999523162842,0.25,0.20999999344348907,0.33000001311302185,0.3199999928474426,0.23999999463558197,0.3799999952316284,0.3400000035762787,0.3499999940395355,0.4099999964237213,0.4300000071525574,0.46000000834465027,0.33000001311302185,0.36000001430511475,0.44999998807907104,0.3700000047683716,0.41999998688697815,0.49000000953674316,0.4000000059604645,0.46000000834465027,0.46000000834465027,0.4000000059604645,0.5400000214576721,0.4699999988079071,0.47999998927116394,0.5099999904632568,0.550000011920929,0.5400000214576721,0.46000000834465027,0.5199999809265137,0.5099999904632568,0.5699999928474426,0.5099999904632568,0.5400000214576721,0.5299999713897705,0.4399999976158142,0.5,0.49000000953674316,0.5600000023841858,0.5199999809265137,0.5600000023841858,0.5699999928474426,0.5899999737739563,0.6200000047683716,0.6000000238418579,0.6600000262260437,0.550000011920929,0.6000000238418579,0.699999988079071,0.6600000262260437,0.6399999856948853,0.6600000262260437,0.6299999952316284,0.5400000214576721,0.5899999737739563,0.6600000262260437,0.6399999856948853,0.6899999976158142,0.6100000143051147,0.5,0.6399999856948853,0.6000000238418579,0.6399999856948853,0.6399999856948853,0.6200000047683716,0.6299999952316284,0.7200000286102295,0.699999988079071,0.6299999952316284,0.6000000238418579,0.7300000190734863,0.6499999761581421,0.6499999761581421,0.6299999952316284,0.6899999976158142,0.6600000262260437,0.6700000166893005,0.6899999976158142,0.699999988079071],"attacked_training_accuracy":[0.10999999940395355,0.07000000029802322,0.11999999731779099,0.11999999731779099,0.1599999964237213,0.10000000149011612,0.1599999964237213,0.17000000178813934,0.14000000059604645,0.20999999344348907,0.25999999046325684,0.1899999976158142,0.15000000596046448,0.20999999344348907,0.14000000059604645,0.23000000417232513,0.15000000596046448,0.20999999344348907,0.14000000059604645,0.23999999463558197,0.27000001072883606,0.3499999940395355,0.20999999344348907,0.20000000298023224,0.17000000178813934,0.10000000149011612,0.23000000417232513,0.25,0.20999999344348907,0.20999999344348907,0.25,0.15000000596046448,0.12999999523162842,0.1599999964237213,0.30000001192092896,0.20000000298023224,0.1899999976158142,0.11999999731779099,0.10000000149011612,0.14000000059604645,0.20000000298023224,0.2199999988079071,0.1899999976158142,0.27000001072883606,0.20999999344348907,0.17000000178813934,0.23000000417232513,0.14000000059604645,0.14000000059604645,0.18000000715255737,0.18000000715255737,0.1599999964237213,0.11999999731779099,0.20999999344348907,0.1599999964237213,0.25999999046325684,0.1899999976158142,0.20000000298023224,0.17000000178813934,0.14000000059604645,0.20999999344348907,0.15000000596046448,0.14000000059604645,0.12999999523162842,0.14000000059604645,0.1899999976158142,0.12999999523162842,0.20999999344348907,0.14000000059604645,0.20999999344348907,0.14000000059604645,0.1599999964237213,0.15000000596046448,0.09000000357627869,0.18000000715255737,0.2199999988079071,0.20999999344348907,0.2199999988079071,0.14000000059604645,0.12999999523162842],"kl_over_time":[[2.033447265625,2.0385539531707764,2.043532133102417,2.048346757888794,2.0531392097473145,2.057812213897705,2.062350034713745,2.066753625869751,2.0710268020629883,2.075387477874756,2.0796568393707275],[2.060457944869995,2.0660791397094727,2.07161808013916,2.077449321746826,2.0832386016845703,2.089414358139038,2.095639944076538,2.1022346019744873,2.1091630458831787,2.1164910793304443,2.1242032051086426],[2.024090051651001,2.02890944480896,2.0337188243865967,2.0383355617523193,2.042907953262329,2.047299385070801,2.0516655445098877,2.055966377258301,2.0604071617126465,2.064697742462158,2.0693631172180176],[2.0401599407196045,2.0470123291015625,2.0534164905548096,2.060131311416626,2.0665881633758545,2.0732388496398926,2.0798678398132324,2.0868027210235596,2.0939764976501465,2.1011435985565186,2.108860969543457],[2.0102670192718506,2.0166738033294678,2.02280855178833,2.028687000274658,2.03418231010437,2.03959321975708,2.0445969104766846,2.049579381942749,2.0543854236602783,2.0589523315429688,2.0635228157043457],[1.9735265970230103,1.9827224016189575,1.9918224811553955,2.000575542449951,2.0087502002716064,2.016840696334839,2.0244576930999756,2.0317044258117676,2.038820505142212,2.045260190963745,2.0513789653778076],[2.01031756401062,2.0193443298339844,2.0281665325164795,2.036910057067871,2.0459115505218506,2.0545654296875,2.0640323162078857,2.0734541416168213,2.083552122116089,2.0942893028259277,2.1059861183166504],[1.949394941329956,1.961378574371338,1.9729470014572144,1.9843698740005493,1.995165467262268,2.0059127807617188,2.0159974098205566,2.02591609954834,2.0352907180786133,2.0445351600646973,2.053460121154785],[1.972765326499939,1.9838138818740845,1.994516372680664,2.0048398971557617,2.0151498317718506,2.0247018337249756,2.0340209007263184,2.043174982070923,2.0522165298461914,2.0610578060150146,2.0699894428253174],[1.9149858951568604,1.931602120399475,1.9478756189346313,1.9636328220367432,1.979125738143921,1.9938913583755493,2.0085723400115967,2.022381067276001,2.035888910293579,2.0492982864379883,2.0624067783355713],[1.843454122543335,1.8612914085388184,1.8799737691879272,1.8976688385009766,1.914979338645935,1.9319251775741577,1.948606014251709,1.9644068479537964,1.9799649715423584,1.9946115016937256,2.0083727836608887],[1.879177212715149,1.8971900939941406,1.9159480333328247,1.933847188949585,1.9520846605300903,1.9708091020584106,1.9892724752426147,2.0075507164001465,2.0259273052215576,2.044239044189453,2.062894105911255],[1.836897850036621,1.8566548824310303,1.8760817050933838,1.8976655006408691,1.919014811515808,1.9413312673568726,1.9648206233978271,1.9879882335662842,2.0117790699005127,2.0356335639953613,2.06152606010437],[1.8860180377960205,1.9054423570632935,1.9267197847366333,1.9490652084350586,1.9710497856140137,1.993101716041565,2.0163745880126953,2.03961181640625,2.0647733211517334,2.091403007507324,2.117441415786743],[1.820345401763916,1.8424487113952637,1.8649691343307495,1.8885084390640259,1.9130772352218628,1.9358587265014648,1.961652159690857,1.9875664710998535,2.0148067474365234,2.043429136276245,2.0703532695770264],[1.7766772508621216,1.7995024919509888,1.822717547416687,1.8461418151855469,1.8692693710327148,1.8940399885177612,1.915911316871643,1.9377628564834595,1.959446668624878,1.9802316427230835,1.9993447065353394],[1.8241244554519653,1.8488439321517944,1.8729267120361328,1.8969963788986206,1.9234920740127563,1.949566125869751,1.9812018871307373,2.013232707977295,2.0478358268737793,2.0824031829833984,2.114856004714966],[1.7014098167419434,1.7322475910186768,1.7612885236740112,1.7899305820465088,1.819875717163086,1.8497251272201538,1.8801923990249634,1.914305329322815,1.948973298072815,1.98503839969635,2.0235304832458496],[1.7108068466186523,1.7453510761260986,1.7848567962646484,1.8284255266189575,1.8713794946670532,1.9124513864517212,1.963337779045105,2.005277395248413,2.043870449066162,2.0828027725219727,2.12015700340271],[1.7291346788406372,1.7597893476486206,1.7919808626174927,1.821764588356018,1.8545362949371338,1.8852540254592896,1.9132680892944336,1.9421511888504028,1.9701396226882935,1.9991016387939453,2.027858257293701],[1.6833127737045288,1.7123150825500488,1.7413250207901,1.7708494663238525,1.803540587425232,1.8372358083724976,1.875000238418579,1.9116549491882324,1.9494308233261108,1.9883763790130615,2.031456470489502],[1.659609317779541,1.6913790702819824,1.7239147424697876,1.753305435180664,1.7837657928466797,1.8134839534759521,1.8428837060928345,1.873342514038086,1.9020448923110962,1.9316850900650024,1.9639620780944824],[1.66580331325531,1.7055859565734863,1.7475004196166992,1.7938895225524902,1.8448541164398193,1.8976854085922241,1.9562084674835205,2.016070604324341,2.081831216812134,2.154982328414917,2.234058380126953],[1.55039381980896,1.58668053150177,1.6301274299621582,1.670996069908142,1.7161924839019775,1.7583298683166504,1.8036149740219116,