{"training_accuracy":[0.44999998807907104],"attacked_training_accuracy":[0.12999999523162842],"kl_over_time":[[5.511679646019729e-8,0.00042631200631149113,0.0016743813175708055,0.0036739313509315252,0.006368378642946482,0.009744273498654366,0.01376260444521904,0.018429195508360863,0.023775238543748856,0.029828714206814766,0.03662783280014992]]}