{"training_accuracy":[0.46000000834465027,0.5600000023841858,0.5699999928474426],"attacked_training_accuracy":[0.36000001430511475,0.46000000834465027,0.3799999952316284],"kl_over_time":[[2.705854384998929e-8,3.576730523491278e-5,2.1936855773674324e-5,7.845705840736628e-5,0.00016858791059348732,0.00046625777031295,0.0010437407763674855,0.0017582111759111285,0.002574849408119917,0.003188296454027295,0.0036521260626614094],[3.105852997009606e-8,0.0005632390966638923,0.0014233222464099526,0.0025059550534933805,0.003777404548600316,0.004538675770163536,0.0057143280282616615,0.007115123327821493,0.00909472070634365,0.011433644220232964,0.014210919849574566],[4.0437008408389374e-8,0.0020042553078383207,0.004057022277265787,0.008216837421059608,0.011981534771621227,0.014967136085033417,0.017275363206863403,0.019105782732367516,0.022472700104117393,0.026919998228549957,0.03261060267686844]]}