{"training_accuracy":[0.4300000071525574,0.5699999928474426,0.4300000071525574,0.4399999976158142,0.6399999856948853,0.550000011920929,0.6600000262260437,0.6600000262260437,0.5899999737739563,0.5699999928474426],"attacked_training_accuracy":[0.28999999165534973,0.2199999988079071,0.23999999463558197,0.20999999344348907,0.3100000023841858,0.23999999463558197,0.2800000011920929,0.2800000011920929,0.3499999940395355,0.36000001430511475],"kl_over_time":[[2.2215665467228973e-6,1.0859116628125776e-5,2.7342284738551825e-5,4.990614979760721e-5,7.914566958788782e-5,0.00011463283590273932,0.0001549314911244437,0.00020035268971696496,0.0002529553312342614,0.0003129816323053092,0.00037949744728393853],[5.976100055704592e-6,3.3756830816855654e-5,9.356712689623237e-5,0.00018443661974743009,0.00030794841586612165,0.00047220117994584143,0.0006702212849631906,0.0009126115473918617,0.0012143193744122982,0.0015593075659126043,0.0019794460386037827],[2.0579718693625182e-5,0.00011153360537718982,0.00028211838798597455,0.0005644941702485085,0.0009207174880430102,0.001350685372017324,0.0018307364080101252,0.0023817282635718584,0.002929182955995202,0.003538154996931553,0.004189305007457733],[0.00012887144112028182,0.0006298231892287731,0.0015608269022777677,0.003040594980120659,0.004926827270537615,0.007415286265313625,0.010408734902739525,0.01313239149749279,0.015584032982587814,0.01795087195932865,0.020422255620360374],[0.000882900960277766,0.0012065473711118102,0.0014584960881620646,0.0018058756832033396,0.003502855310216546,0.005288801155984402,0.007603042759001255,0.010774152353405952,0.01532631367444992,0.024597343057394028,0.03671599179506302],[0.003964105620980263,0.009830249473452568,0.014156293123960495,0.03237632289528847,0.062107428908348083,0.0815424695611,0.1003534123301506,0.11520946025848389,0.12903259694576263,0.14298276603221893,0.15631480515003204],[0.005804800894111395,0.008956272155046463,0.011749000288546085,0.01417301595211029,0.019071782007813454,0.025415441021323204,0.03678116574883461,0.05984067916870117,0.07414240390062332,0.10195332020521164,0.15106448531150818],[0.01032230630517006,0.01414660643786192,0.018211891874670982,0.034638941287994385,0.04308285936713219,0.05576057359576225,0.07736510783433914,0.09582836925983429,0.1430896371603012,0.20177993178367615,0.2611992657184601],[0.0026653290260583162,0.017600042745471,0.0662858858704567,0.16858379542827606,0.25720614194869995,0.3026309907436371,0.3431084454059601,0.37889349460601807,0.4147005081176758,0.4510364532470703,0.4889918863773346],[0.01491057500243187,0.047311682254076004,0.15236322581768036,0.2661570608615875,0.34053343534469604,0.40858322381973267,0.4781886041164398,0.5308763980865479,0.5841004848480225,0.6345075964927673,0.6846550107002258]]}