{"training_accuracy":[0.2199999988079071,0.17000000178813934,0.25999999046325684,0.20000000298023224,0.38999998569488525,0.30000001192092896,0.23999999463558197,0.3799999952316284,0.4099999964237213,0.3199999928474426,0.3199999928474426,0.36000001430511475,0.41999998688697815,0.41999998688697815,0.3700000047683716,0.38999998569488525,0.41999998688697815,0.4099999964237213,0.41999998688697815,0.4099999964237213,0.36000001430511475,0.38999998569488525,0.4000000059604645,0.4699999988079071,0.46000000834465027,0.4300000071525574,0.4699999988079071,0.5299999713897705,0.5899999737739563,0.4000000059604645,0.44999998807907104,0.36000001430511475,0.550000011920929,0.550000011920929,0.5299999713897705,0.5,0.5,0.4699999988079071,0.49000000953674316,0.550000011920929],"attacked_training_accuracy":[0.28999999165534973,0.1599999964237213,0.20000000298023224,0.1599999964237213,0.33000001311302185,0.27000001072883606,0.25,0.30000001192092896,0.33000001311302185,0.36000001430511475,0.3199999928474426,0.30000001192092896,0.3799999952316284,0.4000000059604645,0.3499999940395355,0.4099999964237213,0.3799999952316284,0.33000001311302185,0.3700000047683716,0.3400000035762787,0.23000000417232513,0.3499999940395355,0.2800000011920929,0.44999998807907104,0.36000001430511475,0.41999998688697815,0.5,0.550000011920929,0.4399999976158142,0.3499999940395355,0.44999998807907104,0.25999999046325684,0.47999998927116394,0.5099999904632568,0.4099999964237213,0.4000000059604645,0.41999998688697815,0.4399999976158142,0.3499999940395355,0.5299999713897705],"kl_over_time":[[2.7700215454729005e-8,8.583295311836991e-6,1.3575408956967294e-5,3.1734049116494134e-5,4.931713192490861e-5,7.892955181887373e-5,0.00010849512909771875,0.00015016148972790688,0.0001925166288856417,0.00024279675562866032,0.0002983383019454777],[7.287401615485578e-8,1.901968971651513e-5,2.7158639568369836e-6,9.528901500743814e-6,2.476696863595862e-5,4.657871977542527e-5,8.457351214019582e-5,0.0001327245990978554,0.00020155250967945904,0.00027582698385231197,0.0003737719380296767],[8.0788105094598e-8,2.4126386051648296e-5,5.1591450755950063e-5,0.00010238086542813107,0.00016454329306725413,0.0002448508166708052,0.00033094509853981435,0.0004426905361469835,0.0005467883893288672,0.0006701183738186955,0.0008127198088914156],[1.4280873017469276e-7,4.0012433601077646e-5,1.4399203791981563e-5,4.613742567016743e-5,9.227845293935388e-5,0.00015054312825668603,0.0002304736408405006,0.00031500853947363794,0.0004183351993560791,0.0005384737160056829,0.000666640407871455],[2.3225769041346211e-7,3.3139996958198026e-5,1.9595277990447357e-5,5.010479435441084e-5,9.480446169618517e-5,0.0001458128826925531,0.00020847012638114393,0.00027853422216139734,0.0003616966714616865,0.0004461394564714283,0.0005367950070649385],[3.133345103378815e-7,3.2185798772843555e-5,3.759779792744666e-5,8.178742427844554e-5,0.00013065132952760905,0.00020546905579976737,0.00028256510267965496,0.0003822458384092897,0.0004973461618646979,0.0006262846291065216,0.0007736347615718842],[4.5916667090750707e-7,2.009549098147545e-5,6.18921039858833e-5,0.0001191024057334289,0.00019169921870343387,0.00029091915348544717,0.00039527006447315216,0.0005231774412095547,0.0006611134740523994,0.0008277728338725865,0.0009911140659824014],[6.246629027373274e-7,3.2310075766872615e-5,5.450623939395882e-5,0.00011708125384757295,0.00019486178644001484,0.0002914709039032459,0.0003986609517596662,0.0005194504628889263,0.0006639558123424649,0.0008150037028826773,0.0009802697459235787],[1.1681804608087987e-6,2.3798318579792976e-5,8.678324957145378e-5,0.00019309886556584388,0.00031893039704300463,0.0004898746847175062,0.0007011425914242864,0.0009286543354392052,0.0012110366951674223,0.0015142661286517978,0.0018523929174989462],[8.016193078219658e-7,2.715067421377171e-5,8.937325765145943e-5,0.00019127446284983307,0.00034540213528089225,0.0005469706957228482,0.0007949669961817563,0.001095847226679325,0.001437616883777082,0.0018178640166297555,0.0022841976024210453],[2.051833916993928e-6,3.40775259246584e-5,0.0001162383850896731,0.00027452342328615487,0.0005099897971376777,0.0008195590926334262,0.0012031681835651398,0.0016611343016847968,0.0022014814894646406,0.002809985540807247,0.003517119213938713],[2.306662281625904e-6,6.495445995824412e-5,0.00022158196952659637,0.0005752516444772482,0.0010488842381164432,0.0017296264413744211,0.002527696778997779,0.0035298364236950874,0.004717829637229443,0.0060400208458304405,0.007502583786845207],[2.2965077732806094e-6,0.00011012820323230699,0.0003470346855465323,0.0008271990809589624,0.001539015443995595,0.002393589587882161,0.003519232152029872,0.004881842993199825,0.0064756679348647594,0.00840697716921568,0.010559393092989922],[3.88966054742923e-6,8.785498357610777e-5,0.000440592149971053,0.001001755241304636,0.0023551839403808117,0.003545545507222414,0.0051001301035285,0.006693370174616575,0.008919303305447102,0.011370198801159859,0.014339428395032883],[3.7162371882004663e-6,0.00012394598161336035,0.0004933607415296137,0.0010728645138442516,0.0019126574043184519,0.0031383775640279055,0.004600945394486189,0.006372103467583656,0.008519128896296024,0.01086786761879921,0.01377720758318901],[4.744416855828604e-6,0.00018776535580400378,0.0007016174495220184,0.0014568263432011008,0.0025494229048490524,0.003904404817149043,0.005647667683660984,0.008285443298518658,0.010707704350352287,0.013614298775792122,0.016535768285393715],[8.38319283502642e-6,0.0003558723255991936,0.0013743034796789289,0.002593129873275757,0.004265557508915663,0.006315350532531738,0.008974989876151085,0.012278826907277107,0.015876788645982742,0.01947307586669922,0.02417890913784504],[5.328119641490048e-6,6.791624036850408e-5,0.0005067639285698533,0.0013578864745795727,0.002668763743713498,0.0048722997307777405,0.00731425266712904,0.010343849658966064,0.014116671867668629,0.01843404397368431,0.02328977920114994],[7.611242381244665e-6,0.00019296538084745407,0.0008135145762935281,0.0017923257546499372,0.0034276284277439117,0.0056660664267838,0.008436613716185093,0.012309407815337181,0.016333986073732376,0.020630449056625366,0.025823671370744705],[6.743699032085715e-6,0.0016736321849748492,0.004686036612838507,0.005644938442856073,0.007327810395509005,0.00949103944003582,0.012775061652064323,0.02159762568771839,0.027039360255002975,0.03951597586274147,0.045710571110248566],[1.5149179489526432e-5,0.00043394762906245887,0.0017724772915244102,0.004018534440547228,0.006928939837962389,0.011151650920510292,0.016104472801089287,0.02227831818163395,0.029829077422618866,0.038347113877534866,0.04828977584838867],[1.5294830518541858e-5,0.0002649564703460783,0.0011173324892297387,0.002687440486624837,0.0050705852918326855,0.008342865854501724,0.012597133405506611,0.017433034256100655,0.02344748005270958,0.03016243875026703,0.03831517696380615],[6.144422059151111e-6,0.0003191211144439876,0.001284840633161366,0.0031118448823690414,0.005684261210262775,0.009427551180124283,0.013962741009891033,0.019889185205101967,0.026681747287511826,0.03471362218260765,0.04391661658883095],[0.00020536521333269775,0.0007316021947190166,0.001962366746738553,0.003774157725274563,0.0066512832418084145,0.009684017859399319,0.013585161417722702,0.01845964789390564,0.023665037006139755,0.029025644063949585,0.03570283204317093],[8.94139229785651e-5,0.00039069238118827343,0.001262627076357603,0.0028012325055897236,0.005365191493183374,0.009254512377083302,0.013789630495011806,0.020400891080498695,0.027867387980222702,0.03600991144776344,0.046573370695114136],[1.4888673831592314e-5,0.0008059123647399247,0.0020418232306838036,0.004902725573629141,0.0086616026237607,0.014437801204621792,0.02102423645555973,0.029663676396012306,0.039426159113645554,0.050239913165569305,0.06255753338336945],[1.7033215044648387e-5,0.0007938395137898624,0.002330934628844261,0.004741436801850796,0.008214959874749184,0.012329431250691414,0.01741645857691765,0.02362155169248581,0.034671351313591,0.04013703390955925,0.052888449281454086],