{"training_accuracy":[0.05999999865889549,0.03999999910593033,0.12999999523162842,0.10000000149011612,0.10000000149011612,0.1599999964237213],"attacked_training_accuracy":[0.09000000357627869,0.09000000357627869,0.07999999821186066,0.3199999928474426,0.17000000178813934,0.3100000023841858],"kl_over_time":[[2.6980332634707338e-8,2.2563817765330896e-5,1.5246357179421466e-5,2.9741082471446134e-5,6.530860991915688e-5,0.00017058552475646138,0.0003013142559211701,0.000491053971927613,0.000724395620636642,0.0009633777081035078,0.00121084984857589],[3.0374128101584574e-8,1.9749410057556815e-5,1.2288673133298289e-5,2.033860801020637e-5,4.0653885662322864e-5,6.1223421653267e-5,0.00010581725655356422,0.0001864764781203121,0.0003220635699108243,0.0004230131162330508,0.0005358757334761322],[2.4964261768900542e-8,2.4225488232332282e-5,1.0247266800433863e-5,4.464231460588053e-5,7.029120024526492e-5,0.0001166073780041188,0.0002679309982340783,0.00042168161598965526,0.0005776312900707126,0.0007060910575091839,0.0008595047984272242],[2.0858328397821424e-8,2.049593058472965e-5,3.3403678116883384e-6,0.00011371805157978088,3.8309506635414436e-5,5.43482783541549e-5,0.00017578608822077513,0.00019983897800557315,0.0002639917656779289,0.0003632793959695846,0.0007075954345054924],[2.5688088101105677e-8,2.2694854123983532e-5,8.181061275536194e-6,3.901779928128235e-5,6.475405825767666e-5,0.00016368100477848202,0.00026609140331856906,0.0004164652491454035,0.0006081503815948963,0.0007768580690026283,0.0009311350877396762],[3.397904535518137e-8,2.7740894438466057e-5,6.1343353081610985e-6,3.0434490327024832e-5,6.999259494477883e-5,0.0001563946425449103,0.00037650071317330003,0.0005690730758942664,0.000747042300645262,0.000849803676828742,0.0009183892398141325]]}