{"weight_magnitude":[0.15953035652637482,0.15952372550964355],"robustness":[0.09888000041246414,0.19821999967098236],"test_acc":[0.09889999777078629,0.770799994468689]}