{"training_accuracy":[0.3799999952316284,0.46000000834465027,0.6899999976158142,0.6100000143051147,0.6899999976158142,0.7599999904632568,0.7799999713897705],"attacked_training_accuracy":[0.3799999952316284,0.41999998688697815,0.44999998807907104,0.4099999964237213,0.4399999976158142,0.5,0.7200000286102295],"kl_over_time":[[3.877896048720686e-8,0.00046566154924221337,0.0000071720014602760784,0.0005254671559669077,0.000025185032427543774,0.000616051780525595,0.0011234671110287309,0.002115620067343116,0.003072148421779275,0.003575741546228528,0.004076866898685694],[8.756401115306289e-8,0.0008044030983000994,0.0001117931678891182,0.000807213073130697,0.00011456439096946269,0.0008133591036312282,0.00011846862616948783,0.0008198305731639266,0.00012186419917270541,0.000833542610052973,0.00012390750634949654],[1.6680711212302413e-7,0.002608419628813863,0.0002012501354329288,0.002108700107783079,0.006892780307680368,0.008806214667856693,0.010216133669018745,0.010470489040017128,0.009692249819636345,0.00898816343396902,0.008691990748047829],[2.3368369284071377e-7,0.004313710145652294,0.000887230911757797,0.0027194225694984198,0.005759148392826319,0.007466522511094809,0.007356151007115841,0.007052025757730007,0.00653371075168252,0.005795232951641083,0.004822193179279566],[4.565920903587539e-7,0.005358413327485323,0.0003400432469788939,0.0015701217344030738,0.006824403069913387,0.006778073962777853,0.006271209567785263,0.0054341875948011875,0.005874644964933395,0.009685165248811245,0.009021812118589878],[6.771259677407215e-7,0.002272428944706917,0.0038858293555676937,0.006004686001688242,0.011556599289178848,0.01228626724332571,0.010997665114700794,0.008934412151575089,0.007312345784157515,0.006935420911759138,0.006879644468426704],[0.0000011390034160285722,0.005947528872638941,0.0063218288123607635,0.010564136318862438,0.014940159395337105,0.01696385070681572,0.01572592556476593,0.012204200960695744,0.009192232973873615,0.0070822336710989475,0.006479102652519941]]}