{"training_accuracy":[0.44999998807907104,0.6200000047683716,0.5699999928474426,0.8100000023841858,0.5699999928474426,0.75,0.800000011920929,0.7799999713897705,0.8600000143051147,0.7900000214576721,0.7300000190734863,0.7400000095367432,0.8100000023841858,0.75,0.8299999833106995,0.800000011920929,0.800000011920929,0.800000011920929,0.8199999928474426,0.8500000238418579,0.7599999904632568,0.7900000214576721,0.800000011920929,0.8100000023841858,0.8500000238418579,0.8899999856948853],"attacked_training_accuracy":[0.4300000071525574,0.46000000834465027,0.47999998927116394,0.5099999904632568,0.4000000059604645,0.6100000143051147,0.6600000262260437,0.699999988079071,0.699999988079071,0.7699999809265137,0.7200000286102295,0.6899999976158142,0.7099999785423279,0.7599999904632568,0.8100000023841858,0.7099999785423279,0.75,0.6600000262260437,0.7099999785423279,0.75,0.7699999809265137,0.7599999904632568,0.7300000190734863,0.7400000095367432,0.7400000095367432,0.8500000238418579],"kl_over_time":[[4.304598277826699e-8,1.675733074080199e-5,4.787968282471411e-5,9.46553482208401e-5,0.00015868905757088214,0.00023940108076203614,0.00033157996949739754,0.0004437719180714339,0.0005724793882109225,0.0007143941475078464,0.0008598447311669588],[9.643739673492746e-8,0.00010797785216709599,0.00018830459157470614,0.00038707113708369434,0.0006332166376523674,0.0009472218807786703,0.0013277595862746239,0.0017572026699781418,0.0022463598288595676,0.0027856635861098766,0.0033576497808098793],[1.9778184423557832e-7,5.2145722293062136e-5,0.00016007466183509678,0.0003967330267187208,0.0007039268384687603,0.00112847238779068,0.001633636187762022,0.002236069180071354,0.0029074072372168303,0.0036427550949156284,0.004455910064280033],[2.511164609586558e-7,0.00011382492812117562,0.00031362142181023955,0.0006676882621832192,0.0011571450158953667,0.0017120015108957887,0.002380077261477709,0.003130348864942789,0.003950747195631266,0.004831439815461636,0.005752915982156992],[5.365531023926451e-7,0.0001311555679421872,0.0004330567317083478,0.0009371827472932637,0.0015638195909559727,0.002370708156377077,0.0033230434637516737,0.0044297268614172935,0.005660829599946737,0.0070562115870416164,0.008526661433279514],[6.798300091759302e-7,5.369514474296011e-5,0.00034299364779144526,0.0008734825532883406,0.0015734535409137607,0.0024518140126019716,0.0035067792050540447,0.004726330284029245,0.006077874917536974,0.007555265910923481,0.009148671291768551],[8.348689561898937e-7,5.1235929277027026e-5,0.00034189358120784163,0.000822295667603612,0.0015025838511064649,0.0024142302572727203,0.003423156915232539,0.004616379737854004,0.005908558145165443,0.0073515125550329685,0.008940847590565681],[2.7786097689386224e-6,0.00025516963796690106,0.000964589708019048,0.0020348569378256798,0.0034480576869100332,0.005380750633776188,0.007614172529429197,0.010404722765088081,0.013449864462018013,0.017108524218201637,0.021310018375515938],[1.5341730659201858e-6,0.00032369978725910187,0.0012066722847521305,0.002588076749816537,0.004389326553791761,0.006629370152950287,0.009411475621163845,0.012536032125353813,0.01617705635726452,0.020153595134615898,0.024450652301311493],[2.9131031169526977e-6,0.0003661931259557605,0.0014014660846441984,0.003220315556973219,0.0061808121390640736,0.009357810020446777,0.013502688147127628,0.018440935760736465,0.02383185364305973,0.03065250627696514,0.03774886205792427],[3.4541158129286487e-6,0.00011918574455194175,0.0007200497202575207,0.0021053217351436615,0.00404767319560051,0.0065901312045753,0.009677767753601074,0.013977819122374058,0.018666232004761696,0.024509863927960396,0.030436161905527115],[9.320679964730516e-6,7.389540405711159e-5,0.0004596304497681558,0.001117246225476265,0.0025125073734670877,0.004668811801820993,0.007622200064361095,0.011309093795716763,0.015622029080986977,0.021013187244534492,0.026651743799448013],[3.2406574064225424e-6,0.0004734989779535681,0.0016522736987099051,0.0035816351883113384,0.0062629422172904015,0.009775271639227867,0.01411916222423315,0.019525518640875816,0.025186952203512192,0.03214985132217407,0.03991541638970375],[7.411329988826765e-6,0.0004887431277893484,0.0018292063614353538,0.003863246412947774,0.0068822745233774185,0.01073289941996336,0.015290728770196438,0.020811956375837326,0.027163218706846237,0.03435995802283287,0.04273104667663574],[5.408920969784958e-6,0.0003773522039409727,0.0018963927868753672,0.0045705027878284454,0.008358529768884182,0.012840797193348408,0.018337324261665344,0.024883976206183434,0.03209112212061882,0.04032106325030327,0.04926713928580284],[6.083898369979579e-6,0.000600942294113338,0.002076180884614587,0.004696677904576063,0.008167467080056667,0.012813644483685493,0.01836506649851799,0.02516019530594349,0.032689545303583145,0.04102211073040962,0.05209518224000931],[3.8603720895480365e-6,0.00046413339441642165,0.0019108060514554381,0.00456053065136075,0.008206733502447605,0.012899118475615978,0.018661972135305405,0.025771917775273323,0.03406732156872749,0.04357199743390083,0.05400736629962921],[7.684774573135655e-6,0.0008104853332042694,0.002739169169217348,0.006351288873702288,0.01041611097753048,0.016166388988494873,0.022728489711880684,0.030258698388934135,0.039979398250579834,0.05059301108121872,0.06077899783849716],[6.9928832999721635e-6,0.00025592229212634265,0.0015479358844459057,0.004325322341173887,0.008481651544570923,0.014538148418068886,0.021685313433408737,0.03037593699991703,0.04188854247331619,0.05409489572048187,0.06759243458509445],[6.535356533277081e-6,0.00014060032845009118,0.0003747343143913895,0.0012630795827135444,0.0030068838968873024,0.00567245576530695,0.009608215652406216,0.014495973475277424,0.02062700316309929,0.028308147564530373,0.03706667944788933],[3.834280505543575e-6,0.00029661142616532743,0.0009935707785189152,0.0020188456401228905,0.0034047781955450773,0.005231525748968124,0.007348963059484959,0.009754592552781105,0.0124630993232131,0.01561453752219677,0.018840547651052475],[3.8058649352024077e-6,0.0004015355953015387,0.0017134478548541665,0.004084102809429169,0.007460532244294882,0.012108352966606617,0.01735876128077507,0.023926991969347,0.03146030753850937,0.03920195996761322,0.048486970365047455],[1.544422411825508e-5,0.0008014063350856304,0.0027596736326813698,0.006353478413075209,0.01186042558401823,0.01818010024726391,0.02696997858583927,0.03609185293316841,0.04688304662704468,0.05880154296755791,0.07291531562805176],[2.27433156396728e-5,0.00045251354458741844,0.0017048825975507498,0.003938240464776754,0.007234496995806694,0.01174366008490324,0.017567984759807587,0.024156630039215088,0.03186023235321045,0.040165629237890244,0.050953131169080734],[8.011873433133587e-6,0.0008362848893739283,0.002854629186913371,0.00622145039960742,0.010764095932245255,0.016881050541996956,0.024417851120233536,0.03322459012269974,0.04303047060966492,0.054317425936460495,0.06666836887598038],[6.936694717296632e-6,0.0004816821892745793,0.0019247016170993447,0.0044216979295015335,0.007867679931223392,0.012305529788136482,0.017802273854613304,0.02417459897696972,0.03288150578737259,0.04114173352718353,0.05086715519428253]],"validation_accuracy":[0.7888889312744141],"attacked_validation_accuracies":[0.7199999690055847],"validation_kl_over_time":[[7.339906005654484e-6,0.00044509500730782747,0.0019171993480995297,0.004617620725184679,0.008563968352973461,0.013783593662083149,0.020483020693063736,0.028570767492055893,0.03816691040992737,0.04897023364901543,0.06137601658701897]]}