{"training_accuracy":[0.23999999463558197,0.25],"attacked_training_accuracy":[0.20999999344348907,0.23999999463558197],"kl_over_time":[[9.339040474287685e-8,6.8485596784739755e-6,2.7194306312594563e-5,6.175282032927498e-5,0.00011156711116200313,0.00017988555191550404,0.0002633263065945357,0.00036978162825107574,0.0005023308331146836,0.000660868245176971,0.0008664084016345441],[9.425606606328074e-8,5.389299531088909e-6,2.425322963972576e-5,5.723974391003139e-5,0.00010549812577664852,0.0001709670905256644,0.00025743874721229076,0.0003610884305089712,0.0004892954020760953,0.0006469939253292978,0.0008435289491899312]]}