{"training_accuracy":[0.4300000071525574,0.4099999964237213,0.5199999809265137,0.4699999988079071,0.7099999785423279,0.5899999737739563,0.7099999785423279,0.6600000262260437,0.6499999761581421,0.5699999928474426],"attacked_training_accuracy":[0.3799999952316284,0.2199999988079071,0.23999999463558197,0.20999999344348907,0.30000001192092896,0.27000001072883606,0.33000001311302185,0.28999999165534973,0.2800000011920929,0.20999999344348907],"kl_over_time":[[6.929994356141833e-7,3.083801129832864e-5,0.00011258618906140327,0.0002520653360988945,0.0004630782059393823,0.0007546301931142807,0.0011617961572483182,0.0017134299268946052,0.002470271894708276,0.0034940598998218775,0.0049018156714737415],[8.922781375986233e-7,4.186058868071996e-5,0.00015563670604024082,0.0003487883077468723,0.0006211661384440958,0.0009898104472085834,0.0014615058898925781,0.002071043709293008,0.002827687421813607,0.0037645187694579363,0.004924870561808348],[2.732262373683625e-6,4.333030301495455e-5,0.00017059130186680704,0.00043385743629187346,0.000823640963062644,0.0014149873750284314,0.0021465057507157326,0.003056383691728115,0.00409352220594883,0.005286442581564188,0.0066291228868067265],[1.16972014438943e-5,0.00018655110034160316,0.0007819063612259924,0.0018544613849371672,0.003538179909810424,0.006174429319798946,0.009353313595056534,0.012649069540202618,0.016137894243001938,0.019791286438703537,0.023548215627670288],[2.866346767405048e-5,0.00045664331992156804,0.0033279159106314182,0.007792460732161999,0.012007570825517178,0.018143396824598312,0.025069111958146095,0.030606050044298172,0.0363304540514946,0.04197248816490173,0.04808703437447548],[0.0001621270930627361,0.0010972701711580157,0.004807537887245417,0.012270222418010235,0.02374115027487278,0.032634373754262924,0.043794114142656326,0.05615070089697838,0.07190792262554169,0.0895712748169899,0.10819947719573975],[0.001980311470106244,0.006957095582038164,0.01284196600317955,0.03435773402452469,0.0715702697634697,0.10552047193050385,0.12888211011886597,0.14845024049282074,0.16432994604110718,0.18150725960731506,0.19982154667377472],[0.001480719307437539,0.004875758662819862,0.033843979239463806,0.07372571527957916,0.11107683181762695,0.1410701870918274,0.16405455768108368,0.18757054209709167,0.21038134396076202,0.23247241973876953,0.25525006651878357],[0.0010099589126184583,0.00198947312310338,0.0037125262897461653,0.010242952033877373,0.020376019179821014,0.038313813507556915,0.06033194437623024,0.08908435702323914,0.12162410467863083,0.16191422939300537,0.19442661106586456],[0.0030933560337871313,0.004358524456620216,0.03417012467980385,0.09194149076938629,0.15064410865306854,0.19791817665100098,0.23905764520168304,0.26662200689315796,0.2968747913837433,0.3305833339691162,0.36186179518699646]]}