{"training_accuracy":[0.5,0.5299999713897705,0.41999998688697815,0.5299999713897705,0.6600000262260437],"attacked_training_accuracy":[0.4399999976158142,0.20000000298023224,0.38999998569488525,0.28999999165534973,0.18000000715255737],"kl_over_time":[[1.2900649437597167e-7,0.000003530264848450315,0.000003087563527515158,0.000005366270670492668,0.000006603287602047203,0.000011349567103025038,0.000012121597137593199,0.000014250339518184774,0.000015933326722006314,0.000018757435100269504,0.0000246081890509231],[4.790740035787167e-7,0.000005345436420611804,0.000007876074050727766,0.0000201127531909151,0.00003686251875478774,0.00005705895819119178,0.00007996056228876114,0.00010724417370511219,0.00011059801181545481,0.00012625596718862653,0.00013710642815567553],[0.0000015921291378617752,0.00003168354305671528,0.00005870822860742919,0.00016072225116658956,0.000195883956621401,0.0002714228176046163,0.0003495272248983383,0.0004946143599227071,0.0005403760587796569,0.0007148016593419015,0.0007849077810533345],[0.0000033622729915805394,0.00038772181142121553,0.00169086002279073,0.004300175700336695,0.00604409072548151,0.0066551631316542625,0.004849054850637913,0.0038181175477802753,0.0034105638042092323,0.0031040397007018328,0.002857043407857418],[0.00001613571475900244,0.0021113150287419558,0.0031702308915555477,0.006345751695334911,0.014605967327952385,0.021849947050213814,0.028157928958535194,0.03412488475441933,0.03901459649205208,0.03936755657196045,0.03407479077577591]]}