{"training_accuracy":[0.28999999165534973,0.33000001311302185,0.27000001072883606,0.3799999952316284,0.550000011920929,0.4399999976158142,0.5099999904632568],"attacked_training_accuracy":[0.20999999344348907,0.23999999463558197,0.23999999463558197,0.27000001072883606,0.27000001072883606,0.23000000417232513,0.30000001192092896],"kl_over_time":[[1.0417826956654608e-7,9.356478585687e-6,3.7858470022911206e-5,8.634693949716166e-5,0.00015524412447120994,0.00024768977891653776,0.0003652334271464497,0.0005074518849141896,0.0006867159972898662,0.0009068036451935768,0.0011739832116290927],[1.741230306606667e-7,5.9430776673252694e-6,3.109572207904421e-5,7.65674194553867e-5,0.00014382702647708356,0.0002315030142199248,0.0003414507082197815,0.0004734075046144426,0.0006328481831587851,0.0008146678446792066,0.0010289500933140516],[2.0782194098956097e-7,4.105780590180075e-6,3.546148582245223e-5,0.00010482071957085282,0.00021422507415991277,0.00035548582673072815,0.0005327094695530832,0.0007331944652833045,0.0009680915391072631,0.0012221966171637177,0.001498586148954928],[3.635692564785131e-7,1.7193431631312706e-5,0.0001004733276204206,0.00028362986631691456,0.0005834908224642277,0.0010437024757266045,0.0017254039412364364,0.002656619530171156,0.003923388663679361,0.005601559765636921,0.007703879848122597],[5.116579586683656e-7,1.1401904885133263e-5,6.341644620988518e-5,0.0001722573215374723,0.0003601567295845598,0.0006814017542637885,0.001148828538134694,0.0018123975023627281,0.002715770620852709,0.003934523556381464,0.005487920716404915],[5.487490852829069e-7,2.364889223827049e-5,0.00014420348452404141,0.00037009085644967854,0.0006835323292762041,0.0010686905588954687,0.0015155659057199955,0.00201493501663208,0.0025657201185822487,0.0031774789094924927,0.0038319299928843975],[7.37007951556734e-7,5.678091474692337e-5,0.00025145476683974266,0.0005660636816173792,0.0009811560157686472,0.0015065207844600081,0.002090448047965765,0.002762681571766734,0.0035039244685322046,0.0043007973581552505,0.005180095322430134]]}