{"training_accuracy":[0.28999999165534973,0.33000001311302185,0.27000001072883606,0.3700000047683716,0.41999998688697815,0.3400000035762787,0.4300000071525574,0.41999998688697815,0.4000000059604645,0.28999999165534973,0.3499999940395355,0.25999999046325684,0.2800000011920929,0.3499999940395355,0.4699999988079071,0.6200000047683716,0.5699999928474426,0.46000000834465027,0.6399999856948853,0.46000000834465027,0.5199999809265137,0.41999998688697815,0.38999998569488525],"attacked_training_accuracy":[0.20000000298023224,0.2199999988079071,0.27000001072883606,0.27000001072883606,0.3100000023841858,0.1599999964237213,0.3700000047683716,0.23999999463558197,0.20999999344348907,0.28999999165534973,0.23999999463558197,0.25999999046325684,0.25999999046325684,0.1899999976158142,0.3100000023841858,0.25,0.30000001192092896,0.3100000023841858,0.15000000596046448,0.18000000715255737,0.27000001072883606,0.30000001192092896,0.4099999964237213],"kl_over_time":[[1.0703146102741812e-7,2.041254901996581e-6,7.182509762060363e-6,1.6143923858180642e-5,3.655574982985854e-5,7.251113129314035e-5,9.134721040027216e-5,0.00012452967348508537,0.00015558574523311108,0.00019693926151376218,0.00024375508655793965],[9.286231517080523e-8,1.5576572423015023e-6,1.53312230395386e-5,4.833580896956846e-5,0.00011193174577783793,0.00021919496066402644,0.00033682293724268675,0.0004999327939003706,0.0006745677092112601,0.0008884405833669007,0.0011187881464138627],[1.2940884630552318e-7,8.433661605522502e-6,4.4890799472341314e-5,0.00011177425767527893,0.00023288137163035572,0.0004242130962666124,0.0005902133416384459,0.0008501580450683832,0.0011052488116547465,0.0014248035149648786,0.0017886155983433127],[1.266202644956138e-7,6.236733042896958e-6,3.3958851417992264e-5,7.070865103742108e-5,0.00013421823678072542,0.00022741143766324967,0.00032149613252840936,0.00044730192166753113,0.000572088873013854,0.0007186218863353133,0.0008676557336002588],[1.8927090650322498e-7,3.6082246879232116e-6,1.6935002349782735e-5,4.365214044810273e-5,8.832899038679898e-5,0.00014934536011423916,0.0001839646720327437,0.00024041740107350051,0.00028387948987074196,0.0003398832632228732,0.0004045101231895387],[1.9083293523181055e-7,4.602850822266191e-6,1.888774750113953e-5,4.111895395908505e-5,7.488499250030145e-5,0.00011338311742292717,0.00013955145550426096,0.00018213682051282376,0.00021950277732685208,0.00026258823345415294,0.0003149627009406686],[1.9478301283015753e-7,2.2244830688578077e-5,6.055785343050957e-5,0.00010691021452657878,0.00017039425438269973,0.00023585687449667603,0.0002893811324611306,0.00034463530755601823,0.0003904842888005078,0.00045765607501380146,0.0005415444611571729],[2.2385377462796896e-7,4.266049927537097e-6,1.7716465663397685e-5,5.506865636561997e-5,0.0001252867659786716,0.0002496681408956647,0.0004020787018816918,0.000627479690592736,0.0008472292101942003,0.0011700844625011086,0.0015465086326003075],[2.387814674875699e-7,1.3321288861334324e-5,5.57718776690308e-5,0.0001399200555169955,0.000283768808003515,0.0005234144628047943,0.0006281058886088431,0.0007973090978339314,0.0009637988987378776,0.001158203580416739,0.0014026518911123276],[2.762086523944163e-7,1.620241346245166e-5,0.00012057255662512034,0.00025433339760638773,0.000480179296573624,0.0008367489208467305,0.0011914701899513602,0.0017249395605176687,0.0022842171601951122,0.003001041943207383,0.0038636215031147003],[3.594506097215344e-7,7.398291472782148e-6,4.343780528870411e-5,0.00012574464199133217,0.0003416288527660072,0.0007062469376251101,0.0012583828065544367,0.0020283819176256657,0.002890279283747077,0.004014788195490837,0.0053463587537407875],[4.6571904022130184e-7,6.780267995054601e-6,5.622553362627514e-5,0.0001846292580012232,0.00043431154335848987,0.0008698775200173259,0.0013587516732513905,0.00205798982642591,0.0028437674045562744,0.0038546572905033827,0.0051636528223752975],[5.26881422047154e-7,1.8259230273542926e-5,8.410730515606701e-5,0.00021508382633328438,0.00044329333468340337,0.0008022243855521083,0.0009033001260831952,0.0010882426286116242,0.001260383753105998,0.0014135786332190037,0.0016324952011927962],[5.557307645176479e-7,2.3809461708879098e-5,8.541820716345683e-5,0.00021781388204544783,0.00045115366810932755,0.0008301528287120163,0.0012320532696321607,0.0018091528909280896,0.0023992566857486963,0.0031598168425261974,0.004091463051736355],[5.577177262239275e-7,1.927094672282692e-5,8.338740008184686e-5,0.00020579465490300208,0.0004248839395586401,0.0007669232436455786,0.0008107888279482722,0.000992178451269865,0.0011099176481366158,0.0012619657209143043,0.0014414777979254723],[7.720927328591642e-7,1.828114727686625e-5,9.53472190303728e-5,0.0002540973073337227,0.0005850826273672283,0.0011689045932143927,0.001826056162826717,0.0026448252610862255,0.0035513220354914665,0.004686696454882622,0.006051979027688503],[7.659943435101013e-7,2.108701301040128e-5,0.00016064505325630307,0.00021627236856147647,0.0003306464641354978,0.0005002070683985949,0.0007346345228143036,0.0010826943907886744,0.0015785981668159366,0.0023716033902019262,0.0033663776703178883],[6.60560601772886e-7,2.247732481919229e-5,0.00010931625729426742,0.0002934791555162519,0.0006337621016427875,0.0011895722709596157,0.0013507562689483166,0.0016856077127158642,0.001993923680856824,0.002384176244959235,0.002842116402462125],[9.579723609931534e-7,4.312352029955946e-5,0.0001031364590744488,0.0001592291082488373,0.00023505378339905292,0.0003195604949723929,0.0003973357379436493,0.0005327422986738384,0.0005477493396028876,0.0005753073492087424,0.0006227571284398437],[9.989361160478438e-7,4.3080857722088695e-5,0.00019891231204383075,0.000509326986502856,0.0010460596531629562,0.001938468893058598,0.0021389529574662447,0.002491334220394492,0.002788168378174305,0.0032601815182715654,0.003768237540498376],[1.2281826684557018e-6,5.630577652482316e-5,0.00016610104648862034,0.00024293584283441305,0.0003553556161932647,0.0004947105189785361,0.0006165893282741308,0.0007274624658748507,0.0009197717881761491,0.0010570492595434189,0.0012693895259872079],[1.3143746855348581e-6,0.00012068860814906657,0.00016844341007526964,0.00026237888960167766,0.0004140796372666955,0.0006240778020583093,0.0008360911160707474,0.0010421405313536525,0.001246038475073874,0.0015029917703941464,0.0017862182576209307],[1.4865742059555487e-6,8.223764598369598e-5,0.00013968840357847512,0.00024143602058757097,0.0003973465063609183,0.0007054611924104393,0.000809210236184299,0.0010580667294561863,0.0013455211883410811,0.0016806402709335089,0.001991709228605032]]}