{"training_accuracy":[0.23000000417232513,0.17000000178813934,0.27000001072883606,0.1899999976158142,0.3799999952316284,0.30000001192092896,0.25999999046325684,0.36000001430511475,0.4099999964237213,0.33000001311302185,0.3400000035762787,0.3700000047683716,0.41999998688697815,0.4300000071525574,0.38999998569488525,0.4000000059604645,0.41999998688697815,0.44999998807907104,0.4699999988079071,0.4300000071525574,0.38999998569488525,0.4099999964237213,0.5400000214576721,0.5,0.5699999928474426,0.5,0.5400000214576721,0.5400000214576721,0.5199999809265137,0.550000011920929,0.5199999809265137,0.46000000834465027,0.6100000143051147,0.5199999809265137,0.5899999737739563,0.5799999833106995,0.6100000143051147,0.5899999737739563,0.5600000023841858,0.550000011920929],"attacked_training_accuracy":[0.12999999523162842,0.07000000029802322,0.23000000417232513,0.25,0.18000000715255737,0.18000000715255737,0.1899999976158142,0.18000000715255737,0.25,0.11999999731779099,0.25999999046325684,0.23000000417232513,0.28999999165534973,0.23000000417232513,0.23999999463558197,0.25999999046325684,0.28999999165534973,0.18000000715255737,0.3400000035762787,0.33000001311302185,0.2800000011920929,0.3499999940395355,0.3499999940395355,0.27000001072883606,0.20000000298023224,0.25999999046325684,0.3499999940395355,0.2800000011920929,0.23999999463558197,0.25999999046325684,0.27000001072883606,0.3199999928474426,0.2800000011920929,0.3700000047683716,0.28999999165534973,0.3100000023841858,0.3499999940395355,0.41999998688697815,0.27000001072883606,0.3199999928474426],"kl_over_time":[[3.786122761084698e-6,0.00042771329754032195,0.0016851451946422458,0.0038655134849250317,0.007086528930813074,0.011451139114797115,0.017124127596616745,0.024284688755869865,0.033093374222517014,0.04373982176184654,0.056436434388160706],[2.2624069515586598e-6,0.0003438607382122427,0.0013146176934242249,0.002984454622492194,0.005439918953925371,0.008793645538389683,0.013189898803830147,0.018699388951063156,0.025550059974193573,0.03380715847015381,0.04371948912739754],[2.1897715214436175e-6,0.00024516184930689633,0.000904720975086093,0.0019652293995022774,0.0034239154774695635,0.005306160543113947,0.007657947484403849,0.01055939868092537,0.014077160507440567,0.018286120146512985,0.02330033667385578],[3.1292447602027096e-6,0.0002342373481951654,0.0008463184931315482,0.001827422296628356,0.003177594393491745,0.004907259717583656,0.007054978050291538,0.00966672133654356,0.012774031609296799,0.016445018351078033,0.020754242315888405],[3.000176093337359e-6,0.00022716507373843342,0.0008767525432631373,0.0019674263894557953,0.0035547774750739336,0.005674331448972225,0.008387427777051926,0.011797408573329449,0.01595265604555607,0.02097144164144993,0.026950767263770103],[1.8552897245172062e-6,0.0001676006941124797,0.0006907790084369481,0.0016184161650016904,0.002997435163706541,0.0049069286324083805,0.007419146131724119,0.010603923350572586,0.014587104320526123,0.019507355988025665,0.02541491389274597],[3.0539547424268676e-6,0.00022146008268464357,0.0009131201659329236,0.0021255339961498976,0.003911514766514301,0.006282757502049208,0.009316375479102135,0.013068254105746746,0.017579153180122375,0.02295834571123123,0.029311606660485268],[5.600395979854511e-6,0.00026994934887625277,0.0009692249004729092,0.0020959866233170033,0.003651015693321824,0.005612178705632687,0.007994493469595909,0.010811335407197475,0.014073378406465054,0.017862608656287193,0.022167081013321877],[6.376742021529935e-6,0.00029558263486251235,0.0011715098517015576,0.0027047258336097,0.0049768779426813126,0.008031072095036507,0.011953630484640598,0.016778375953435898,0.02265355736017227,0.029615696519613266,0.037976205348968506],[4.473969966056757e-6,0.00023312069242820144,0.0010565908160060644,0.002588357776403427,0.004909397102892399,0.008179928176105022,0.012561757117509842,0.018031826242804527,0.024730069562792778,0.03275497257709503,0.041978202760219574],[1.046750185196288e-5,0.00045957989641465247,0.0021238818299025297,0.0046743364073336124,0.00785291288048029,0.011796028353273869,0.01675805076956749,0.022099878638982773,0.028274735435843468,0.03474949300289154,0.0421832837164402],[1.1079683645220939e-5,0.0004986112471669912,0.001911858911626041,0.004150859545916319,0.007488552015274763,0.011656179092824459,0.016754817217588425,0.022928547114133835,0.030119379982352257,0.03806430101394653,0.04706207662820816],[1.14164931801497e-5,0.0007453479920513928,0.002487974241375923,0.005320502910763025,0.0094132786616683,0.014770901761949062,0.02153768204152584,0.030113544315099716,0.04001133516430855,0.05144278332591057,0.06435715407133102],[2.2997464839136228e-5,0.001035716850310564,0.003593799890950322,0.007512872107326984,0.012748979963362217,0.019747721031308174,0.02801935188472271,0.03789162635803223,0.04959491267800331,0.06327281147241592,0.07875008136034012],[1.4367613403010182e-5,0.0005629960214719176,0.0024515900295227766,0.005876279901713133,0.012948536314070225,0.019491394981741905,0.027142753824591637,0.036214426159858704,0.04854240640997887,0.06152835860848427,0.0789877325296402],[5.2063212933717296e-5,0.0005280654295347631,0.0022254891227930784,0.0055341534316539764,0.010383573360741138,0.017260419204831123,0.026406526565551758,0.03706209734082222,0.05044729262590408,0.06653664261102676,0.08507289737462997],[3.893227403750643e-5,0.0014596807304769754,0.004598385654389858,0.009504471905529499,0.017037007957696915,0.026596469804644585,0.037804704159498215,0.05133592337369919,0.06709682941436768,0.08414758741855621,0.10262448340654373],[4.0853527025319636e-5,0.0016246044542640448,0.005531685426831245,0.0125645836815238,0.021806001663208008,0.03437391296029091,0.053901370614767075,0.07476308941841125,0.10039149224758148,0.1254456639289856,0.15267235040664673],[0.00011800167703768238,0.0010505728423595428,0.003745544468984008,0.007629599422216415,0.015238732099533081,0.024690775200724602,0.03691766783595085,0.05223531648516655,0.06983018666505814,0.0909195989370346,0.11263260245323181],[0.00017415400361642241,0.005377753172069788,0.010095575824379921,0.021993007510900497,0.03361088037490845,0.05067778378725052,0.0760706439614296,0.10217473655939102,0.13107909262180328,0.1639704406261444,0.19014602899551392],[9.141401824308559e-5,0.0010455811861902475,0.004047688562422991,0.010168858803808689,0.019594039767980576,0.03410043939948082,0.05207834020256996,0.07222571969032288,0.09613106399774551,0.1222936138510704,0.15085525810718536],[8.360653737327084e-5,0.0015760335372760892,0.007270867470651865,0.014923577196896076,0.02385997213423252,0.03474533557891846,0.048053741455078125,0.06251326203346252,0.07897058129310608,0.09790316969156265,0.11942902952432632],[0.0002523611474316567,0.0021223416551947594,0.007895751856267452,0.017642920836806297,0.03116631507873535,0.05139778181910515,0.07760661095380783,0.10834576189517975,0.14050769805908203,0.1757192313671112,0.21405699849128723],[5.467142182169482e-5,0.0009615377057343721,0.006003910209983587,0.015972986817359924,0.03124825842678547,0.04991811141371727,0.07360655814409256,0.10093361884355545,0.13087722659111023,0.16459356248378754,0.2023906707763672],[0.00026562390848994255,0.0028333240188658237,0.012087376788258553,0.027112968266010284,0.0484849251806736,0.0770375058054924,0.10910326987504959,0.1466561108827591,0.18893249332904816,0.23887935280799866,0.29598569869995117],[0.00037219561636447906,0.005469195079058409,0.011281371116638184,0.023035312071442604,0.037740424275398254,0.06557463109493256,0.0924300104379654,0.1326867938041687,0.16853715479373932,0.21592986583709717,0.26496487855911255],[0.00012339303793851286,0.0020565593149513006,0.00848338007926941,0.02093645930290222,0.03439980000257492,0.04881640151143074,0.06671293079853058,0.08583524823188782,0.10920770466327667,0.1356658935546875,0.16826768219470978],[0.000102970763691701,0.0023473112378269434,0.009421395137906075,0.021294288337230682,0.038369663059711456,0.06020144373178482,0.09246578067541122,0.12708596885204315,0.16753731667995453,