{"training_accuracy":[0.44999998807907104,0.6000000238418579,0.7099999785423279,0.6299999952316284],"attacked_training_accuracy":[0.3799999952316284,0.4399999976158142,0.41999998688697815,0.4300000071525574],"kl_over_time":[[4.869418290809335e-8,0.0007477141916751862,0.0015683224191889167,0.0028541111387312412,0.004340245854109526,0.00525493361055851,0.006310304161161184,0.007061558775603771,0.007565272971987724,0.007888218387961388,0.008580812253057957],[9.462111449920485e-8,0.0022165211848914623,0.003525437554344535,0.006676067132502794,0.008783413097262383,0.009379005059599876,0.009160390123724937,0.008590898476541042,0.00891554169356823,0.009328673593699932,0.009677024558186531],[1.1365234087179488e-7,0.001725373207591474,0.002198693109676242,0.004935908131301403,0.008332150988280773,0.008838342502713203,0.0083243940025568,0.007231923285871744,0.0063035748898983,0.005110034719109535,0.004099145997315645],[2.9989286076670396e-7,0.0031494770664721727,0.009032740257680416,0.011719358153641224,0.011404077522456646,0.009608861990272999,0.007726265117526054,0.006477659102529287,0.006649855989962816,0.006176027934998274,0.005982622969895601]]}