{"training_accuracy":[0.699999988079071],"attacked_training_accuracy":[0.20999999344348907]}