{"training_accuracy":[1.0],"attacked_training_accuracy":[0.5],"kl_over_time":[[0.000016057256289059296,0.04853304475545883,1.2855298519134521,3.839855432510376,6.173931121826172,8.232845306396484,10.23345947265625,12.467950820922852,14.418767929077148,16.60788917541504,17]]}
