{"training_accuracy":[0.6499999761581421],"attacked_training_accuracy":[0.12999999523162842],"kl_over_time":[[5.476290880324086e-6,0.4202973544597626,1.9556365013122559,3.4325358867645264,4.907130718231201,6.075581073760986,6.827608585357666,7.516543388366699,8.347343444824219,9.158476829528809,9.795408248901367]]}