{"training_accuracy":[0.46000000834465027,0.5600000023841858,0.46000000834465027,0.5099999904632568,0.6499999761581421,0.5899999737739563,0.6800000071525574,0.6700000166893005,0.6399999856948853,0.6100000143051147,0.6299999952316284,0.5899999737739563,0.7300000190734863,0.6200000047683716,0.7599999904632568,0.7200000286102295,0.6899999976158142,0.6899999976158142,0.7900000214576721,0.8299999833106995,0.7900000214576721,0.7799999713897705,0.7599999904632568,0.7599999904632568,0.75,0.7599999904632568,0.75,0.7300000190734863,0.7699999809265137,0.800000011920929,0.7799999713897705,0.8100000023841858,0.75,0.8500000238418579,0.7900000214576721,0.7799999713897705,0.8600000143051147,0.800000011920929,0.800000011920929,0.7799999713897705,0.7799999713897705,0.800000011920929,0.8299999833106995,0.8500000238418579,0.7799999713897705],"attacked_training_accuracy":[0.25,0.25,0.4300000071525574,0.27000001072883606,0.49000000953674316,0.38999998569488525,0.3199999928474426,0.27000001072883606,0.28999999165534973,0.30000001192092896,0.25,0.23000000417232513,0.36000001430511475,0.3700000047683716,0.47999998927116394,0.23999999463558197,0.23999999463558197,0.3499999940395355,0.3700000047683716,0.30000001192092896,0.46000000834465027,0.3199999928474426,0.3400000035762787,0.3199999928474426,0.4000000059604645,0.23999999463558197,0.23000000417232513,0.3700000047683716,0.36000001430511475,0.25999999046325684,0.25,0.3499999940395355,0.36000001430511475,0.33000001311302185,0.33000001311302185,0.41999998688697815,0.4399999976158142,0.2199999988079071,0.25999999046325684,0.44999998807907104,0.3199999928474426,0.41999998688697815,0.3100000023841858,0.33000001311302185,0.44999998807907104],"kl_over_time":[[1.248487109251073e-7,1.6520286862942157e-6,6.728292646585032e-6,1.4543840734404512e-5,2.667951412149705e-5,4.251868449500762e-5,6.210475839907303e-5,8.480755059281364e-5,0.00011229676601942629,0.00014231822569854558,0.0001773685944499448],[4.1048696175494115e-7,2.6088055165018886e-6,1.1378474482626189e-5,3.248409120715223e-5,6.256238702917472e-5,0.00010482638754183426,0.0001539714721729979,0.0002183800534112379,0.0002929697511717677,0.00037946831434965134,0.00048071893979795277],[1.6074362747531268e-6,5.795316610601731e-6,3.879566793330014e-5,0.00011694881686707959,0.00026541846455074847,0.0004569044685922563,0.0006678873323835433,0.0009462911984883249,0.0012719591613858938,0.0016699781408533454,0.0020822465885430574],[6.61834246784565e-6,5.500930637936108e-5,0.0001393332495354116,0.0004963931278325617,0.001583075150847435,0.0028845141641795635,0.00473571103066206,0.006573607679456472,0.008637088350951672,0.010475230403244495,0.013129185885190964],[5.374266493163304e-6,0.0001627233432373032,0.0009577841847203672,0.002349365735426545,0.0049168881960213184,0.00743808364495635,0.017487255856394768,0.02651134878396988,0.035697776824235916,0.04208024591207504,0.0467020645737648],[2.507761564629618e-5,0.0012370770564302802,0.007986699230968952,0.02063159830868244,0.031857047230005264,0.05336197838187218,0.06741322576999664,0.0790102481842041,0.08792608231306076,0.09764698147773743,0.10784223675727844],[6.856434629298747e-5,0.0024006464518606663,0.011466501280665398,0.018917925655841827,0.029906462877988815,0.04296443983912468,0.05173460766673088,0.06282299011945724,0.07882387191057205,0.09143615514039993,0.10680899024009705],[0.0003378517576493323,0.002922528889030218,0.006837883964180946,0.019492190331220627,0.033044736832380295,0.04485026374459267,0.05913280323147774,0.07513757795095444,0.090362049639225,0.11423652619123459,0.1402270346879959],[2.894750468840357e-5,0.0034759859554469585,0.008399483747780323,0.016438037157058716,0.03237036615610123,0.046907033771276474,0.06516990065574646,0.08685078471899033,0.10224446654319763,0.1352187842130661,0.1623624712228775],[0.00077281822450459,0.013903767801821232,0.03219076991081238,0.04261696711182594,0.06402356177568436,0.09308134019374847,0.13419899344444275,0.1615736335515976,0.1930982768535614,0.2177678495645523,0.24652589857578278],[0.00012010722275590524,0.007413754239678383,0.016301976516842842,0.03469423949718475,0.06286174803972244,0.10859980434179306,0.14897944033145905,0.1849622279405594,0.24140994250774384,0.28735262155532837,0.3308652341365814],[0.0002618217549752444,0.005719178821891546,0.019526861608028412,0.05596516653895378,0.1563645750284195,0.20346109569072723,0.2611433267593384,0.29615911841392517,0.32844242453575134,0.36224237084388733,0.3918081223964691],[0.0003200292121618986,0.010735133662819862,0.015049214474856853,0.032058484852313995,0.05316522344946861,0.08225652575492859,0.11758964508771896,0.1477716565132141,0.17432801425457,0.2067565619945526,0.24346448481082916],[0.0007361097377724946,0.009401368908584118,0.024162543937563896,0.034750428050756454,0.05596513673663139,0.09097608178853989,0.13605594635009766,0.17787450551986694,0.22526225447654724,0.26826196908950806,0.31812939047813416],[0.0002574425016064197,0.0017074226634576917,0.006303879898041487,0.020015183836221695,0.03120596520602703,0.05845976993441582,0.07844141125679016,0.109425850212574,0.1520307958126068,0.15783178806304932,0.20813412964344025],[0.00014923251001164317,0.010212832130491734,0.027318008244037628,0.05720296874642372,0.0847637727856636,0.11994042992591858,0.1810992807149887,0.24671638011932373,0.3234303891658783,0.37790027260780334,0.43029525876045227],[0.0007684965385124087,0.007494332734495401,0.021303439512848854,0.046274151653051376,0.07906920462846756,0.10965242236852646,0.1482711136341095,0.17977209389209747,0.2087288200855255,0.24124304950237274,0.27626556158065796],[0.0006408885237760842,0.01002968568354845,0.036775607615709305,0.0434844084084034,0.06109015271067619,0.07820159941911697,0.10307606309652328,0.1404961794614792,0.17549678683280945,0.20962704718112946,0.2606240510940552],[0.0015387466410174966,0.009033288806676865,0.019105548039078712,0.04431278258562088,0.0739816203713417,0.11529292166233063,0.1632496565580368,0.22714774310588837,0.26906856894493103,0.3205752968788147,0.3735305070877075],[0.0015886796172708273,0.016118023544549942,0.03849252313375473,0.07729816436767578,0.1558130383491516,0.23915137350559235,0.3016780912876129,0.339340478181839,0.41021373867988586,0.46207395195961,0.5235571265220642],[0.0008641702588647604,0.006688852794468403,0.019697772338986397,0.03532634675502777,0.07378992438316345,0.1043686717748642,0.14961180090904236,0.18920475244522095,0.23251540958881378,0.2793653905391693,0.325235515832901],[0.003448370611295104,0.010694162920117378,0.028118612244725227,0.07701728492975235,0.10930135846138,0.20087486505508423,0.25209110975265503,0.31535691022872925,0.36943763494491577,0.43260470032691956,0.488922119140625],[0.0029264315962791443,0.015189877711236477,0.03300342336297035,0.07199224084615707,0.11467685550451279,0.1624830663204193,0.20951060950756073,0.24505725502967834,0.2953980565071106,0.35889488458633423,0.4160992205142975],[0.0003969662939198315,0.007123466581106186,0.03164675459265709,0.0736069530248642,0.15122438967227936,0.22639651596546173,0.30305179953575134,0.36532920598983765,0.4269218444824219,0.48892104625701904,0.5564830899238586],[0.002767242956906557,0.029198717325925827,0.04402364045381546,0.0708557590842247,0.13170425593852997,0.17349101603031158,0.21461071074008942,0.24782174825668335,0.2861977219581604,0.3299812376499176,0.3585299253463745],[0.0005080229020677507,0.014229793101549149,0.039127085357904434,0.07208297401666641,0.1615792214870453,0.20983269810676575,0.2553327679634094,0.3445645868778229,0.4625469744205475,0.5929433703422546,0.6902602314949036],[0.0007137939101085067,0.012948164716362953,0.018184775486588478,0.060521408915519714,0.14191196858882904,0.2882164716720581,0.4327394664287567,0.5698551535606384,0.6713829636573792,0.7773911952972412,0.8697951436042786],[0.0006276385392993689,0.006166445091366768,0.01867775432765484,0.036319855600595474,0.06565479189157486,0.10479072481393814,0.15323267877101898,0.22265510261058807,0.2766833007335663,