{"training_accuracy":[0.3499999940395355,0.2199999988079071,0.4300000071525574,0.4099999964237213,0.5,0.44999998807907104,0.49000000953674316,0.38999998569488525,0.5,0.46000000834465027,0.5099999904632568,0.5600000023841858,0.4300000071525574,0.4399999976158142,0.38999998569488525,0.3799999952316284,0.41999998688697815,0.5400000214576721,0.4699999988079071,0.49000000953674316,0.5899999737739563,0.5400000214576721,0.550000011920929,0.5400000214576721,0.6100000143051147,0.5699999928474426,0.6100000143051147,0.5799999833106995,0.5899999737739563,0.7300000190734863,0.699999988079071,0.699999988079071,0.6899999976158142,0.7099999785423279,0.5699999928474426,0.7300000190734863,0.5799999833106995,0.6899999976158142,0.7200000286102295,0.699999988079071],"attacked_training_accuracy":[0.25,0.2199999988079071,0.4000000059604645,0.2800000011920929,0.3199999928474426,0.3199999928474426,0.1899999976158142,0.25,0.3499999940395355,0.3799999952316284,0.5400000214576721,0.30000001192092896,0.28999999165534973,0.3100000023841858,0.25999999046325684,0.20999999344348907,0.6800000071525574,0.6399999856948853,0.3499999940395355,0.38999998569488525,0.47999998927116394,0.3700000047683716,0.46000000834465027,0.46000000834465027,0.4399999976158142,0.6200000047683716,0.4399999976158142,0.4699999988079071,0.5,0.6600000262260437,0.6299999952316284,0.550000011920929,0.5899999737739563,0.6600000262260437,0.47999998927116394,0.75,0.5799999833106995,0.6200000047683716,0.6399999856948853,0.6299999952316284],"kl_over_time":[[4.7397492153322673e-7,2.14036408578977e-5,7.790674135321751e-5,0.00017422235396225005,0.00031700244289822876,0.00052026251796633,0.0008076067315414548,0.001197494799271226,0.0017364296363666654,0.002452685497701168,0.003439659485593438],[1.532273188331601e-7,7.784958143020049e-6,2.8012953407596797e-5,6.06161956966389e-5,0.00010676978126866743,0.0001678023108979687,0.0002460415125824511,0.0003431463846936822,0.0004629444156307727,0.0006117233424447477,0.0007935771136544645],[5.194057735025126e-7,9.543964551994577e-6,3.122665293631144e-5,6.65463085169904e-5,0.00011689925304381177,0.00018370637553744018,0.0002692055713851005,0.00037658633664250374,0.0005090761696919799,0.0006750428001396358,0.0008798385970294476],[4.3211124989284144e-7,7.306372026505414e-6,2.351302646275144e-5,5.0407172238919884e-5,8.792846347205341e-5,0.00013835348363500088,0.00020201009465381503,0.00028190703596919775,0.00037841088487766683,0.0004967437707819045,0.0006393380463123322],[2.3486794020755042e-7,5.526222594198771e-6,1.9168006474501453e-5,4.0967534005176276e-5,7.160859240684658e-5,0.00011129842459922656,0.0001619138929527253,0.0002226763026556,0.00029938467196188867,0.00039033356006257236,0.0004981402889825404],[3.669063062261557e-7,6.344921075651655e-6,2.2441552573582157e-5,4.987061765859835e-5,8.957558748079464e-5,0.00014389934949576855,0.00021484922035597265,0.0003052923420909792,0.00041821959894150496,0.0005610748776234686,0.0007337446440942585],[4.140804037433554e-7,6.879027750983369e-6,2.4665318051120266e-5,5.071730265626684e-5,8.991416689241305e-5,0.0001405232906108722,0.00020285967912059277,0.0002786996483337134,0.0003705921408254653,0.00047568284207955003,0.0006019903812557459],[9.157533895631786e-7,1.231595979334088e-5,3.856417606584728e-5,7.999885565368459e-5,0.0001403285568812862,0.0002148052299162373,0.00030942901503294706,0.00042643092456273735,0.0005632568500004709,0.0007297602132894099,0.000929478439502418],[1.1068572121075704e-6,1.0763857062556781e-5,3.278073199908249e-5,6.839024717919528e-5,0.00011644276673905551,0.0001761076127877459,0.0002491990162525326,0.0003367433964740485,0.0004446691309567541,0.0005655448185279965,0.0007088853744789958],[7.07617573425523e-7,8.681647159392014e-6,2.8729868063237518e-5,5.967420293018222e-5,0.00010426110384287313,0.00015900269499979913,0.00023004240938462317,0.00031288497848436236,0.0004133760230615735,0.0005343094817362726,0.0006769830361008644],[1.7691266975816689e-6,1.5393548892461695e-5,4.4577045628102496e-5,9.157136810244992e-5,0.00015751934552099556,0.0002357037301408127,0.0003388703626114875,0.00045620245509780943,0.0005988975754007697,0.0007623846759088337,0.0009528090013191104],[1.262928094547533e-6,7.826360160834156e-6,2.8172486054245383e-5,7.093195745255798e-5,0.00014063982234802097,0.0002358728088438511,0.0003743394336197525,0.0005259399767965078,0.0007252885261550546,0.0009434179519303143,0.0012249693972989917],[1.671580207585066e-6,1.3024271538597532e-5,4.440679549588822e-5,9.54809584072791e-5,0.00016688264440745115,0.00025722512509673834,0.00037844188045710325,0.0005088137113489211,0.0006714402697980404,0.0008594492101110518,0.0010803242912515998],[1.5985577874744195e-6,1.5964820704539306e-5,5.12257574882824e-5,0.00010592253966024145,0.00018151912081521004,0.00029260909650474787,0.0004163743578828871,0.0005627782666124403,0.0007583239348605275,0.0009564702049829066,0.0011993504595011473],[2.1141947854630416e-6,1.7481244867667556e-5,5.498685277416371e-5,0.00012443284504115582,0.00021300440130289644,0.00031788068008609116,0.0004655163502320647,0.0006286026909947395,0.0008244951022788882,0.0010639880783855915,0.0013442685594782233],[1.999524783968809e-6,2.858321568055544e-5,7.846229709684849e-5,0.00018985263886861503,0.0003444651374593377,0.000535485683940351,0.0008157116244547069,0.0011107738828286529,0.0014561396092176437,0.0018535649869590998,0.0023063267581164837],[2.0023060187668307e-6,2.7082398446509615e-5,8.044712740229443e-5,0.0001731442316668108,0.0003015830588992685,0.00046604833914898336,0.0006849029450677335,0.0009511734824627638,0.0012927853967994452,0.0016742008738219738,0.0021015903912484646],[3.017177050423925e-6,2.292490353283938e-5,0.0001018680923152715,0.00020097561355214566,0.00036938159610144794,0.0005848535220138729,0.0008631664095446467,0.0012044413015246391,0.0015881367726251483,0.002016965299844742,0.0025076274760067463],[4.337376594776288e-6,3.604637458920479e-5,0.00011048358283005655,0.00025510945124551654,0.00046040903544053435,0.0006931971875019372,0.0009786566952243447,0.0013804702321067452,0.0017529823817312717,0.0022667301818728447,0.0028096926398575306],[5.376579792937264e-6,2.82410819636425e-5,6.403472798410803e-5,0.00016684230649843812,0.0003169141127727926,0.0005122845759615302,0.0007399324094876647,0.001018900889903307,0.001353995525278151,0.0018505046609789133,0.002262288937345147],[3.5312893942318624e-6,1.877198155852966e-5,6.869243952678517e-5,0.0001716947153909132,0.0003365353913977742,0.0005541985156014562,0.0008195441914722323,0.0011510758195072412,0.0015446151373907924,0.0020614711102098227,0.0025966796092689037],[1.2026682270516176e-5,3.571209526853636e-5,0.00010183312406297773,0.0002199325244873762,0.0003661744704004377,0.0005802123923785985,0.0008728874963708222,0.001273566740565002,0.001738208462484181,0.0021527542266994715,0.002662378130480647],[2.1483101591002196e-5,6.720717647112906e-5,0.00017685184138827026,0.0003471675154287368,0.0006409771740436554,0.0010766474297270179,0.0014138659462332726,0.001915941247716546,0.0025640910025686026,0.003329032566398382,0.00410342076793313],[1.7201557056978345e-5,5.500140832737088e-5,0.00011593540693866089,0.0002507974277250469,0.00044460102799348533,0.000726482248865068,0.0010878735920414329,0.0015382736455649137,0.0019945192616432905,0.002622478874400258,0.0032913093455135822],[1.3105783182254527e-5,4.020249980385415e-5,0.00010580004163784906,0.00027226077509112656,0.000506505137309432,0.0007663200376555324,0.0012280616210773587,0.001704561640508473,0.002263532718643546,0.002931412309408188,0.0036847467999905348],[1.491672173870029e-5,7.428752724081278e-5,0.00022490356059279293,0.00043315941002219915,0.0007995371124707162,0.0011802109656855464,0.0016610109014436603,0.0024322490207850933,0.0033080142457038164,0.0041263531893491745,0.005115222651511431],[2.934263102361001e-5,8.690528193255886e-5,0.00024215999292209744,0.000379155419068411,0.00067194236908108,0.0009652572916820645,0.0014798811171203852,0.0020592566579580307,