{"training_accuracy":[0.5799999833106995,0.5699999928474426,0.7900000214576721],"attacked_training_accuracy":[0.4699999988079071,0.4000000059604645,0.5199999809265137],"kl_over_time":[[4.7195168662028664e-8,0.0011824059765785933,0.0020448770374059677,0.003820437006652355,0.005856184754520655,0.007410349790006876,0.009369436651468277,0.011258358135819435,0.014025850221514702,0.017568981274962425,0.021907109767198563],[1.2739354815494153e-7,0.0023048431612551212,0.00861428864300251,0.015591192990541458,0.02210891991853714,0.027006234973669052,0.029954204335808754,0.03125829994678497,0.03564254194498062,0.041255053132772446,0.050474558025598526],[2.4442510948574636e-7,0.003922950942069292,0.010726659558713436,0.02132490463554859,0.031053664162755013,0.03915004804730415,0.04662010818719864,0.05418692156672478,0.0671176016330719,0.08258675783872604,0.10009080916643143]]}