{"training_accuracy":[0.23000000417232513,0.17000000178813934,0.23999999463558197,0.20999999344348907,0.4099999964237213,0.3100000023841858,0.2800000011920929,0.36000001430511475,0.4000000059604645,0.3499999940395355,0.3199999928474426,0.36000001430511475,0.4099999964237213,0.46000000834465027,0.3799999952316284,0.4000000059604645,0.4300000071525574,0.46000000834465027,0.4399999976158142,0.4399999976158142,0.36000001430511475,0.4300000071525574,0.47999998927116394,0.4399999976158142,0.47999998927116394,0.5699999928474426,0.5899999737739563,0.41999998688697815,0.5600000023841858,0.5299999713897705,0.5,0.46000000834465027,0.550000011920929,0.5199999809265137,0.5199999809265137,0.5699999928474426,0.6200000047683716,0.5299999713897705,0.5799999833106995,0.6499999761581421],"attacked_training_accuracy":[0.23000000417232513,0.14000000059604645,0.2199999988079071,0.1599999964237213,0.1599999964237213,0.1899999976158142,0.23000000417232513,0.1599999964237213,0.1899999976158142,0.14000000059604645,0.28999999165534973,0.28999999165534973,0.28999999165534973,0.28999999165534973,0.2800000011920929,0.25999999046325684,0.23000000417232513,0.1899999976158142,0.3199999928474426,0.2800000011920929,0.18000000715255737,0.30000001192092896,0.23000000417232513,0.23999999463558197,0.18000000715255737,0.2800000011920929,0.33000001311302185,0.20999999344348907,0.23000000417232513,0.30000001192092896,0.33000001311302185,0.2800000011920929,0.25,0.33000001311302185,0.25999999046325684,0.2199999988079071,0.3100000023841858,0.2199999988079071,0.25999999046325684,0.1599999964237213],"kl_over_time":[[3.257934622524772e-6,0.0004157405346632004,0.001544529222883284,0.0034167026169598103,0.0060901702381670475,0.00966115016490221,0.014269263483583927,0.02006341703236103,0.027256948873400688,0.036043714731931686,0.04666079953312874],[1.5868525906626019e-6,0.00030978413997218013,0.001209009438753128,0.0027747529093176126,0.005075082648545504,0.008243008516728878,0.012389443814754486,0.017681414261460304,0.02423587255179882,0.03228355944156647,0.04197908192873001],[2.1585458398476476e-6,0.00019899808103218675,0.0007485623355023563,0.0016859479947015643,0.003048381768167019,0.004888448864221573,0.007295609451830387,0.010449470952153206,0.014472302980720997,0.019470106810331345,0.025568531826138496],[4.1331700231239665e-6,0.00022749679919797927,0.0008121844730339944,0.001769722905009985,0.0031271346379071474,0.004930364899337292,0.007255400065332651,0.010174896568059921,0.013805939815938473,0.01825900748372078,0.023650093004107475],[1.763434170243272e-6,0.0001888300757855177,0.0007217463571578264,0.0016125580295920372,0.002872712444514036,0.00454832473769784,0.006683803163468838,0.009309588000178337,0.012484763748943806,0.016337372362613678,0.020878514274954796],[2.3285615498025436e-6,0.00019131656154058874,0.0007315079565159976,0.0016262191347777843,0.0028929428663104773,0.004551155027002096,0.0066286781802773476,0.00917075201869011,0.012184054590761662,0.0157371386885643,0.019866641610860825],[3.075628683291143e-6,0.00020052766194567084,0.0007676354143768549,0.0017400046344846487,0.0031342979054898024,0.004994078539311886,0.007373974192887545,0.010315013118088245,0.013951712287962437,0.018312789499759674,0.0235068928450346],[2.6895891096501146e-6,9.867570042842999e-5,0.0004194936773274094,0.0010385153582319617,0.0020291348919272423,0.003405538620427251,0.0052102976478636265,0.007487604394555092,0.01031296607106924,0.013757459819316864,0.017872290685772896],[6.427913831430487e-6,0.00022229188471101224,0.0008312446298077703,0.0019200018141418695,0.003574236761778593,0.005785921588540077,0.008551168255507946,0.012015541084110737,0.016202205792069435,0.021258754655718803,0.027181873098015785],[6.518471309391316e-6,0.00033327704295516014,0.0013106446713209152,0.0030145873315632343,0.0054063955321908,0.008707086555659771,0.012894738465547562,0.01817557029426098,0.0246204175055027,0.03243642672896385,0.041697535663843155],[8.696097211213782e-6,0.00036450321204029024,0.0013995039043948054,0.0031338229309767485,0.00562461419031024,0.008800607174634933,0.012830113060772419,0.01775764860212803,0.023510711267590523,0.03022216446697712,0.03790966793894768],[1.1954549336223863e-5,0.00044754386181011796,0.0018832656787708402,0.004420125856995583,0.008261836133897305,0.012991070747375488,0.01902111992239952,0.02633567340672016,0.03479280695319176,0.04443509876728058,0.05554052069783211],[1.199569487653207e-5,0.0004899543127976358,0.0018700622022151947,0.004225665703415871,0.00764482282102108,0.012487292289733887,0.018566563725471497,0.0266262236982584,0.03592592105269432,0.04751427099108696,0.06107808277010918],[0.00018038709822576493,0.0008363999077118933,0.002243711845949292,0.004845554009079933,0.008684907108545303,0.013763364404439926,0.020467977970838547,0.02855410985648632,0.03839953988790512,0.049501799046993256,0.062052804976701736],[4.9646048864815384e-5,0.001464936649426818,0.004416121169924736,0.008731980808079243,0.01432544644922018,0.02162240445613861,0.03025716170668602,0.04063516482710838,0.052783820778131485,0.06696920096874237,0.08346118777990341],[5.859338489244692e-5,0.0012503808829933405,0.003588440828025341,0.007000431418418884,0.012505846098065376,0.01920049637556076,0.027359504252672195,0.03830219432711601,0.04970987141132355,0.06313490867614746,0.07756047695875168],[1.954786966962274e-5,0.0015715410700067878,0.005975657142698765,0.010358551517128944,0.018433531746268272,0.02942774072289467,0.043701790273189545,0.0595935694873333,0.0783638283610344,0.10134202986955643,0.12670576572418213],[3.7317680835258216e-5,0.0008437238284386694,0.004902055952697992,0.012494516558945179,0.023302070796489716,0.036666035652160645,0.05696449801325798,0.08181079477071762,0.11067979782819748,0.138095885515213,0.1675698459148407],[0.00011619137512752786,0.001510779489763081,0.006411013659089804,0.015527560375630856,0.026677114889025688,0.04148044064640999,0.05899179354310036,0.079902283847332,0.10248202085494995,0.12771235406398773,0.15538111329078674],[9.012726513901725e-5,0.002008730312809348,0.012808985076844692,0.01989360712468624,0.03583599999547005,0.05003611370921135,0.06784722208976746,0.09232068806886673,0.11300153285264969,0.13285298645496368,0.15918761491775513],[0.00011180242290720344,0.00163973867893219,0.006154637783765793,0.013993818312883377,0.0265437550842762,0.04344242811203003,0.06500870734453201,0.09275811165571213,0.12587928771972656,0.16503532230854034,0.2096138298511505],[0.00026274265837855637,0.0010436078300699592,0.0035410167183727026,0.009446612559258938,0.019466636702418327,0.034038007259368896,0.05063537135720253,0.07130710780620575,0.09489696472883224,0.12693072855472565,0.16130243241786957],[8.886776049621403e-5,0.0013759719440713525,0.006678390316665173,0.01648109219968319,0.032273877412080765,0.05161616578698158,0.07454746961593628,0.10141775012016296,0.133784681558609,0.171641543507576,0.21504874527454376],[0.00013078194751869887,0.0022524066735059023,0.010651588439941406,0.025712914764881134,0.04698611795902252,0.07091069221496582,0.10181546956300735,0.14665590226650238,0.1889858841896057,0.23915576934814453,0.29501989483833313],[0.00015221572539303452,0.00482130004093051,0.018353721126914024,0.0382731594145298,0.0635082796216011,0.09799730032682419,0.13754455745220184,0.18262842297554016,0.23929786682128906,0.3016248643398285,0.36516454815864563],[0.00012720997619908303,0.0018363880226388574,0.010255418717861176,0.022740231826901436,0.0403318926692009,0.05969131365418434,0.08446632325649261,0.11476176977157593,0.1565532684326172,0.1995207518339157,0.2521788477897644],[9.788310126168653e-5,0.0019213902996852994,0.008187031373381615,0.018902020528912544,0.03360653668642044,0.05491573363542557,0.07992925494909286,0.1111382246017456,0.14903604984283447,0.1931346207857132,0.24134863913059235],[0.0003560142940841615,0.002831430407240987,0.016469981521368027,0.03611099720001221,0.06016667187213898,0.08830373734235764,0.12622752785682678,0.1702185720205307,