{"training_accuracy":[0.4300000071525574,0.5699999928474426,0.47999998927116394,0.47999998927116394,0.5899999737739563,0.5699999928474426,0.6299999952316284,0.5899999737739563,0.6299999952316284,0.550000011920929,0.6600000262260437,0.5799999833106995,0.6600000262260437,0.4699999988079071,0.5600000023841858,0.5899999737739563,0.699999988079071,0.699999988079071,0.6200000047683716,0.5799999833106995,0.699999988079071,0.7099999785423279,0.6000000238418579,0.5400000214576721,0.5299999713897705],"attacked_training_accuracy":[0.25,0.2800000011920929,0.4300000071525574,0.30000001192092896,0.28999999165534973,0.550000011920929,0.47999998927116394,0.27000001072883606,0.3700000047683716,0.3199999928474426,0.3700000047683716,0.36000001430511475,0.3100000023841858,0.25,0.2800000011920929,0.23000000417232513,0.25999999046325684,0.23000000417232513,0.4300000071525574,0.30000001192092896,0.27000001072883606,0.3700000047683716,0.36000001430511475,0.2800000011920929,0.33000001311302185],"kl_over_time":[[1.876489648111601e-7,8.67885205479979e-7,3.4443387448845897e-6,8.594306564191356e-6,1.6306194083881564e-5,2.6926882128464058e-5,4.041687861899845e-5,5.526556560653262e-5,7.404791540466249e-5,9.499528096057475e-5,0.00011864771659020334],[4.457781699329644e-7,3.969249519286677e-6,1.7988146282732487e-5,4.1720726585481316e-5,7.493640441680327e-5,0.00011899921082658693,0.00017716317961458117,0.00024349636805709451,0.0003219472127966583,0.00041217621765099466,0.0005173012614250183],[1.9298176994198e-6,2.298499566677492e-5,9.173923899652436e-5,0.00021978972654324025,0.0003872636007145047,0.0005923528224229813,0.0008477258961647749,0.0011874177725985646,0.001547720399685204,0.001961036119610071,0.0024324366822838783],[8.978698133432772e-6,0.00021303903486113995,0.0007161854300647974,0.0011271067196503282,0.002138033276423812,0.003369569079950452,0.004384040366858244,0.0057314722798764706,0.007178736850619316,0.008782526478171349,0.010686137713491917],[5.066924495622516e-5,0.000614453456364572,0.0012701449450105429,0.002198709873482585,0.004270052071660757,0.008604920469224453,0.015274266712367535,0.02452727220952511,0.0347730852663517,0.0404215008020401,0.05008535087108612],[4.7064790123840794e-5,0.001965214731171727,0.0052011385560035706,0.006436622701585293,0.009451385587453842,0.009750152938067913,0.016382552683353424,0.013748688623309135,0.016861824318766594,0.014855737797915936,0.020402340218424797],[0.00011604901374084875,0.004373440984636545,0.00532158650457859,0.008815454319119453,0.01149575412273407,0.02298056147992611,0.032752085477113724,0.05476769432425499,0.06117990240454674,0.0826098695397377,0.1020723432302475],[0.00014231954992283136,0.0013967370614409447,0.013474044390022755,0.04612750560045242,0.07795406877994537,0.09753995388746262,0.11396976560354233,0.14285622537136078,0.1883464902639389,0.22588656842708588,0.2670988142490387],[0.000761389615945518,0.0086381696164608,0.037293944507837296,0.09453515708446503,0.16981665790081024,0.21286094188690186,0.247334823012352,0.27318239212036133,0.30067041516304016,0.32765182852745056,0.3535875976085663],[0.00046164097147993743,0.013799197040498257,0.05767757445573807,0.13449743390083313,0.20691470801830292,0.24328593909740448,0.2844991087913513,0.3285190463066101,0.3725728392601013,0.4094935655593872,0.4483605623245239],[0.006410569883882999,0.012552058324217796,0.015092260204255581,0.07628481835126877,0.1605263501405716,0.2528007924556732,0.2989400029182434,0.33395689725875854,0.3791058361530304,0.41307249665260315,0.4486994743347168],[0.00044314275146462023,0.04094181954860687,0.12555061280727386,0.1835659295320511,0.2391243726015091,0.28670498728752136,0.328021377325058,0.36508703231811523,0.3978081941604614,0.43376174569129944,0.4703275263309479],[0.0051741511560976505,0.017143921926617622,0.06687197089195251,0.15549331903457642,0.2565234303474426,0.32822921872138977,0.41720375418663025,0.45893537998199463,0.5077348351478577,0.5546143054962158,0.5974859595298767],[0.004102854989469051,0.019195441156625748,0.06469505280256271,0.132376030087471,0.25940200686454773,0.41390228271484375,0.5452759861946106,0.6333432793617249,0.7007545828819275,0.7680013179779053,0.8210846781730652],[0.001815236289985478,0.025337103754281998,0.10554815083742142,0.28189507126808167,0.48280009627342224,0.6780543327331543,0.8795780539512634,1.0119566917419434,1.1020853519439697,1.1811926364898682,1.255028486251831],[0.0021588588133454323,0.0770028606057167,0.20024341344833374,0.4085090458393097,0.6987611055374146,0.9349969029426575,1.2431868314743042,1.426016926765442,1.60934317111969,1.7034797668457031,1.7980294227600098],[0.0004918422200717032,0.04481913149356842,0.11287196725606918,0.2803192436695099,0.6215606331825256,0.910610020160675,1.345880150794983,1.6858075857162476,2.0174431800842285,2.1753900051116943,2.3125712871551514],[0.0075721899047493935,0.0549502819776535,0.17576076090335846,0.3471386730670929,0.8274422287940979,1.3482252359390259,1.6144905090332031,1.9011040925979614,2.1809914112091064,2.399477243423462,2.55812668800354],[0.0026643367018550634,0.03398071229457855,0.10257075726985931,0.24793381989002228,0.38454267382621765,0.5016087293624878,0.6004177927970886,0.7047184705734253,0.7794362306594849,0.8624914288520813,0.944402277469635],[0.003562571946531534,0.02784815803170204,0.042982518672943115,0.08698752522468567,0.23994679749011993,0.5678688287734985,0.8150030970573425,1.289156198501587,1.6832746267318726,2.0370073318481445,2.1914992332458496],[0.0016106325201690197,0.033151593059301376,0.10129278153181076,0.2399090975522995,0.5056632161140442,0.7254592776298523,0.8753581643104553,0.9816761612892151,1.085054874420166,1.1210658550262451,1.2173478603363037],[0.0072578140534460545,0.041905477643013,0.059792663902044296,0.20680388808250427,0.3481025993824005,0.45071905851364136,0.5557814836502075,0.6546279191970825,0.7450526356697083,0.8282484412193298,0.9155874252319336],[0.002052136929705739,0.01679662987589836,0.07643649727106094,0.1405462920665741,0.20719555020332336,0.2929143011569977,0.36978283524513245,0.4422100782394409,0.5025629997253418,0.5692726969718933,0.6338819265365601],[0.008384250104427338,0.06593544781208038,0.20452998578548431,0.717423677444458,1.3617007732391357,1.800839900970459,1.9990872144699097,2.1282026767730713,2.223696708679199,2.3604249954223633,2.511784076690674],[0.001976390602067113,0.036574531346559525,0.11173051595687866,0.2038625031709671,0.26937755942344666,0.32018789649009705,0.372903972864151,0.42412900924682617,0.47484955191612244,0.5156381130218506,0.5743657350540161]]}