{"training_accuracy":[0.17000000178813934,0.12999999523162842,0.25,0.2199999988079071],"attacked_training_accuracy":[0.23999999463558197,0.18000000715255737,0.17000000178813934,0.1599999964237213],"kl_over_time":[[3.803278048053471e-8,0.00001533631257188972,0.00006587820098502561,0.0001525177649455145,0.00027297675842419267,0.00042645965004339814,0.0006142370402812958,0.000834559032227844,0.001091147307306528,0.0013821931788697839,0.0017184151802212],[5.7941843323305875e-8,0.000021251300495350733,0.0000912647956283763,0.00021201148047111928,0.0003845216997433454,0.0006169109838083386,0.0009116046130657196,0.0012828968465328217,0.0017338995821774006,0.0022706682793796062,0.0029150282498449087],[8.345069346660239e-8,0.000025063514840439893,0.00012424674059730023,0.00029916863422840834,0.0005487882881425321,0.0008631750242784619,0.0012410384370014071,0.0016717492835596204,0.002155134454369545,0.0026965548750013113,0.0032766377553343773],[1.594044789499094e-7,0.000034889420930994675,0.00017845451657194644,0.0004496969922911376,0.0008557373075746,0.0014137193793430924,0.0021286632400006056,0.0030292379669845104,0.0041262865997850895,0.005436769220978022,0.0069809951819479465]]}