{"training_accuracy":[1.0],"attacked_training_accuracy":[0.4399999976158142],"kl_over_time":[[0.002032509306445718,0.12534068524837494,0.5649742484092712,1.625738501548767,3.5122649669647217,5.818043231964111,7.577774524688721,8.223288536071777,NaN,NaN,NaN]]}