{"training_accuracy":[0.6499999761581421],"attacked_training_accuracy":[0.029999999329447746],"kl_over_time":[[3.4904194308182923e-6,0.33302435278892517,1.2663036584854126,2.660996913909912,4.08065938949585,5.189608097076416,5.856280326843262,6.800677299499512,8.049710273742676,9.137311935424805,9.967000007629395]]}