{"training_accuracy":[0.6499999761581421],"attacked_training_accuracy":[0.05999999865889549],"kl_over_time":[[4.300793534639524e-6,0.6579794883728027,2.022906541824341,3.2874138355255127,4.247702121734619,5.124506950378418,6.122554779052734,7.081462383270264,8.323568344116211,9.249696731567383,10.041842460632324]]}