{"training_accuracy":[0.46000000834465027,0.5799999833106995,0.5699999928474426,0.4000000059604645,0.5600000023841858,0.5099999904632568,0.550000011920929,0.5600000023841858,0.6200000047683716,0.6399999856948853,0.6499999761581421],"attacked_training_accuracy":[0.4699999988079071,0.46000000834465027,0.3799999952316284,0.33000001311302185,0.4300000071525574,0.3499999940395355,0.3100000023841858,0.4000000059604645,0.3700000047683716,0.44999998807907104,0.3100000023841858],"kl_over_time":[[1.8663378398287023e-8,3.145695154671557e-5,1.639652873564046e-5,0.00017418320931028575,0.00031499957549385726,0.0006234889151528478,0.0011355041060596704,0.00153936049900949,0.0018571775872260332,0.002023041248321533,0.0021648479159921408],[2.9657389433168646e-8,0.000660481455270201,0.0013182529946789145,0.002245943993330002,0.002989030908793211,0.00349324569106102,0.0045171016827225685,0.0058214436285197735,0.007653305307030678,0.00971389003098011,0.01221025176346302],[5.170399930420899e-8,0.001625555451028049,0.003505104221403599,0.006545674055814743,0.009981602430343628,0.012134496122598648,0.014877942390739918,0.017603205516934395,0.02096940018236637,0.02519799955189228,0.030385369434952736],[7.28488913637193e-8,0.00350705673918128,0.008721689693629742,0.017903411760926247,0.026823004707694054,0.0350460559129715,0.040672626346349716,0.043274134397506714,0.049839600920677185,0.05898234620690346,0.07061665505170822],[8.633862336182574e-8,0.003132539801299572,0.01007053628563881,0.020380303263664246,0.029833266511559486,0.038429029285907745,0.04447698965668678,0.048391614109277725,0.055883921682834625,0.0655323937535286,0.07978244870901108],[1.1870226757082492e-7,0.00440536392852664,0.012195620685815811,0.02560439705848694,0.03918939083814621,0.05238131806254387,0.06544521450996399,0.07731865346431732,0.09279758483171463,0.11195044219493866,0.13559330999851227],[1.4106731782703719e-7,0.00032630335772410035,6.545004725921899e-5,0.005009006708860397,0.014063701033592224,0.028474614024162292,0.04514923319220543,0.06103672832250595,0.07760730385780334,0.09480880200862885,0.11583532392978668],[1.4540316328748304e-7,0.0014481806429103017,0.009576009586453438,0.02380882203578949,0.04029092192649841,0.05642102658748627,0.07068070024251938,0.08106771111488342,0.09944038093090057,0.12334123253822327,0.15306270122528076],[2.2400115540222032e-7,0.004749547690153122,0.01655532792210579,0.03567350655794144,0.05840930715203285,0.08359916508197784,0.11077874898910522,0.13804012537002563,0.1728222370147705,0.2143029123544693,0.2617383599281311],[2.4452100433336454e-7,0.004986094310879707,0.017275823280215263,0.03706761822104454,0.05709223076701164,0.07749000936746597,0.09600688517093658,0.11331923305988312,0.13977694511413574,0.17429378628730774,0.21549765765666962],[2.7169446070729464e-7,0.008671139366924763,0.023654775694012642,0.05043312907218933,0.08490236848592758,0.1229911744594574,0.1645818054676056,0.20823505520820618,0.26106777787208557,0.323417991399765,0.3923901617527008]]}