{"training_accuracy":[0.4300000071525574,0.5400000214576721,0.5,0.47999998927116394,0.5099999904632568,0.46000000834465027,0.49000000953674316,0.6499999761581421,0.5899999737739563,0.6100000143051147,0.6600000262260437,0.6499999761581421,0.5400000214576721,0.7400000095367432],"attacked_training_accuracy":[0.20999999344348907,0.28999999165534973,0.3100000023841858,0.20999999344348907,0.25,0.27000001072883606,0.25999999046325684,0.25,0.3100000023841858,0.27000001072883606,0.23999999463558197,0.27000001072883606,0.1899999976158142,0.2800000011920929],"kl_over_time":[[1.7582523241799208e-6,4.197496673441492e-5,0.00014428538270294666,0.0003126538940705359,0.0005555190145969391,0.0008834779146127403,0.0013106659753248096,0.001860881457105279,0.002566329203546047,0.003471922129392624,0.004645707551389933],[1.264745378648513e-6,2.9998158424859866e-5,0.00011099243420176208,0.00024565987405367196,0.0004424313665367663,0.0006981362239457667,0.001016977708786726,0.001408736570738256,0.0018697002669796348,0.0024264417588710785,0.003084351308643818],[3.4629413221409777e-6,0.0001048695994541049,0.0003951266407966614,0.0008578848792240024,0.0015282707754522562,0.0024876913521438837,0.00367380166426301,0.005117084830999374,0.006912106182426214,0.009090778417885303,0.011681919917464256],[1.6625788703095168e-5,0.00010761390876723453,0.0006750859320163727,0.0020858480129390955,0.0049335407093167305,0.008126242086291313,0.011047477833926678,0.014987567439675331,0.019677085801959038,0.024676527827978134,0.030058734118938446],[0.0002779135829769075,0.0007138740038499236,0.004170641303062439,0.013817793689668179,0.024075092747807503,0.03300578147172928,0.041745126247406006,0.04970709607005119,0.05815596505999565,0.06699198484420776,0.07688155770301819],[6.240559014258906e-5,0.0038356774020940065,0.0143436836078763,0.029854539781808853,0.054844677448272705,0.07623670995235443,0.09358355402946472,0.11355922371149063,0.13915538787841797,0.1661345660686493,0.1990247368812561],[0.0024415163788944483,0.003970779478549957,0.020195094868540764,0.053604260087013245,0.08426286280155182,0.12284937500953674,0.16586638987064362,0.19663402438163757,0.2342846691608429,0.26930496096611023,0.32624584436416626],[0.002805737778544426,0.018170859664678574,0.06027796491980553,0.09862733632326126,0.13502268493175507,0.17921093106269836,0.21527528762817383,0.25845736265182495,0.3083421587944031,0.3775004744529724,0.44046759605407715],[0.004094344098120928,0.00418133195489645,0.0224014725536108,0.07711280137300491,0.16660746932029724,0.23596280813217163,0.282344251871109,0.3193000257015228,0.35962677001953125,0.3978084623813629,0.4398258924484253],[0.0037249955348670483,0.011986788362264633,0.07124104350805283,0.15526644885540009,0.2448672205209732,0.3178073465824127,0.3725673258304596,0.436882883310318,0.5095120072364807,0.5824258923530579,0.6329234838485718],[0.007827711291611195,0.037000272423028946,0.11016921699047089,0.23905155062675476,0.3630979359149933,0.4766339063644409,0.5720096230506897,0.6998994946479797,0.806952953338623,0.9121513962745667,1.008120059967041],[0.005708402954041958,0.01376840565353632,0.09665053337812424,0.2113552987575531,0.4121454656124115,0.5363143086433411,0.673059344291687,0.824914813041687,0.9381292462348938,1.0530024766921997,1.145776391029358],[0.007703430484980345,0.05632719770073891,0.18530933558940887,0.3630888760089874,0.5367971658706665,0.6714369654655457,0.7540281414985657,0.8574911952018738,0.9898407459259033,1.1293163299560547,1.238256573677063],[0.0016473570140078664,0.027378518134355545,0.15937702357769012,0.38060590624809265,0.5180312991142273,0.6686327457427979,0.767748236656189,0.8870617747306824,0.987749457359314,1.0815540552139282,1.1866040229797363]]}