{"training_accuracy":[0.2199999988079071,0.17000000178813934,0.3199999928474426,0.2199999988079071,0.4300000071525574,0.33000001311302185,0.25,0.3700000047683716,0.46000000834465027,0.3499999940395355,0.36000001430511475,0.3799999952316284,0.4000000059604645,0.44999998807907104,0.4000000059604645,0.4099999964237213,0.4399999976158142,0.4399999976158142,0.4699999988079071,0.4399999976158142,0.4399999976158142,0.4099999964237213,0.5,0.49000000953674316,0.5099999904632568,0.550000011920929,0.5,0.5,0.6000000238418579,0.5199999809265137,0.6299999952316284,0.6100000143051147,0.4399999976158142,0.6200000047683716,0.5899999737739563,0.5600000023841858,0.5699999928474426,0.5799999833106995,0.6100000143051147,0.6100000143051147],"attacked_training_accuracy":[0.1599999964237213,0.1599999964237213,0.20000000298023224,0.15000000596046448,0.23000000417232513,0.17000000178813934,0.2199999988079071,0.28999999165534973,0.28999999165534973,0.1899999976158142,0.1899999976158142,0.27000001072883606,0.23000000417232513,0.33000001311302185,0.33000001311302185,0.36000001430511475,0.28999999165534973,0.30000001192092896,0.36000001430511475,0.27000001072883606,0.23000000417232513,0.33000001311302185,0.4000000059604645,0.44999998807907104,0.41999998688697815,0.38999998569488525,0.3799999952316284,0.3499999940395355,0.38999998569488525,0.3400000035762787,0.4399999976158142,0.4000000059604645,0.3700000047683716,0.4300000071525574,0.47999998927116394,0.4000000059604645,0.36000001430511475,0.41999998688697815,0.41999998688697815,0.3400000035762787],"kl_over_time":[[3.572700535414697e-8,2.2878753952682018e-5,0.00010206431761616841,0.0002445148129481822,0.0004561030073091388,0.0007424711948260665,0.0011125289602205157,0.0015718396753072739,0.0021373729687184095,0.0028035398572683334,0.0036002700217068195],[4.503597494931455e-8,1.629788675927557e-5,7.569208537461236e-5,0.00018079069559462368,0.0003322927514091134,0.0005328005645424128,0.000782859162427485,0.001083657145500183,0.0014393579913303256,0.0018519889563322067,0.002322138287127018],[6.205222291555401e-8,1.9568436982808635e-5,0.00010662414570106193,0.00026057494687847793,0.0004815621941816062,0.0007630468462593853,0.0010984125547111034,0.0014881413662806153,0.001923428033478558,0.0024139368906617165,0.0029383262153714895],[1.2315854291955475e-7,1.9024992070626467e-5,0.00011393872409826145,0.0002855972561519593,0.00053555698832497,0.0008617143030278385,0.001253412920050323,0.0017211921513080597,0.0022534322924911976,0.002849938115105033,0.0035118793603032827],[1.8691424941152945e-7,3.150311385979876e-5,0.00014505563012789935,0.0003433873935136944,0.000642638944555074,0.0010314397513866425,0.001527448301203549,0.0021258979104459286,0.002841153647750616,0.003636263543739915,0.0045744250528514385],[2.9190312034188537e-7,1.4054225175641477e-5,9.445593605050817e-5,0.0002748129772953689,0.0005553167429752648,0.0009416684042662382,0.0014184811152517796,0.0020044620614498854,0.0026661581359803677,0.0034331672359257936,0.004285195842385292],[4.287642525468982e-7,5.4111515055410564e-5,0.00027227558894082904,0.000674672017339617,0.0012782149715349078,0.0021033117081969976,0.003173940349370241,0.004495779983699322,0.006122002378106117,0.008103392086923122,0.010431542061269283],[6.058261874386517e-7,4.351899042376317e-5,0.0002232561237178743,0.0005347351543605328,0.0009842179715633392,0.001555400900542736,0.002232662169262767,0.003005346516147256,0.0038957952056080103,0.004874985199421644,0.005966386757791042],[7.077615578054974e-7,9.348396270070225e-5,0.0004405998333822936,0.001036611502058804,0.0019073184812441468,0.0029992067720741034,0.004335603676736355,0.005922137293964624,0.007730445824563503,0.009846031665802002,0.012147512286901474],[8.696043778400053e-7,0.00011559400445548818,0.0005249116802588105,0.0012884736061096191,0.002400303492322564,0.003916455432772636,0.005806365050375462,0.008182033896446228,0.011026589199900627,0.014360623434185982,0.018150489777326584],[1.6107853753055679e-6,7.840211037546396e-5,0.0005311071872711182,0.0015064611798152328,0.003120262175798416,0.0054152002558112144,0.008174874819815159,0.011758256703615189,0.015630362555384636,0.020053261891007423,0.024868736043572426],[1.9740800780709833e-6,0.00021552291582338512,0.0010509256972000003,0.002531085629016161,0.004608955699950457,0.007400148548185825,0.010844843462109566,0.014765456318855286,0.019177207723259926,0.024289840832352638,0.02995346672832966],[1.5523419278906658e-6,0.0002531130739953369,0.0012181861093267798,0.0029526622965931892,0.00567582855001092,0.00899691041558981,0.012916435487568378,0.017469314858317375,0.0226243007928133,0.028645247220993042,0.03545660898089409],[1.7534813423480955e-6,0.00033761904342100024,0.0013668417232111096,0.003140634624287486,0.005592219531536102,0.008789503015577793,0.012639043852686882,0.017238616943359375,0.022846149280667305,0.02894216775894165,0.03630430996417999],[3.6943788472854067e-6,0.00021550054952967912,0.0011431504972279072,0.0032668891362845898,0.005786592606455088,0.009239105507731438,0.01372324675321579,0.019234158098697662,0.02593795210123062,0.03297824785113335,0.04127756878733635],[3.0353019155882066e-6,0.0003384205629117787,0.000856538419611752,0.002069358713924885,0.004331423435360193,0.007998731918632984,0.01228728611022234,0.017699960619211197,0.02398819848895073,0.03151822090148926,0.03906719759106636],[2.669661625986919e-6,0.000325014436384663,0.0015828023897483945,0.0037992571014910936,0.007199158892035484,0.01163882203400135,0.01710149645805359,0.023806411772966385,0.03169478476047516,0.0405874066054821,0.05073677375912666],[3.080500619034865e-6,0.00026768326642923057,0.0015068721259012818,0.0037110380362719297,0.0067090485244989395,0.010670224204659462,0.015515875071287155,0.02086273580789566,0.027322467416524887,0.034518469125032425,0.04250451177358627],[7.324039870582055e-6,0.00027116670389659703,0.001530292327515781,0.00409052474424243,0.008012089878320694,0.013307454064488411,0.019822709262371063,0.02820964716374874,0.03806609287858009,0.05019563436508179,0.06305181980133057],[4.086036824446637e-6,0.00031575217144563794,0.0030473589431494474,0.007379832211881876,0.014193056151270866,0.02177571691572666,0.03559190034866333,0.0494246743619442,0.06674392521381378,0.08475934714078903,0.10285531729459763],[2.6416748823976377e-6,0.0005115168169140816,0.0023919499944895506,0.00572230014950037,0.01057521067559719,0.01678132638335228,0.02450120821595192,0.03399281203746796,0.045301247388124466,0.05836929753422737,0.07293099910020828],[3.435199460000149e-6,0.0004592568438965827,0.002339951926842332,0.006206521298736334,0.011221674270927906,0.018043411895632744,0.02792585827410221,0.038833487778902054,0.050560854375362396,0.06410136073827744,0.07884583622217178],[3.902052412740886e-6,0.00023411217262037098,0.001542509882710874,0.004291855730116367,0.008468816988170147,0.014014190062880516,0.02126750349998474,0.030093953013420105,0.03989832475781441,0.05089164525270462,0.06240909919142723],[3.90530158256297e-6,0.0005124671733938158,0.0026992515195161104,0.006879353895783424,0.014035501517355442,0.023015132173895836,0.03587932884693146,0.049859896302223206,0.06490883976221085,0.08215541392564774,0.10139844566583633],[3.464130486463546e-6,0.00045709527330473065,0.002364504151046276,0.006002536974847317,0.011191296391189098,0.01795411854982376,0.026353292167186737,0.0371648408472538,0.05032479017972946,0.06553686410188675,0.08175376057624817],[5.334807156032184e-6,0.0005475318757817149,0.0030345406848937273,0.00781695544719696,0.014738823287189007,0.02378236874938011,0.0344015434384346,0.04693380370736122,0.061391305178403854,0.07890401780605316,0.09880448877811432],[1.0010937330662273e-5,0.00048086620518006384,0.0023908636067062616,0.00588145712390542,0.010498516261577606,0.01792588084936142,0.025993704795837402,0.035234007984399796,0.04535241797566414,0.05677993595600128,0.06948181986808777],[4.831782916880911e-6,0.0003981248300988227,0.00225816504098475,0.006104305386543274,