{"training_accuracy":[0.6499999761581421],"attacked_training_accuracy":[0.1599999964237213],"kl_over_time":[[5.0518701755208895e-6,0.35913076996803284,1.2896019220352173,2.4654979705810547,3.778280019760132,4.698062419891357,5.581181526184082,6.468428134918213,7.507436752319336,8.298419952392578,9.125588417053223]]}