{"training_accuracy":[0.27000001072883606,0.3199999928474426,0.3700000047683716],"attacked_training_accuracy":[0.25999999046325684,0.25999999046325684,0.38999998569488525],"kl_over_time":[[1.8703360638028244e-8,0.000006363689863064792,0.000026245701519655995,0.00006189203122630715,0.00011417068890295923,0.00018270104192197323,0.0002707164967432618,0.0003798677062150091,0.0005148486816324294,0.0006862772861495614,0.0008987850742414594],[3.1928529153901763e-8,0.000005656760095007485,0.000027905405659112148,0.00007152312900871038,0.00013556117482949048,0.00022271684429142624,0.0003389421908650547,0.0004846536903642118,0.0006740694516338408,0.0009062099270522594,0.0011974909575656056],[6.001911856401421e-8,0.000008623845133115537,0.00003555982402758673,0.00008086897287284955,0.00014126313908491284,0.00021882720466237515,0.00031231078901328146,0.0004172435437794775,0.0005390424630604684,0.0006754515925422311,0.0008282485650852323]],"validation_accuracy":[0.244604229927063,0.28663575649261475],"attacked_validation_accuracies":[0.24839052557945251,0.26124170422554016],"validation_kl_over_time":[[2.4562803346839246e-8,0.000006133609986136435,0.000030786726711085066,0.00007496419857488945,0.00013922624930273741,0.0002262203342979774,0.00033814008929766715,0.00048110311035998166,0.0006636513862758875,0.000896853453014046,0.0011945960577577353],[3.459261321836493e-8,0.000005873741883988259,0.000030463030270766467,0.00007937186455819756,0.00015620300837326795,0.0002658478042576462,0.00041639956180006266,0.0006159242475405335,0.000880455772858113,0.00122192467097193,0.001673577819019556]]}