{"training_accuracy":[0.5400000214576721,0.5600000023841858,0.6200000047683716,0.6399999856948853,0.6299999952316284,0.7099999785423279,0.6800000071525574,0.699999988079071],"attacked_training_accuracy":[0.14000000059604645,0.27000001072883606,0.1899999976158142,0.20999999344348907,0.15000000596046448,0.07999999821186066,0.1599999964237213,0.12999999523162842],"kl_over_time":[[1.1202179166502901e-6,0.06024807691574097,0.2081471085548401,0.39148178696632385,0.5989488959312439,0.8157801628112793,0.9949705004692078,1.1195743083953857,1.3400228023529053,1.6026510000228882,1.8532785177230835],[3.0246681035350775e-6,0.04806014522910118,0.1828603893518448,0.3645344376564026,0.691300630569458,1.0023553371429443,1.3421036005020142,1.680199146270752,2.0648181438446045,2.47935152053833,2.5231451988220215],[2.4535406737413723e-6,0.39339983463287354,0.6219387054443359,0.5463123321533203,0.8384571671485901,1.303314208984375,1.5298402309417725,1.3776007890701294,1.8108808994293213,2.0196683406829834,2.0139873027801514],[2.9657169307029108e-6,0.166092187166214,0.5505298972129822,0.8606715202331543,1.2565525770187378,1.7334073781967163,2.3133063316345215,2.958073377609253,3.647524118423462,4.251220226287842,5.255630970001221],[1.95551069737121e-6,0.10674098879098892,0.4169396758079529,0.9667353630065918,1.5868462324142456,2.0748519897460938,2.473557949066162,2.9719462394714355,3.5797500610351562,4.386284828186035,6.021086692810059],[3.6890955925628077e-6,0.2812018394470215,0.8408983945846558,1.420230507850647,2.1170623302459717,2.724357843399048,3.2275853157043457,3.9424540996551514,4.8718671798706055,6.424807071685791,7.722432613372803],[2.467101921865833e-6,0.35351669788360596,0.9340400695800781,1.4910168647766113,1.9736629724502563,2.2916030883789062,3.209468364715576,3.6638267040252686,4.820499897003174,6.184330940246582,7.546796798706055]]}