{"training_accuracy":[0.20999999344348907,0.33000001311302185,0.27000001072883606,0.2800000011920929],"attacked_training_accuracy":[0.2800000011920929,0.33000001311302185,0.27000001072883606,0.3100000023841858],"kl_over_time":[[1.2185087427951657e-7,5.132103069627192e-6,2.522707472962793e-5,6.137911987025291e-5,0.00011442765389801934,0.0001889344275696203,0.0002889490860980004,0.0004159916425123811,0.0005770871066488326,0.0007794402190484107,0.0010278428671881557],[1.4766860090276168e-7,7.4141667028015945e-6,3.1601426599081606e-5,7.344025652855635e-5,0.00013288858463056386,0.0002126988401869312,0.0003170351264998317,0.00044752180110663176,0.0006133415154181421,0.0008204359910450876,0.001081169699318707],[2.237121776715867e-7,6.458235475292895e-6,4.359401646070182e-5,0.00012318759399931878,0.00025979135534726083,0.0004586084687616676,0.0007375945569947362,0.0011155745014548302,0.001614504144527018,0.002250548917800188,0.0030803154222667217],[3.4333672260800085e-7,2.8085023586754687e-5,0.0001252620277227834,0.0003105374926235527,0.0005962778814136982,0.0010117910569533706,0.0015931414673104882,0.0023760476615279913,0.0034055043943226337,0.004717553965747356,0.006389164831489325]]}