{"training_accuracy":[0.5600000023841858,0.4099999964237213,0.5600000023841858,0.6100000143051147,0.7599999904632568,0.6499999761581421],"attacked_training_accuracy":[0.4699999988079071,0.4000000059604645,0.5199999809265137,0.5,0.3700000047683716,0.5400000214576721],"kl_over_time":[[5.140379144563667e-8,0.0005188448703847826,0.0016674324870109558,0.0036598932929337025,0.006157575640827417,0.00839604064822197,0.00982117373496294,0.010909012518823147,0.012445087544620037,0.01411673054099083,0.017270393669605255],[9.83594361514406e-8,0.0035959677770733833,0.006158935371786356,0.01100919209420681,0.01640217751264572,0.01900194212794304,0.02028578333556652,0.021246151998639107,0.024472611024975777,0.029166823253035545,0.03551911190152168],[2.1884424938889424e-7,0.0039182691834867,0.011212445795536041,0.01899525709450245,0.025919971987605095,0.03073996864259243,0.03385116159915924,0.037022579461336136,0.04631802439689636,0.05855230242013931,0.07257550209760666],[2.8372005544952117e-7,0.002409077947959304,0.0007805025670677423,0.0069079021923244,0.016854600980877876,0.02496921457350254,0.03311961516737938,0.03986220434308052,0.046749427914619446,0.051938846707344055,0.05678897723555565],[4.998439067094296e-7,0.0021566911600530148,0.009847143664956093,0.02065408043563366,0.034471545368433,0.04957127198576927,0.06743963062763214,0.08836965262889862,0.11407238245010376,0.14216288924217224,0.17322200536727905],[6.328081667561491e-7,0.008640928193926811,0.018964892253279686,0.040105924010276794,0.06470685452222824,0.0899997428059578,0.12014810740947723,0.15835170447826385,0.2057764232158661,0.2565852105617523,0.30942201614379883]]}