{"training_accuracy":[0.41999998688697815,0.49000000953674316,0.4399999976158142,0.5],"attacked_training_accuracy":[0.3799999952316284,0.4000000059604645,0.23999999463558197,0.23999999463558197],"kl_over_time":[[1.0123116567228863e-7,5.192996468394995e-7,2.4809653496049577e-6,6.590730663447175e-6,1.2908880307804793e-5,2.1900319552514702e-5,3.2201423891820014e-5,4.4549600715981796e-5,5.904517092858441e-5,7.50360923120752e-5,9.287492866860703e-5],[1.4028961459189304e-7,6.054137315913977e-7,2.6386326226202073e-6,6.7139567363483366e-6,1.4004033801029436e-5,2.278632928209845e-5,3.4386408515274525e-5,4.85763193864841e-5,6.571378617081791e-5,8.525468001607805e-5,0.00010530013969400898],[1.761250132403802e-7,9.425042435395881e-7,3.865481176035246e-6,9.082976248464547e-6,1.7026150089805014e-5,2.7724227038561366e-5,4.081708175363019e-5,5.68247887713369e-5,7.486929825972766e-5,9.625807433621958e-5,0.00011926792649319395],[1.9393591799143906e-7,1.039242874867341e-6,4.580276709020836e-6,1.1135010936413892e-5,2.0300685719121248e-5,3.258897413616069e-5,4.821602124138735e-5,6.672058952972293e-5,8.84086184669286e-5,0.00011165679461555555,0.00013899352052249014]]}