{"training_accuracy":[0.9700000286102295],"attacked_training_accuracy":[0.3799999952316284],"kl_over_time":[[0.0006738562951795757,0.07961096614599228,0.6232520341873169,2.0319478511810303,4.03100061416626,6.114062786102295,7.621617317199707,7.566893577575684,6.498200416564941,4.959292411804199,3.8088207244873047]]}