{"training_accuracy":[0.28999999165534973,0.3400000035762787,0.38999998569488525,0.38999998569488525,0.6299999952316284],"attacked_training_accuracy":[0.4300000071525574,0.33000001311302185,0.27000001072883606,0.3100000023841858,0.2800000011920929],"kl_over_time":[[5.48411321688036e-7,1.0575121450528968e-5,8.324770169565454e-5,0.0002703926002141088,0.0004461232456378639,0.0006931035313755274,0.0008139481069520116,0.0010098885977640748,0.0012999805621802807,0.0016239164397120476,0.0019999095238745213],[3.1002407467894955e-6,0.00014410803851205856,0.0006685145781375468,0.0017941093537956476,0.0037673115730285645,0.0067877150140702724,0.008545375429093838,0.01090472936630249,0.013000494800508022,0.015414337627589703,0.017778418958187103],[1.5279087165254168e-5,0.0011890962487086654,0.0026237424463033676,0.005903587676584721,0.01181854773312807,0.020229270681738853,0.030921248719096184,0.04193095490336418,0.049027327448129654,0.05523567646741867,0.06293483823537827],[2.0892577595077455e-5,0.002428831299766898,0.009598912671208382,0.01508776843547821,0.02161015011370182,0.03073059767484665,0.03892549127340317,0.047618523240089417,0.06054064631462097,0.07977823913097382,0.09703268855810165],[4.850542973144911e-5,0.006278214510530233,0.047600653022527695,0.10122177004814148,0.19032512605190277,0.3204532861709595,0.30708229541778564,0.32602399587631226,0.35399875044822693,0.37399885058403015,0.3997752368450165]]}