{"training_accuracy":[0.6200000047683716,0.3799999952316284,0.5400000214576721,0.7200000286102295,0.5699999928474426,0.5,0.6399999856948853,0.699999988079071,0.7599999904632568,0.47999998927116394,0.6299999952316284],"attacked_training_accuracy":[0.46000000834465027,0.3799999952316284,0.3799999952316284,0.5099999904632568,0.36000001430511475,0.4099999964237213,0.3400000035762787,0.4099999964237213,0.46000000834465027,0.5099999904632568,0.49000000953674316],"kl_over_time":[[5.0481684610304e-8,0.0008636235725134611,0.0019678096286952496,0.003836459945887327,0.006203053053468466,0.008164705708622932,0.01063879206776619,0.013292670249938965,0.016948208212852478,0.021148545667529106,0.026222772896289825],[1.2042761454722495e-7,0.003060657298192382,0.005923538003116846,0.010308301076292992,0.01460584532469511,0.017992276698350906,0.022162899374961853,0.02618437632918358,0.032517313957214355,0.04089614748954773,0.05188094824552536],[1.9073316082085512e-7,0.002585736569017172,0.00683274120092392,0.01519200298935175,0.02520827203989029,0.03176303952932358,0.03740288317203522,0.04188805818557739,0.04665972664952278,0.05261639505624771,0.06158057600259781],[2.9465974193954025e-7,0.0035011207219213247,0.011275804601609707,0.02127186767756939,0.02830170840024948,0.032578252255916595,0.03584304824471474,0.039977043867111206,0.047376278787851334,0.056794423609972,0.06890267878770828],[5.021469746679941e-7,0.0009544215863570571,0.009481287561357021,0.017462031915783882,0.02921922877430916,0.042752474546432495,0.05837634950876236,0.07783976942300797,0.10337354242801666,0.13281460106372833,0.16563530266284943],[0.000001062072215063381,0.0021240655332803726,0.01951698213815689,0.03125100955367088,0.04803714156150818,0.06744664162397385,0.09148772805929184,0.12335862219333649,0.1640285849571228,0.21018077433109283,0.26049667596817017],[0.0000012854990245614317,0.0030095844995230436,0.005017399787902832,0.022590093314647675,0.046479176729917526,0.06854816526174545,0.08960247039794922,0.11153372377157211,0.1363968402147293,0.1662878543138504,0.2031494528055191],[0.0000010897844049395644,0.0032238487619906664,0.0015080802841112018,0.011944360099732876,0.020645746961236,0.028983181342482567,0.03596561402082443,0.042488355189561844,0.05136910453438759,0.0642767995595932,0.0821533054113388],[0.0000020001123175461544,0.004279599525034428,0.013308806344866753,0.03520246967673302,0.0676681399345398,0.1117938756942749,0.17250949144363403,0.25177374482154846,0.3491246700286865,0.4546984136104584,0.5655528903007507],[0.000002243441258542589,0.00923978816717863,0.03639722242951393,0.07533672451972961,0.12136569619178772,0.17109113931655884,0.22562667727470398,0.2864777445793152,0.3594779074192047,0.44531500339508057,0.546320378780365],[0.0000015399905350932386,0.0021549046505242586,0.01191677339375019,0.032826364040374756,0.06256482750177383,0.09597853571176529,0.13332489132881165,0.17696277797222137,0.23012809455394745,0.2962338626384735,0.38033226132392883]]}