{"training_accuracy":[0.4300000071525574,0.44999998807907104,0.550000011920929,0.47999998927116394,0.5600000023841858,0.5799999833106995,0.6399999856948853,0.6700000166893005,0.5899999737739563,0.550000011920929,0.6800000071525574,0.5899999737739563,0.6700000166893005,0.7200000286102295,0.6800000071525574,0.6899999976158142,0.7400000095367432,0.7200000286102295,0.7799999713897705,0.699999988079071,0.7699999809265137,0.7200000286102295,0.6800000071525574,0.7799999713897705,0.8100000023841858,0.6499999761581421,0.7099999785423279,0.7400000095367432,0.7099999785423279,0.7799999713897705,0.7200000286102295,0.7099999785423279,0.7699999809265137,0.800000011920929,0.7900000214576721,0.7599999904632568,0.7200000286102295,0.800000011920929,0.7799999713897705,0.7699999809265137],"attacked_training_accuracy":[0.25,0.20999999344348907,0.23999999463558197,0.27000001072883606,0.27000001072883606,0.27000001072883606,0.27000001072883606,0.4399999976158142,0.28999999165534973,0.33000001311302185,0.27000001072883606,0.20000000298023224,0.1599999964237213,0.2800000011920929,0.2800000011920929,0.23999999463558197,0.41999998688697815,0.28999999165534973,0.20000000298023224,0.30000001192092896,0.18000000715255737,0.2800000011920929,0.28999999165534973,0.25,0.1899999976158142,0.23000000417232513,0.1899999976158142,0.28999999165534973,0.2800000011920929,0.25,0.3400000035762787,0.23999999463558197,0.18000000715255737,0.1599999964237213,0.12999999523162842,0.25,0.2800000011920929,0.17000000178813934,0.23999999463558197,0.30000001192092896],"kl_over_time":[[1.2417476114023884e-7,1.926055347212241e-6,1.0706082321121357e-5,2.808873978210613e-5,5.342701479094103e-5,8.716853335499763e-5,0.0001289932115469128,0.0001786735956557095,0.00024055443645920604,0.00030830688774585724,0.0003902529424522072],[4.435349580944603e-7,2.031327539953054e-6,2.2736339815310203e-5,7.757711864542216e-5,0.00016363266331609339,0.0002763534721452743,0.00042336966725997627,0.0006033976096659899,0.0008041728870011866,0.0010151875903829932,0.00126507761888206],[1.5751860473756096e-6,3.31787159666419e-5,0.00018376164371147752,0.00048196144052781165,0.0009115871507674456,0.0014846029225736856,0.0021802016999572515,0.0029529440216720104,0.003774654120206833,0.0046307966113090515,0.005555472336709499],[3.482276497379644e-6,0.0003678828361444175,0.0014976324746385217,0.0032048686407506466,0.00533281359821558,0.008319699205458164,0.011785862036049366,0.01607484556734562,0.021410267800092697,0.027504315599799156,0.03325233235955238],[9.653168490331154e-6,0.0010991411982104182,0.006199149880558252,0.013002602383494377,0.02332456037402153,0.032279010862112045,0.043695345520973206,0.05874110013246536,0.07505536079406738,0.09467945247888565,0.112922303378582],[9.75019356701523e-5,0.007900207303464413,0.020205935463309288,0.04048443213105202,0.07051485031843185,0.09584958851337433,0.1248762309551239,0.1598530113697052,0.19669097661972046,0.23354217410087585,0.2785789668560028],[0.002577786101028323,0.012462548911571503,0.02850162424147129,0.04934287443757057,0.08344760537147522,0.1372288316488266,0.1908705234527588,0.24893607199192047,0.3105808198451996,0.3825409710407257,0.4374714493751526],[0.0006794861401431262,0.014387112110853195,0.07401389628648758,0.14293551445007324,0.19976921379566193,0.2533966600894928,0.290526807308197,0.32979315519332886,0.3637017607688904,0.3997434079647064,0.43389949202537537],[0.0010393265401944518,0.018906045705080032,0.11951342970132828,0.19739358127117157,0.2492539882659912,0.29597926139831543,0.33416786789894104,0.37176451086997986,0.4118940532207489,0.44755133986473083,0.48662465810775757],[6.742951518390328e-5,0.044761475175619125,0.14553828537464142,0.2184319645166397,0.2816064655780792,0.3408108055591583,0.3967939615249634,0.4528539180755615,0.49621281027793884,0.5474192500114441,0.5945800542831421],[0.0001349602098343894,0.013019287027418613,0.032445166260004044,0.08368642628192902,0.15873488783836365,0.26433420181274414,0.3819007873535156,0.5386648178100586,0.7130944728851318,0.8948116898536682,1.0500926971435547],[0.0002692973066587001,0.03497084602713585,0.11161808669567108,0.2623741924762726,0.38683947920799255,0.49997860193252563,0.6387212872505188,0.7972238659858704,0.9594801068305969,1.1892399787902832,1.3419952392578125],[0.0010278646368533373,0.008762376382946968,0.06020760536193848,0.1230618953704834,0.2002483755350113,0.285845547914505,0.3826439678668976,0.5029779672622681,0.6498969793319702,0.8742579221725464,1.1252704858779907],[0.006083461456000805,0.04450221359729767,0.17597287893295288,0.34228241443634033,0.4994560778141022,0.738625705242157,0.9383963346481323,1.1107409000396729,1.338623285293579,1.5336500406265259,1.7233151197433472],[0.002111489651724696,0.03376033529639244,0.14675715565681458,0.33127692341804504,0.5828487873077393,0.7960902452468872,1.0071070194244385,1.2872463464736938,1.4876856803894043,1.726346731185913,1.9456884860992432],[0.008170041255652905,0.0311321672052145,0.08027226477861404,0.1836673766374588,0.3308665156364441,0.5312838554382324,0.7160506844520569,0.9149017333984375,1.1076372861862183,1.340268850326538,1.5257434844970703],[0.00059266306925565,0.11284097284078598,0.3593176305294037,0.5202372670173645,0.6419531106948853,0.7355044484138489,0.8459385633468628,0.9388850331306458,1.0238667726516724,1.1174203157424927,1.2053287029266357],[0.002193426713347435,0.06531748175621033,0.24932272732257843,0.4170268774032593,0.5626506805419922,0.6646038889884949,0.7973647713661194,0.924331784248352,1.037918210029602,1.141417384147644,1.243664026260376],[0.0009572381968609989,0.09426355361938477,0.339195191860199,0.5472950339317322,0.7283884882926941,0.87863689661026,1.0092720985412598,1.1253525018692017,1.2453620433807373,1.3644846677780151,1.487731695175171],[0.0012797702802345157,0.053061313927173615,0.19894351065158844,0.3796132206916809,0.6463674902915955,0.9768034219741821,1.2862643003463745,1.486806869506836,1.739682912826538,2.0310487747192383,2.3692266941070557],[0.0004855306469835341,0.0964207798242569,0.269353449344635,0.4698334336280823,0.778782308101654,1.102433443069458,1.3636621236801147,1.7152987718582153,2.0669593811035156,2.517725706100464,2.8787529468536377],[0.0041825491935014725,0.18477961421012878,0.4633461534976959,0.7057426571846008,0.8606764674186707,1.0057072639465332,1.1346811056137085,1.2628735303878784,1.3973647356033325,1.5146256685256958,1.6348659992218018],[0.001296039903536439,0.03941215202212334,0.28016436100006104,0.5827966928482056,0.8078508377075195,1.0401338338851929,1.3350692987442017,1.5950160026550293,1.8481031656265259,2.1383979320526123,2.5029876232147217],[0.005471153184771538,0.06837756931781769,0.13695836067199707,0.2135259509086609,0.4417339861392975,0.8507246375083923,1.0088965892791748,1.166577935218811,1.3236230611801147,1.4792306423187256,1.6672636270523071],[0.0010647850576788187,0.0806279182434082,0.38970157504081726,0.665992021560669,0.9320960640907288,1.1313579082489014,1.3479957580566406,1.5675694942474365,1.7674145698547363,1.9578615427017212,2.1539719104766846],[0.0031542556826025248,0.09807741641998291,0.4989827573299408,0.8833169341087341,1.1125866174697876,1.3392934799194336,1.5266544818878174,1.7264225482940674,1.9288262128829956,2.129340648651123,2.3277158737182617],[0.005112192127853632,0.07947387546300888,0.29114285111427307,0.5551546812057495,0.8393504619598389,1.1029216051101685,1.323330044746399,1.5505502223968506,1.8320401906967163,2.1653902530670166,2.5180516242980957],[0.01368748676031828,0.16284587979316711,0.43048715591430664,0.8688116073608398,1.2123751640319824,1.5487720966339111,1.8837040662765503,2.1797447204589844,2.506516933441162,2.859863519668579,3.244992971420288],[0.0033048640470951796,0.09874729067087173,0.3573966920375824,0.6824396252632141,0.8724552989006042,0.9831526875495911,1.1375049352645874,1.3199642896652222,1.524660348892212,1.7015502452850342,1.9112129211425781],[0.0032762486953288317,0.12507516145706177,0.38393813371658325,0.828773558139801,