{"training_accuracy":[0.46000000834465027,0.5799999833106995,0.46000000834465027],"attacked_training_accuracy":[0.25,0.20999999344348907,0.23999999463558197],"kl_over_time":[[1.917763938763528e-6,8.000628440640867e-6,2.1773990738438442e-5,4.3030369852203876e-5,7.107070268830284e-5,0.00010564978583715856,0.00014463227125816047,0.000191552666365169,0.00023896187485661358,0.0002939084661193192,0.00035300813033245504],[4.658200850826688e-6,1.5640847777831368e-5,4.2850904719671234e-5,9.150111145572737e-5,0.00016383476031478494,0.0002623683540150523,0.00038288175710476935,0.0005282613565213978,0.0006843102746643126,0.0008660238236188889,0.0010472957510501146],[1.8603463104227558e-5,7.205513247754425e-5,0.00023018423235043883,0.0005271586705930531,0.0009383545839227736,0.0014991724165156484,0.0020912045147269964,0.002756141358986497,0.003461606800556183,0.0042050802148878574,0.005021103657782078]]}