{"training_accuracy":[0.5600000023841858,0.6200000047683716,0.6200000047683716,0.7599999904632568,0.7300000190734863],"attacked_training_accuracy":[0.25,0.3499999940395355,0.20000000298023224,0.2800000011920929,0.3199999928474426],"kl_over_time":[[3.288980451543466e-6,0.11929191648960114,0.3334270417690277,0.6786512732505798,1.1628698110580444,1.6167744398117065,2.0297088623046875,2.544553756713867,3.1297295093536377,3.9025471210479736,4.735803604125977],[1.498147139500361e-5,0.07280518114566803,0.3326331675052643,0.7938222885131836,1.4792535305023193,2.2669689655303955,2.961481809616089,3.5473732948303223,3.997037887573242,4.507033348083496,4.802856922149658],[0.0001308992359554395,0.06250821799039841,0.21620556712150574,0.5064736008644104,0.8932626843452454,1.2873433828353882,1.8108795881271362,2.3805994987487793,2.9892730712890625,3.5936825275421143,4.207467079162598],[8.88054785264103e-7,0.0717349499464035,0.29207438230514526,0.6881688833236694,1.2198086977005005,1.8359432220458984,2.5350027084350586,3.290255069732666,4.054349899291992,4.814017295837402,5.468499183654785],[8.39741232994129e-7,0.11658100038766861,0.4097708463668823,0.8336014151573181,1.2992327213287354,1.7964118719100952,2.3403875827789307,2.954235076904297,3.544567823410034,4.083348751068115,4.618385314941406]]}