{"training_accuracy":[0.5,0.5699999928474426,0.4699999988079071,0.5299999713897705,0.6399999856948853,0.6100000143051147,0.7200000286102295,0.6499999761581421,0.6800000071525574,0.5400000214576721],"attacked_training_accuracy":[0.4300000071525574,0.550000011920929,0.47999998927116394,0.4399999976158142,0.46000000834465027,0.5099999904632568,0.6700000166893005,0.5799999833106995,0.3499999940395355,0.49000000953674316],"kl_over_time":[[1.7341349689559138e-7,5.430471219369792e-7,5.317768341228657e-7,7.274416589098109e-7,1.040094730342389e-6,1.1540656714714714e-6,1.4544865507559734e-6,1.962534497579327e-6,2.4645914891152643e-6,2.7216708531341283e-6,3.7112663449079264e-6],[3.7484511494767503e-7,1.2400621471897466e-6,1.6464493910461897e-6,1.8905207070929464e-6,2.2194019493326778e-6,2.7608305117610143e-6,3.6071858176001115e-6,4.516922672337387e-6,6.321712589851813e-6,6.942980689927936e-6,9.46009731705999e-6],[1.0041070481747738e-6,6.672095878457185e-6,5.674649401044007e-6,9.59431054070592e-6,1.2497666830313392e-5,1.6705615053069778e-5,2.4551331080147065e-5,3.510840542730875e-5,4.2744162783492357e-5,6.428636697819456e-5,6.89318694639951e-5],[9.301735190092586e-6,5.769384006271139e-5,4.307890048949048e-5,8.363099914276972e-5,0.00014829162682872266,0.0002291171986144036,0.0003612553991843015,0.0004959140787832439,0.0005996586987748742,0.0006677993224002421,0.0007771094096824527],[8.442809303232934e-6,0.0004989667795598507,0.0006882227608002722,0.0011071620974689722,0.0014631462981924415,0.002549652475863695,0.0027321139350533485,0.004226784221827984,0.004962698556482792,0.006370625924319029,0.007672624196857214],[3.5375469451537356e-5,0.00010220530384685844,0.002196276094764471,0.0013005504151806235,0.002241467824205756,0.0035429177805781364,0.006354083772748709,0.0070515405386686325,0.008102525025606155,0.009760556742548943,0.009708987548947334],[0.00019336161494720727,0.00119332829490304,0.002025880850851536,0.003171078162267804,0.005422081798315048,0.005617890972644091,0.00452705193310976,0.007736089173704386,0.007682695984840393,0.006523407530039549,0.009072499349713326],[0.0001974736078409478,0.0022278097458183765,0.0038675395771861076,0.004233914893120527,0.0075441631488502026,0.006966435816138983,0.0100474888458848,0.014026314951479435,0.017959071323275566,0.02173037640750408,0.024924229830503464],[0.0005714849103242159,0.0015627178363502026,0.0028493308927863836,0.004293216858059168,0.008703020401299,0.011608395725488663,0.014116451144218445,0.019121667370200157,0.025407468900084496,0.028368744999170303,0.03282834589481354],[0.00036971754161641,0.0030030827037990093,0.00688561424612999,0.007679786067456007,0.010357669554650784,0.01470222882926464,0.02012772671878338,0.02149524725973606,0.02189238741993904,0.027428260073065758,0.03269007429480553]]}