{"training_accuracy":[0.6499999761581421],"attacked_training_accuracy":[0.07999999821186066],"kl_over_time":[[2.483049229340395e-6,0.711169421672821,2.3048834800720215,3.7304580211639404,4.817945957183838,5.578470230102539,6.38536262512207,7.31959342956543,8.074197769165039,8.87455940246582,9.627720832824707]]}