{"training_accuracy":[0.41999998688697815],"attacked_training_accuracy":[0.4699999988079071],"kl_over_time":[[4.2087400231594074e-8,0.0005192855023778975,0.0011338416952639818,0.0022005729842931032,0.0035588317550718784,0.004537543281912804,0.005839253775775433,0.00720074912533164,0.008849608711898327,0.010516736656427383,0.0125481141731143]]}