{"training_accuracy":[0.5199999809265137,0.550000011920929,0.44999998807907104,0.5199999809265137,0.6600000262260437,0.5199999809265137,0.7099999785423279,0.6200000047683716,0.6600000262260437,0.5899999737739563],"attacked_training_accuracy":[0.4399999976158142,0.3100000023841858,0.3700000047683716,0.28999999165534973,0.3499999940395355,0.4300000071525574,0.3199999928474426,0.3700000047683716,0.2199999988079071,0.4300000071525574],"kl_over_time":[[1.675125815836509e-7,3.7005347621743567e-6,1.860325937741436e-6,3.1819263313082047e-6,6.928648417670047e-6,1.0092298907693475e-5,1.7093447240768e-5,2.5716244635987096e-5,3.296861905255355e-5,3.6313507735030726e-5,3.7179230275796726e-5],[3.8057743267927435e-7,5.014326688979054e-6,2.8624564947676845e-5,5.7411554735153913e-5,0.00010113418102264404,0.00017260669847019017,0.00018316999194212258,0.000198084264411591,0.0001768832589732483,0.00017100878176279366,0.00016815330309327692],[1.0900168945227051e-6,7.384191121673211e-5,5.461532418848947e-5,9.662062075221911e-5,0.0001554024056531489,0.00021394065697677433,0.0002976520627271384,0.0003650490252766758,0.00037050791434012353,0.00047413664287887514,0.0005027601728215814],[4.69651195089682e-6,0.00022861633624415845,0.0009210406569764018,0.002242670627310872,0.0032056840136647224,0.003795523662120104,0.003982315305620432,0.0032514797057956457,0.003073420375585556,0.0032649512868374586,0.0033349255099892616],[2.4089295038720593e-5,0.004232589155435562,0.0116761839017272,0.017441177740693092,0.02287326753139496,0.02408207394182682,0.022159408777952194,0.014582889154553413,0.013368458487093449,0.011938236653804779,0.012180916965007782],[1.3524010682886e-5,0.00791187398135662,0.021827735006809235,0.04556909576058388,0.041838303208351135,0.036745037883520126,0.027538293972611427,0.026256980374455452,0.025246091187000275,0.024674415588378906,0.024208392947912216],[0.0001207557215820998,0.00806334987282753,0.026161618530750275,0.05475904047489166,0.0681583359837532,0.07125978916883469,0.055227912962436676,0.04186416417360306,0.037491511553525925,0.03539601340889931,0.03388106822967529],[1.7259073501918465e-5,0.012955743819475174,0.021855968981981277,0.03468111529946327,0.047626055777072906,0.0551968477666378,0.03767665475606918,0.034365907311439514,0.038355518132448196,0.036249082535505295,0.038423288613557816],[0.00011858942889375612,0.011417118832468987,0.024911774322390556,0.04829537123441696,0.05433511734008789,0.04936395585536957,0.036521654576063156,0.03813018649816513,0.03741857036948204,0.039085157215595245,0.03916293382644653],[0.0002798812638502568,0.010717730037868023,0.01099532563239336,0.018736839294433594,0.03978770226240158,0.07911849766969681,0.053032662719488144,0.03761998936533928,0.03487655892968178,0.037405259907245636,0.034538958221673965]]}