{"training_accuracy":[0.9300000071525574],"attacked_training_accuracy":[0.49000000953674316],"kl_over_time":[[0.0046173930168151855,0.2998213768005371,1.1855814456939697,3.4317400455474854,6.425698280334473,8.766570091247559,10.656142234802246,11.29952335357666,NaN,NaN,NaN]]}