{"training_accuracy":[0.2199999988079071,0.17000000178813934,0.3199999928474426,0.2199999988079071,0.4300000071525574,0.3199999928474426,0.25999999046325684,0.3799999952316284,0.4399999976158142,0.36000001430511475,0.36000001430511475,0.3799999952316284,0.4000000059604645,0.46000000834465027,0.4000000059604645,0.4099999964237213,0.44999998807907104,0.49000000953674316,0.4399999976158142,0.4699999988079071,0.4399999976158142,0.4000000059604645,0.5,0.49000000953674316,0.5,0.5400000214576721,0.47999998927116394,0.5099999904632568,0.5799999833106995,0.47999998927116394,0.6299999952316284,0.5799999833106995,0.4399999976158142,0.6100000143051147,0.6000000238418579,0.5600000023841858,0.550000011920929,0.5899999737739563,0.6000000238418579,0.550000011920929],"attacked_training_accuracy":[0.1599999964237213,0.17000000178813934,0.30000001192092896,0.15000000596046448,0.23000000417232513,0.2199999988079071,0.2199999988079071,0.3100000023841858,0.30000001192092896,0.25,0.18000000715255737,0.28999999165534973,0.3199999928474426,0.3799999952316284,0.3799999952316284,0.36000001430511475,0.3700000047683716,0.3100000023841858,0.38999998569488525,0.27000001072883606,0.3700000047683716,0.3499999940395355,0.3700000047683716,0.49000000953674316,0.3700000047683716,0.38999998569488525,0.41999998688697815,0.4000000059604645,0.46000000834465027,0.3700000047683716,0.4300000071525574,0.49000000953674316,0.3400000035762787,0.41999998688697815,0.4000000059604645,0.36000001430511475,0.46000000834465027,0.3199999928474426,0.4300000071525574,0.49000000953674316],"kl_over_time":[[3.546022497857848e-8,1.588763370818924e-5,8.032876212382689e-5,0.0002056454832199961,0.00039723876398056746,0.0006596436724066734,0.001005031866952777,0.0014402748784050345,0.0019735805690288544,0.0026196902617812157,0.0033906700555235147],[4.921793816947684e-8,2.906627196352929e-5,0.00013067785766907036,0.00031357957050204277,0.0005825388943776488,0.0009460346773266792,0.0014117431128397584,0.0019877315498888493,0.002695117611438036,0.0035398441832512617,0.004523370880633593],[6.508697936169483e-8,3.2150011975318193e-5,0.00014398974599316716,0.0003345699515193701,0.0006029846263118088,0.0009422728908248246,0.001348752062767744,0.0018243695376440883,0.002357696881517768,0.0029511169996112585,0.0036079727578908205],[9.961844682493393e-8,2.754109118541237e-5,0.00012742656690534204,0.00030121803865768015,0.0005507254390977323,0.0008705379441380501,0.001269129803404212,0.0017339688492938876,0.0022657024674117565,0.0028751897625625134,0.0035599470138549805],[1.5747558279599616e-7,3.4548625990282744e-5,0.00015861305291764438,0.00037631727172993124,0.0006940601742826402,0.0011079591931775212,0.0016130188014358282,0.00221588765271008,0.0029242229647934437,0.003727334551513195,0.0046416958793997765],[2.176092408490149e-7,3.7402980524348095e-5,0.00017549024778418243,0.0004312441742513329,0.0008039991371333599,0.0013073515146970749,0.0019499436020851135,0.00273603992536664,0.0036943082232028246,0.004814993590116501,0.006144064478576183],[3.042419507437444e-7,4.886252645519562e-5,0.00023341222549788654,0.000577704980969429,0.0010621019173413515,0.0017430203733965755,0.002615560544654727,0.0036915515083819628,0.0049977791495621204,0.006569927558302879,0.00840428564697504],[4.1703756892275123e-7,1.9322027583257295e-5,0.00013880014012102038,0.0003713967453222722,0.0007235450902953744,0.0011660977033898234,0.0017036711797118187,0.00232972064986825,0.0030291369184851646,0.0038205927703529596,0.004684082232415676],[5.538701088880771e-7,3.4849479561671615e-5,0.00022931575949769467,0.0006275477935560048,0.0012455139076337218,0.0020641156006604433,0.003070284379646182,0.004290503915399313,0.0056877899914979935,0.007272948976606131,0.008997357450425625],[6.133261081231467e-7,3.3184569474542513e-5,0.00020702056644950062,0.0005798544734716415,0.0011768549447879195,0.002018717583268881,0.0030739870853722095,0.004387360066175461,0.005960386246442795,0.007853517308831215,0.00998300313949585],[1.1111123967566527e-6,4.210328552289866e-5,0.0003812475479207933,0.001132079167291522,0.002369973110035062,0.004135708324611187,0.0064364648424088955,0.009100750088691711,0.012090321630239487,0.01549484208226204,0.019059376791119576],[1.6131190250234795e-6,0.00015387669554911554,0.0007564298575744033,0.0018020401475951076,0.0032643501181155443,0.005211852490901947,0.00754926772788167,0.01046302542090416,0.01373615488409996,0.017336158081889153,0.02149192988872528],[1.1880309784828569e-6,0.00010789457155624405,0.0005989517667330801,0.0015162412310019135,0.0028141045477241278,0.0045990003272891045,0.006792839150875807,0.009385823272168636,0.012403230182826519,0.015855681151151657,0.019658802077174187],[1.2348538120932062e-6,0.00011616809933912009,0.0006304718554019928,0.0016088216798380017,0.003049199003726244,0.004976947326213121,0.007295098155736923,0.009853782132267952,0.01300060749053955,0.01638052985072136,0.020102709531784058],[1.255384063370002e-6,0.00012753151531796902,0.0007150618475861847,0.0017718233866617084,0.0033424105495214462,0.005381934344768524,0.00791219249367714,0.010939590632915497,0.01440010778605938,0.018341463059186935,0.022724637761712074],[1.61412344823475e-6,0.00011110796185676008,0.0006940815364941955,0.001874313922598958,0.0037055902648717165,0.006232286337763071,0.009337961673736572,0.013177254237234592,0.017644502222537994,0.02283269539475441,0.028635647147893906],[8.886144087227876e-7,0.0001675776729825884,0.000962480902671814,0.0025342078879475594,0.004869858734309673,0.00794931873679161,0.011749131605029106,0.016490377485752106,0.021952802315354347,0.028045883402228355,0.03503863140940666],[2.0821944417548366e-6,0.00011951624765060842,0.0007674491498619318,0.0021496303379535675,0.004381130449473858,0.007330402731895447,0.011051352135837078,0.01575959473848343,0.020828070119023323,0.027038101106882095,0.034084469079971313],[3.0791675271757413e-6,0.000336653582053259,0.001515829237177968,0.0034816579427570105,0.006267242133617401,0.009956144727766514,0.014631281606853008,0.01989789679646492,0.02619865909218788,0.03330742567777634,0.04119841381907463],[4.300128239265177e-6,0.00015268998686224222,0.0010508180130273104,0.002822770504280925,0.005695955827832222,0.009909375570714474,0.014784593135118484,0.02233896590769291,0.031464748084545135,0.04291548579931259,0.05519555136561394],[1.923364607137046e-6,0.00023892923491075635,0.0011356662726029754,0.0029546981677412987,0.005977786611765623,0.009593532420694828,0.014099710620939732,0.01933995634317398,0.025644401088356972,0.032774798572063446,0.04067075997591019],[2.803263441819581e-6,0.0002750601270236075,0.001368946861475706,0.003373425453901291,0.00603159423917532,0.009505931288003922,0.013767929747700691,0.018649956211447716,0.024296533316373825,0.03063836507499218,0.03787447512149811],[1.322320599683735e-6,0.00028869809466414154,0.001419585314579308,0.0035581232514232397,0.0066873738542199135,0.01080660056322813,0.016113094985485077,0.022531604394316673,0.03010653518140316,0.03901316225528717,0.048357922583818436],[3.941742306778906e-6,0.00037501566112041473,0.0017886419082060456,0.004541552625596523,0.008577023632824421,0.013981339521706104,0.020914725959300995,0.02904190868139267,0.0380525141954422,0.04848456755280495,0.059730786830186844],[2.0213003608660074e-6,0.00020699425658676773,0.001131277997046709,0.003176346654072404,0.006299937609583139,0.010650546289980412,0.015783337876200676,0.021528253331780434,0.02853713370859623,0.035927318036556244,0.044525496661663055],[3.435967983023147e-6,0.0002624278131406754,0.001697752857580781,0.0044263205491006374,0.008686210960149765,0.014381575398147106,0.021557126194238663,0.030196065083146095,0.039882536977529526,0.051373451948165894,0.06437675654888153],[4.169125531916507e-6,0.00031913607381284237,0.0016607606085017323,0.0041733128018677235,0.0078116306103765965,0.012545778416097164,0.018519891425967216,0.02557963877916336,0.03370761498808861,0.04308067634701729,0.0534953773021698],[2.7699104521161644e-6,