{"training_accuracy":[0.2199999988079071,0.17000000178813934,0.3199999928474426,0.20000000298023224,0.3799999952316284,0.3499999940395355,0.27000001072883606,0.3499999940395355,0.44999998807907104],"attacked_training_accuracy":[0.1599999964237213,0.09000000357627869,0.17000000178813934,0.20000000298023224,0.30000001192092896,0.2199999988079071,0.2199999988079071,0.1899999976158142,0.3100000023841858],"kl_over_time":[[3.046968458875199e-6,0.0003565087972674519,0.0013570594601333141,0.0030657832976430655,0.005560779478400946,0.008939764462411404,0.013350563123822212,0.018861496821045876,0.025722257792949677,0.034066032618284225,0.044035423547029495],[1.5401482187371585e-6,0.0002537199470680207,0.000972625392023474,0.002174445427954197,0.0039012860506772995,0.0062064058147370815,0.009194634854793549,0.012983154505491257,0.01769150234758854,0.023474739864468575,0.030490655452013016],[3.7439510833792156e-6,0.00020117225358262658,0.0007159851375035942,0.0015866821631789207,0.002862075110897422,0.004611188545823097,0.006911326665431261,0.00984299834817648,0.013534554280340672,0.01805182173848152,0.023474430665373802],[2.4740600110817468e-6,0.00016721963766030967,0.0006391704082489014,0.0014552500797435641,0.0026571766939014196,0.004300650674849749,0.006474817171692848,0.009221028536558151,0.012647418305277824,0.01684189774096012,0.02199561521410942],[1.0559269867371768e-6,0.00011525290028657764,0.00047476895269937813,0.0011193881509825587,0.0020724290516227484,0.0033946947660297155,0.005125471856445074,0.007368793245404959,0.010257916525006294,0.01382772158831358,0.01825306937098503],[1.8057772877000389e-6,0.00014088898024056107,0.0005679386085830629,0.0013131850864738226,0.00241506053134799,0.003909439314156771,0.005890307482331991,0.008354276418685913,0.011388418264687061,0.015025505796074867,0.019350919872522354],[3.251881480537122e-6,0.00016866605437826365,0.0007050164858810604,0.0017113914946094155,0.003295822301879525,0.00550046656280756,0.00850443635135889,0.012339191511273384,0.01717069372534752,0.023134559392929077,0.030351873487234116],[3.048878852496273e-6,0.0002221707400167361,0.000869054114446044,0.0019359684083610773,0.003449622541666031,0.00539028737694025,0.007852120324969292,0.010809721425175667,0.01430311519652605,0.018491871654987335,0.023303428664803505],[5.1915517360612284e-6,0.00024749853764660656,0.0009601752972230315,0.00217355415225029,0.00391786964610219,0.006233643740415573,0.009224200621247292,0.01276239100843668,0.017037885263562202,0.021964237093925476,0.02778506651520729]]}