{"training_accuracy":[0.1599999964237213],"attacked_training_accuracy":[0.23000000417232513],"kl_over_time":[[3.382919899763692e-8,1.1304608960926998e-5,6.198734627105296e-5,0.00016335121472366154,0.0003080202150158584,0.0004977919161319733,0.0007283981540240347,0.0009940559975802898,0.001295567722991109,0.0016237505478784442,0.001989463111385703]]}