{"training_accuracy":[0.27000001072883606],"attacked_training_accuracy":[0.20000000298023224],"kl_over_time":[[3.317070351727125e-8,1.552578578412067e-5,2.8106620447942987e-5,6.399576523108408e-5,9.910573862725869e-5,0.00015293361502699554,0.00021666291286237538,0.00028719057445414364,0.0003725367714650929,0.0004660358536057174,0.0005628153448924422]]}