{"training_accuracy":[0.2199999988079071,0.17000000178813934,0.3199999928474426,0.23000000417232513,0.4300000071525574,0.3100000023841858,0.25,0.36000001430511475,0.44999998807907104,0.3400000035762787,0.3499999940395355,0.3700000047683716,0.4000000059604645,0.46000000834465027,0.38999998569488525,0.4300000071525574,0.4099999964237213,0.44999998807907104,0.4399999976158142,0.4399999976158142,0.4099999964237213,0.41999998688697815,0.5099999904632568,0.49000000953674316,0.49000000953674316,0.5299999713897705,0.5299999713897705,0.5400000214576721,0.5899999737739563,0.5,0.6399999856948853,0.6000000238418579,0.4399999976158142,0.6000000238418579,0.6100000143051147,0.5799999833106995,0.5899999737739563,0.550000011920929,0.6100000143051147,0.6200000047683716],"attacked_training_accuracy":[0.1599999964237213,0.05999999865889549,0.14000000059604645,0.25999999046325684,0.17000000178813934,0.20000000298023224,0.25999999046325684,0.23999999463558197,0.1899999976158142,0.15000000596046448,0.12999999523162842,0.25,0.2199999988079071,0.4300000071525574,0.25999999046325684,0.30000001192092896,0.2800000011920929,0.2199999988079071,0.25,0.3100000023841858,0.30000001192092896,0.23000000417232513,0.28999999165534973,0.23000000417232513,0.27000001072883606,0.33000001311302185,0.3199999928474426,0.3100000023841858,0.36000001430511475,0.25,0.3199999928474426,0.3100000023841858,0.3199999928474426,0.3199999928474426,0.23999999463558197,0.25999999046325684,0.25,0.3400000035762787,0.3400000035762787,0.28999999165534973],"kl_over_time":[[1.1326510502840392e-6,0.0003274523769505322,0.0012978528393432498,0.0030015893280506134,0.00553051708266139,0.009030165150761604,0.013636250048875809,0.019540462642908096,0.02693946845829487,0.036096952855587006,0.04724131152033806],[3.4111492368538165e-6,0.000307394249830395,0.001127942348830402,0.0024892997462302446,0.004420917946845293,0.0069768051616847515,0.010221580974757671,0.014224819839000702,0.01909884624183178,0.02492053061723709,0.031818125396966934],[9.551364428261877e-7,0.00022079091286286712,0.0008604377508163452,0.0019430782413110137,0.003493649885058403,0.005573894828557968,0.008283623494207859,0.011701873503625393,0.015972936525940895,0.021251678466796875,0.027752112597227097],[1.8331573983232374e-6,0.0001822369813453406,0.0007091551669873297,0.0015769415767863393,0.0027819459792226553,0.004343586973845959,0.006288993172347546,0.008647081442177296,0.01148761622607708,0.014810876920819283,0.01870330609381199],[2.403804046480218e-6,0.0001845035731093958,0.0006968770758248866,0.001545647974126041,0.002757309703156352,0.004350760020315647,0.006379330065101385,0.008891452103853226,0.011923246085643768,0.015557331964373589,0.019877688959240913],[4.538525899988599e-6,0.00021850026678293943,0.0007832605042494833,0.0017248084768652916,0.0030491543002426624,0.004811068531125784,0.007038692012429237,0.009803545661270618,0.013174336403608322,0.017279837280511856,0.022077875211834908],[2.473948370607104e-6,0.00014537958486471325,0.0006548019591718912,0.0016069039702415466,0.0030648307874798775,0.0051288846880197525,0.007935597561299801,0.011512930504977703,0.016065698117017746,0.021692905575037003,0.028589166700839996],[3.0816690923529677e-6,0.00016593837062828243,0.0006690615555271506,0.0015632578870281577,0.0028883435297757387,0.0046174172312021255,0.006825947668403387,0.009546277113258839,0.012767856940627098,0.016551220789551735,0.020973728969693184],[5.127072654431686e-6,0.000264406407950446,0.0010364376939833164,0.0024031929206103086,0.004455816466361284,0.007288243155926466,0.011002282612025738,0.015678975731134415,0.021499279886484146,0.02871716022491455,0.03723025321960449],[8.009583325474523e-6,0.00035041270893998444,0.0013026472879573703,0.002977140247821808,0.00548685435205698,0.008899456821382046,0.013438459485769272,0.019233733415603638,0.026386789977550507,0.03506357967853546,0.04564331844449043],[6.728188509441679e-6,0.0004342315369285643,0.0018372043268755078,0.004404157400131226,0.007772361859679222,0.012116842903196812,0.017482761293649673,0.023680008947849274,0.03079853393137455,0.03900785744190216,0.04812664911150932],[9.802237400435843e-6,0.0003226500703021884,0.0013350039953365922,0.003097758861258626,0.005675575230270624,0.008987589739263058,0.01299425307661295,0.017828993499279022,0.023259975016117096,0.029430313035845757,0.03672385588288307],[1.1084597645094618e-5,0.00045548900379799306,0.001960818888619542,0.004620092920958996,0.008619789034128189,0.014093217439949512,0.020789725705981255,0.02855849266052246,0.03773987665772438,0.04888628423213959,0.06159845367074013],[6.431250221794471e-5,0.0011345308739691973,0.0024593393318355083,0.004656506236642599,0.007905152626335621,0.012563828378915787,0.017391348257660866,0.024821707978844643,0.031711772084236145,0.039369069039821625,0.04791451245546341],[1.7967267922358587e-5,0.0008533282671123743,0.003247051266953349,0.007392711937427521,0.013347870670258999,0.020506691187620163,0.028877558186650276,0.03901254013180733,0.050781283527612686,0.06486791372299194,0.08096415549516678],[2.1215639208094217e-5,0.0010257391259074211,0.002981125609949231,0.007431939709931612,0.012770790606737137,0.019850118085741997,0.027847565710544586,0.0372859463095665,0.048942431807518005,0.06203118711709976,0.0776701420545578],[3.310153624624945e-5,0.0010111348237842321,0.004020832944661379,0.009036346338689327,0.016223769634962082,0.025200948119163513,0.03621320798993111,0.04975445568561554,0.06466105580329895,0.08240625262260437,0.10194284468889236],[4.059397542732768e-5,0.0018094616243615746,0.006247222423553467,0.014213738031685352,0.025768479332327843,0.0406942218542099,0.05814558267593384,0.07894866913557053,0.10395483672618866,0.1312221735715866,0.1612582951784134],[6.815712549723685e-5,0.001984331291168928,0.006591503042727709,0.014130864292383194,0.02662632241845131,0.04378119483590126,0.0655670091509819,0.09179458767175674,0.12249033898115158,0.16397006809711456,0.2042275369167328],[6.698159268125892e-5,0.00382106751203537,0.008300414308905602,0.015500558540225029,0.02650243230164051,0.03959791734814644,0.06507558375597,0.09507379680871964,0.12220674008131027,0.15004496276378632,0.178965762257576],[6.649362330790609e-5,0.001694094156846404,0.006709882989525795,0.01494656503200531,0.026320092380046844,0.04157302901148796,0.06224687024950981,0.08499354869127274,0.11028804630041122,0.13827775418758392,0.16819551587104797],[6.78883952787146e-5,0.0012259046779945493,0.003933021333068609,0.009722721762955189,0.02288220264017582,0.03819533810019493,0.05695173144340515,0.08208221197128296,0.11175676435232162,0.15102265775203705,0.19324231147766113],[0.00011680403258651495,0.0026093299966305494,0.009107272140681744,0.01989172026515007,0.037374455481767654,0.06040932610630989,0.08582506328821182,0.11797956377267838,0.1543879359960556,0.1929463893175125,0.23540844023227692],[9.964119090000167e-5,0.0028938513714820147,0.011867567896842957,0.026099128648638725,0.046321943402290344,0.06902222335338593,0.09703448414802551,0.12730413675308228,0.16252067685127258,0.19930309057235718,0.24324539303779602],[0.00010000792099162936,0.0020151054486632347,0.006974933203309774,0.017649022862315178,0.030413934960961342,0.04563428461551666,0.06790491193532944,0.09455898404121399,0.12868621945381165,0.16977980732917786,0.21395155787467957],[0.00013576250057667494,0.002863967325538397,0.010857910849153996,0.02425769716501236,0.043058548122644424,0.06559968739748001,0.09090421348810196,0.11896611750125885,0.15635015070438385,0.19767993688583374,0.24563579261302948],[0.00011888608423760161,0.003020914038643241,0.013010034337639809,0.029102789238095284,0.052076395601034164,0.07823271304368973,0.1122269332408905,0.15097732841968536,0.19778083264827728,0.24514439702033997,0.2992962896823883],[0.00023243497707881033,0.004595814738422632,0.014458106830716133,0.02924712374806404,0.04928549751639366,0.07422950863838196,0.10501547902822495,0.1471252739429474,0.2008880376815796,0.25982141494750977,