{"weight_magnitude":[0.15953035652637482],"robustness":[0.09919999539852142],"test_acc":[0.09889999777078629]}