{"training_accuracy":[1.0],"attacked_training_accuracy":[0.375],"kl_over_time":[[0.000019542992959031835,0.37540173530578613,1.9440491199493408,3.462946891784668,5.08454704284668,7.1817946434021,9.416556358337402,11.784418106079102,14.150775909423828,16.409839630126953,18.5804500579834]]}