{"training_accuracy":[0.4399999976158142],"attacked_training_accuracy":[0.23000000417232513]}