{"training_accuracy":[0.44999998807907104,0.5899999737739563,0.46000000834465027,0.5,0.6100000143051147,0.5699999928474426,0.6600000262260437,0.6399999856948853,0.6700000166893005,0.5799999833106995,0.6399999856948853,0.6600000262260437,0.5699999928474426,0.6700000166893005,0.699999988079071,0.6499999761581421,0.6700000166893005,0.7300000190734863,0.75,0.7200000286102295,0.7799999713897705,0.7599999904632568,0.7200000286102295,0.7300000190734863,0.7699999809265137,0.7599999904632568,0.7400000095367432],"attacked_training_accuracy":[0.30000001192092896,0.20999999344348907,0.23999999463558197,0.20999999344348907,0.28999999165534973,0.2800000011920929,0.4300000071525574,0.23999999463558197,0.33000001311302185,0.3199999928474426,0.2800000011920929,0.3499999940395355,0.2199999988079071,0.3100000023841858,0.23000000417232513,0.25,0.3199999928474426,0.27000001072883606,0.2800000011920929,0.25,0.3199999928474426,0.23000000417232513,0.25999999046325684,0.30000001192092896,0.23000000417232513,0.25999999046325684,0.23999999463558197],"kl_over_time":[[1.784472232202461e-7,0.000004279309450794244,0.000020379124180180952,0.00004983002145309001,0.00009355284419143572,0.00015163827629294246,0.0002296632155776024,0.00031893019331619143,0.00043351177009753883,0.0005756691680289805,0.0007458728505298495],[4.928712087348686e-7,0.000004398506007419201,0.000036880705010844395,0.00010755698167486116,0.00021787556761410087,0.00037524921935983,0.0005629715160466731,0.0007846801308915019,0.0010132485767826438,0.0012743850238621235,0.0015442371368408203],[0.0000011688373433571542,0.00002525398667785339,0.0001876962633104995,0.0005571547662839293,0.0011251072864979506,0.0018876250833272934,0.0026976510416716337,0.003581392578780651,0.00450645899400115,0.005468792747706175,0.006494706496596336],[0.000009253191819880158,0.00006659935024799779,0.0013241496635600924,0.004087687470018864,0.00790003314614296,0.012277768924832344,0.0178240779787302,0.02220797911286354,0.02646426111459732,0.030481990426778793,0.034341029822826385],[0.000006205365025380161,0.0010147367138415575,0.0041735232807695866,0.022213071584701538,0.038784757256507874,0.05137200281023979,0.06163587048649788,0.06956015527248383,0.07769771665334702,0.0858246311545372,0.09407508373260498],[0.0014934252249076962,0.008326776325702667,0.031910594552755356,0.08589424192905426,0.10495319217443466,0.12667672336101532,0.14332571625709534,0.16015276312828064,0.17659370601177216,0.19361518323421478,0.21194688975811005],[0.0010204239515587687,0.00710825202986598,0.014206643216311932,0.03677681088447571,0.07492942363023758,0.13531263172626495,0.19613465666770935,0.23699550330638885,0.2640102207660675,0.2917780578136444,0.32064083218574524],[0.0014804593520238996,0.01587645336985588,0.11246839165687561,0.18079200387001038,0.22282527387142181,0.26239439845085144,0.305778443813324,0.3452039361000061,0.38064101338386536,0.4174327254295349,0.4554828107357025],[0.00014321274647954851,0.02446783520281315,0.0929536446928978,0.21523818373680115,0.2673698365688324,0.3142622411251068,0.35702821612358093,0.40153831243515015,0.44210177659988403,0.48371320962905884,0.5256777405738831],[0.0004981220117770135,0.028691589832305908,0.12226153165102005,0.22760353982448578,0.3018456995487213,0.3563520014286041,0.39306262135505676,0.4396611750125885,0.4893476665019989,0.5344782471656799,0.5867593884468079],[0.0003808286564890295,0.057815246284008026,0.17806297540664673,0.35087791085243225,0.49724242091178894,0.6046959757804871,0.731863260269165,0.8722462058067322,1.043398141860962,1.160869836807251,1.2825419902801514],[0.0005017931689508259,0.01715703494846821,0.06166348233819008,0.21290257573127747,0.3408757448196411,0.5317090749740601,0.6322681903839111,0.7184130549430847,0.7952534556388855,0.8671389818191528,0.9462799429893494],[0.004350399598479271,0.038570988923311234,0.1455165445804596,0.3040394186973572,0.5054159164428711,0.6942413449287415,0.8765298128128052,1.056527018547058,1.2291077375411987,1.3785436153411865,1.5116076469421387],[0.0005562126752920449,0.04592932015657425,0.23248369991779327,0.3483473062515259,0.4346446990966797,0.5135424137115479,0.5838194489479065,0.6536099314689636,0.7183696627616882,0.7962928414344788,0.8760728240013123],[0.0009812768548727036,0.02359710820019245,0.12549945712089539,0.32117408514022827,0.5271632075309753,0.6705474853515625,0.7544199824333191,0.8497230410575867,0.9280633330345154,1.0194560289382935,1.1078286170959473],[0.010355907492339611,0.1824057698249817,0.47540146112442017,0.6515141129493713,0.7814483642578125,0.8419829607009888,0.9631005525588989,1.0777796506881714,1.1761479377746582,1.2909432649612427,1.4010342359542847],[0.004939937964081764,0.1327507495880127,0.333271324634552,0.50795978307724,0.6454874873161316,0.751429557800293,0.8529965877532959,0.9371370673179626,1.0273081064224243,1.1071419715881348,1.195426344871521],[0.004711067769676447,0.06632231175899506,0.20715823769569397,0.4314984679222107,0.7003583312034607,0.9081456661224365,1.1625441312789917,1.4146958589553833,1.6856005191802979,1.8856911659240723,2.079232692718506],[0.0005704038194380701,0.02638746239244938,0.1292850524187088,0.3866923451423645,0.6892589926719666,0.994247555732727,1.2728461027145386,1.632049560546875,1.955556035041809,2.2197165489196777,2.435044288635254],[0.0036687981337308884,0.08770067244768143,0.2891820967197418,0.5722255110740662,0.8593233227729797,1.0747034549713135,1.3006151914596558,1.6228944063186646,1.9016568660736084,2.12074875831604,2.330758571624756],[0.0013243957655504346,0.048379361629486084,0.12283645570278168,0.41090044379234314,0.7066872715950012,0.8585485816001892,1.0188987255096436,1.1465257406234741,1.2795027494430542,1.425063133239746,1.5794907808303833],[0.006514421664178371,0.12340414524078369,0.4406593143939972,0.8358996510505676,1.18843412399292,1.5170214176177979,1.807814598083496,2.066547393798828,2.2856435775756836,2.500635862350464,2.7113821506500244],[0.003808072069659829,0.1682523638010025,0.34493038058280945,0.5523427128791809,0.8328784108161926,1.05720055103302,1.3161380290985107,1.6419750452041626,1.9792420864105225,2.2385005950927734,2.4944417476654053],[0.00171214051079005,0.1760428249835968,0.47505125403404236,0.7895568013191223,1.0484912395477295,1.2265836000442505,1.4099535942077637,1.586753487586975,1.75757896900177,1.9372646808624268,2.1291251182556152],[0.0025263545103371143,0.1003132238984108,0.4843023717403412,0.9140401482582092,1.1983672380447388,1.4212429523468018,1.6368029117584229,1.8467761278152466,2.0414934158325195,2.24849009513855,2.46592378616333],[0.0012010353384539485,0.11504825204610825,0.5509756207466125,0.974669337272644,1.231425166130066,1.449859619140625,1.654610276222229,1.8202691078186035,2.002457618713379,2.2132034301757812,2.4374749660491943],[0.016891630366444588,0.1223292127251625,0.49424102902412415,0.8043736815452576,1.0675338506698608,1.3200953006744385,1.5571151971817017,1.7713303565979004,1.9650908708572388,2.1488914489746094,2.3329849243164062]]}