{"training_accuracy":[0.6399999856948853,0.75,0.7200000286102295,0.7699999809265137,0.7599999904632568,0.6499999761581421,0.7799999713897705,0.8100000023841858,0.75,0.7200000286102295,0.7900000214576721,0.8100000023841858,0.8299999833106995,0.8500000238418579,0.8399999737739563,0.8299999833106995,0.7599999904632568,0.8500000238418579,0.7900000214576721,0.8299999833106995,0.8399999737739563,0.8299999833106995,0.8799999952316284,0.7699999809265137,0.8600000143051147,0.8100000023841858],"attacked_training_accuracy":[0.17000000178813934,0.3499999940395355,0.25999999046325684,0.3199999928474426,0.2800000011920929,0.20999999344348907,0.4000000059604645,0.3799999952316284,0.3499999940395355,0.23000000417232513,0.2199999988079071,0.20999999344348907,0.4399999976158142,0.3499999940395355,0.33000001311302185,0.17000000178813934,0.3499999940395355,0.3199999928474426,0.2199999988079071,0.33000001311302185,0.33000001311302185,0.25999999046325684,0.2199999988079071,0.4000000059604645,0.4099999964237213,0.17000000178813934],"kl_over_time":[[9.670857252785936e-7,0.0525631457567215,0.25410985946655273,0.549486517906189,0.9799579977989197,1.36479914188385,1.7831891775131226,2.2879934310913086,2.5892422199249268,2.591522693634033,3.1792259216308594],[9.15244811494631e-7,0.07504187524318695,0.30644503235816956,0.6805158853530884,1.1285607814788818,1.5387688875198364,1.9260265827178955,2.2737770080566406,2.6105570793151855,2.969923257827759,3.2990214824676514],[1.1253669072175398e-6,0.08464030176401138,0.29895755648612976,0.6659153699874878,1.1032408475875854,1.5570765733718872,2.0050249099731445,2.445625066757202,2.907702684402466,3.4066338539123535,3.9461801052093506],[9.230713544639002e-7,0.04194831848144531,0.21252360939979553,0.47574034333229065,0.7894235253334045,1.0988428592681885,1.4338335990905762,1.8242623805999756,2.2600769996643066,2.7967190742492676,3.408738851547241],[3.301192350591009e-7,0.05043819174170494,0.205863818526268,0.45045006275177,0.7644428014755249,1.1406422853469849,1.5850012302398682,2.068971633911133,2.5519888401031494,3.0536861419677734,3.5902678966522217],[7.537906299148744e-7,0.06665550917387009,0.26918354630470276,0.5809559226036072,0.997914731502533,1.5196996927261353,2.124884843826294,2.7827181816101074,3.483415365219116,4.237520217895508,5.006289005279541],[2.5982512852351647e-7,0.03221054747700691,0.17157965898513794,0.41528552770614624,0.7857134342193604,1.2689824104309082,1.7689247131347656,2.2560386657714844,2.7293176651000977,3.238640785217285,3.86674427986145],[3.278528879491205e-7,0.02466190792620182,0.12112078070640564,0.321399450302124,0.5826948285102844,0.913787841796875,1.3423223495483398,1.9024734497070312,2.471817970275879,2.979543447494507,3.365739583969116],[4.477314519135689e-7,0.04957232251763344,0.2352377474308014,0.48239821195602417,0.77189040184021,1.0782314538955688,1.4222948551177979,1.7604862451553345,2.2387490272521973,2.6945745944976807,3.1015496253967285],[8.860067737259669e-7,0.03945343941450119,0.1769247055053711,0.4743197560310364,0.9094383120536804,1.477974772453308,2.09503173828125,2.7423229217529297,3.3792364597320557,3.990021228790283,4.581756591796875],[5.910040954404394e-7,0.0682501494884491,0.2828425467014313,0.6137057542800903,1.02131187915802,1.4624160528182983,1.9517099857330322,2.4701526165008545,2.951812267303467,3.424851894378662,3.9840428829193115],[4.717063006864919e-7,0.045040231198072433,0.1726110428571701,0.3890545964241028,0.7059125900268555,1.1410731077194214,1.7119675874710083,2.3983709812164307,3.1197283267974854,3.749608039855957,4.252292156219482],[8.689939363648591e-7,0.05653168633580208,0.2024163007736206,0.43968474864959717,0.7625486850738525,1.1281601190567017,1.542627215385437,2.004077911376953,2.520656108856201,3.1027944087982178,3.6369643211364746],[5.844429438184306e-7,0.04007202014327049,0.15789517760276794,0.37251541018486023,0.6729954481124878,1.0437172651290894,1.479343056678772,1.9827865362167358,2.55326247215271,3.1524271965026855,3.746535539627075],[4.043139654186234e-7,0.04183203727006912,0.16348247230052948,0.3431299030780792,0.6017498970031738,0.9797184467315674,1.4745436906814575,2.0220282077789307,2.697957992553711,3.4710681438446045,4.300002574920654],[4.231167167745298e-7,0.06125831976532936,0.2823920249938965,0.582330584526062,0.9116637706756592,1.292582392692566,1.7667912244796753,2.356435537338257,3.081289291381836,3.963780641555786,4.923562049865723],[5.764139245911792e-7,0.04530856013298035,0.18556125462055206,0.4480341970920563,0.8198027014732361,1.2362823486328125,1.6916227340698242,2.1795499324798584,2.7029783725738525,3.2287163734436035,3.828050374984741],[6.807557042520784e-7,0.05918572470545769,0.22593095898628235,0.4764150381088257,0.8243206739425659,1.2555557489395142,1.758117437362671,2.3150689601898193,2.8585119247436523,3.405768871307373,3.942802906036377],[5.010938934901787e-7,0.0459558367729187,0.192855566740036,0.4429035186767578,0.746813178062439,1.099400520324707,1.54433274269104,2.115628242492676,2.762119770050049,3.447305917739868,4.153749942779541],[6.098539984122908e-7,0.05053583160042763,0.21068383753299713,0.5148158669471741,0.9353102445602417,1.446914792060852,2.0144424438476562,2.6090645790100098,3.223515272140503,3.8763339519500732,4.566274642944336],[2.5255693003600754e-7,0.034511443227529526,0.15826117992401123,0.41883236169815063,0.831169843673706,1.3452527523040771,1.9292157888412476,2.532219409942627,3.163652181625366,3.7950944900512695,4.405612468719482],[6.995433068368584e-7,0.024630388244986534,0.1002950668334961,0.24354037642478943,0.4631172716617584,0.7860055565834045,1.2535659074783325,1.8185687065124512,2.454036235809326,3.140404224395752,4.134558200836182],[4.868439873462194e-7,0.039307307451963425,0.15703316032886505,0.4098747670650482,0.7851446270942688,1.240814208984375,1.8065224885940552,2.5053749084472656,3.2388854026794434,3.9613401889801025,4.696325302124023],[5.764311481470941e-7,0.024520525708794594,0.10741313546895981,0.3097633421421051,0.630370557308197,1.0482603311538696,1.564566969871521,2.1479687690734863,2.779395580291748,3.4566938877105713,4.160426616668701],[4.381144265153125e-7,0.037929512560367584,0.14782950282096863,0.38876956701278687,0.7458015084266663,1.1685452461242676,1.6663455963134766,2.2652862071990967,2.9984898567199707,3.8588433265686035,4.716391563415527],[5.194900154492643e-7,0.045176584273576736,0.22877781093120575,0.6629362106323242,1.2687519788742065,1.919155240058899,2.607379198074341,3.3915627002716064,4.262646675109863,5.177715301513672,5.908266067504883]]}