{"validation_accuracy":[0.6355555653572083],"attacked_validation_accuracies":[0.4099999964237213],"validation_kl_over_time":[[2.0898433206184563e-7,0.0034298088867217302,0.015600166283547878,0.04007810726761818,0.07932786643505096,0.13390754163265228,0.2063847929239273,0.29235875606536865,0.3995101749897003,0.5223814249038696,0.6606277823448181]]}