{"training_accuracy":[0.44999998807907104,0.5799999833106995,0.46000000834465027,0.5199999809265137,0.6299999952316284,0.6200000047683716,0.6899999976158142,0.6800000071525574,0.699999988079071,0.5400000214576721,0.6600000262260437,0.6499999761581421,0.7300000190734863,0.6800000071525574,0.7300000190734863,0.7300000190734863,0.699999988079071,0.6700000166893005,0.7699999809265137,0.6800000071525574,0.75,0.800000011920929,0.8299999833106995,0.7799999713897705,0.7799999713897705,0.7300000190734863,0.7300000190734863,0.75,0.7300000190734863,0.699999988079071,0.7400000095367432,0.800000011920929,0.7300000190734863,0.75,0.8199999928474426,0.8600000143051147,0.8199999928474426,0.8199999928474426,0.8999999761581421,0.8199999928474426,0.8299999833106995,0.8199999928474426,0.8199999928474426,0.8700000047683716,0.8799999952316284,0.8299999833106995,0.8399999737739563,0.8799999952316284,0.8299999833106995,0.8700000047683716,0.8500000238418579,0.8899999856948853,0.8299999833106995,0.8500000238418579,0.8299999833106995,0.8700000047683716,0.8100000023841858,0.8999999761581421,0.8199999928474426,0.8600000143051147],"attacked_training_accuracy":[0.20999999344348907,0.20999999344348907,0.23999999463558197,0.20999999344348907,0.27000001072883606,0.4099999964237213,0.3100000023841858,0.25,0.2199999988079071,0.27000001072883606,0.33000001311302185,0.33000001311302185,0.20000000298023224,0.3799999952316284,0.2199999988079071,0.30000001192092896,0.23999999463558197,0.23000000417232513,0.2199999988079071,0.38999998569488525,0.3100000023841858,0.23000000417232513,0.4300000071525574,0.30000001192092896,0.25,0.2800000011920929,0.3700000047683716,0.28999999165534973,0.30000001192092896,0.3400000035762787,0.20999999344348907,0.3799999952316284,0.23000000417232513,0.3100000023841858,0.4399999976158142,0.3700000047683716,0.41999998688697815,0.33000001311302185,0.36000001430511475,0.3799999952316284,0.36000001430511475,0.4300000071525574,0.41999998688697815,0.44999998807907104,0.46000000834465027,0.3100000023841858,0.46000000834465027,0.3700000047683716,0.46000000834465027,0.36000001430511475,0.47999998927116394,0.4099999964237213,0.4099999964237213,0.44999998807907104,0.27000001072883606,0.27000001072883606,0.2800000011920929,0.30000001192092896,0.3400000035762787,0.5099999904632568],"kl_over_time":[[1.7918060279953352e-7,3.4810057059075916e-6,1.578426054038573e-5,3.775015284190886e-5,6.76094859954901e-5,0.00010550475417403504,0.00015326584980357438,0.00020746934751514345,0.0002690550172701478,0.0003371743659954518,0.00041378880268894136],[4.241621240907989e-7,2.1950434074824443e-6,2.6590378183755092e-5,8.957670070230961e-5,0.0001866400270955637,0.00032014891621656716,0.0004909770213998854,0.0006923869950696826,0.0009148954413831234,0.0011507768649607897,0.0014045500429347157],[1.1499355423438828e-6,1.1047203770431224e-5,7.449728582287207e-5,0.00026532800984568894,0.000642999482806772,0.0011566771427169442,0.0017821317305788398,0.002513429382815957,0.0032777918968349695,0.004015284590423107,0.004835943691432476],[3.841948910121573e-6,0.00011813612218247727,0.0011274621356278658,0.003965565003454685,0.006178075913339853,0.010093673132359982,0.013156521134078503,0.01624937914311886,0.01939750462770462,0.02251255139708519,0.025531038641929626],[1.610000617802143e-5,0.000560901069547981,0.0027078331913799047,0.00752418814226985,0.012797996401786804,0.018627533689141273,0.025047406554222107,0.033743761479854584,0.04269038140773773,0.05423536151647568,0.0657668262720108],[0.0007141532842069864,0.0009589715045876801,0.0024066390469670296,0.004139093216508627,0.006175030488520861,0.011782906949520111,0.014352228492498398,0.01920604147017002,0.024142326787114143,0.030636252835392952,0.041851673275232315],[2.4716797270230018e-5,0.0020658241119235754,0.0038613746874034405,0.010312942788004875,0.020177792757749557,0.042868684977293015,0.07185108214616776,0.09905838966369629,0.11773182451725006,0.1327795684337616,0.14711961150169373],[2.504613803466782e-5,0.0018666456453502178,0.00418520625680685,0.01291887927800417,0.03126250207424164,0.055101051926612854,0.07440382987260818,0.09930106997489929,0.12174899876117706,0.1428195685148239,0.16429239511489868],[0.00018171004194300622,0.002014659810811281,0.012850063852965832,0.029988175258040428,0.050456054508686066,0.07260888814926147,0.09856928884983063,0.12522970139980316,0.15213021636009216,0.18155644834041595,0.2119976133108139],[8.634946425445378e-5,0.006693129427731037,0.017001144587993622,0.03446182236075401,0.07264034450054169,0.10892409831285477,0.15875203907489777,0.19014082849025726,0.21813182532787323,0.2422475814819336,0.26592880487442017],[3.2897572964429855e-5,0.005767227150499821,0.0243915356695652,0.0537925660610199,0.09635379910469055,0.13705085217952728,0.15852446854114532,0.17920386791229248,0.2030659019947052,0.22211037576198578,0.2412717342376709],[0.0001211875060107559,0.006550028920173645,0.01698288694024086,0.028677573427557945,0.04019761085510254,0.060556523501873016,0.08072520792484283,0.10499148815870285,0.1305520236492157,0.16053439676761627,0.19525909423828125],[0.0006863529561087489,0.00584170687943697,0.020683329552412033,0.05007370933890343,0.09968271851539612,0.13361990451812744,0.1670379340648651,0.1994772106409073,0.24215753376483917,0.28762581944465637,0.338245153427124],[4.936721961712465e-5,0.005724497139453888,0.02407136559486389,0.048298947513103485,0.07558762282133102,0.10338916629552841,0.1364145427942276,0.16711583733558655,0.189605712890625,0.22127877175807953,0.2628406584262848],[0.0008250310784205794,0.014758369885385036,0.028983913362026215,0.06307917088270187,0.12906083464622498,0.19146524369716644,0.24330824613571167,0.29146432876586914,0.3367556035518646,0.3781357407569885,0.4222833216190338],[7.983750401763245e-5,0.006180929020047188,0.022108793258666992,0.06433351337909698,0.0955454409122467,0.13857194781303406,0.17005698382854462,0.20677638053894043,0.2503783404827118,0.29908671975135803,0.3545101583003998],[0.00046318589011207223,0.014041535556316376,0.04990681633353233,0.10423561185598373,0.16415563225746155,0.21377168595790863,0.2726827561855316,0.30604714155197144,0.3598649501800537,0.39537137746810913,0.4378196597099304],[0.0006582788191735744,0.009580341167747974,0.03739778324961662,0.07108055800199509,0.10389190167188644,0.14526604115962982,0.181599959731102,0.22274570167064667,0.2720821499824524,0.3169926106929779,0.3749910295009613],[0.00019186735153198242,0.008585677482187748,0.026798810809850693,0.068114273250103,0.10009559243917465,0.16129706799983978,0.1992948055267334,0.24534344673156738,0.3019002377986908,0.3571406900882721,0.4165150225162506],[0.00034573167795315385,0.012257415801286697,0.050960101187229156,0.10358722507953644,0.16858042776584625,0.21635928750038147,0.2665376663208008,0.3198316693305969,0.35750436782836914,0.3949601650238037,0.4379113018512726],[0.0005199182778596878,0.011237340979278088,0.04246196150779724,0.09334840625524521,0.17272311449050903,0.23850013315677643,0.3027740716934204,0.3487050533294678,0.3895470201969147,0.4301242232322693,0.4738800823688507],[0.0019123873207718134,0.00972622912377119,0.028509823605418205,0.059865910559892654,0.12031862139701843,0.2136947214603424,0.28337952494621277,0.33443641662597656,0.3983549177646637,0.462640643119812,0.5278860330581665],[0.0001674285449553281,0.005899716634303331,0.03787810727953911,0.08087967336177826,0.11460039764642715,0.17541690170764923,0.256560355424881,0.31484317779541016,0.3645070493221283,0.42868688702583313,0.48499155044555664],[0.0001544434780953452,0.017640797421336174,0.0865224152803421,0.15144723653793335,0.1921994388103485,0.24840998649597168,0.314361572265625,0.385566383600235,0.42353957891464233,0.49746885895729065,0.5511931777000427],[0.001547725056298077,0.010571293532848358,0.051466573029756546,0.09126166999340057,0.16722793877124786,0.23849262297153473,0.30763617157936096,0.3883472681045532,0.4760178327560425,0.5497033596038818,0.6079915761947632],[0.00019690555927809328,