{"training_accuracy":[0.6499999761581421],"attacked_training_accuracy":[0.09000000357627869],"kl_over_time":[[7.117828317859676e-6,0.5009859800338745,1.9768973588943481,3.3617424964904785,4.681977272033691,5.524190425872803,6.063991546630859,6.998348712921143,7.919955730438232,8.832565307617188,9.207433700561523]]}