{"training_accuracy":[0.6899999976158142,0.5899999737739563],"attacked_training_accuracy":[0.3199999928474426,0.4000000059604645],"kl_over_time":[[5.741683750670745e-8,4.728845306090079e-5,9.64834907790646e-5,0.00022571481531485915,0.00036368859582580626,0.0005586371989920735,0.0008088977192528546,0.0010631461627781391,0.0013503339141607285,0.0016538234194740653,0.001971771940588951],[1.0169973307938562e-7,0.00014713573909830302,0.00040819920832291245,0.0008679027669131756,0.001503419829532504,0.002244355855509639,0.0031516621820628643,0.0041501764208078384,0.005182418506592512,0.006272734142839909,0.007379618939012289]]}