{"training_accuracy":[0.4699999988079071],"attacked_training_accuracy":[0.46000000834465027],"kl_over_time":[[5.7368460204543226e-8,0.0012130922405049205,0.0022216783836483955,0.0043368861079216,0.0068267774768173695,0.009059455245733261,0.012099789455533028,0.01530077587813139,0.019958047196269035,0.02570386603474617,0.03293493390083313]]}