{"training_accuracy":[0.7300000190734863],"attacked_training_accuracy":[0.07999999821186066]}