{"training_accuracy":[0.2199999988079071,0.17000000178813934,0.18000000715255737,0.20999999344348907],"attacked_training_accuracy":[0.1599999964237213,0.17000000178813934,0.1599999964237213,0.17000000178813934],"kl_over_time":[[3.784650814964152e-8,1.7945747458725236e-5,7.84960575401783e-5,0.00018124576308764517,0.0003229183203075081,0.0005022248369641602,0.000716393580660224,0.0009653260931372643,0.0012465162435546517,0.0015590926632285118,0.0019038523314520717],[5.325528462662987e-8,1.4413969438464846e-5,7.80217451392673e-5,0.0002022143453359604,0.0003964882926084101,0.0006667847046628594,0.0010348291834816337,0.0015134412096813321,0.002120340708643198,0.0028617929201573133,0.003761815605685115],[6.15128357139838e-8,4.5257147576194257e-5,0.00019437244918663055,0.0004617055528797209,0.0008511121268384159,0.001379442517645657,0.002055512508377433,0.002894521923735738,0.003903870703652501,0.005110083147883415,0.0065268645994365215],[8.25763351031128e-8,3.780331098823808e-5,0.00017318884783890098,0.00041399948531761765,0.0007788403308950365,0.0012669842690229416,0.0018960011657327414,0.002683647908270359,0.0036404116544872522,0.004781500436365604,0.006138883531093597]]}