{"training_accuracy":[0.5899999737739563,0.6499999761581421,0.5699999928474426,0.6399999856948853,0.6200000047683716,0.6200000047683716,0.7200000286102295,0.75,0.6200000047683716,0.6499999761581421,0.7699999809265137,0.6899999976158142,0.8100000023841858,0.7599999904632568,0.7900000214576721,0.7900000214576721,0.699999988079071,0.7599999904632568,0.7599999904632568,0.7799999713897705,0.7699999809265137,0.8100000023841858,0.7799999713897705,0.7200000286102295,0.75,0.7699999809265137,0.8500000238418579,0.8899999856948853,0.800000011920929,0.7900000214576721,0.8100000023841858,0.800000011920929,0.8100000023841858,0.7599999904632568,0.7599999904632568,0.8500000238418579,0.8100000023841858,0.8600000143051147,0.8600000143051147,0.800000011920929],"attacked_training_accuracy":[0.07999999821186066,0.10000000149011612,0.14000000059604645,0.1899999976158142,0.23000000417232513,0.2199999988079071,0.14000000059604645,0.1599999964237213,0.25,0.15000000596046448,0.2199999988079071,0.1899999976158142,0.2800000011920929,0.14000000059604645,0.25,0.2800000011920929,0.2199999988079071,0.1599999964237213,0.1599999964237213,0.25,0.20999999344348907,0.25999999046325684,0.1599999964237213,0.1899999976158142,0.25,0.3199999928474426,0.25,0.10999999940395355,0.25,0.18000000715255737,0.30000001192092896,0.1899999976158142,0.14000000059604645,0.25999999046325684,0.17000000178813934,0.2199999988079071,0.25999999046325684,0.15000000596046448,0.23000000417232513,0.25],"kl_over_time":[[4.184752469882369e-6,0.5282445549964905,1.8111305236816406,3.1780943870544434,4.075616359710693,4.961270809173584,5.863759517669678,6.616000175476074,7.1207804679870605,7.551165580749512,7.923453330993652],[5.830790087202331e-6,0.3854317367076874,1.4365818500518799,2.394876718521118,3.3258116245269775,3.899826765060425,4.678559303283691,5.227103233337402,5.794124603271484,6.2930588722229,6.774325370788574],[6.2853596318745986e-6,0.28650325536727905,0.8833920359611511,1.7998157739639282,2.7696287631988525,3.496403694152832,4.042703151702881,4.94840669631958,5.446878433227539,6.0335612297058105,6.70134162902832],[8.443147635261994e-6,0.2724071145057678,1.301116943359375,2.5088608264923096,3.4357244968414307,4.150382041931152,5.11234712600708,5.710766315460205,6.219034194946289,6.633787631988525,6.907253265380859],[3.173676077494747e-6,0.3906954228878021,1.0897079706192017,2.057408094406128,3.2734375,3.9202401638031006,4.7332282066345215,5.511042594909668,6.060943603515625,6.505759239196777,6.952045917510986],[2.6699738100433024e-6,0.2636677920818329,0.9498428106307983,1.8199093341827393,2.497626781463623,3.1971709728240967,3.783445358276367,4.298821449279785,4.737343788146973,5.240057945251465,5.75788688659668],[2.508069883333519e-6,0.23782825469970703,1.1867669820785522,2.5768754482269287,3.814441442489624,4.550357341766357,5.258135795593262,5.784280776977539,6.288846969604492,6.769069194793701,7.174583435058594],[1.790889314179367e-6,0.269654244184494,1.2178338766098022,2.5026307106018066,3.6664254665374756,4.3001885414123535,5.039780139923096,5.820181846618652,6.359033584594727,7.04924201965332,7.616215705871582],[1.9396354673517635e-6,0.19811168313026428,1.0326380729675293,2.1370503902435303,3.336362838745117,4.367988109588623,5.210136413574219,5.957343578338623,6.497154235839844,6.8454270362854,7.449902057647705],[1.5970700815159944e-6,0.2884592115879059,1.0105491876602173,2.059279203414917,3.11578369140625,3.721273422241211,4.506868839263916,5.386880397796631,6.28635835647583,6.961845397949219,7.478344440460205],[1.2501556057031848e-6,0.12767022848129272,0.6970285773277283,1.5481573343276978,2.5828697681427,3.3356993198394775,4.024618625640869,4.566320896148682,5.416493892669678,6.184725761413574,6.611661434173584],[7.192066277639242e-6,0.1256684511899948,0.7251715064048767,1.507330298423767,2.4064865112304688,3.201155424118042,3.963222026824951,4.754815101623535,5.637854099273682,6.388492107391357,7.230181694030762],[8.42161284708709e-7,0.25657376646995544,0.9252192378044128,1.788970947265625,2.8446404933929443,3.742704153060913,4.460455894470215,5.012735366821289,5.605799198150635,5.952040672302246,6.366717338562012],[9.634317166273831e-7,0.3121279180049896,1.0963622331619263,2.119783878326416,3.208512544631958,4.1378326416015625,5.268181800842285,6.313804626464844,7.172508239746094,7.938228130340576,8.526864051818848],[9.533342222312058e-7,0.20434467494487762,0.8653308153152466,1.6411688327789307,2.7820026874542236,3.939223289489746,4.7408294677734375,5.2697672843933105,5.806996822357178,6.229793548583984,6.656032085418701],[6.949515523047012e-7,0.21232551336288452,0.7621607184410095,1.4423010349273682,2.07295560836792,2.906611919403076,3.7115554809570312,4.689730644226074,5.623887062072754,6.294986248016357,6.949892520904541],[1.3828250757796923e-6,0.1979207545518875,0.8952749967575073,1.8181240558624268,2.68473482131958,3.590311288833618,4.393568515777588,5.273720741271973,6.1299614906311035,6.906839370727539,7.45547342300415],[1.125911239796551e-6,0.28140512108802795,1.1638298034667969,2.2777678966522217,3.3876616954803467,4.213851451873779,5.017219543457031,5.507250785827637,6.098884105682373,6.654992580413818,7.366116046905518],[1.3511365750673576e-6,0.24957366287708282,1.0252751111984253,1.9152897596359253,2.7556657791137695,3.6806068420410156,4.504916667938232,5.3626885414123535,6.044918060302734,6.6108856201171875,7.261047840118408],[7.458905315615993e-7,0.28153854608535767,1.2833410501480103,2.428997278213501,3.315235137939453,4.194092750549316,4.956848621368408,5.663593769073486,6.366415977478027,6.786285400390625,7.334237098693848],[8.116930985124782e-7,0.1437331587076187,0.6712464690208435,1.5471667051315308,2.4579946994781494,3.2769787311553955,4.209451675415039,5.087724208831787,5.798210144042969,6.660841941833496,7.29024076461792],[9.708359129945165e-7,0.22381705045700073,0.8089697360992432,1.6618162393569946,2.8192381858825684,3.818732738494873,4.659119606018066,5.315140247344971,5.8990678787231445,6.482601165771484,6.986372470855713],[1.6174554957615328e-6,0.2805052101612091,1.2046922445297241,2.4432098865509033,3.678212881088257,4.847507953643799,5.81692361831665,6.791437149047852,7.511178016662598,8.284969329833984,8.931456565856934],[1.320107571700646e-6,0.2034250646829605,0.7568371295928955,1.373427152633667,2.098690986633301,2.9541091918945312,3.9098503589630127,5.073044776916504,6.118831634521484,6.971236228942871,7.52789831161499],[8.135891107485804e-7,0.20826227962970734,0.8776332139968872,1.6814708709716797,2.635063409805298,3.60699462890625,4.476587295532227,5.163771629333496,5.95782470703125,6.660401344299316,7.25775671005249],[9.344506111119699e-7,0.19144688546657562,0.7480723261833191,1.5695595741271973,2.4247405529022217,3.0195252895355225,3.823749542236328,4.707705497741699,5.500606060028076,6.005703449249268,7.134481430053711],[6.047948204468412e-7,0.24864833056926727,0.9960747957229614,1.96597158908844,2.8293895721435547,3.9017107486724854,4.9334540367126465,5.954361438751221,6.79426383972168,7.478318691253662,8.139715194702148],[5.924900960962987e-7,0.18021155893802643,0.7001644968986511,1.2861440181732178,1.988336443901062,3.048297166824341,4.021761894226074,4.824974060058594,5.67185640335083,6.571767330169678,7.442148685455322],[5.152159587851202e-7,0.1891210824251175,0.8265697360038757,1.6811349391937256,2.4930684566497803,3.346057891845703,4.349986553192139,5.06951904296875,5.772075176239014,6.413858413696289,7.064571380615234],[7.571038054265955e-7,0.22579775750637054,0.8628233075141907,1.776532530784607,2.819354772567749,3.867340087890625,4.704683303833008,5.48345947265625,6.0795488357543945,6.599547386169434,7.213354110717773],[8.34863499221683e-7,0.21394950151443481,0.9595391750335693,1.9862107038497925,2.9936769008636475,3.9555723667144775,4.857989311218262,5.538193225860596,6.313399314880371,6.871774196624756,7.36307430267334],[1.150056732512894e-6,0.15048111975193024,0.6022567749023438,1.2829220294952393,2.154895782470703,3.0124034881591797,