{"training_accuracy":[0.5600000023841858,0.5799999833106995],"attacked_training_accuracy":[0.4699999988079071,0.4000000059604645],"kl_over_time":[[5.2937647154749357e-8,0.0014755227603018284,0.0027558081783354282,0.005476257763803005,0.007280515972524881,0.008644403889775276,0.009331402368843555,0.009710586629807949,0.011447208002209663,0.01390741765499115,0.017084073275327682],[1.272501322091557e-7,0.004660514183342457,0.007643214892596006,0.01474960520863533,0.020467370748519897,0.024726225063204765,0.02750217914581299,0.029889702796936035,0.0367586612701416,0.0460914708673954,0.05689528211951256]]}