{"training_accuracy":[1.0],"attacked_training_accuracy":[0.625],"kl_over_time":[[0.00008676719153299928,0.04915808141231537,1.0343579053878784,2.9072368144989014,4.932496070861816,6.960205554962158,9.947527885437012,12.695173263549805,15.755615234375,NaN,NaN]]}