{"training_accuracy":[0.6499999761581421],"attacked_training_accuracy":[0.12999999523162842],"kl_over_time":[[4.925952453049831e-6,0.42029714584350586,1.4447460174560547,2.550020933151245,3.684992551803589,4.433377742767334,5.382813453674316,6.161762714385986,6.894976615905762,7.901821613311768,8.657877922058105]],"mm_val_robustness":[[0.47566667199134827,0.5660555362701416,0.5227222442626953,0.5238611102104187,0.543138861656189,0.5146666765213013,0.562833309173584,0.5262777805328369,0.5170555710792542,0.5263333320617676,0.5405833125114441,0.5495833158493042,0.5464166402816772,0.5385555624961853,0.5693888664245605,0.5785833597183228,0.530916690826416,0.5431666374206543,0.5415277481079102,0.5432222485542297,0.5656388998031616,0.5239444375038147,0.5371944308280945,0.5245833396911621,0.5518611073493958,0.5654444694519043,0.53852778673172,0.5691388845443726,0.543666660785675,0.5204722285270691,0.4851111173629761,0.5602777600288391,0.5509166717529297,0.5602777600288391,0.5358889102935791,0.5621389150619507,0.518583357334137,0.5363888740539551,0.546750009059906,0.5713611245155334,0.5334722399711609,0.5835833549499512,0.5543888807296753,0.558138906955719,0.5639722347259521,0.5725277662277222,0.5219722390174866,0.49097222089767456,0.5337777733802795,0.5746666789054871]]}