{"training_accuracy":[0.4300000071525574,0.44999998807907104,0.550000011920929,0.47999998927116394,0.5600000023841858,0.5799999833106995,0.6399999856948853,0.6700000166893005,0.5899999737739563,0.550000011920929,0.6399999856948853,0.6399999856948853,0.6600000262260437,0.6000000238418579,0.5699999928474426,0.6299999952316284],"attacked_training_accuracy":[0.25,0.20999999344348907,0.23999999463558197,0.27000001072883606,0.25,0.25,0.25999999046325684,0.25,0.27000001072883606,0.27000001072883606,0.23999999463558197,0.25,0.30000001192092896,0.20999999344348907,0.23999999463558197,0.3499999940395355],"kl_over_time":[[1.2857142905886576e-7,8.989430853034719e-7,6.436876446969109e-6,1.8428394469083287e-5,3.9315382309723645e-5,6.794607907067984e-5,0.00010695694800233468,0.00015836370585020632,0.00022193383483681828,0.0003064264601562172,0.00040754929068498313],[3.8895782950021385e-7,1.5422659998876043e-5,6.0816742916358635e-5,0.0001350679958704859,0.00024654113803990185,0.0003796419478021562,0.0005432715988717973,0.000745186407584697,0.0009544067434035242,0.0011877361685037613,0.0014436438214033842],[1.0765601246021106e-6,7.022266072453931e-5,0.00027499484713189304,0.0006162937497720122,0.00110799225512892,0.0016989157302305102,0.002436659764498472,0.003245625412091613,0.004115100484341383,0.005000547505915165,0.00596430292353034],[7.3004434852919076e-6,0.0002620219602249563,0.0011498661478981376,0.0026148431934416294,0.00482166837900877,0.007365826051682234,0.011024880222976208,0.015398108400404453,0.0206132885068655,0.026289932429790497,0.03244888409972191],[3.933282641810365e-6,0.0014546775491908193,0.006495908834040165,0.02019447088241577,0.03197822347283363,0.041787657886743546,0.04967446252703667,0.05741273611783981,0.06541343033313751,0.0731816291809082,0.08102186024188995],[6.575192674063146e-5,0.013822004199028015,0.04564344137907028,0.06494082510471344,0.08108756691217422,0.0974668636918068,0.11196769773960114,0.12579433619976044,0.13997775316238403,0.15450569987297058,0.16944774985313416],[0.001799669349566102,0.01766747236251831,0.039512086659669876,0.07179918885231018,0.10371238738298416,0.15256306529045105,0.20659701526165009,0.26108092069625854,0.34147101640701294,0.4026981294155121,0.46913793683052063],[2.9073016776237637e-5,0.018642757087945938,0.045728977769613266,0.09075488895177841,0.1407446414232254,0.19563037157058716,0.25634270906448364,0.31827300786972046,0.4021407961845398,0.507891058921814,0.5903012752532959],[0.0003278881195001304,0.007421938236802816,0.066280297935009,0.15707740187644958,0.20782075822353363,0.25351351499557495,0.29332268238067627,0.3326326310634613,0.36599472165107727,0.40461093187332153,0.4376767873764038],[0.0020162207074463367,0.02973652072250843,0.10485956072807312,0.18365894258022308,0.25946494936943054,0.3233434557914734,0.4107097387313843,0.48777517676353455,0.569829523563385,0.71587735414505,0.8582627773284912],[0.0009392404463142157,0.020189987495541573,0.06690462678670883,0.127371683716774,0.2059597373008728,0.3104313611984253,0.43714240193367004,0.532816469669342,0.6105331182479858,0.6711443066596985,0.7260621190071106],[0.00018575247668195516,0.010030390694737434,0.08527024835348129,0.23229452967643738,0.3919784724712372,0.6023454666137695,0.7573431134223938,0.9014817476272583,1.1008166074752808,1.2767095565795898,1.4081082344055176],[0.00036893427022732794,0.017661456018686295,0.09766016155481339,0.2347927838563919,0.42853042483329773,0.5837799906730652,0.68471360206604,0.852179765701294,1.01164972782135,1.2557525634765625,1.4295895099639893],[0.0010568219004198909,0.04905491694808006,0.19171275198459625,0.4305865466594696,0.5834411978721619,0.6946114897727966,0.783254861831665,0.8677313327789307,0.9640461802482605,1.0616198778152466,1.1539679765701294],[0.0005385761614888906,0.01899934932589531,0.05252927541732788,0.12831301987171173,0.2272568792104721,0.37132948637008667,0.5629395842552185,0.8078612089157104,0.9985911250114441,1.3026254177093506,1.534477949142456],[0.0003899776784237474,0.02607668749988079,0.15434575080871582,0.3119976818561554,0.525279700756073,0.7061966061592102,0.943404495716095,1.2130475044250488,1.428843379020691,1.6570525169372559,1.857696533203125]]}