{"training_accuracy":[0.21875,0.1875,0.1875,0.28125,0.1875,0.1875,0.21875,0.28125,0.1875,0.34375,0.15625,0.625,0.46875,0.5625,0.25,0.46875,0.34375,0.4375,0.5,0.40625,0.34375,0.5,0.40625,0.5625,0.28125,0.40625,0.625,0.5,0.40625,0.4375,0.5,0.46875,0.4375,0.59375,0.53125,0.53125,0.375,0.375,0.15625,0.375,0.5,0.4375,0.625,0.4375,0.5,0.375,0.40625,0.375],"attacked_training_accuracy":[0.125,0.1875,0.1875,0.21875,0.125,0.28125,0.28125,0.125,0.21875,0.21875,0.125,0.375,0.3125,0.25,0.0625,0.15625,0.34375,0.25,0.25,0.25,0.25,0.3125,0.3125,0.34375,0.125,0.15625,0.3125,0.34375,0.3125,0.34375,0.34375,0.21875,0.375,0.375,0.28125,0.5,0.28125,0.25,0.34375,0.15625,0.3125,0.25,0.4375,0.21875,0.28125,0.21875,0.34375,0.21875],"kl_over_time":[[6.297286603285102e-8,3.881661905325018e-5,0.0001941068476298824,0.0004897397011518478,0.0009523906046524644,0.001614539185538888,0.0024710933212190866,0.0036027426831424236,0.0050202589482069016,0.006790418643504381,0.00894338171929121],[1.1799362908959665e-7,3.3315798646071926e-5,0.00014558136172126979,0.00034923898056149483,0.0006408075569197536,0.0010406544897705317,0.0015598564641550183,0.0022064156364649534,0.003010914893820882,0.0039724246598780155,0.005152709316462278],[9.256174848815135e-8,5.4695072321919724e-5,0.0002580950385890901,0.00059789844090119,0.0010611946927383542,0.0016702621942386031,0.0023817126639187336,0.0032139611430466175,0.004137699957937002,0.0051617249846458435,0.006245373282581568],[2.7109103939437773e-7,0.00012876372784376144,0.0005623802426271141,0.0012947364011779428,0.0023626077454537153,0.003720480017364025,0.0054934062063694,0.007458803243935108,0.009880024939775467,0.012610997073352337,0.015835031867027283],[2.8853119715677167e-7,5.959097688901238e-5,0.0002726836537476629,0.0006433151429519057,0.0011996818939223886,0.0019418955780565739,0.00287514622323215,0.003995874896645546,0.0053466265089809895,0.0069430130533874035,0.008819658309221268],[4.1699962594066164e-7,0.00011759783956222236,0.000539453118108213,0.0013394734123721719,0.002446794882416725,0.003960907459259033,0.005757149774581194,0.007887186482548714,0.010371411219239235,0.01299644261598587,0.01604754477739334],[5.286867690301733e-7,0.00014282719348557293,0.0007565512205474079,0.0018026245525106788,0.0032872394658625126,0.00513954134657979,0.007407842203974724,0.009997338056564331,0.01292716059833765,0.016236212104558945,0.019745152443647385],[5.955815822744626e-7,8.483519195578992e-5,0.0004572991165332496,0.0011702777119353414,0.002353748306632042,0.004022108390927315,0.006219124887138605,0.009063202887773514,0.012765984982252121,0.01728207804262638,0.022723939269781113],[7.071834033922642e-7,0.00015795137733221054,0.000977020594291389,0.0026099367532879114,0.0050988346338272095,0.00848125759512186,0.01275624055415392,0.018159549683332443,0.024432938545942307,0.03209418058395386,0.040972862392663956],[7.795981673552888e-7,0.00014987624308560044,0.0008403764804825187,0.0024302115198224783,0.005014542490243912,0.008434995077550411,0.012638616375625134,0.017703615128993988,0.02344481088221073,0.0301006268709898,0.037341002374887466],[6.797626497245801e-7,0.00037605708348564804,0.0016501126810908318,0.0038278785068541765,0.006894862744957209,0.010823201388120651,0.015554136596620083,0.020844807848334312,0.02706887386739254,0.033957865089178085,0.04125290364027023],[1.0270046004734468e-6,0.00017049633606802672,0.0008600091096013784,0.0020214265678077936,0.0037278938107192516,0.005944038275629282,0.00859144702553749,0.011761502362787724,0.015478069894015789,0.019492387771606445,0.02403109148144722],[1.92852735381166e-6,0.0005669596139341593,0.0027627921663224697,0.006750762928277254,0.012612064369022846,0.020509880036115646,0.030523110181093216,0.04216114059090614,0.056200455874204636,0.07174841314554214,0.0898701623082161],[1.0178290494877729e-6,0.00034637399949133396,0.0015478618443012238,0.0036128286737948656,0.006493729539215565,0.01008519995957613,0.014275414869189262,0.019142230972647667,0.024564014747738838,0.030467083677649498,0.0368402861058712],[8.388334435949218e-7,0.00027132753166370094,0.0014740315964445472,0.003733804915100336,0.007087548263370991,0.011759607121348381,0.01792982406914234,0.025550398975610733,0.03505384549498558,0.04612182080745697,0.05963713675737381],[1.8950577214127406e-6,0.0002090366615448147,0.0014695420395582914,0.0039574685506522655,0.007590395864099264,0.012315378524363041,0.018116554245352745,0.024929650127887726,0.032719776034355164,0.04141921177506447,0.05152008309960365],[2.988810820170329e-6,0.0006347138551063836,0.0034077030140906572,0.008315050043165684,0.015160973183810711,0.023923635482788086,0.03432030603289604,0.046145446598529816,0.05876787379384041,0.07390955835580826,0.09023142606019974],[2.95937593364215e-6,0.00015202302893158048,0.0011533304350450635,0.003414508420974016,0.006947389803826809,0.011733017861843109,0.01807519979774952,0.025529082864522934,0.03452424705028534,0.045286744832992554,0.05748806893825531],[2.055050345006748e-6,0.000840452965348959,0.003659601556137204,0.00838822778314352,0.014979427680373192,0.023273203521966934,0.032826829701662064,0.04426223784685135,0.05742955580353737,0.07182389497756958,0.08779221028089523],[2.6369018542027334e-6,0.00068141013616696,0.0032261533197015524,0.007504287175834179,0.014006760902702808,0.022261762991547585,0.03322312980890274,0.046598076820373535,0.06251808255910873,0.0814080536365509,0.1036430075764656],[2.765087629086338e-6,0.0006383925792761147,0.0037040647584944963,0.00936269573867321,0.017376460134983063,0.027731170877814293,0.04036553576588631,0.054987549781799316,0.07191240787506104,0.09090511500835419,0.11182541400194168],[5.477132162923226e-6,0.0005238394951447845,0.003164716064929962,0.008522351272404194,0.016673700883984566,0.027339104562997818,0.040642011910676956,0.05633165314793587,0.07471384853124619,0.09473119676113129,0.11785911023616791],[2.8785941594833275e-6,0.0007769986405037344,0.0038895467296242714,0.009588557295501232,0.01811140775680542,0.02929679863154888,0.043524570763111115,0.060677312314510345,0.08061680197715759,0.10459528863430023,0.13258814811706543],[3.474539198577986e-6,0.001067695440724492,0.005582194775342941,0.013917680829763412,0.02567303366959095,0.04062424600124359,0.05990000069141388,0.08316151797771454,0.1091831773519516,0.14005084335803986,0.17559076845645905],[4.722765879705548e-6,0.0007525683031417429,0.003877417417243123,0.00976456981152296,0.018647871911525726,0.03014994226396084,0.04545725882053375,0.06383160501718521,0.08588943630456924,0.11115017533302307,0.13931904733181],[3.35146205543424e-6,0.0003824806190095842,0.0023343178909271955,0.0067034075036644936,0.013594567775726318,0.02321321703493595,0.03557010367512703,0.05058646202087402,0.06839418411254883,0.08885099738836288,0.11264024674892426],[3.341713636473287e-6,0.00033310914295725524,0.0030921862926334143,0.009551732800900936,0.019923212006688118,0.034540966153144836,0.05391323193907738,0.07785135507583618,0.10775183886289597,0.14388805627822876,0.18616259098052979],[2.820978352247039e-6,0.0015893724048510194,0.0068071261048316956,0.016188666224479675,0.029130207374691963,0.04514094442129135,0.06349524110555649,0.08429975807666779,0.10693170130252838,0.13231514394283295,0.1584881842136383],[7.450165412592469e-6,0.0017454364569857717,0.008237717673182487,0.020278191193938255,0.0367414653301239,0.055450793355703354,0.07758471369743347,0.1020238921046257,0.1283702701330185,0.15617519617080688,0.1871127486228943],[5.494700417330023e-6,0.0012597204186022282,0.006028381176292896,0.014843023382127285,0.027747947722673416,0.044916488230228424,0.06633267551660538,0.09148053079843521,0.12180620431900024,0.15537506341934204,0.19556348025798798],[5.687654720532009e-6,0.0015052694361656904,0.006610621232539415,0.015536516904830933,0.028819091618061066,0.046187251806259155,0.06699872016906738,0.09215879440307617,0.12153729796409607,0.15472351014614105,0.1932334154844284],[4.125860868953168e-6,0.0018580557079985738,0.008012170903384686,