{"training_accuracy":[0.44999998807907104,0.5899999737739563],"attacked_training_accuracy":[0.28999999165534973,0.20999999344348907],"kl_over_time":[[1.8594720074815996e-7,3.8748589759052265e-6,1.5846471796976402e-5,3.6469697079155594e-5,6.719578232150525e-5,0.00010621399997035041,0.00015304796397686005,0.00020724501518998295,0.00026975671062245965,0.00035084999399259686,0.0004363399639260024],[5.640938525175443e-7,6.035257683834061e-6,4.1324405174236745e-5,0.00012114587298128754,0.0002392167953075841,0.00040004675975069404,0.0006018168060109019,0.0008219315204769373,0.0010767255444079638,0.0013361439341679215,0.0016270227497443557]]}