{"training_accuracy":[0.2199999988079071,0.17000000178813934,0.3199999928474426,0.23000000417232513,0.4300000071525574,0.3100000023841858,0.25,0.36000001430511475,0.44999998807907104,0.3400000035762787,0.3499999940395355,0.3700000047683716,0.4000000059604645,0.46000000834465027,0.38999998569488525,0.4300000071525574,0.4099999964237213,0.44999998807907104,0.4399999976158142,0.4399999976158142,0.4099999964237213,0.41999998688697815,0.5099999904632568,0.49000000953674316,0.49000000953674316,0.5299999713897705,0.5299999713897705,0.5400000214576721,0.5899999737739563,0.5,0.6399999856948853,0.6000000238418579,0.4399999976158142,0.6000000238418579,0.6100000143051147,0.5799999833106995,0.5899999737739563,0.550000011920929,0.6100000143051147,0.6200000047683716],"attacked_training_accuracy":[0.23000000417232513,0.14000000059604645,0.14000000059604645,0.1599999964237213,0.30000001192092896,0.18000000715255737,0.23000000417232513,0.28999999165534973,0.2800000011920929,0.20000000298023224,0.27000001072883606,0.20999999344348907,0.30000001192092896,0.33000001311302185,0.28999999165534973,0.2800000011920929,0.27000001072883606,0.25999999046325684,0.4000000059604645,0.33000001311302185,0.3100000023841858,0.38999998569488525,0.33000001311302185,0.3700000047683716,0.28999999165534973,0.4300000071525574,0.3400000035762787,0.3199999928474426,0.33000001311302185,0.30000001192092896,0.3499999940395355,0.30000001192092896,0.3100000023841858,0.33000001311302185,0.3199999928474426,0.28999999165534973,0.23000000417232513,0.27000001072883606,0.25999999046325684,0.46000000834465027],"kl_over_time":[[3.719823027381608e-8,2.0535546354949474e-5,9.216498438036069e-5,0.0002137044648407027,0.0003805914311669767,0.0005909933242946863,0.0008417469798587263,0.0011292286217212677,0.0014533561188727617,0.0018097191350534558,0.0021985922940075397],[6.258233753442255e-8,3.479546285234392e-5,0.0001520555088063702,0.00035751823452301323,0.0006598362233489752,0.0010675819357857108,0.0015830823685973883,0.002220842055976391,0.002997190225869417,0.003916825633496046,0.004987957421690226],[7.293921555628913e-8,3.214223397662863e-5,0.0001395100262016058,0.0003179966879542917,0.0005667775985784829,0.0008875617058947682,0.001279299845919013,0.0017327204113826156,0.0022526110988110304,0.0028348928317427635,0.0034702348057180643],[1.2653158876219095e-7,2.285252594447229e-5,0.00014162930892780423,0.00037263843114487827,0.0007309406064450741,0.0012120973551645875,0.0018524035112932324,0.002643171465024352,0.003606729442253709,0.004774425644427538,0.006157362833619118],[2.0483970786244754e-7,3.498234218568541e-5,0.0001805779611459002,0.0004597978841047734,0.0008721220074221492,0.0014385719550773501,0.0021685760002583265,0.003073478350415826,0.004175109323114157,0.005512346047908068,0.007071088999509811],[2.993289172081859e-7,5.6732336815912277e-5,0.00024871452478691936,0.0005903724813833833,0.0010842930059880018,0.0017277902225032449,0.0025545305106788874,0.0035649032797664404,0.00474911741912365,0.00614865031093359,0.007777048274874687],[4.4540055910147203e-7,5.6937387853395194e-5,0.0002698086900636554,0.0006304183625616133,0.0011342009529471397,0.001758023165166378,0.0025098822079598904,0.0033585296478122473,0.0043212478049099445,0.00540333753451705,0.006545742508023977],[6.933098575245822e-7,3.340928742545657e-5,0.00023180220159702003,0.0006635235040448606,0.0013518249616026878,0.002326898742467165,0.003602529875934124,0.005200131796300411,0.007165053393691778,0.009477072395384312,0.012234915979206562],[1.001083319351892e-6,7.359421579167247e-5,0.0004414173890836537,0.0011435835622251034,0.002183574018999934,0.0035499136429280043,0.005230953451246023,0.00724867032840848,0.00956085603684187,0.01220758631825447,0.015081985853612423],[8.960397508417373e-7,3.733604171429761e-5,0.0003145865921396762,0.0009596214513294399,0.0020344241056591272,0.0035517269279807806,0.005564382765442133,0.008122598752379417,0.011236090213060379,0.014892167411744595,0.019276345148682594],[1.7518826780360541e-6,0.00016638477973174304,0.0011232673423364758,0.0029489295557141304,0.006411116104573011,0.010496421717107296,0.014884119853377342,0.02031525783240795,0.026593336835503578,0.033685170114040375,0.04207192361354828],[2.4487042082910193e-6,0.0002455853682477027,0.001289646839722991,0.0032859586644917727,0.006190432235598564,0.009968076832592487,0.014658222906291485,0.020018110051751137,0.02596057392656803,0.032914046198129654,0.040535345673561096],[2.5456008643232053e-6,0.00028755899984389544,0.0019718047697097063,0.0049102893099188805,0.00902811624109745,0.01432766392827034,0.020793570205569267,0.02872452139854431,0.037986863404512405,0.0486125648021698,0.06170118227601051],[4.06289746024413e-6,0.0011645308695733547,0.002934314776211977,0.00620053056627512,0.010420984588563442,0.01598094217479229,0.02323303557932377,0.03320254385471344,0.043707504868507385,0.055662851780653,0.0717330202460289],[4.2811907405848615e-6,0.00032790962723083794,0.0025903256610035896,0.004904550965875387,0.008515121415257454,0.013647611252963543,0.0208112895488739,0.03096127137541771,0.041067615151405334,0.05315873399376869,0.06957050412893295],[1.7849361029220745e-5,0.0006287599680945277,0.002982153557240963,0.00726300710812211,0.01373019628226757,0.022530950605869293,0.03289152309298515,0.04563307762145996,0.06083795428276062,0.07796601951122284,0.09706050902605057],[9.50408139033243e-6,0.0007486418471671641,0.003333814674988389,0.008889268152415752,0.017466284334659576,0.028743857517838478,0.04310792684555054,0.06175121292471886,0.08118093013763428,0.10482952743768692,0.1327146738767624],[6.48197419650387e-6,0.0014887185534462333,0.006369846407324076,0.014569479040801525,0.02564714290201664,0.040923621505498886,0.05810026824474335,0.0783136636018753,0.10096374154090881,0.12719491124153137,0.15604470670223236],[7.4885733738483395e-6,0.0008870303281582892,0.006413945462554693,0.013400111347436905,0.02365594543516636,0.03775466978549957,0.05254625156521797,0.06939640641212463,0.08902602642774582,0.11263292282819748,0.13718727231025696],[7.591322628286434e-6,0.0009967897785827518,0.005487747024744749,0.015593590214848518,0.029207447543740273,0.04445706307888031,0.06378161162137985,0.08584161847829819,0.10961759090423584,0.13633619248867035,0.1659097671508789],[1.415400311088888e-5,0.0005409882287494838,0.002628833521157503,0.007298653945326805,0.01745789684355259,0.02895529940724373,0.042248573154211044,0.06293261796236038,0.08516094088554382,0.1086130142211914,0.13675832748413086],[1.568635525472928e-5,0.0020757359452545643,0.004314902704209089,0.00867559015750885,0.016334565356373787,0.027631044387817383,0.04238718003034592,0.06155917048454285,0.08624874800443649,0.11296901106834412,0.14495471119880676],[1.2555737157526892e-5,0.001048329402692616,0.004548185504972935,0.011947722174227238,0.022491149604320526,0.036823876202106476,0.0549054890871048,0.07863149791955948,0.11212662607431412,0.14371149241924286,0.1767154037952423],[1.9410008462728e-5,0.0014096125960350037,0.0073694344609975815,0.021093588322401047,0.04357980191707611,0.07000650465488434,0.10257869213819504,0.1404123157262802,0.18443885445594788,0.2358492761850357,0.2909362316131592],[2.471019070071634e-5,0.0010646325536072254,0.005221886560320854,0.016360869631171227,0.03272809088230133,0.05246083065867424,0.07887288182973862,0.11647207289934158,0.15560494363307953,0.1955423653125763,0.23978887498378754],[5.133252852829173e-5,0.0018316995119675994,0.00870691891759634,0.02335827238857746,0.04504106566309929,0.07188600301742554,0.10449764132499695,0.14208504557609558,0.18596145510673523,0.2321406453847885,0.2859940230846405],[1.641671588004101e-5,0.0015371633926406503,0.012455017305910587,0.03568139299750328,0.06185241416096687,0.09475881606340408,0.13319452106952667,0.17954739928245544,0.23273693025112152,0.29008761048316956,0.35359740257263184],[2.824006151058711e-5,0.0022228993475437164,0.011391893029212952,0.028747452422976494,0.05543042719364166,0.0897449254989624,