{"training_accuracy":[0.6499999761581421,0.7099999785423279],"attacked_training_accuracy":[0.15000000596046448,0.17000000178813934],"kl_over_time":[[5.261316800897475e-6,0.5281866788864136,2.0918736457824707,3.5553436279296875,4.722439289093018,5.875102996826172,6.770112037658691,7.673505783081055,8.57946491241455,9.277228355407715,10.161253929138184],[1.4442393876379356e-6,0.48433834314346313,1.6932097673416138,2.6960344314575195,3.9048449993133545,4.968048095703125,6.427559852600098,7.241540431976318,8.19119930267334,8.945500373840332,9.62879753112793]],"validation_accuracy":[0.6248611211776733],"attacked_validation_accuracies":[0.09922222048044205],"validation_kl_over_time":[[5.149328899278771e-6,0.5662365555763245,1.8667353391647339,3.0009965896606445,4.01097297668457,"NaN","NaN","NaN","NaN","NaN","NaN"]]}