{"validation_accuracy":[0.20779220759868622],"attacked_validation_accuracies":[0.29647496342658997],"validation_kl_over_time":[[2.897852482419694e-7,0.00012511375825852156,0.0005977626424282789,0.0014244705671444535,0.002580099506303668,0.004042411223053932,0.0058022793382406235,0.00786130502820015,0.01019984483718872,0.012820490635931492,0.015718502923846245]]}