{"training_accuracy":[0.4300000071525574,0.5400000214576721,0.5,0.47999998927116394,0.5099999904632568,0.46000000834465027,0.49000000953674316,0.6499999761581421,0.5899999737739563,0.6100000143051147,0.6600000262260437,0.6000000238418579,0.699999988079071,0.6399999856948853],"attacked_training_accuracy":[0.20999999344348907,0.2199999988079071,0.28999999165534973,0.20999999344348907,0.27000001072883606,0.27000001072883606,0.25999999046325684,0.25,0.3100000023841858,0.20999999344348907,0.23999999463558197,0.28999999165534973,0.23999999463558197,0.30000001192092896],"kl_over_time":[[1.6955742410118546e-7,2.2833753519080346e-6,1.4276360161602497e-5,3.7945406802464277e-5,7.542096136603504e-5,0.00012433221854735166,0.00018715395708568394,0.0002620191080495715,0.0003480879822745919,0.0004465629463084042,0.000557262625079602],[3.572410207652865e-7,3.5503767321642954e-6,2.5536312023177743e-5,8.06220414233394e-5,0.0001729422074276954,0.0002962332800962031,0.00045752592268399894,0.0006571450503543019,0.0009026213665492833,0.0011892184847965837,0.0015387950697913766],[1.271491441912076e-6,3.261725578340702e-5,0.0001746760681271553,0.0004478393530007452,0.0008597661508247256,0.0014230209635570645,0.002080826787278056,0.0029112284537404776,0.0038601148407906294,0.004982581827789545,0.006292077712714672],[5.633038199448492e-6,6.29291171208024e-5,0.0005246276268735528,0.0016953955637291074,0.003911956679075956,0.007179503794759512,0.010051383636891842,0.013575511053204536,0.017642859369516373,0.021321777254343033,0.025079986080527306],[2.0843966922257096e-5,0.00045678167953155935,0.0009441882139071822,0.004164783284068108,0.010316135361790657,0.01841035857796669,0.027010876685380936,0.036663904786109924,0.04787629842758179,0.06187475100159645,0.07821749895811081],[0.001368872937746346,0.003678740467876196,0.010493702255189419,0.022899171337485313,0.055479496717453,0.08190160244703293,0.10213954746723175,0.12454675137996674,0.15237614512443542,0.1821415275335312,0.21600978076457977],[0.0016367052448913455,0.017812982201576233,0.04381917789578438,0.07632867246866226,0.10742270946502686,0.15504375100135803,0.19340534508228302,0.2489977926015854,0.3127610385417938,0.3723522424697876,0.4287625849246979],[5.438845619210042e-5,0.028072088956832886,0.07633079588413239,0.12461990118026733,0.18242307007312775,0.22787831723690033,0.28294041752815247,0.346618115901947,0.438228964805603,0.5052134394645691,0.5684152841567993],[3.903771357727237e-5,0.017730040475726128,0.10466181486845016,0.20818832516670227,0.249111607670784,0.2948620915412903,0.34104010462760925,0.3849773406982422,0.4304926097393036,0.47735708951950073,0.5245442390441895],[0.002988463966175914,0.04115728661417961,0.16665337979793549,0.23424400389194489,0.3011845350265503,0.3619864284992218,0.41857489943504333,0.4768610894680023,0.5355259776115417,0.5983443856239319,0.6631319522857666],[0.000328010821249336,0.02995949424803257,0.1189132109284401,0.27189117670059204,0.4926328659057617,0.6492123007774353,0.7888056635856628,0.9256631135940552,1.0560402870178223,1.2504392862319946,1.3940610885620117],[0.0022552369628101587,0.014103388413786888,0.09667374193668365,0.27862146496772766,0.4350922405719757,0.5933209657669067,0.725302517414093,0.8570040464401245,0.9886947274208069,1.1127362251281738,1.231000304222107],[0.001066680415533483,0.06660927832126617,0.2201220989227295,0.44324791431427,0.5901646614074707,0.7513158917427063,0.9187088012695312,1.0902646780014038,1.2449477910995483,1.3944511413574219,1.5350784063339233],[0.0017204484902322292,0.17334681749343872,0.37954363226890564,0.4964278042316437,0.5961653590202332,0.6921932697296143,0.7757394909858704,0.8653521537780762,0.9565887451171875,1.0381253957748413,1.1339221000671387]]}