{"training_accuracy":[0.6399999856948853,0.6399999856948853,0.6800000071525574],"attacked_training_accuracy":[0.3700000047683716,0.38999998569488525,0.4300000071525574],"kl_over_time":[[3.210859844671177e-8,0.0014004522236064076,0.002294411649927497,0.004423493053764105,0.006047534756362438,0.00795429665595293,0.009490696713328362,0.01090342178940773,0.013794507831335068,0.017640214413404465,0.022637315094470978],[6.205619484944691e-8,0.0006897977436892688,0.00004055288445670158,0.0024459504056721926,0.005737224593758583,0.010799942538142204,0.016624821349978447,0.021031923592090607,0.026182902976870537,0.03129414841532707,0.03886677324771881],[9.204917716942873e-8,0.006500856950879097,0.01070356834679842,0.01838717982172966,0.024030277505517006,0.027056369930505753,0.02870059944689274,0.031120313331484795,0.03740440309047699,0.045265186578035355,0.05491730943322182]]}