{"training_accuracy":[0.6000000238418579,0.7699999809265137,0.7200000286102295,0.75,0.6499999761581421,0.7200000286102295,0.7599999904632568],"attacked_training_accuracy":[0.41999998688697815,0.4099999964237213,0.4300000071525574,0.38999998569488525,0.28999999165534973,0.41999998688697815,0.4300000071525574],"kl_over_time":[[1.1586320169953979e-6,0.03025098517537117,0.11267855763435364,0.24007651209831238,0.4114203453063965,0.628505527973175,0.9045525789260864,1.2255003452301025,1.5963531732559204,2.0025153160095215,2.4488601684570312],[5.041154508944601e-6,0.06007978320121765,0.23082897067070007,0.4836370348930359,0.7838883996009827,1.116942286491394,1.4852608442306519,1.856874704360962,2.2351343631744385,2.625946044921875,3.0348870754241943],[4.700053068518173e-6,0.0066847107373178005,0.025925468653440475,0.11863511800765991,0.3448590636253357,0.6758804321289062,1.0772570371627808,1.5093152523040771,1.9573495388031006,2.4085988998413086,2.864915609359741],[1.4620497495343443e-5,0.04985274374485016,0.21917937695980072,0.49162229895591736,0.8638570308685303,1.3157446384429932,1.82075834274292,2.3264451026916504,2.814439058303833,3.2814879417419434,3.7499542236328125],[1.5817520761629567e-5,0.025300251320004463,0.1967960000038147,0.525799036026001,0.9700947999954224,1.5128895044326782,2.1177897453308105,2.7607574462890625,3.4358198642730713,4.140675067901611,4.871473789215088],[1.2350426914053969e-5,0.016538744792342186,0.08666832000017166,0.26938021183013916,0.5897378921508789,1.0815337896347046,1.8424724340438843,2.582608938217163,3.3430774211883545,4.106823444366455,4.880049228668213],[2.0633193344110623e-5,0.043305329978466034,0.2580505609512329,0.6675741672515869,1.2268470525741577,1.907863974571228,2.734100580215454,3.6251487731933594,4.556506633758545,5.4638190269470215,6.362987995147705]]}