{"training_accuracy":[0.5099999904632568,0.6399999856948853],"attacked_training_accuracy":[0.3400000035762787,0.38999998569488525],"kl_over_time":[[5.593753016341907e-8,0.0012531578540802002,0.001709564938209951,0.003824095707386732,0.005617133341729641,0.007032776717096567,0.007889380678534508,0.008486540988087654,0.01012060884386301,0.012175693176686764,0.01480196788907051],[1.1379222542018397e-7,0.0016774344258010387,0.0053682709112763405,0.01001425925642252,0.014601504430174828,0.01941700465977192,0.025733785703778267,0.03226085752248764,0.03936101123690605,0.04676881060004234,0.05628865584731102]]}