{"training_accuracy":[0.38999998569488525,0.33000001311302185,0.27000001072883606,0.2800000011920929,0.4000000059604645,0.33000001311302185,0.4699999988079071,0.4000000059604645,0.3799999952316284,0.30000001192092896,0.3100000023841858,0.28999999165534973,0.46000000834465027,0.5400000214576721,0.46000000834465027,0.4300000071525574,0.3799999952316284,0.3799999952316284,0.44999998807907104,0.46000000834465027,0.3400000035762787,0.33000001311302185,0.4000000059604645,0.36000001430511475,0.38999998569488525,0.4300000071525574,0.4300000071525574,0.38999998569488525,0.550000011920929,0.4399999976158142,0.5,0.5400000214576721,0.6399999856948853,0.6200000047683716,0.47999998927116394,0.38999998569488525,0.38999998569488525,0.5299999713897705,0.5400000214576721,0.5600000023841858,0.47999998927116394,0.5600000023841858,0.5799999833106995,0.5899999737739563,0.4699999988079071,0.5799999833106995,0.5199999809265137,0.5600000023841858,0.46000000834465027,0.5600000023841858,0.6299999952316284,0.550000011920929,0.6000000238418579,0.550000011920929,0.4399999976158142,0.44999998807907104,0.5400000214576721,0.46000000834465027,0.5,0.5199999809265137,0.5899999737739563,0.5799999833106995,0.5099999904632568,0.6499999761581421,0.5699999928474426,0.7099999785423279,0.5699999928474426,0.4699999988079071,0.5899999737739563,0.6499999761581421],"attacked_training_accuracy":[0.28999999165534973,0.33000001311302185,0.27000001072883606,0.2800000011920929,0.30000001192092896,0.23000000417232513,0.25999999046325684,0.25,0.28999999165534973,0.3499999940395355,0.3100000023841858,0.23000000417232513,0.3199999928474426,0.25999999046325684,0.2199999988079071,0.25999999046325684,0.20000000298023224,0.30000001192092896,0.18000000715255737,0.20999999344348907,0.25999999046325684,0.25999999046325684,0.23000000417232513,0.28999999165534973,0.25999999046325684,0.20000000298023224,0.1599999964237213,0.3400000035762787,0.20000000298023224,0.2800000011920929,0.20999999344348907,0.25,0.30000001192092896,0.27000001072883606,0.23000000417232513,0.20999999344348907,0.30000001192092896,0.18000000715255737,0.23000000417232513,0.23000000417232513,0.23999999463558197,0.23999999463558197,0.3100000023841858,0.2199999988079071,0.30000001192092896,0.2199999988079071,0.20000000298023224,0.25999999046325684,0.25,0.30000001192092896,0.25999999046325684,0.20999999344348907,0.20999999344348907,0.15000000596046448,0.27000001072883606,0.25,0.30000001192092896,0.2800000011920929,0.2199999988079071,0.2199999988079071,0.20999999344348907,0.27000001072883606,0.27000001072883606,0.25999999046325684,0.28999999165534973,0.33000001311302185,0.27000001072883606,0.20999999344348907,0.30000001192092896,0.28999999165534973],"kl_over_time":[[1.0794432370175855e-7,4.843253464059671e-6,2.4400209440500475e-5,6.112419941928238e-5,0.00011465456191217527,0.00018778808589559048,0.00028164483956061304,0.00039898723480291665,0.0005453258054330945,0.0007222302374430001,0.0009398797410540283],[1.2809093163923535e-7,6.113185918366071e-6,3.0400824471144006e-5,7.54861903260462e-5,0.00014446390559896827,0.00024211608979385346,0.0003745307039935142,0.00054712756536901,0.0007683018920943141,0.0010484844679012895,0.0013990531442686915],[1.1702200453100886e-7,1.0215270776825491e-5,4.356207136879675e-5,0.00010442543862154707,0.00019529624842107296,0.00032862185616977513,0.0005027525476180017,0.0007355724228546023,0.0010373663390055299,0.0014169799396768212,0.0018857520772144198],[1.4700508188525419e-7,1.1234440535190515e-5,5.121116919326596e-5,0.0001240168057847768,0.0002389475703239441,0.000408134947065264,0.0006408558692783117,0.0009487407514825463,0.001371603226289153,0.0018969435477629304,0.002559606684371829],[1.6226076127168199e-7,6.535522061312804e-6,3.0127528589218855e-5,7.11427055648528e-5,0.0001267754123546183,0.0001964517286978662,0.00028355742688290775,0.000383615551982075,0.000504798605106771,0.0006440863362513483,0.0008096076198853552],[1.8748141883406788e-7,8.012291800696403e-6,3.690944140544161e-5,8.715334843145683e-5,0.00015565584180876613,0.00024257089535240084,0.00034562021028250456,0.0004654238582588732,0.0006004211609251797,0.0007550552836619318,0.0009225423564203084],[2.522627937651123e-7,1.3672185559698846e-5,6.703445978928357e-5,0.00017150133498944342,0.0003355596272740513,0.0005717900930903852,0.0008962519932538271,0.00133502297103405,0.00190946483053267,0.0026344347279518843,0.00354562234133482],[2.4180766899917217e-7,4.4748476284439676e-6,2.5737639589351602e-5,7.25374193280004e-5,0.00015746240387670696,0.0002938868128694594,0.0004977240459993482,0.0007835626602172852,0.0011894453782588243,0.001735205645672977,0.002420141827315092],[2.480746275068668e-7,1.878995135484729e-5,7.94419102021493e-5,0.00018258356431033462,0.0003153448342345655,0.0004811757244169712,0.0006685320986434817,0.0008771088323555887,0.00111811188980937,0.001371405553072691,0.001644818694330752],[2.9605089935103024e-7,2.2161082597449422e-5,9.558100282447413e-5,0.00021514280524570495,0.0003731916658580303,0.0005622347234748304,0.0007805469213053584,0.0010261200368404388,0.001291981665417552,0.0015850936761125922,0.0019018790917471051],[4.4197975057613803e-7,2.3278869775822386e-5,0.0001249525521416217,0.0003250062873121351,0.0006434654933400452,0.0011130160419270396,0.0017925879219546914,0.0026770744007080793,0.0038964226841926575,0.005426536779850721,0.0073311906307935715],[4.7297143623836746e-7,1.9752867956412956e-5,0.00011074434587499127,0.00026030000299215317,0.00046628888230770826,0.000716370006557554,0.0010067794937640429,0.001316644949838519,0.001668764278292656,0.0020553909707814455,0.0024564899504184723],[4.664912580665259e-7,3.986867886851542e-5,0.0001561356330057606,0.0003383209987077862,0.00057606166228652,0.0008573901723138988,0.0011706501245498657,0.0015169919934123755,0.0019170941086485982,0.0023383991792798042,0.002794827101752162],[6.231701945580426e-7,1.803172563086264e-5,0.00011515755613800138,0.0003509436210151762,0.0007354471017606556,0.0013323038583621383,0.0021903985179960728,0.003353345673531294,0.004919146653264761,0.0069210110232234,0.00947066955268383],[6.92204423557996e-7,1.2362016605038662e-5,8.154136594384909e-5,0.0002492821658961475,0.0005033419001847506,0.0008324228110723197,0.0012310496531426907,0.001683913986198604,0.0022014640271663666,0.0027470772620290518,0.003354809246957302],[7.172722007453558e-7,5.3726096666650847e-5,0.00022498446924146265,0.0005046907463110983,0.0008804492536000907,0.0013265080051496625,0.0018533181864768267,0.002439939882606268,0.003080202965065837,0.003796553472056985,0.00457133911550045],[1.0693272542994237e-6,1.6214020433835685e-5,0.00012440167483873665,0.000353649869794026,0.0006954316631890833,0.0011399404611438513,0.0016698595136404037,0.0022731490898877382,0.0029308381490409374,0.0036698919720947742,0.00447701383382082],[8.847904950926022e-7,3.448347342782654e-5,0.00023023966059554368,0.0006550011457875371,0.0013098621275275946,0.002284686081111431,0.003615953493863344,0.00547552527859807,0.007869168184697628,0.010896420106291771,0.014792069792747498],[9.582435041011195e-7,4.5558404963230714e-5,0.0002495271328371018,0.0005906361038796604,0.0010593861807137728,0.001615587156265974,0.002270992612466216,0.003013376612216234,0.0038108027074486017,0.004691208712756634,0.00562256621196866],[1.0387063866801327e-6,9.268002031603828e-5,0.00035126879811286926,0.0007475520251318812,0.001270200009457767,0.0018897998379543424,0.0025984107051044703,0.003386681666597724,0.004244849551469088,0.005167407914996147,0.0061536249704658985],[1.2737957604258554e-6,7.150075543904677e-5,0.0003258782671764493,0.0007272444781847298,0.0012881036382168531,0.001944773131981492,0.002696456154808402,0.003555688075721264,0.004485787823796272,0.0055032395757734776,0.006571494042873383],[1.185507926493301e-6,3.5658311389852315e-5,0.00026537891244515777,0.0006851899670436978,0.0012812239583581686,0.002038007602095604,0.002915611257776618,0.003904323559254408,0.005016031209379435,0.006233556196093559,0.00752784451469779],