{"training_accuracy":[0.7699999809265137,0.7900000214576721,0.8299999833106995,0.7799999713897705],"attacked_training_accuracy":[0.46000000834465027,0.4399999976158142,0.4000000059604645,0.4000000059604645],"kl_over_time":[[5.447894636745332e-6,0.030837038531899452,0.1669532209634781,0.4000272750854492,0.7178977131843567,1.1723911762237549,1.749115228652954,2.201495409011841,2.6020898818969727,3.015087127685547,3.4733242988586426],[6.215297617018223e-6,0.004844676703214645,0.1116635650396347,0.39860254526138306,0.8940370678901672,1.6140761375427246,2.639519214630127,3.640177011489868,4.625540733337402,5.490664005279541,6.334981441497803],[1.3857657904736698e-5,0.02183854579925537,0.11950227618217468,0.30886852741241455,0.6258288621902466,1.1525505781173706,2.0268161296844482,3.441237211227417,5.204852104187012,6.925579071044922,8.607497215270996],[1.4260233911045361e-5,0.02881787158548832,0.19857358932495117,0.6150850057601929,1.4422903060913086,2.767803192138672,4.783491611480713,6.788454532623291,"NaN","NaN","NaN"]]}