{"training_accuracy":[0.41999998688697815,0.6399999856948853,0.6800000071525574],"attacked_training_accuracy":[0.4699999988079071,0.4000000059604645,0.5199999809265137],"kl_over_time":[[2.5567105765844644e-8,0.00030562293250113726,0.0010869131656363606,0.002111073350533843,0.0033353178296238184,0.004131584893912077,0.005399668123573065,0.00692363828420639,0.008721438236534595,0.010403022170066833,0.012620131485164165],[8.465940481983125e-8,0.001926562748849392,0.005093106534332037,0.010029592551290989,0.014300024136900902,0.0176420658826828,0.019629403948783875,0.020219428464770317,0.023848218843340874,0.029354505240917206,0.0370526947081089],[1.477262969729054e-7,0.004796149209141731,0.00925449188798666,0.0196378156542778,0.02861430123448372,0.036203719675540924,0.04106305167078972,0.04406142979860306,0.05333220958709717,0.06628698855638504,0.08134519308805466]]}