{"training_accuracy":[0.44999998807907104,0.6200000047683716,0.5699999928474426,0.8100000023841858,0.5699999928474426,0.75,0.800000011920929],"attacked_training_accuracy":[0.4300000071525574,0.46000000834465027,0.47999998927116394,0.5099999904632568,0.4000000059604645,0.6100000143051147,0.6600000262260437],"kl_over_time":[[4.304598277826699e-8,1.675733074080199e-5,4.787968282471411e-5,9.46553482208401e-5,0.00015868905757088214,0.00023940108076203614,0.00033157996949739754,0.0004437719180714339,0.0005724793882109225,0.0007143941475078464,0.0008598447311669588],[9.643739673492746e-8,0.00010797785216709599,0.00018830459157470614,0.00038707113708369434,0.0006332166376523674,0.0009472218807786703,0.0013277595862746239,0.0017572026699781418,0.0022463598288595676,0.0027856635861098766,0.0033576497808098793],[1.9778184423557832e-7,5.2145722293062136e-5,0.00016007466183509678,0.0003967330267187208,0.0007039268384687603,0.00112847238779068,0.001633636187762022,0.002236069180071354,0.0029074072372168303,0.0036427550949156284,0.004455910064280033],[2.511164609586558e-7,0.00011382492812117562,0.00031362142181023955,0.0006676882621832192,0.0011571450158953667,0.0017120015108957887,0.002380077261477709,0.003130348864942789,0.003950747195631266,0.004831439815461636,0.005752915982156992],[5.365531023926451e-7,0.0001311555679421872,0.0004330567317083478,0.0009371827472932637,0.0015638195909559727,0.002370708156377077,0.0033230434637516737,0.0044297268614172935,0.005660829599946737,0.0070562115870416164,0.008526661433279514],[6.798300091759302e-7,5.369514474296011e-5,0.00034299364779144526,0.0008734825532883406,0.0015734535409137607,0.0024518140126019716,0.0035067792050540447,0.004726330284029245,0.006077874917536974,0.007555265910923481,0.009148671291768551],[8.348689561898937e-7,5.1235929277027026e-5,0.00034189358120784163,0.000822295667603612,0.0015025838511064649,0.0024142302572727203,0.003423156915232539,0.004616379737854004,0.005908558145165443,0.0073515125550329685,0.008940847590565681]]}