{"training_accuracy":[0.07000000029802322,0.12999999523162842,0.14000000059604645,0.18000000715255737,0.30000001192092896,0.20000000298023224,0.17000000178813934,0.23999999463558197],"attacked_training_accuracy":[0.14000000059604645,0.10999999940395355,0.11999999731779099,0.14000000059604645,0.23000000417232513,0.10999999940395355,0.10000000149011612,0.1599999964237213],"kl_over_time":[[3.444739604674396e-8,1.7618616766412742e-5,8.015581988729537e-5,0.00018981803441420197,0.0003505490021780133,0.0005621624295599759,0.0008281554910354316,0.0011535927187651396,0.0015419116243720055,0.001998376101255417,0.002532015787437558],[2.3138072791084596e-8,2.1018598999944516e-5,9.121762559516355e-5,0.0002119199198205024,0.00038848273106850684,0.0006218041526153684,0.0009165441151708364,0.0012776290532201529,0.0017118272371590137,0.0022303531877696514,0.002830959390848875],[2.6539414221815605e-8,1.354305732093053e-5,6.506819772766903e-5,0.00016037694877013564,0.00030305905966088176,0.0004911022842861712,0.0007331832894124091,0.0010286332108080387,0.0013808445073664188,0.001797773060388863,0.0022868013475090265],[3.5837931733340156e-8,1.300244821322849e-5,6.010172364767641e-5,0.00014214444672688842,0.0002596030826680362,0.0004113794711884111,0.0005978232366032898,0.0008198871510103345,0.0010779383592307568,0.0013724133605137467,0.0017078177770599723],[3.58154679247491e-8,1.1851869203383103e-5,5.592648813035339e-5,0.00013669533655047417,0.00025313757942058146,0.00040608010021969676,0.0005918220849707723,0.0008150131325237453,0.0010743062011897564,0.0013676276430487633,0.0016995287733152509],[3.616460020339218e-8,1.4255474525270984e-5,6.612399010919034e-5,0.0001592772750882432,0.00029984323191456497,0.0004905944224447012,0.0007392485276795924,0.0010499285999685526,0.0014292045962065458,0.0018849190091714263,0.0024277253542095423],[4.438457423816544e-8,1.2952204997418448e-5,6.026793198543601e-5,0.00014149179332889616,0.0002578981511760503,0.00040615606121718884,0.0005908734747208655,0.0008075782679952681,0.00105893868021667,0.0013484630035236478,0.001675745821557939],[5.432771743585363e-8,1.0201349141425453e-5,4.919273123960011e-5,0.00011877428187290207,0.00021566968644037843,0.0003417074913159013,0.0004943772801198065,0.0006736882496625185,0.0008799445349723101,0.0011126486351713538,0.0013740023132413626]]}