{"training_accuracy":[0.4300000071525574,0.5600000023841858,0.4699999988079071,0.47999998927116394,0.6299999952316284,0.5799999833106995,0.6399999856948853,0.6499999761581421,0.6000000238418579,0.5600000023841858,0.6700000166893005,0.7300000190734863,0.6899999976158142,0.6499999761581421,0.6200000047683716,0.699999988079071,0.699999988079071,0.7699999809265137,0.7099999785423279,0.7400000095367432,0.800000011920929],"attacked_training_accuracy":[0.25,0.3100000023841858,0.4300000071525574,0.3400000035762787,0.33000001311302185,0.3799999952316284,0.3499999940395355,0.4399999976158142,0.27000001072883606,0.3799999952316284,0.4300000071525574,0.33000001311302185,0.18000000715255737,0.3199999928474426,0.28999999165534973,0.25,0.3199999928474426,0.23999999463558197,0.2800000011920929,0.23999999463558197,0.2800000011920929],"kl_over_time":[[1.8763545028832596e-7,1.9124126993119717e-6,6.571446192538133e-6,1.5589537724736147e-5,2.826205854944419e-5,4.402361810207367e-5,6.31621151114814e-5,8.65812980919145e-5,0.00011450653983047232,0.00014533809735439718,0.00018219187040813267],[4.0150101199287747e-7,3.6878627724945545e-6,1.655087726248894e-5,3.792410279856995e-5,7.352099055424333e-5,0.00011632785754045472,0.00017019356891978532,0.00024010264314711094,0.00031718186801299453,0.00040680996607989073,0.000518958957400173],[1.5117055909286137e-6,8.711466762179043e-6,4.393757990328595e-5,0.00012571272964123636,0.00026644064928404987,0.0004395626310724765,0.0006609974661841989,0.000933272298425436,0.0012704262044280767,0.0016373031539842486,0.0020764535292983055],[8.814608008833602e-6,6.59542201901786e-5,0.00015673760208301246,0.000610341492574662,0.0014070440083742142,0.002322949469089508,0.0031902932096272707,0.004553009755909443,0.006008524913340807,0.007242382969707251,0.008786952123045921],[4.435782102518715e-5,0.0003549797984305769,0.002128221560269594,0.003388444660231471,0.006971859838813543,0.01270900946110487,0.017685813829302788,0.0231472197920084,0.029242901131510735,0.0360502228140831,0.04314889758825302],[5.439102460513823e-5,0.001365532516501844,0.014703412540256977,0.024919986724853516,0.043113578110933304,0.06074623763561249,0.07670760899782181,0.08754830807447433,0.0988025814294815,0.11010091751813889,0.11841733753681183],[0.0022903732024133205,0.002619254169985652,0.006475823000073433,0.013602139428257942,0.023443154990673065,0.03410918265581131,0.0479208268225193,0.0677543506026268,0.09585584700107574,0.1132868155837059,0.12985818088054657],[0.000175314795342274,0.0015859828563407063,0.006179546471685171,0.01544142235070467,0.03474074602127075,0.07118013501167297,0.0929657369852066,0.12634143233299255,0.1496868133544922,0.17765074968338013,0.19576174020767212],[0.00038655681419186294,0.007492100819945335,0.023886259645223618,0.0386732816696167,0.06271931529045105,0.09620729088783264,0.12411929666996002,0.1497422754764557,0.19784779846668243,0.24173778295516968,0.280356228351593],[0.0030014868825674057,0.008676385506987572,0.029378177598118782,0.05036371201276779,0.08912445604801178,0.1637166440486908,0.23540513217449188,0.2950204312801361,0.3302890360355377,0.3705272972583771,0.3956300914287567],[0.00013411641702987254,0.010028796270489693,0.03067336045205593,0.06382878869771957,0.1432074010372162,0.21172185242176056,0.2914615869522095,0.32981085777282715,0.36888086795806885,0.41084039211273193,0.4496406316757202],[0.0006454096874222159,0.004585311282426119,0.04783427715301514,0.09497541189193726,0.18781600892543793,0.2687913179397583,0.34044188261032104,0.4146043658256531,0.48069989681243896,0.5557060241699219,0.6187232136726379],[0.009389285929501057,0.047965157777071,0.11512740701436996,0.20621639490127563,0.27643391489982605,0.33897480368614197,0.4109703004360199,0.4620465636253357,0.5129281282424927,0.566318929195404,0.605742335319519],[0.0016642906703054905,0.010545196011662483,0.030966226011514664,0.08221413195133209,0.15671850740909576,0.25847989320755005,0.37063905596733093,0.45254087448120117,0.5485001802444458,0.6218375563621521,0.6983361840248108],[0.007338809315115213,0.03397316858172417,0.07524587213993073,0.12814795970916748,0.23850032687187195,0.34095361828804016,0.45320525765419006,0.5426496863365173,0.6315981149673462,0.699657678604126,0.7769532799720764],[0.0010435463627800345,0.031515467911958694,0.058342237025499344,0.10811906307935715,0.2115723043680191,0.3476490080356598,0.4690253436565399,0.6350971460342407,0.7526347041130066,0.8544564843177795,0.971464991569519],[0.000745943165384233,0.015731889754533768,0.05773675814270973,0.19356155395507812,0.2858141362667084,0.3653984069824219,0.4233914017677307,0.4980696737766266,0.5572140216827393,0.6349477171897888,0.6892496347427368],[0.008584192022681236,0.018864499405026436,0.07827108353376389,0.14043398201465607,0.25672054290771484,0.39261335134506226,0.5493485927581787,0.6948876976966858,0.7744486927986145,0.8618803024291992,0.9758691787719727],[0.0027370494790375233,0.07296766340732574,0.14751562476158142,0.29018497467041016,0.4007587432861328,0.5077916383743286,0.6351642608642578,0.7535164952278137,0.893693208694458,1.029645323753357,1.146883487701416],[0.0035459722857922316,0.04674845561385155,0.15053971111774445,0.3252885639667511,0.48099491000175476,0.5754606127738953,0.7054215669631958,0.8166404366493225,0.9326081871986389,1.0642307996749878,1.2245354652404785],[0.003161001019179821,0.020840777084231377,0.11150037497282028,0.220275416970253,0.373428076505661,0.48011669516563416,0.5709354877471924,0.6687945127487183,0.7709906101226807,0.9014553427696228,0.9642419219017029]]}