{"training_accuracy":[0.2199999988079071,0.17000000178813934,0.30000001192092896,0.23000000417232513,0.3400000035762787,0.30000001192092896,0.28999999165534973,0.3700000047683716,0.41999998688697815,0.3199999928474426,0.3700000047683716,0.3700000047683716,0.3799999952316284,0.4399999976158142,0.38999998569488525,0.3799999952316284,0.41999998688697815,0.4099999964237213,0.4300000071525574,0.41999998688697815,0.3799999952316284,0.38999998569488525,0.4699999988079071,0.44999998807907104,0.550000011920929,0.4399999976158142,0.550000011920929,0.5199999809265137,0.6299999952316284,0.5600000023841858,0.5699999928474426,0.47999998927116394,0.5199999809265137,0.4399999976158142,0.5799999833106995,0.5099999904632568,0.4399999976158142,0.49000000953674316,0.6299999952316284,0.6200000047683716],"attacked_training_accuracy":[0.2199999988079071,0.23999999463558197,0.20999999344348907,0.10999999940395355,0.1899999976158142,0.15000000596046448,0.25,0.25999999046325684,0.17000000178813934,0.18000000715255737,0.33000001311302185,0.3199999928474426,0.36000001430511475,0.3700000047683716,0.3700000047683716,0.3100000023841858,0.3400000035762787,0.3400000035762787,0.3100000023841858,0.3199999928474426,0.2800000011920929,0.3700000047683716,0.4000000059604645,0.3700000047683716,0.4300000071525574,0.3799999952316284,0.4300000071525574,0.49000000953674316,0.46000000834465027,0.550000011920929,0.46000000834465027,0.41999998688697815,0.49000000953674316,0.4399999976158142,0.4099999964237213,0.49000000953674316,0.3700000047683716,0.44999998807907104,0.5400000214576721,0.44999998807907104],"kl_over_time":[[3.238305680497433e-6,0.0003913756227120757,0.0014846550766378641,0.003357118694111705,0.006091250106692314,0.00980504509061575,0.014611078426241875,0.020702863112092018,0.028192460536956787,0.037253499031066895,0.048083193600177765],[2.5767308216018137e-6,0.0002311675198143348,0.0008372580632567406,0.0018192785792052746,0.0031814323738217354,0.004964581225067377,0.007219000719487667,0.010015342384576797,0.013453192077577114,0.017620956525206566,0.022659530863165855],[2.9104662644385826e-6,0.00019106503168586642,0.000663712911773473,0.001399847213178873,0.0023934170603752136,0.0036420130636543036,0.005150137469172478,0.00696138059720397,0.00909731350839138,0.011618589982390404,0.014581558294594288],[1.3698135035156156e-6,0.0001178243473987095,0.0004553526232484728,0.0010160618694499135,0.0018111958634108305,0.0028792580123990774,0.004235501401126385,0.005956594832241535,0.008070073090493679,0.010662123560905457,0.0138122932985425],[8.908261861506617e-7,8.678364974912256e-5,0.0003325743891764432,0.0007440304034389555,0.0013267227914184332,0.0020964602008461952,0.003078166162595153,0.00431063212454319,0.005831448826938868,0.007696215994656086,0.009966539219021797],[1.8769170537780155e-6,0.00011613249807851389,0.0004112654714845121,0.0008795096655376256,0.0015074422117322683,0.002297560451552272,0.0032496529165655375,0.004384632222354412,0.005683331750333309,0.007200582884252071,0.008964053355157375],[1.1993554380751448e-6,7.907926192274317e-5,0.00030641118064522743,0.0006941879400983453,0.0012284647673368454,0.0019324359018355608,0.00280445022508502,0.0038539068773388863,0.005119634792208672,0.006613895762711763,0.008364683948457241],[1.6489284462295473e-6,9.075988054974005e-5,0.0003500965249259025,0.0007945587276481092,0.0014389757998287678,0.0023125135339796543,0.003438142826780677,0.004832934588193893,0.0065246932208538055,0.008575482293963432,0.010992090217769146],[2.3121381218516035e-6,9.951415995601565e-5,0.00039076036773622036,0.000880865438375622,0.0016019714530557394,0.00255734845995903,0.003780660219490528,0.005299789365381002,0.007141723297536373,0.00935858953744173,0.011952528730034828],[2.7141952614329057e-6,9.686404519015923e-5,0.00037494912976399064,0.000863738707266748,0.0015907055931165814,0.0025880089960992336,0.003917689435184002,0.005606424063444138,0.007719958666712046,0.01030875463038683,0.013464012183248997],[2.8148397177574225e-6,9.97804818325676e-5,0.00041433025035075843,0.0009709943551570177,0.0017970260232686996,0.002939548110589385,0.004421900492161512,0.0062827300280332565,0.00860767625272274,0.011450886726379395,0.014856766909360886],[3.890198058797978e-6,0.00012401878484524786,0.00047856345190666616,0.0010796998394653201,0.001972795696929097,0.003162707667797804,0.0046341572888195515,0.006497902795672417,0.008808586746454239,0.011611942201852798,0.014934539794921875],[4.651956714951666e-6,0.00015350912872236222,0.0005907383165322244,0.0013474486768245697,0.0023966755252331495,0.0038047858979552984,0.005589076783508062,0.007807813119143248,0.010487465187907219,0.01357220858335495,0.017284251749515533],[6.612900051550241e-6,0.00020099288667552173,0.0006799657712690532,0.0014491197653114796,0.0024932287633419037,0.0038520507514476776,0.005569313187152147,0.0075543466955423355,0.009745963849127293,0.012311275117099285,0.015079435892403126],[5.880813205294544e-6,0.00024495343677699566,0.0009466779883950949,0.0022308314219117165,0.0037133460864424706,0.005716980434954166,0.008311668410897255,0.011501376517117023,0.015154151245951653,0.019198687747120857,0.024177689105272293],[8.182603778550401e-6,0.00015398315736092627,0.0005633804830722511,0.0012970840325579047,0.0024072311352938414,0.003829551162198186,0.0056844125501811504,0.008026144467294216,0.010816618800163269,0.014172320254147053,0.018082350492477417],[8.541422175767366e-6,0.0001947642012964934,0.0007912762812338769,0.0016820138553157449,0.0030005790758877993,0.004872450605034828,0.007091037929058075,0.00986508745700121,0.013180389069020748,0.017163168638944626,0.02162160351872444],[9.043910722539295e-6,0.0002093777438858524,0.0008163591846823692,0.0019423086196184158,0.003481808118522167,0.005409324076026678,0.007833796553313732,0.010512537322938442,0.014015225693583488,0.017686424776911736,0.02208026312291622],[1.1012731192749925e-5,0.00023301783949136734,0.0010045090457424521,0.0023255860432982445,0.004162124823778868,0.0066400798968970776,0.009661393240094185,0.01349554117769003,0.01781848818063736,0.023167503997683525,0.02930198423564434],[1.6394942576880567e-5,0.00048021486145444214,0.0017223901813849807,0.0036692607682198286,0.006105306092649698,0.009093040600419044,0.0127048809081316,0.016886763274669647,0.021449800580739975,0.026956869289278984,0.03326936438679695],[1.4775932868360542e-5,0.00033393234480172396,0.0009989244863390923,0.002183572854846716,0.0038861329667270184,0.006140866316854954,0.008887995965778828,0.012094591744244099,0.015803901478648186,0.02016817033290863,0.025351710617542267],[1.3083431440463755e-5,0.00036471011117100716,0.0011845784028992057,0.0025718838442116976,0.0045095146633684635,0.006990278605371714,0.010150599293410778,0.014174909330904484,0.019066527485847473,0.024688687175512314,0.03178564831614494],[2.0813182345591486e-5,0.00019564582908060402,0.0009598133619874716,0.0023253506515175104,0.004499941132962704,0.007498854771256447,0.011302109807729721,0.015978369861841202,0.021398739889264107,0.02770194038748741,0.034846626222133636],[1.6278989278362133e-5,0.00016688226605765522,0.0006819192785769701,0.001700032502412796,0.003198028774932027,0.005384683609008789,0.008297627791762352,0.012022512033581734,0.01661267690360546,0.022550178691744804,0.029630985110998154],[1.8992277546203695e-5,0.0002494786458555609,0.0010880546178668737,0.002633137395605445,0.004690009169280529,0.007943729870021343,0.01177881471812725,0.01666252501308918,0.022188063710927963,0.028323287144303322,0.03598114475607872],[2.7029549528378993e-5,0.00044070841977372766,0.0015816119266673923,0.003533648792654276,0.006072445772588253,0.009625503793358803,0.013792192563414574,0.018828608095645905,0.025275230407714844,0.03227749839425087,0.03994946554303169],[2.825484989443794e-5,0.0005640019080601633,0.0019351618830114603,0.004207310266792774,0.007562488317489624,0.011643177829682827,0.017034126445651054,0.02348657138645649,0.0306539386510849,0.03926953673362732,0.048064690083265305],