{"training_accuracy":[0.2199999988079071,0.17000000178813934,0.25,0.18000000715255737,0.3499999940395355,0.3499999940395355,0.28999999165534973,0.33000001311302185,0.41999998688697815,0.3100000023841858,0.36000001430511475,0.4099999964237213,0.4000000059604645,0.44999998807907104,0.3799999952316284,0.3700000047683716,0.41999998688697815,0.4300000071525574,0.47999998927116394,0.44999998807907104,0.4399999976158142,0.4399999976158142,0.5199999809265137,0.41999998688697815,0.5899999737739563,0.49000000953674316,0.49000000953674316,0.5299999713897705,0.5699999928474426,0.49000000953674316,0.5400000214576721,0.6200000047683716,0.5,0.6000000238418579,0.5899999737739563,0.5299999713897705,0.6200000047683716,0.6200000047683716,0.5899999737739563,0.6700000166893005],"attacked_training_accuracy":[0.1599999964237213,0.1899999976158142,0.12999999523162842,0.17000000178813934,0.27000001072883606,0.15000000596046448,0.20999999344348907,0.18000000715255737,0.1899999976158142,0.1899999976158142,0.2199999988079071,0.20999999344348907,0.36000001430511475,0.25999999046325684,0.2199999988079071,0.28999999165534973,0.2800000011920929,0.1899999976158142,0.23000000417232513,0.3400000035762787,0.2800000011920929,0.20999999344348907,0.2199999988079071,0.28999999165534973,0.30000001192092896,0.23000000417232513,0.20999999344348907,0.3100000023841858,0.2199999988079071,0.28999999165534973,0.27000001072883606,0.3700000047683716,0.28999999165534973,0.3100000023841858,0.20000000298023224,0.3199999928474426,0.3100000023841858,0.28999999165534973,0.28999999165534973,0.49000000953674316],"kl_over_time":[[2.212922026956221e-6,0.0004210697370581329,0.001678270404227078,0.0038909518625587225,0.0071623846888542175,0.01166908722370863,0.017566826194524765,0.02502836100757122,0.03430971875786781,0.04553744196891785,0.05905749276280403],[3.001899358423543e-6,0.0003016798000317067,0.0011361081851646304,0.002518552588298917,0.004493463784456253,0.007131170481443405,0.010544568300247192,0.014842359349131584,0.020176274701952934,0.026681814342737198,0.03454136848449707],[1.2490747849369654e-6,0.0002474478678777814,0.0009225309477187693,0.0020088148303329945,0.003493363270536065,0.005373700521886349,0.007677277084439993,0.010443654842674732,0.013715286739170551,0.017583023756742477,0.02210298925638199],[1.3526065458790981e-6,0.00017928257875610143,0.0007073393207974732,0.0016011059051379561,0.0028968178667128086,0.004636786878108978,0.0068748281337320805,0.009672094136476517,0.01309482753276825,0.01721177063882351,0.0221389289945364],[2.1438788735395065e-6,0.00017383597150910646,0.0006297914660535753,0.0013682517455890775,0.0023819939233362675,0.00368677731603384,0.005309360101819038,0.0072673289105296135,0.009592477232217789,0.01236491184681654,0.015585791319608688],[3.6936328342562774e-6,0.00021270041179377586,0.0007755000842735171,0.0017210959922522306,0.003080375026911497,0.004872318357229233,0.007155659608542919,0.009967019781470299,0.013387637212872505,0.01749712973833084,0.022320065647363663],[4.3796612771984655e-6,0.0002155419351765886,0.0007973042665980756,0.001802094397135079,0.003241505241021514,0.005167163908481598,0.007587296888232231,0.010597867891192436,0.014146917499601841,0.018394462764263153,0.023340916261076927],[3.8875159589224495e-6,0.0002492995117790997,0.0010012272978201509,0.0023180495481938124,0.004231372382491827,0.006811696570366621,0.010136384516954422,0.014250325970351696,0.019246423617005348,0.025311363860964775,0.032437775284051895],[4.411132067616563e-6,0.0001888052502181381,0.0007704957970418036,0.0018016580725088716,0.003354602726176381,0.005370279308408499,0.00789361447095871,0.010947534814476967,0.014593969099223614,0.01891697198152542,0.023871326819062233],[5.891330147278495e-6,0.0002610469236969948,0.001064577023498714,0.002485200297087431,0.004617846105247736,0.007593175396323204,0.011552168987691402,0.016617590561509132,0.022856758907437325,0.030513839796185493,0.0395432747900486],[5.614006568066543e-6,0.0002986301842611283,0.0013108011335134506,0.003312396351248026,0.006385969463735819,0.010317239910364151,0.015001844614744186,0.021389486268162727,0.02927536889910698,0.03744793310761452,0.04675823077559471],[7.089259725034935e-6,0.0003224665706511587,0.0014196069678291678,0.0034540467895567417,0.00626669405028224,0.010047133080661297,0.014667218551039696,0.020222537219524384,0.026514390483498573,0.03398679196834564,0.042433805763721466],[1.3122551536071114e-5,0.0004873130237683654,0.0016738907434046268,0.0036898974794894457,0.006586701609194279,0.010842535644769669,0.015565748326480389,0.021006733179092407,0.027012351900339127,0.03410353511571884,0.04222818464040756],[0.00028985904646106064,0.0010049770353361964,0.002516028471291065,0.005103916861116886,0.00900681596249342,0.013917088508605957,0.020235726609826088,0.028178313747048378,0.037540752440690994,0.048243362456560135,0.061109643429517746],[1.6965632312349044e-5,0.0005273484857752919,0.0023663246538490057,0.005463278386741877,0.01128792017698288,0.017208904027938843,0.0241929292678833,0.03280242532491684,0.04313421621918678,0.05588151887059212,0.070164754986763],[7.170050957938656e-5,0.0025514098815619946,0.004967516288161278,0.00870688259601593,0.01372949592769146,0.02015082538127899,0.02834387868642807,0.03832205384969711,0.049786489456892014,0.06244844198226929,0.07594075798988342],[9.193146252073348e-5,0.0007996897911652923,0.003179565304890275,0.005533481482416391,0.009334578178822994,0.014443636871874332,0.02155371941626072,0.030775126069784164,0.04322066158056259,0.05974506214261055,0.07574664056301117],[0.0003885504265781492,0.0016597145004197955,0.005925745703279972,0.013355388306081295,0.02806946262717247,0.0432092510163784,0.06173812225461006,0.08358275145292282,0.10659801214933395,0.1323910504579544,0.1599673181772232],[9.478710126131773e-5,0.001378866145387292,0.005380592308938503,0.01240144856274128,0.022338127717375755,0.0382918119430542,0.058032143861055374,0.08244204521179199,0.11114516854286194,0.14648912847042084,0.18170535564422607],[0.003330209758132696,0.005438646767288446,0.010636580176651478,0.017524363473057747,0.02729029208421707,0.03997591882944107,0.055145662277936935,0.07107078284025192,0.08908072859048843,0.1085958257317543,0.1298454850912094],[4.1303188481833786e-5,0.0009632157161831856,0.004457215778529644,0.010471518151462078,0.019940447062253952,0.03335116431117058,0.049518030136823654,0.06873156130313873,0.08926280587911606,0.11266522854566574,0.13816489279270172],[6.674229371128604e-5,0.0015185315860435367,0.008446712046861649,0.016850857064127922,0.028826475143432617,0.04634566232562065,0.06902509182691574,0.09604410082101822,0.1266714632511139,0.16176815330982208,0.19941626489162445],[0.0001013015498756431,0.002688330365344882,0.009391468949615955,0.020397309213876724,0.037311654537916183,0.05690451338887215,0.080263152718544,0.1080126166343689,0.1415240615606308,0.17884664237499237,0.22025172412395477],[8.556960528949276e-5,0.0008887584554031491,0.004286800976842642,0.010037004947662354,0.018482355400919914,0.02983822301030159,0.04510360583662987,0.06305159628391266,0.08292746543884277,0.1059848964214325,0.13188646733760834],[0.00012312522449065,0.002051131334155798,0.008220638148486614,0.019818054512143135,0.03737400099635124,0.06203242763876915,0.09405182301998138,0.13056734204292297,0.1780337542295456,0.22555629909038544,0.27853649854660034],[8.971819625003263e-5,0.0015342148253694177,0.006054258439689875,0.01853274367749691,0.029878797009587288,0.045973505824804306,0.06202692538499832,0.08380673080682755,0.11166403442621231,0.14489267766475677,0.18109793961048126],[9.866109030554071e-5,0.00152038992382586,0.006276035215705633,0.01571832410991192,0.029474791139364243,0.052896611392498016,0.07508188486099243,0.10624579340219498,0.14013789594173431,0.18435001373291016,0.22355490922927856],[0.00015786469157319516,0.0024492775555700064,0.008701919578015804,0.022785477340221405,0.04066888242959976,0.06167696416378021,0.08924365043640137,0.12012758105993271,