{"training_accuracy":[0.17000000178813934,0.1599999964237213,0.09000000357627869,0.12999999523162842,0.18000000715255737,0.14000000059604645],"attacked_training_accuracy":[0.17000000178813934,0.1599999964237213,0.09000000357627869,0.1599999964237213,0.1599999964237213,0.10999999940395355],"kl_over_time":[[2.501221274542331e-7,4.379888923722319e-5,0.00012586235243361443,0.0002660301688592881,0.00044473132584244013,0.000675082323141396,0.0009235444595105946,0.0012240213109180331,0.0015391098568215966,0.0018678869819268584,0.0022257580421864986],[3.2377573688791017e-7,5.902886186959222e-5,0.00017539244436193258,0.0003627898113336414,0.0005967093748040497,0.0009023521561175585,0.0012501629535108805,0.0016595247434452176,0.002108226763084531,0.0026018188800662756,0.0031260077375918627],[2.98909469620412e-7,3.680834197439253e-5,7.990388257894665e-5,0.0001761369057931006,0.0003157848841510713,0.0004952038871124387,0.0007264104206115007,0.000991666573099792,0.001323109376244247,0.0016958689084276557,0.0021301545202732086],[3.9635304460716725e-7,3.957231092499569e-5,0.0001018162292893976,0.00023062377294991165,0.000410920794820413,0.0006270087324082851,0.0009165207738988101,0.0012362500419840217,0.0016171513125300407,0.0020281351171433926,0.002470900071784854],[3.4051203101626015e-7,3.0851249903207645e-5,0.00010028551332652569,0.0002154570393031463,0.0003632012812886387,0.0005543453153222799,0.0007704570889472961,0.0010221450356766582,0.0012874024687334895,0.0015835721278563142,0.0018860501004382968],[4.813738314624061e-7,4.7721285227453336e-5,0.0001912987936520949,0.000445001816842705,0.0007949614082463086,0.00125990086235106,0.0018277711933478713,0.0025017838925123215,0.0032565658912062645,0.0041038538329303265,0.005078089889138937]]}