{"training_accuracy":[0.6299999952316284,0.7599999904632568],"attacked_training_accuracy":[0.3700000047683716,0.46000000834465027],"kl_over_time":[[6.443155484703311e-7,0.023839116096496582,0.10070478171110153,0.22906573116779327,0.40950918197631836,0.6495857238769531,0.9645007252693176,1.3344630002975464,1.7678191661834717,2.230142116546631,2.7259480953216553],[4.1035909816855565e-6,0.05003355070948601,0.2160336673259735,0.4713134169578552,0.7702865600585938,1.0858908891677856,1.4195226430892944,1.7545408010482788,2.108880043029785,2.464006185531616,2.844324827194214]],"validation_accuracy":[0.7522222995758057],"attacked_validation_accuracies":[0.44777774810791016],"validation_kl_over_time":[[3.1851134281168925e-6,0.07008093595504761,0.26611268520355225,0.5581483244895935,0.9061862230300903,1.2940908670425415,1.7557752132415771,2.234828233718872,2.7312612533569336,3.237993001937866,3.7562670707702637]]}