{"training_accuracy":[0.46000000834465027],"attacked_training_accuracy":[0.3799999952316284],"kl_over_time":[[5.686268877980183e-8,0.0010557639179751277,0.001907560508698225,0.003526229877024889,0.005526219494640827,0.006925597786903381,0.008543318137526512,0.010127827525138855,0.012149624526500702,0.014602859504520893,0.017652669921517372]]}