{"training_accuracy":[0.20000000298023224,0.1899999976158142,0.23000000417232513,0.27000001072883606,0.27000001072883606],"attacked_training_accuracy":[0.10000000149011612,0.10999999940395355,0.09000000357627869,0.23000000417232513,0.2199999988079071],"kl_over_time":[[2.0357747077941895,2.038712739944458,2.0415799617767334,2.0444693565368652,2.047278642654419,2.0500707626342773,2.0526678562164307,2.0554773807525635,2.0581088066101074,2.0608139038085938,2.0633864402770996],[2.053971767425537,2.057173490524292,2.060408115386963,2.0635457038879395,2.066770076751709,2.0699377059936523,2.0731358528137207,2.076221227645874,2.079324960708618,2.0824949741363525,2.0857133865356445],[2.033510446548462,2.0364179611206055,2.0392026901245117,2.042041540145874,2.0447885990142822,2.0474815368652344,2.05018949508667,2.0526864528656006,2.055358648300171,2.057722330093384,2.060295820236206],[2.0286636352539062,2.0326690673828125,2.0364084243774414,2.04023814201355,2.0440428256988525,2.047783374786377,2.051503896713257,2.0550711154937744,2.058638334274292,2.062366247177124,2.06589937210083],[2.028578519821167,2.0321924686431885,2.0355734825134277,2.0389797687530518,2.042118549346924,2.0452535152435303,2.0484073162078857,2.051513671875,2.0545811653137207,2.057335615158081,2.060389995574951]]}