{"training_accuracy":[0.4399999976158142,0.41999998688697815,0.4000000059604645,0.5400000214576721,0.5099999904632568,0.4699999988079071,0.44999998807907104,0.3799999952316284,0.5,0.4399999976158142,0.5,0.4300000071525574,0.5799999833106995,0.5899999737739563,0.6000000238418579,0.5799999833106995,0.6800000071525574,0.6399999856948853,0.41999998688697815,0.6800000071525574,0.5400000214576721,0.6800000071525574,0.6100000143051147,0.6800000071525574,0.6800000071525574,0.699999988079071,0.6600000262260437,0.699999988079071,0.6200000047683716,0.7799999713897705,0.7400000095367432,0.6200000047683716,0.7400000095367432,0.75,0.6399999856948853,0.7099999785423279,0.7599999904632568,0.7200000286102295,0.6899999976158142,0.7400000095367432,0.7200000286102295,0.7099999785423279,0.7200000286102295,0.44999998807907104,0.3799999952316284,0.4300000071525574,0.5199999809265137,0.5,0.550000011920929,0.5,0.49000000953674316,0.5199999809265137,0.550000011920929,0.5,0.6100000143051147,0.5199999809265137,0.6200000047683716,0.5600000023841858,0.4699999988079071,0.6499999761581421,0.23000000417232513],"attacked_training_accuracy":[0.4099999964237213,0.3499999940395355,0.3199999928474426,0.25,0.36000001430511475,0.36000001430511475,0.3499999940395355,0.3199999928474426,0.3199999928474426,0.30000001192092896,0.3799999952316284,0.3199999928474426,0.27000001072883606,0.2800000011920929,0.25,0.3199999928474426,0.41999998688697815,0.3199999928474426,0.3700000047683716,0.25999999046325684,0.25999999046325684,0.3499999940395355,0.5199999809265137,0.33000001311302185,0.38999998569488525,0.23000000417232513,0.33000001311302185,0.4099999964237213,0.30000001192092896,0.25999999046325684,0.25999999046325684,0.4099999964237213,0.2199999988079071,0.3499999940395355,0.25999999046325684,0.20999999344348907,0.1899999976158142,0.2800000011920929,0.27000001072883606,0.25,0.23999999463558197,0.27000001072883606,0.3499999940395355,0.20999999344348907,0.2199999988079071,0.18000000715255737,0.20999999344348907,0.27000001072883606,0.25,0.28999999165534973,0.25,0.25,0.25999999046325684,0.10000000149011612,0.25999999046325684,0.27000001072883606,0.2199999988079071,0.3100000023841858,0.20999999344348907,0.23999999463558197,0.3199999928474426],"kl_over_time":[[1.4808991011250328e-7,6.261869316404045e-7,2.782870978990104e-6,6.8525291680998635e-6,1.373850682284683e-5,2.2662474293611012e-5,3.45620428561233e-5,4.947835623170249e-5,6.753775960532948e-5,8.796954352874309e-5,0.0001137405342888087],[2.7794780521617213e-7,2.102752659993712e-6,6.829740868852241e-6,1.6018369933590293e-5,2.9367580282269046e-5,4.5987413614057004e-5,6.652967567788437e-5,9.206835238728672e-5,0.00011969474871875718,0.00015568257367704064,0.00019245065050199628],[5.316440478964068e-7,2.2005469872965477e-6,8.125057320285123e-6,2.3756376322126016e-5,4.830754187423736e-5,9.160896297544241e-5,0.00014065242430660874,0.00020303353085182607,0.00027905352180823684,0.00036889128386974335,0.0004675019299611449],[2.5274271138187032e-6,1.5014216842246242e-5,5.814253381686285e-5,0.00012746526044793427,0.00023101962869986892,0.0003993416903540492,0.0006588437245227396,0.0009504647459834814,0.00128413166385144,0.0016758039128035307,0.002008336829021573],[4.28438079325133e-6,2.3221982701215893e-5,7.597622607136145e-5,0.0001604798890184611,0.0003160050546284765,0.0005264647188596427,0.0007441415218636394,0.0010681712301447988,0.0013978717615827918,0.0017542517744004726,0.002241061069071293],[4.023042038170388e-6,8.557208639103919e-5,0.0002934093645308167,0.0005471350159496069,0.0009508950170129538,0.0013478538021445274,0.0019094645977020264,0.0026619844138622284,0.0034284787252545357,0.004262399394065142,0.005087518598884344],[4.965229891240597e-5,0.00013985834084451199,0.00045209837844595313,0.0008171525551006198,0.0013239358086138964,0.002951018512248993,0.005003728903830051,0.006755246315151453,0.008855936117470264,0.010686197318136692,0.012853514403104782],[0.00010857744928216562,0.0012323150876909494,0.003438045969232917,0.006902804132550955,0.009577573277056217,0.013536253944039345,0.018332544714212418,0.023306049406528473,0.027897831052541733,0.03157525882124901,0.038953762501478195],[0.00036711629945784807,0.0015029346104711294,0.002411325927823782,0.0052765142172575,0.009240577928721905,0.01877325028181076,0.027096033096313477,0.0342380665242672,0.043944891542196274,0.060935650020837784,0.0717138722538948],[0.0011890054447576404,0.005900098942220211,0.014517388306558132,0.02458406239748001,0.0388544537127018,0.04983452335000038,0.06332100927829742,0.08485882729291916,0.10011585056781769,0.11737029999494553,0.1403229832649231],[6.806499004596844e-5,0.00343503151088953,0.005955930799245834,0.01707560196518898,0.032944899052381516,0.04821275919675827,0.0715649425983429,0.09548180550336838,0.11378821730613708,0.1458074152469635,0.16832461953163147],[0.00010678235412342474,0.011426790617406368,0.018840592354536057,0.02953995391726494,0.0459095761179924,0.06538685411214828,0.09279955923557281,0.1332729309797287,0.17991630733013153,0.2111981213092804,0.2560160458087921],[0.0010916237952187657,0.0037422841414809227,0.00540746096521616,0.015105735510587692,0.026418006047606468,0.06238279119133949,0.10219301283359528,0.15671974420547485,0.20333093404769897,0.2607544958591461,0.3098394572734833],[0.000581825734116137,0.009508858434855938,0.018628757447004318,0.03631320595741272,0.04795379191637039,0.0948946624994278,0.13146664202213287,0.19712653756141663,0.22777915000915527,0.29402709007263184,0.3266250193119049],[0.0013660339172929525,0.01091813389211893,0.02779119834303856,0.04802761971950531,0.10366056114435196,0.144752636551857,0.20918838679790497,0.2643796503543854,0.3392173647880554,0.38500869274139404,0.4405350685119629],[0.0006608418771065772,0.01016723457723856,0.033091891556978226,0.0574563629925251,0.11187553405761719,0.17163756489753723,0.21560561656951904,0.25146061182022095,0.28424084186553955,0.32014724612236023,0.36004409193992615],[0.00034316277015022933,0.0036723800003528595,0.00613589771091938,0.01592603512108326,0.03655413165688515,0.11034539341926575,0.2000088393688202,0.248631551861763,0.2828335762023926,0.30987662076950073,0.3432754576206207],[5.815715849166736e-5,0.0038567238952964544,0.018536873161792755,0.04968796297907829,0.13834072649478912,0.19976764917373657,0.2535562217235565,0.30592939257621765,0.35051414370536804,0.39406630396842957,0.42598670721054077],[0.00169377529527992,0.023153522983193398,0.03999408334493637,0.0534275621175766,0.07364991307258606,0.1095038652420044,0.16654786467552185,0.21632857620716095,0.24455058574676514,0.31432124972343445,0.34794917702674866],[0.0021830203477293253,0.013625402003526688,0.03743169084191322,0.10131339728832245,0.17223480343818665,0.25364673137664795,0.38906607031822205,0.509063720703125,0.6432740688323975,0.7776956558227539,0.8761537075042725],[0.0009996895678341389,0.012108651921153069,0.035785749554634094,0.08306606858968735,0.1718437671661377,0.26961395144462585,0.37854117155075073,0.4526020288467407,0.552103579044342,0.6600381135940552,0.7614212036132812],[0.00032260670559480786,0.03951575979590416,0.15526379644870758,0.21245712041854858,0.26241669058799744,0.30171746015548706,0.33672448992729187,0.36929869651794434,0.3950065076351166,0.41819456219673157,0.44265326857566833],[0.0003931733954232186,0.0033315259497612715,0.005799407139420509,0.012783471494913101,0.015433177351951599,0.026469958946108818,0.03621859475970268,0.04494597017765045,0.06758732348680496,0.0754890963435173,0.10385392606258392],[0.0030071872752159834,0.022259172052145004,0.04641834273934364,0.07920389622449875,0.11605232208967209,0.1816425323486328,0.22418875992298126,0.28866979479789734,0.35792669653892517,0.42796415090560913,0.4956530034542084],[0.001229689340107143,0.04271075502038002,0.12629082798957825,0.19516319036483765,0.26278674602508545,0.3663313090801239,0.41158491373062134,0.46560290455818176,0.5136560797691345,0.5475056171417236,0.5779387354850769],[0.0007444080547429621,