{"training_accuracy":[0.4399999976158142,0.4099999964237213,0.38999998569488525],"attacked_training_accuracy":[0.41999998688697815,0.4099999964237213,0.4699999988079071],"kl_over_time":[[2.365735873866015e-8,0.0006409025518223643,0.00007157922664191574,0.0004652421048376709,0.00007752489909762517,0.00045861213584430516,0.00007830982212908566,0.0004727932682726532,0.00008215043635573238,0.000496497901622206,0.00009010604117065668],[2.7982272499116334e-8,0.0013443899806588888,0.00022595890914089978,0.000709604297298938,0.00022126460680738091,0.0006979839527048171,0.00021043806918896735,0.0006935697747394443,0.00020745585788972676,0.0006927106878720224,0.00020671772654168308],[3.632532497022112e-8,0.0017875151243060827,0.000012432096809789073,0.0018196774180978537,0.00004573782280203886,0.0015935854753479362,0.00005707114905817434,0.00161260599270463,0.00005771286669187248,0.0016744020394980907,0.00006355292134685442]]}