{"training_accuracy":[0.41999998688697815],"attacked_training_accuracy":[0.44999998807907104],"kl_over_time":[[2.8688113218322542e-8,9.239405335392803e-5,0.00016607387806288898,0.0002911367919296026,0.000492550025228411,0.0006269627483561635,0.0008052056655287743,0.001019396004267037,0.0013098351191729307,0.0015874948585405946,0.001968508120626211]]}