{"training_accuracy":[0.23000000417232513,0.17000000178813934,0.23999999463558197,0.20999999344348907,0.30000001192092896,0.3199999928474426,0.2800000011920929],"attacked_training_accuracy":[0.2199999988079071,0.09000000357627869,0.25,0.20000000298023224,0.2199999988079071,0.25999999046325684,0.2199999988079071],"kl_over_time":[[3.940008141967155e-8,1.5786052244948223e-5,7.198143430287018e-5,0.00017037044744938612,0.00031021932954899967,0.0004909502458758652,0.0007131585152819753,0.0009754965431056917,0.0012788858730345964,0.0016281941207125783,0.0020165310706943274],[3.844835205768504e-8,2.3066973881213926e-5,0.00010033841681433842,0.00023066620633471757,0.00041098135989159346,0.0006366600864566863,0.0009075963171198964,0.001216527190990746,0.0015642344951629639,0.001949578756466508,0.0023692685645073652],[5.963694604815828e-8,2.0702444089693017e-5,9.31528556975536e-5,0.00022158159117680043,0.0004206665907986462,0.0007028458639979362,0.001075150677934289,0.0015462125884369016,0.0021270629949867725,0.0028315074741840363,0.0036641331389546394],[6.61181829286761e-8,2.2002021069056354e-5,0.00012528416118584573,0.0003190208226442337,0.0006125744548626244,0.001008683699183166,0.0015152975684031844,0.0021440365817397833,0.002899708691984415,0.003789074718952179,0.004829004406929016],[8.366669845827346e-8,1.7563475921633653e-5,8.550174243282527e-5,0.00020868338469881564,0.0003851930669043213,0.0006211114814504981,0.000914627278689295,0.0012664555106312037,0.0016868985258042812,0.0021708670537918806,0.0027287232223898172],[1.138266583211589e-7,2.8009442758047953e-5,0.00014126453606877476,0.0003538329910952598,0.0006755790091119707,0.001113682403229177,0.0016719568520784378,0.0023697519209235907,0.003206152468919754,0.004209044389426708,0.005385308060795069],[1.399912861188568e-7,1.4644625480286777e-5,8.251624240074307e-5,0.00022349819482769817,0.00044033516314812005,0.0007365624187514186,0.0011066783918067813,0.001560086035169661,0.0020782952196896076,0.002688587876036763,0.00337564991787076]]}