{"training_accuracy":[0.34375,0.328125,0.359375,0.34375,0.390625,0.390625,0.390625,0.390625,0.46875,0.40625,0.296875,0.5234375,0.4375,0.4375,0.375,0.453125,0.4375,0.3984375,0.4140625,0.453125,0.4296875,0.421875,0.4140625,0.5078125,0.53125,0.421875,0.328125,0.4296875,0.3984375,0.4140625,0.359375,0.453125,0.4140625,0.484375,0.4296875,0.5,0.5546875,0.4609375,0.4296875,0.5078125,0.5,0.421875,0.4609375,0.484375,0.5390625,0.5546875,0.5390625,0.5078125,0.4765625,0.4921875,0.4921875,0.5546875,0.4296875,0.4921875,0.4453125,0.59375,0.53125],"attacked_training_accuracy":[0.328125,0.3671875,0.390625,0.3125,0.4375,0.4609375,0.421875,0.375,0.46875,0.421875,0.4296875,0.578125,0.484375,0.453125,0.40625,0.484375,0.390625,0.3828125,0.390625,0.453125,0.4296875,0.3828125,0.390625,0.484375,0.53125,0.4296875,0.453125,0.390625,0.3984375,0.421875,0.4921875,0.359375,0.359375,0.3515625,0.359375,0.34375,0.3125,0.453125,0.390625,0.484375,0.4609375,0.4375,0.3828125,0.4140625,0.4375,0.3125,0.3671875,0.5,0.453125,0.4765625,0.4453125,0.5,0.3984375,0.3515625,0.4140625,0.3671875,0.4609375],"kl_over_time":[[2.974170598690762e-8,2.3059510567691177e-5,1.1708659258147236e-5,2.8594287869054824e-5,7.927434489829466e-5,0.0001552625180920586,0.00039021135307848454,0.0006305884453468025,0.0008964692242443562,0.0010719861602410674,0.0011915838113054633],[2.0060493710616356e-8,6.840236892458051e-5,9.522792424832005e-6,3.169463889207691e-5,4.341451858635992e-5,0.00012160838377894834,0.00021682254737243056,0.0003823303268291056,0.0006410094792954624,0.0009223375818692148,0.0014630636433139443],[2.5796932590083088e-8,2.3085009161150083e-5,1.63160621013958e-5,8.296426676679403e-5,0.00011638642172329128,0.0002109781780745834,0.00040900387102738023,0.0005286619998514652,0.0006570044788531959,0.0007926448015496135,0.0009131398983299732],[2.6468120140066276e-8,2.9026676202192903e-5,9.830377166508697e-6,9.762028639670461e-5,0.00014504670980386436,0.00021226343233138323,0.000323899497743696,0.00046629650751128793,0.0006350796320475638,0.0008944948203861713,0.0012143502244725823],[2.270969012840851e-8,5.212491669226438e-5,7.929698040243238e-5,5.472860357258469e-5,7.484742673113942e-5,0.00031418088474310935,0.0007995002088136971,0.0011668326333165169,0.001461532898247242,0.0015647575492039323,0.001627845223993063],[2.6805050623579518e-8,0.00015777838416397572,0.00018416460079606622,0.0003135126898996532,0.00048694940051063895,0.000586111331358552,0.0007368681253865361,0.0008905237773433328,0.00120144325774163,0.001501700608059764,0.0018778720404952765],[3.63305900918931e-8,2.699917422432918e-5,1.913946653075982e-5,0.00013547473645303398,0.00036211780388839543,0.0007823188207112253,0.0015293213073164225,0.002047817688435316,0.0024783452972769737,0.002705878345295787,0.0027492730878293514],[3.490852407139755e-8,0.00022012970293872058,0.00014707603259012103,0.00041688483906909823,0.0008685475331731141,0.001207871362566948,0.0016394557897001505,0.0019233135972172022,0.0020467606373131275,0.0019555315375328064,0.00216480391100049],[3.271644288815878e-8,0.00029206316685304046,0.0003889493818860501,0.0006989606190472841,0.0010376367717981339,0.0013554184697568417,0.001616123947314918,0.0018721227534115314,0.002418861025944352,0.0030451836064457893,0.003942260053008795],[2.557377953849027e-8,4.885036469204351e-5,1.2583310308400542e-5,0.0002249202225357294,0.00047712691593915224,0.0010095166508108377,0.0015823603607714176,0.0021375459618866444,0.0027137640863656998,0.0031509457621723413,0.00375618739053607],[3.122104175190543e-8,0.00025495351292192936,0.0005728816613554955,0.001227212487719953,0.001840149168856442,0.002300707157701254,0.002746253740042448,0.003050947794690728,0.0036149737425148487,0.004346106201410294,0.0053080227226018906],[3.1540078992975396e-8,0.0003552460402715951,0.0005774447345174849,0.0009443443268537521,0.001394973136484623,0.0016688385512679815,0.0021045503672212362,0.0025849072262644768,0.0035704858601093292,0.004951103590428829,0.006836208514869213],[3.166756457062547e-8,0.0003783784923143685,0.0007573416223749518,0.001341548515483737,0.0020474267657846212,0.0025217970833182335,0.003475193865597248,0.0047308290377259254,0.00682122353464365,0.009462904185056686,0.013097241520881653],[3.4824036987401996e-8,0.0003048972866963595,0.0008604078320786357,0.0018669295823201537,0.0028999163769185543,0.0036846757866442204,0.004393749870359898,0.004954371601343155,0.00579829141497612,0.00703764520585537,0.008428659290075302],[3.894727740316739e-8,0.00048373977188020945,0.0009363294811919332,0.0018990200478583574,0.003012423636391759,0.003825567429885268,0.004833895713090897,0.005673748441040516,0.006810079328715801,0.008138610050082207,0.009898500517010689],[4.6315555835008126e-8,6.963934720261022e-5,3.7686627365474124e-6,0.0006294800550676882,0.0011677334550768137,0.0019983339589089155,0.0029670475050807,0.0033094449900090694,0.0039037156384438276,0.004580581095069647,0.00560032669454813],[4.271603515348943e-8,0.0007947917329147458,0.0014431278686970472,0.0027633272111415863,0.0044954377226531506,0.0056455787271261215,0.006665270775556564,0.007402809336781502,0.008718973025679588,0.010531078092753887,0.012837203219532967],[3.80249893794371e-8,0.0006757288938388228,0.001320232404395938,0.0023105277214199305,0.0031701514963060617,0.003844901919364929,0.005074615590274334,0.006677546072751284,0.008999156765639782,0.01178667787462473,0.015289722010493279],[3.566467654536609e-8,0.000977874267846346,0.0019255767110735178,0.004012921825051308,0.006039702333509922,0.0077431341633200645,0.009080405347049236,0.00998637918382883,0.011950749903917313,0.014557491056621075,0.017866279929876328],[4.240747131234457e-8,0.0007817079895175993,0.0018136798171326518,0.0036315624602138996,0.005702418275177479,0.007709308061748743,0.009510502219200134,0.010990596376359463,0.012964694760739803,0.01574627123773098,0.019127989187836647],[4.505626804984786e-8,0.000804703333415091,0.0018324857810512185,0.003681506495922804,0.005866288207471371,0.007449048105627298,0.009470563381910324,0.011600986123085022,0.014369974844157696,0.01746130734682083,0.02109840139746666],[3.524131031440447e-8,0.0007838868768885732,0.0018339520320296288,0.003657327964901924,0.005767678841948509,0.007146723568439484,0.008984820917248726,0.011173865757882595,0.013914395123720169,0.017127517610788345,0.020841605961322784],[4.5541273863136666e-8,0.0003696910571306944,0.0015404054429382086,0.003274403978139162,0.004984963685274124,0.0063709961250424385,0.007400063332170248,0.008246315643191338,0.010119621641933918,0.012830514460802078,0.016401328146457672],[3.15229513603299e-8,0.000889926275704056,0.0025814957916736603,0.005266312509775162,0.0074450429528951645,0.009341621771454811,0.010824469849467278,0.011919505894184113,0.014320298098027706,0.017431123182177544,0.021655714139342308],[3.621640942697013e-8,0.0014366325922310352,0.0028323158621788025,0.005688519217073917,0.008046327158808708,0.009736159816384315,0.011057525873184204,0.012022423557937145,0.01439746655523777,0.017613902688026428,0.021648980677127838],[5.971542549332298e-8,0.0012727335561066866,0.0024580778554081917,0.00457414286211133,0.007188497111201286,0.008772974833846092,0.010767178609967232,0.012876186519861221,0.01614801585674286,0.020266218110919,0.02557002380490303],[4.998307190362539e-8,0.0014947591116651893,0.0034575252793729305,0.007418190594762564,0.011314384639263153,0.014809833839535713,0.01735846884548664,0.018497973680496216,0.021494479849934578,0.02587836980819702,0.03135796636343002],[4.884304871666245e-8,0.0014253436820581555,0.0031831383239477873,0.006700793281197548,0.010231252759695053,0.01335995551198721,0.015985887497663498,0.01755972020328045,0.020441653206944466,0.02466796152293682,0.029910152778029442],[5.407572700732999e-8,0.00022405534400604665,0.00011760419874917716,0.0015066772466525435,0.003675296902656555,0.006766087841242552,0.009413927793502808,0.011747085489332676,0.014768561348319054,0.018496032804250717,0.023388342931866646],[4.900675776298158e-8,