{"training_accuracy":[0.17000000178813934,0.14000000059604645,0.14000000059604645,0.1899999976158142,0.23000000417232513,0.20000000298023224,0.17000000178813934,0.12999999523162842,0.27000001072883606,0.14000000059604645,0.27000001072883606,0.25999999046325684,0.20000000298023224,0.3199999928474426,0.28999999165534973,0.23000000417232513,0.2800000011920929,0.2800000011920929,0.23999999463558197,0.30000001192092896,0.33000001311302185,0.25,0.2800000011920929,0.28999999165534973,0.3700000047683716,0.3499999940395355,0.36000001430511475,0.25999999046325684,0.3100000023841858,0.36000001430511475,0.33000001311302185,0.25999999046325684,0.33000001311302185,0.2800000011920929,0.4000000059604645,0.4099999964237213,0.3799999952316284,0.3400000035762787,0.3499999940395355,0.4399999976158142],"attacked_training_accuracy":[0.20000000298023224,0.14000000059604645,0.20999999344348907,0.12999999523162842,0.20000000298023224,0.20000000298023224,0.1599999964237213,0.20999999344348907,0.1899999976158142,0.12999999523162842,0.23000000417232513,0.27000001072883606,0.17000000178813934,0.18000000715255737,0.27000001072883606,0.1599999964237213,0.2199999988079071,0.20999999344348907,0.23000000417232513,0.30000001192092896,0.23999999463558197,0.2199999988079071,0.2800000011920929,0.30000001192092896,0.3400000035762787,0.30000001192092896,0.27000001072883606,0.20999999344348907,0.27000001072883606,0.33000001311302185,0.3400000035762787,0.3400000035762787,0.28999999165534973,0.3100000023841858,0.3799999952316284,0.3700000047683716,0.36000001430511475,0.3400000035762787,0.3100000023841858,0.4000000059604645],"kl_over_time":[[3.327210379211465e-6,0.0004048818664159626,0.0015023138839751482,0.0033105122856795788,0.005884440615773201,0.009303310886025429,0.013682047836482525,0.01911356672644615,0.025728583335876465,0.03366643935441971,0.043141983449459076],[1.5213544202197227e-6,0.000260579603491351,0.0009953792905434966,0.0022352072410285473,0.004027473274618387,0.006432701367884874,0.009530387818813324,0.013403062708675861,0.018139105290174484,0.023815980181097984,0.03059045784175396],[2.2812673705630004e-6,0.00017838241183198988,0.0006696113850921392,0.0014987397007644176,0.002698162803426385,0.004311061929911375,0.006388066802173853,0.00897043664008379,0.012138747610151768,0.015929285436868668,0.020403005182743073],[2.569293656051741e-6,0.0001323290925938636,0.000469119317131117,0.0010285606840625405,0.0018316227942705154,0.0029125770088285208,0.004308520350605249,0.006054905708879232,0.008197076618671417,0.010801116935908794,0.01391333993524313],[1.1170782272529323e-6,8.278151653939858e-5,0.00031762709841132164,0.0007085393299348652,0.001265228260308504,0.0020022382959723473,0.002933512208983302,0.004086697474122047,0.00549091212451458,0.007179214619100094,0.009202821180224419],[1.5720409010100411e-6,8.629269723314792e-5,0.00030484210583381355,0.0006536259315907955,0.001130519900470972,0.0017438344657421112,0.002500176429748535,0.0034149587154388428,0.004503854550421238,0.005789862014353275,0.007303249556571245],[1.32758259496768e-6,5.5549135140608996e-5,0.0002056972007267177,0.00046351447235792875,0.0008446630090475082,0.0013643706915900111,0.0020325444638729095,0.0028813707176595926,0.0039293402805924416,0.005194488447159529,0.006712035275995731],[9.268964618058817e-7,4.1804312786553055e-5,0.00014496369112748653,0.0003110441321041435,0.0005384210962802172,0.0008333386504091322,0.0012056150007992983,0.001671882695518434,0.002256156411021948,0.0029773961286991835,0.0038637416437268257],[1.2088484027117374e-6,3.982927592005581e-5,0.0001418577303411439,0.00031054025748744607,0.0005478262319229543,0.0008594458340667188,0.0012472294038161635,0.0017342581413686275,0.0023163859732449055,0.003023008583113551,0.0038651698268949986],[7.784993840687093e-7,2.7077376216766424e-5,0.00010106077388627455,0.00023014833277557045,0.0004251104255672544,0.0006955016870051622,0.001056570210494101,0.0015188740799203515,0.002103486331179738,0.0028264191932976246,0.0037074678111821413],[6.412257107513142e-7,2.212881918239873e-5,8.689251262694597e-5,0.00020045458222739398,0.00037115419399924576,0.0006063322070986032,0.0009159662877209485,0.0013095273170620203,0.0018071634694933891,0.002412983914837241,0.003164728870615363],[7.109702551133523e-7,1.7534359358251095e-5,7.228527829283848e-5,0.00017496157670393586,0.0003349892213009298,0.0005601444281637669,0.0008554330561310053,0.0012375261867418885,0.001721180509775877,0.0023259613662958145,0.0030520670115947723],[4.967851054971106e-7,1.3745859178015962e-5,5.043092824053019e-5,0.00011398847709642723,0.00020663779287133366,0.0003400265413802117,0.0005179407889954746,0.0007549755973741412,0.0010652260389178991,0.001455436460673809,0.0019424273632466793],[8.537783173778735e-7,2.102417784044519e-5,7.369593367911875e-5,0.00016167803551070392,0.0002828471770044416,0.00044942504609934986,0.0006511127576231956,0.000894498429261148,0.0012093252735212445,0.0015563940396532416,0.001983294729143381],[9.179422022498329e-7,1.5873773008934222e-5,6.075682904338464e-5,0.00013821717584505677,0.0002591038355603814,0.0004212555941194296,0.0006374534568749368,0.0009156468440778553,0.0012591462582349777,0.0016812029061838984,0.0022087402176111937],[6.56719350899948e-7,1.5245391296048183e-5,5.8563080528983846e-5,0.00012453709496185184,0.0002178158174501732,0.0003451215161476284,0.0005003864644095302,0.0006967484951019287,0.0009347341838292778,0.0012254875618964434,0.0015697719063609838],[6.15975579876249e-7,1.4576561625290196e-5,5.627866630675271e-5,0.00012979099119547755,0.0002441399556118995,0.0003961533948313445,0.0005893353372812271,0.0008343611261807382,0.0011426338460296392,0.0015046141343191266,0.0019550896249711514],[7.668502348678885e-7,8.144181265379302e-6,2.7156680516782217e-5,6.104207568569109e-5,0.00010828991798916832,0.00017378319171257317,0.00025973987067118287,0.0003680830996017903,0.0005087495082989335,0.000682817364577204,0.0008940951083786786],[7.480409180971037e-7,2.0487195797613822e-5,7.357849244726822e-5,0.00016343257448170334,0.0002877724764402956,0.0004641600826289505,0.0006910063093528152,0.0009773516794666648,0.0013203432317823172,0.0017719228053465486,0.0022957955952733755],[1.345623672932561e-6,1.884573975985404e-5,6.756222137482837e-5,0.0001511752197984606,0.0002736722235567868,0.00044888336560688913,0.0006601781351491809,0.0009388605831190944,0.0012843654258176684,0.0017027774592861533,0.002226387383416295],[8.070495596257388e-7,1.1393562999728601e-5,3.868037310894579e-5,8.486366277793422e-5,0.0001536106428829953,0.000248267431743443,0.00036994554102420807,0.0005344799137674272,0.0007453950238414109,0.001000511460006237,0.0013157230569049716],[1.2469860166675062e-6,1.3072040928818751e-5,4.493985397857614e-5,9.475492697674781e-5,0.00016631941252853721,0.00025645780260674655,0.00037577972398139536,0.0005178320570848882,0.0006986900116316974,0.0009232099982909858,0.001169133000075817],[6.210968308550946e-7,8.260919457825366e-6,3.167204340570606e-5,7.219510735012591e-5,0.00012971674732398242,0.00020528698223643005,0.00030559144215658307,0.0004273428057786077,0.0005790175637230277,0.0007531464216299355,0.0009636691538617015],[1.2433443998816074e-6,1.292262641072739e-5,4.5329463318921626e-5,9.949184459401295e-5,0.00018304746481589973,0.0002955965755973011,0.00043905849452130497,0.0006137101445347071,0.0008057282539084554,0.0010579066583886743,0.0013296862598508596],[1.5722674788776203e-6,1.4169959285936784e-5,4.8088011681102216e-5,0.00010912652942351997,0.00019734195666387677,0.0003094341664109379,0.0004587220319081098,0.0006343989516608417,0.0008513004868291318,0.0011205986374989152,0.0014482842525467277],[1.5371258541563293e-6,2.010840216826182e-5,7.455705781467259e-5,0.00016879584291018546,0.00030986417550593615,0.0004955483600497246,0.0007241627899929881,0.0009973770938813686,0.0013542718952521682,0.0017653172835707664,0.002248900244012475],[1.2075015547452495e-6,1.3822044820699375e-5,5.10027603013441e-5,0.00011412739695515484,