{"training_accuracy":[0.7200000286102295],"attacked_training_accuracy":[0.2800000011920929]}