{"training_accuracy":[0.20999999344348907,0.3700000047683716,0.2800000011920929,0.2800000011920929],"attacked_training_accuracy":[0.28999999165534973,0.20999999344348907,0.27000001072883606,0.2800000011920929],"kl_over_time":[[1.2478744793043006e-7,5.466662969411118e-6,2.230880818387959e-5,5.158041312824935e-5,9.356617374578491e-5,0.0001469428971176967,0.00021560110326390713,0.000301649997709319,0.0004084501415491104,0.0005413715844042599,0.0007041217177174985],[1.1432690882884344e-7,3.856238890875829e-6,1.6991672964650206e-5,4.142216494074091e-5,7.782797911204398e-5,0.00012818368850275874,0.00019282038556411862,0.00027625742950476706,0.00038253702223300934,0.0005112463841214776,0.0006708920118398964],[1.1232259566895664e-7,5.332331511453958e-6,2.187924474128522e-5,4.998883014195599e-5,9.049077925737947e-5,0.0001451701100450009,0.00021533282415475696,0.00030511769000440836,0.0004204697906970978,0.0005601959419436753,0.0007371320389211178],[1.2048930386754364e-7,5.521989351109369e-6,2.4561761165386997e-5,5.894486093893647e-5,0.00010959406063193455,0.00017643145110923797,0.00026688436628319323,0.00037961520138196647,0.0005237297737039626,0.0006952958647161722,0.000911025854293257]]}