{"training_accuracy":[0.15000000596046448],"attacked_training_accuracy":[0.07999999821186066],"kl_over_time":[[3.680028612507158e-6,0.4777231514453888,1.7921183109283447,3.030062198638916,3.785799264907837,4.868957996368408,5.939579963684082,6.699258804321289,7.440645694732666,8.509246826171875,9.071325302124023]]}