{"training_accuracy":[0.2199999988079071,0.17000000178813934,0.3199999928474426,0.2199999988079071],"attacked_training_accuracy":[0.20999999344348907,0.18000000715255737,0.25,0.23000000417232513],"kl_over_time":[[7.26339806078613e-8,1.5577485100948252e-5,2.0912168110953644e-5,4.0380098653258756e-5,6.156696326797828e-5,9.090975800063461e-5,0.00012496777344495058,0.00016465593944303691,0.0002121637953678146,0.00026123927091248333,0.00031311711063608527],[1.2867225507307012e-7,1.592705666553229e-5,4.82921204820741e-5,7.569583976874128e-5,0.00011758971959352493,0.00016951224824879318,0.00022616797650698572,0.0002995537652168423,0.0003754968929570168,0.0004612764751072973,0.0005590161308646202],[2.4310440949193435e-7,5.253219569567591e-5,3.354388536536135e-5,7.145786366891116e-5,0.00011005170381395146,0.00015558494487777352,0.0002094741357723251,0.00027343802503310144,0.0003454670659266412,0.00042308022966608405,0.0005155770340934396],[4.413844578721182e-7,1.2462157428672072e-5,4.379361780593172e-5,6.899300205986947e-5,0.00011586637992877513,0.000159696297487244,0.0002363007515668869,0.00030181201873347163,0.00038789803511463106,0.00048451617476530373,0.0006034736288711429]]}