{"training_accuracy":[0.6399999856948853,0.75],"attacked_training_accuracy":[0.36000001430511475,0.46000000834465027],"kl_over_time":[[8.009781140572159e-7,0.017305368557572365,0.06983216851949692,0.17168480157852173,0.3364993631839752,0.5832099318504333,0.9401934742927551,1.3604339361190796,1.8240963220596313,2.314347267150879,2.833336353302002],[4.119548520975513e-6,0.0672263577580452,0.2565678060054779,0.5226179957389832,0.8158618211746216,1.1159945726394653,1.430910587310791,1.7503575086593628,2.07452654838562,2.402880907058716,2.753617286682129]]}