{"training_accuracy":[0.44999998807907104,0.5899999737739563,0.46000000834465027,0.5,0.6000000238418579,0.5699999928474426,0.6399999856948853],"attacked_training_accuracy":[0.20999999344348907,0.20999999344348907,0.23999999463558197,0.27000001072883606,0.27000001072883606,0.27000001072883606,0.30000001192092896],"kl_over_time":[[1.8693110348522168e-7,2.2555666419066256e-6,1.0900298548222054e-5,2.8664562705671415e-5,5.708351454813965e-5,9.558218152960762e-5,0.00014065795403439552,0.00019573807367123663,0.00026282700127922,0.0003368048637639731,0.0004254857776686549],[5.049053584116336e-7,6.575214683834929e-6,4.516422995948233e-5,0.00012855950626544654,0.0002457447990309447,0.0004220820846967399,0.0006311825709417462,0.0008600747678428888,0.0011107925092801452,0.0013864057837054133,0.0016883047064766288],[2.176184807467507e-6,5.8446647017262876e-5,0.0002907820453401655,0.0007212136406451464,0.0013632732443511486,0.0021258294582366943,0.0030287252739071846,0.003919748589396477,0.0048655495047569275,0.005764143541455269,0.0067779505625367165],[1.1204469956282992e-5,7.717809785390273e-5,0.0007177577936090529,0.002335457131266594,0.004469852428883314,0.00781429372727871,0.011290733702480793,0.016499990597367287,0.0224126148968935,0.028757046908140182,0.03628654032945633],[1.2110777788620908e-5,0.002449180232360959,0.008722105994820595,0.018652986735105515,0.03130644932389259,0.04411434009671211,0.059488508850336075,0.0771060660481453,0.09508350491523743,0.11275302618741989,0.1348014771938324],[2.1297973944456317e-5,0.003568090032786131,0.02405850775539875,0.047087762504816055,0.07338321208953857,0.10903871059417725,0.1366697996854782,0.16927796602249146,0.2124248892068863,0.246029332280159,0.28930234909057617],[0.002522969851270318,0.023584051057696342,0.0950956642627716,0.1455138474702835,0.16960769891738892,0.1930864453315735,0.21694210171699524,0.24210816621780396,0.26552653312683105,0.2927019000053406,0.3190865218639374]]}