{"training_accuracy":[0.44999998807907104,0.5899999737739563,0.46000000834465027,0.5,0.6000000238418579],"attacked_training_accuracy":[0.25999999046325684,0.23000000417232513,0.3799999952316284,0.23999999463558197,0.33000001311302185],"kl_over_time":[[1.6227659216383472e-7,4.2130523070227355e-6,6.46275748295011e-6,1.7336633391096257e-5,2.65869966824539e-5,4.9936017603613436e-5,7.119375368347391e-5,9.563170169712976e-5,0.00010150454909307882,0.00010570028825895861,0.00010246051533613354],[3.611682757309609e-7,7.690420716244262e-6,1.7165566532639787e-5,5.433128899312578e-5,7.938877388369292e-5,0.00010405113425804302,0.00012108541704947129,0.0001347923680441454,0.0001557720242999494,0.0001916164910653606,0.00020399369532242417],[1.1418472922741785e-6,0.00020287300867494196,0.00037534962757490575,0.0007504765526391566,0.0011705249780789018,0.0014829473802819848,0.001163448323495686,0.0008577037369832397,0.0007700309506617486,0.0007332359091378748,0.0006801322451792657],[2.1422061763587408e-5,0.0026556162629276514,0.004903304856270552,0.007218518760055304,0.009168491698801517,0.010334782302379608,0.008434131741523743,0.005554746836423874,0.004749985411763191,0.004413599148392677,0.004256689455360174],[1.2836155292461626e-5,0.007353150751441717,0.019407225772738457,0.026034042239189148,0.030484823510050774,0.02701934240758419,0.01207918394356966,0.012195298448204994,0.011846832931041718,0.013645500876009464,0.016079459339380264]]}