{"training_accuracy":[0.6899999976158142,0.5899999737739563,0.5899999737739563,0.6100000143051147,0.6800000071525574,0.7799999713897705,0.7799999713897705,0.75,0.7400000095367432,0.7200000286102295,0.8199999928474426,0.7300000190734863,0.6899999976158142,0.7799999713897705,0.75,0.7400000095367432,0.8700000047683716,0.7599999904632568,0.7900000214576721,0.8399999737739563],"attacked_training_accuracy":[0.3199999928474426,0.4000000059604645,0.3499999940395355,0.44999998807907104,0.4300000071525574,0.47999998927116394,0.4300000071525574,0.4099999964237213,0.5600000023841858,0.5899999737739563,0.47999998927116394,0.4399999976158142,0.49000000953674316,0.4699999988079071,0.5799999833106995,0.46000000834465027,0.7400000095367432,0.6899999976158142,0.6800000071525574,0.5899999737739563],"kl_over_time":[[5.741683750670745e-8,4.728845306090079e-5,9.64834907790646e-5,0.00022571481531485915,0.00036368859582580626,0.0005586371989920735,0.0008088977192528546,0.0010631461627781391,0.0013503339141607285,0.0016538234194740653,0.001971771940588951],[1.0169973307938562e-7,0.00014713573909830302,0.00040819920832291245,0.0008679027669131756,0.001503419829532504,0.002244355855509639,0.0031516621820628643,0.0041501764208078384,0.005182418506592512,0.006272734142839909,0.007379618939012289],[2.123903328765664e-7,0.000143420955282636,4.9865066102938727e-5,0.0004772402753587812,0.0012192089343443513,0.002258002059534192,0.0035628709010779858,0.005193700548261404,0.0069489371962845325,0.008868652395904064,0.010894522070884705],[3.775991217480623e-7,0.00022347705089487135,0.00015979533782228827,0.0007535634795203805,0.0017885430715978146,0.0030678973998874426,0.0046056644059717655,0.006364164408296347,0.008247843943536282,0.010230879299342632,0.012208543717861176],[5.949727324150444e-7,0.0005579060525633395,0.001392146572470665,0.002887532114982605,0.004803275689482689,0.007032365538179874,0.00956071075052023,0.012334853410720825,0.015265831723809242,0.01828749105334282,0.021374335512518883],[1.1911303090528236e-6,0.0003284846607130021,0.0011556693352758884,0.002942586550489068,0.005394207313656807,0.008585574105381966,0.01251259259879589,0.016950998455286026,0.021966876462101936,0.02740180492401123,0.0333484448492527],[2.154314415747649e-6,0.00019858907035086304,0.0013959127245470881,0.003812413662672043,0.007527298294007778,0.012679191306233406,0.019079672172665596,0.026772253215312958,0.03564441204071045,0.04568035155534744,0.05687984824180603],[1.8493460629542824e-6,0.001054847496561706,0.0036895694211125374,0.007401458919048309,0.01215851679444313,0.01803777366876602,0.02487177774310112,0.03251269832253456,0.04089895263314247,0.050000790506601334,0.059879716485738754],[2.7994485662929947e-6,0.001240836107172072,0.004293772391974926,0.009177098982036114,0.01577303558588028,0.02512645721435547,0.036937154829502106,0.05224405974149704,0.06838031113147736,0.08494473248720169,0.10447286069393158],[4.803165211342275e-6,0.00018102007743436843,0.003087099641561508,0.009575290605425835,0.01840602047741413,0.030124349519610405,0.04431888088583946,0.06187925115227699,0.08100051432847977,0.10334347188472748,0.12706780433654785],[9.347249033453409e-6,0.001868999912403524,0.0059015280567109585,0.013802195899188519,0.025197217240929604,0.04007376730442047,0.05806522071361542,0.0787888765335083,0.10329936444759369,0.13116781413555145,0.16253620386123657],[9.411684004589915e-6,0.00239878729917109,0.008745129220187664,0.01957620307803154,0.03444612771272659,0.052432555705308914,0.07648134231567383,0.1025809645652771,0.13503025472164154,0.1727466881275177,0.2130904346704483],[1.048330705089029e-5,0.002980519086122513,0.009278240613639355,0.020924575626850128,0.03608714044094086,0.05559028685092926,0.07945871353149414,0.11121589690446854,0.14444352686405182,0.1795857548713684,0.218317911028862],[1.4438541256822646e-5,0.0030419135000556707,0.011088704690337181,0.024873161688447,0.04413175582885742,0.0688546746969223,0.09874297678470612,0.1357634961605072,0.18064069747924805,0.23223042488098145,0.2886539697647095],[2.7063499146606773e-5,0.0016111460281535983,0.008932084776461124,0.02265026792883873,0.04127868264913559,0.06437107175588608,0.09223679453134537,0.12384002655744553,0.1577816903591156,0.196403369307518,0.2405669391155243],[1.2957608305441681e-5,0.0016977903433144093,0.009153674356639385,0.02750624157488346,0.051385000348091125,0.09151361137628555,0.13667398691177368,0.1872357577085495,0.249677836894989,0.32562056183815,0.4191955327987671],[8.01515307102818e-6,0.0015432810178026557,0.008212566375732422,0.01939292810857296,0.03591366112232208,0.0568341426551342,0.08241890370845795,0.11280526220798492,0.1483559012413025,0.18625403940677643,0.22727526724338531],[2.2966776668909006e-5,0.0005430036108009517,0.0018654456362128258,0.005459228064864874,0.01133759506046772,0.024981221184134483,0.03191781044006348,0.04650339484214783,0.06510757654905319,0.07443101704120636,0.09391681104898453],[3.0082561352173798e-5,0.004207087680697441,0.016231924295425415,0.03376545384526253,0.058163851499557495,0.08688139915466309,0.11950948089361191,0.1605769842863083,0.20488367974758148,0.2547023594379425,0.30920305848121643],[0.0012091743992641568,0.0014136973768472672,0.008336907252669334,0.019265037029981613,0.038486383855342865,0.0662393718957901,0.09858932346105576,0.14094054698944092,0.18454639613628387,0.23511366546154022,0.2909391522407532]]}