{"validation_accuracy":[0.07288888841867447],"attacked_validation_accuracies":[0.042277779430150986],"validation_kl_over_time":[[2.5130728431577154e-7,0.5080499053001404,1.6052674055099487,2.7118990421295166,3.664355993270874,4.458992004394531,5.1816816329956055,5.802192687988281,6.298763751983643,6.761844635009766,7.197138786315918]]}