{"training_accuracy":[0.5699999928474426,0.4300000071525574,0.5299999713897705,0.47999998927116394,0.6399999856948853,0.6100000143051147,0.4300000071525574,0.550000011920929,0.7900000214576721,0.7799999713897705,0.6600000262260437,0.75,0.6499999761581421,0.7099999785423279,0.7599999904632568,0.7900000214576721,0.6499999761581421,0.6499999761581421,0.7099999785423279,0.7599999904632568,0.7400000095367432,0.7699999809265137,0.7599999904632568,0.8299999833106995,0.7900000214576721,0.7300000190734863,0.8199999928474426,0.7900000214576721,0.7599999904632568,0.7900000214576721,0.7699999809265137,0.7799999713897705,0.7300000190734863,0.800000011920929,0.699999988079071,0.7300000190734863,0.8399999737739563,0.7699999809265137,0.8399999737739563,0.8299999833106995,0.8600000143051147,0.7200000286102295,0.7900000214576721,0.7799999713897705,0.8100000023841858,0.8299999833106995,0.8700000047683716,0.8100000023841858,0.7400000095367432,0.8999999761581421,0.8299999833106995,0.6800000071525574,0.8299999833106995,0.8500000238418579,0.8199999928474426,0.7900000214576721],"attacked_training_accuracy":[0.4699999988079071,0.4000000059604645,0.5199999809265137,0.5099999904632568,0.3700000047683716,0.3100000023841858,0.41999998688697815,0.4099999964237213,0.5,0.3799999952316284,0.4099999964237213,0.46000000834465027,0.38999998569488525,0.4699999988079071,0.4000000059604645,0.5099999904632568,0.4099999964237213,0.3499999940395355,0.47999998927116394,0.47999998927116394,0.4099999964237213,0.44999998807907104,0.44999998807907104,0.5199999809265137,0.44999998807907104,0.4699999988079071,0.4399999976158142,0.4300000071525574,0.47999998927116394,0.49000000953674316,0.550000011920929,0.4099999964237213,0.47999998927116394,0.4000000059604645,0.49000000953674316,0.4099999964237213,0.44999998807907104,0.5099999904632568,0.4000000059604645,0.4699999988079071,0.5099999904632568,0.44999998807907104,0.44999998807907104,0.46000000834465027,0.5699999928474426,0.5400000214576721,0.5099999904632568,0.46000000834465027,0.4699999988079071,0.4399999976158142,0.5099999904632568,0.46000000834465027,0.6000000238418579,0.4300000071525574,0.5199999809265137,0.5600000023841858],"kl_over_time":[[4.704143918843329e-8,0.0014818658819422126,0.00276539521291852,0.00524792680516839,0.00745739508420229,0.008937160484492779,0.00987135712057352,0.010580665431916714,0.01283720787614584,0.01617112196981907,0.020594043657183647],[1.1002943267612864e-7,0.0019962803926318884,0.004546285141259432,0.008231067098677158,0.011352881789207458,0.014155291952192783,0.017946554347872734,0.022027092054486275,0.028030723333358765,0.03516938537359238,0.04448935389518738],[2.3204312071811728e-7,0.0014094063080847263,1.6323909221682698e-5,0.005040651652961969,0.008175058290362358,0.015928564593195915,0.022144993767142296,0.027676396071910858,0.03224344179034233,0.03697584941983223,0.046142492443323135],[2.9480725061148405e-7,0.00274666422046721,0.0004655432712752372,0.006778440438210964,0.020370768383145332,0.035287901759147644,0.046869534999132156,0.05562012642621994,0.06183255836367607,0.06789793074131012,0.0778229683637619],[5.549463821807876e-7,0.002856071572750807,0.0006682591047137976,0.007232221309095621,0.021544691175222397,0.0343945175409317,0.04856160655617714,0.06224467232823372,0.07633520662784576,0.09408590197563171,0.12261994928121567],[5.73303793771629e-7,0.0022633359767496586,0.014345054514706135,0.036927007138729095,0.061740536242723465,0.08173228055238724,0.09843315929174423,0.11103231459856033,0.12279582768678665,0.1422702968120575,0.17404277622699738],[1.1348158750479342e-6,0.005349055398255587,0.02743344195187092,0.048615872859954834,0.07766442000865936,0.11448074132204056,0.15693767368793488,0.20354107022285461,0.25989457964897156,0.3159067928791046,0.37355712056159973],[1.46914476317761e-6,0.0007375578279606998,0.014030649326741695,0.03202502429485321,0.06079741194844246,0.10055941343307495,0.15205338597297668,0.21333526074886322,0.28422388434410095,0.36035773158073425,0.4395172894001007],[1.6814484524729778e-6,0.003135811071842909,0.02051462046802044,0.054818179458379745,0.10002798587083817,0.15915516018867493,0.23475144803524017,0.3281992971897125,0.43769487738609314,0.5547852516174316,0.6793690323829651],[1.911327899506432e-6,0.002760329283773899,0.01889055036008358,0.054544705897569656,0.10707917809486389,0.1757574826478958,0.2605036497116089,0.3537716567516327,0.45987528562545776,0.5650989413261414,0.6739600300788879],[3.844388174911728e-6,0.0036234825383871794,0.016604065895080566,0.0478224903345108,0.09637697041034698,0.15949121117591858,0.23617005348205566,0.32916921377182007,0.4336986541748047,0.5366424918174744,0.6373304724693298],[2.546293671912281e-6,0.0074020191095769405,0.03192624822258949,0.07343945652246475,0.12893947958946228,0.19255249202251434,0.26421844959259033,0.34700697660446167,0.4422030448913574,0.5466368198394775,0.660237729549408],[3.20305389323039e-6,0.007804415188729763,0.03564923256635666,0.08270151913166046,0.14726556837558746,0.23188476264476776,0.33261746168136597,0.4470146596431732,0.5695568919181824,0.6939665079116821,0.8175475597381592],[3.833422397292452e-6,0.005249866284430027,0.027438567951321602,0.0716143399477005,0.13700608909130096,0.22066909074783325,0.32219642400741577,0.4366667866706848,0.5629796981811523,0.6983919143676758,0.8421830534934998],[3.4233978567499435e-6,0.008034718222916126,0.03358836472034454,0.08026260137557983,0.1472301483154297,0.23096950352191925,0.33301451802253723,0.4552806615829468,0.5949441194534302,0.7364717125892639,0.8762965202331543],[6.657624453509925e-6,0.0105357076972723,0.0410192497074604,0.09364553540945053,0.16450725495815277,0.2404678612947464,0.3547618091106415,0.4766538441181183,0.6036998629570007,0.72788006067276,0.8482391238212585],[3.2821210425026948e-6,0.004464142955839634,0.03397325426340103,0.09289886057376862,0.17292830348014832,0.2738773226737976,0.38195228576660156,0.5026357769966125,0.6472257971763611,0.7922890782356262,0.9200400114059448],[6.688504981866572e-6,0.004232953302562237,0.018484901636838913,0.05408593639731407,0.11253341287374496,0.19209229946136475,0.2877817153930664,0.39367377758026123,0.5066531896591187,0.6248920559883118,0.7472569346427917],[5.509432867256692e-6,0.007961391471326351,0.03366469964385033,0.08468932658433914,0.15772411227226257,0.24652525782585144,0.35186976194381714,0.46373701095581055,0.579657793045044,0.6928313374519348,0.8065905570983887],[3.937327164749149e-6,0.007269146386533976,0.041179053485393524,0.0920945256948471,0.1716504693031311,0.2631334364414215,0.3721952736377716,0.4846164286136627,0.5927096605300903,0.6800077557563782,0.7588744759559631],[4.339936367614428e-6,0.005608278326690197,0.021409248933196068,0.04579656943678856,0.07299260795116425,0.10534349828958511,0.15109942853450775,0.22427643835544586,0.3346703350543976,0.4757137596607208,0.6484212875366211],[4.304518824937986e-6,0.013939756900072098,0.05855591222643852,0.13376091420650482,0.233506441116333,0.3484211564064026,0.4759896397590637,0.5888964533805847,0.7225883603096008,0.8228777647018433,0.9123972058296204],[1.3273555850901175e-5,0.011642682366073132,0.06036724895238876,0.1439102590084076,0.2549453675746918,0.38398414850234985,0.5079509019851685,0.6223066449165344,0.7773104906082153,0.8996049165725708,1.002167820930481],[5.70326528759324e-6,0.009422751143574715,0.01979972794651985,0.05500299483537674,0.1123916432261467,0.19068117439746857,0.28988412022590637,0.40766632556915283,0.5361412763595581,0.6642956137657166,0.7922472953796387],[5.712377060262952e-6,0.022607769817113876,0.07201401889324188,0.147563174366951,0.24274376034736633,0.35187655687332153,0.45991620421409607,0.6100878715515137,0.7640498280525208,0.8993057608604431,1.022896647453308],[4.1739081098057795e-6,0.00958864763379097,0.053274162113666534,0.13585104048252106,0.2501203417778015,0.3849996030330658,0.5374342799186707,0.6879543662071228,0.8338152766227722,0.9709239602088928,1.093970537185669],[4.777829417434987e-6,0.0023028904106467962,