{"training_accuracy":[0.6299999952316284,0.7599999904632568],"attacked_training_accuracy":[0.3199999928474426,0.3199999928474426],"kl_over_time":[[1.9152726054016966e-6,0.020114552229642868,0.08638539910316467,0.2072797417640686,0.40704917907714844,0.6037625074386597,0.8071324229240417,1.0543980598449707,1.3380227088928223,1.6375375986099243,1.940395712852478],[1.957980202860199e-6,0.01612558215856552,0.06393801420927048,0.14628323912620544,0.2971007227897644,0.5083780288696289,0.7468736171722412,1.0188193321228027,1.3117928504943848,1.6219792366027832,1.9298251867294312]]}