{"training_accuracy":[0.9399999976158142,0.9599999785423279,0.49000000953674316,0.8399999737739563,0.800000011920929,0.9100000262260437,0.8899999856948853,0.8899999856948853,0.8999999761581421,0.8899999856948853,0.8999999761581421,0.9100000262260437,0.9200000166893005,0.9300000071525574,0.9900000095367432,0.9599999785423279,0.9399999976158142,0.9800000190734863,0.949999988079071,0.9300000071525574,0.8999999761581421,0.9599999785423279,0.8899999856948853,0.9700000286102295,0.9800000190734863,0.9399999976158142],"attacked_training_accuracy":[0.20999999344348907,0.25999999046325684,0.27000001072883606,0.3100000023841858,0.3700000047683716,0.2199999988079071,0.1899999976158142,0.23999999463558197,0.27000001072883606,0.28999999165534973,0.20000000298023224,0.23999999463558197,0.3799999952316284,0.1899999976158142,0.2800000011920929,0.2800000011920929,0.28999999165534973,0.23999999463558197,0.25999999046325684,0.20999999344348907,0.23000000417232513,0.25,0.23999999463558197,0.47999998927116394,0.25,0.23000000417232513],"kl_over_time":[[0.015703584998846054,0.0673389732837677,0.2542494237422943,0.9570887684822083,2.7463817596435547,4.5992045402526855,6.27639627456665,7.837405204772949,8.918559074401855,9.61457347869873,9.939135551452637],[0.003267394844442606,0.06821905076503754,0.32959508895874023,0.9620922803878784,1.8556307554244995,2.9373857975006104,3.9918956756591797,5.315708637237549,6.526203632354736,7.3853983879089355,8.183480262756348],[0.00011774640006478876,0.14159844815731049,0.6319335103034973,1.2878631353378296,2.0090832710266113,2.8254306316375732,3.7252089977264404,4.664505958557129,5.557037830352783,6.3880510330200195,7.198297023773193],[0.0001573683402966708,0.22194400429725647,0.9160780906677246,1.8316103219985962,2.795166492462158,3.8094754219055176,4.806304931640625,5.806406021118164,6.654702186584473,7.331645488739014,7.909631252288818],[0.00014525026199407876,0.10733352601528168,0.5547113418579102,1.3448541164398193,2.2339441776275635,3.0884740352630615,3.836437225341797,4.426723957061768,4.932262420654297,5.486174583435059,6.080201148986816],[0.00046032879617996514,0.20369544625282288,1.0990049839019775,2.5166945457458496,4.13237190246582,5.713784217834473,7.107673168182373,8.140963554382324,8.787677764892578,9.294376373291016,9.588898658752441],[0.00040018404251895845,0.13826115429401398,0.8565582036972046,2.2070600986480713,3.959014892578125,6.707057476043701,8.991971015930176,10.116235733032227,10.476380348205566,10.541646957397461,10.566113471984863],[0.0003071413957513869,0.17589937150478363,0.7930133938789368,1.8663524389266968,3.081681489944458,4.22236967086792,5.294260025024414,6.705472469329834,8.11609935760498,9.153749465942383,9.392067909240723],[0.0003120295295957476,0.1967400312423706,0.9524452686309814,2.4193451404571533,4.295071125030518,6.121944427490234,7.699229717254639,8.907450675964355,9.74964427947998,10.132162094116211,10.355085372924805],[0.0003162128268741071,0.2723623216152191,1.616142988204956,4.289062976837158,6.989950180053711,8.30295181274414,8.850677490234375,9.109904289245605,9.196087837219238,9.253158569335938,9.294618606567383],[0.0004058124904986471,0.18078036606311798,1.8999738693237305,4.6510090827941895,7.255476951599121,8.623126983642578,9.363845825195312,9.772331237792969,9.951995849609375,10.07210636138916,10.122989654541016],[0.000768883794080466,0.13556870818138123,0.8844373226165771,2.5704076290130615,5.084808349609375,7.512429237365723,9.298394203186035,9.967878341674805,10.179149627685547,10.225714683532715,10.236568450927734],[0.000315545272314921,0.2135930359363556,1.1518785953521729,2.684904098510742,4.424571514129639,6.021225452423096,7.1556291580200195,7.789368629455566,8.114294052124023,8.19926643371582,8.243765830993652],[0.0004761020827572793,0.15998677909374237,0.986337423324585,2.4522037506103516,4.219413757324219,6.045501708984375,7.711376190185547,9.066351890563965,9.953096389770508,10.584259033203125,10.859249114990234],[0.002232853090390563,0.15694460272789001,1.0228500366210938,2.772115468978882,4.770468711853027,6.47406005859375,7.59252405166626,8.478873252868652,9.00685977935791,9.382492065429688,9.597280502319336],[0.0008255252032540739,0.192369282245636,1.5121368169784546,3.991915225982666,6.810571193695068,8.640005111694336,9.202326774597168,9.318836212158203,9.389291763305664,9.426557540893555,9.344433784484863],[0.00025791951338760555,0.09891834110021591,0.884885311126709,2.4087398052215576,3.972510814666748,5.3403239250183105,6.442349910736084,7.63169527053833,8.764559745788574,9.034343719482422,9.037616729736328],[0.00020049646263942122,0.14836248755455017,1.1162152290344238,2.859513998031616,4.944921016693115,6.998001575469971,8.603459358215332,9.57990550994873,9.947575569152832,10.024548530578613,10.04848861694336],[0.00012647801486309618,0.0811644122004509,0.6043839454650879,1.9204894304275513,3.7376654148101807,5.733867645263672,7.451912879943848,8.663161277770996,9.434621810913086,9.70789623260498,9.969969749450684],[0.000357313227141276,0.10779983550310135,0.8780542016029358,2.4167683124542236,4.097124099731445,5.808320045471191,6.7291107177734375,7.124605178833008,7.605240345001221,8.403890609741211,9.171719551086426],[0.0003942582698073238,0.07993869483470917,0.5958505272865295,1.6269850730895996,3.2564635276794434,4.954451084136963,6.751822471618652,8.291952133178711,9.42141056060791,9.857752799987793,10.050277709960938],[0.00046682669199071825,0.09542087465524673,0.7422069907188416,2.1229703426361084,3.897496223449707,5.423521041870117,6.726874828338623,7.841925621032715,8.753725051879883,9.400997161865234,9.783235549926758],[0.0010085051180794835,0.20619863271713257,0.8752390742301941,2.010331392288208,3.3588647842407227,4.49802303314209,5.495223045349121,6.433249473571777,7.341408729553223,8.224960327148438,8.914280891418457],[0.00037157005863264203,0.1290942281484604,0.8253128528594971,2.3512701988220215,3.833156108856201,5.126171588897705,5.832164287567139,6.163362979888916,6.349853992462158,6.393979549407959,6.485527038574219],[0.00018539394659455866,0.08308923244476318,0.5773995518684387,1.6488686800003052,3.1567418575286865,4.453422546386719,5.651540279388428,6.391983509063721,6.779816627502441,7.202157020568848,7.932016849517822],[0.000919917190913111,0.1557639092206955,1.4336448907852173,3.7468056678771973,6.111408710479736,7.375302791595459,8.463772773742676,9.310796737670898,9.78437328338623,10.113214492797852,10.270573616027832]]}