{"training_accuracy":[1.0,0.949999988079071],"attacked_training_accuracy":[0.2800000011920929,0.25],"kl_over_time":[[0.0020727759692817926,0.1102568581700325,1.4760888814926147,3.7011632919311523,6.808740139007568,9.170376777648926,10.693049430847168,10.308549880981445,8.546353340148926,5.596499443054199,3.16949725151062],[0.0020399922505021095,0.1569811999797821,1.3284976482391357,4.14555025100708,7.075152397155762,9.42650032043457,10.837015151977539,11.075921058654785,10.400336265563965,8.577804565429688,5.438575267791748]]}