{"training_accuracy":[0.9800000190734863,0.9599999785423279,0.9700000286102295,0.949999988079071,0.9300000071525574,0.9599999785423279,0.9399999976158142],"attacked_training_accuracy":[0.5099999904632568,0.49000000953674316,0.5400000214576721,0.17000000178813934,0.38999998569488525,0.23000000417232513,0.5199999809265137],"kl_over_time":[[0.0006344486027956009,0.23183444142341614,1.1656956672668457,2.518550395965576,4.432891368865967,6.3236212730407715,7.321751594543457,6.862581253051758,5.013551712036133,3.566115617752075,2.617798328399658],[0.003648125333711505,0.2308717519044876,1.3387807607650757,2.794661283493042,4.420503616333008,6.044093608856201,6.653029441833496,6.522077560424805,5.732319355010986,4.18994140625,2.825479745864868],[0.003587189130485058,0.08690423518419266,0.6697198152542114,2.1248762607574463,3.946506977081299,5.457356929779053,6.262722492218018,6.178633213043213,5.30088472366333,3.8506481647491455,2.633647918701172],[0.013944405131042004,0.0694301426410675,0.2747764587402344,1.7461823225021362,3.8069779872894287,6.07355260848999,8.345067977905273,9.635374069213867,9.954432487487793,8.942646026611328,7.144199848175049],[0.009356113150715828,0.3031790852546692,1.9032845497131348,3.681441068649292,5.78931999206543,7.699930191040039,8.556296348571777,8.485194206237793,7.326004981994629,5.290544509887695,3.5082921981811523],[0.0008236112771555781,0.021566256880760193,0.3919382095336914,2.388131856918335,4.995370864868164,7.264283180236816,8.607234001159668,8.327865600585938,6.457358360290527,3.8416566848754883,2.1269569396972656],[0.005464951042085886,0.3820185363292694,1.6287641525268555,3.143348217010498,4.9055585861206055,6.841028213500977,NaN,NaN,NaN,NaN,NaN]]}