{"training_accuracy":[0.44999998807907104,0.550000011920929,0.6299999952316284,0.49000000953674316,0.6200000047683716,0.7099999785423279,0.7799999713897705,0.7099999785423279],"attacked_training_accuracy":[0.12999999523162842,0.3499999940395355,0.44999998807907104,0.4399999976158142,0.44999998807907104,0.6800000071525574,0.5199999809265137,0.5699999928474426],"kl_over_time":[[5.511679646019729e-8,0.00042631200631149113,0.0016743813175708055,0.0036739313509315252,0.006368378642946482,0.009744273498654366,0.01376260444521904,0.018429195508360863,0.023775238543748856,0.029828714206814766,0.03662783280014992],[1.197942367525684e-7,0.00026240444276481867,0.0010871854610741138,0.0025345603935420513,0.004659370519220829,0.007546746172010899,0.011281541548669338,0.015937454998493195,0.021665839478373528,0.028583219274878502,0.03680722042918205],[1.6867477370396955e-7,0.0002193073887610808,0.0009185870294459164,0.002148493193089962,0.003989280201494694,0.006510172970592976,0.009770022705197334,0.013884260319173336,0.018946675583720207,0.02511187084019184,0.03236827626824379],[1.8032700666026358e-7,0.00027090555522590876,0.001059973961673677,0.0022996689658612013,0.003941345028579235,0.0059239002875983715,0.008233627304434776,0.010813092812895775,0.01363440603017807,0.016715461388230324,0.020038370043039322],[3.1974045100469084e-7,0.00014404190005734563,0.0006765382131561637,0.001622985815629363,0.0030411395709961653,0.004994967486709356,0.007494448218494654,0.010654889978468418,0.014540609903633595,0.019194474443793297,0.024722453206777573],[5.044193471803737e-7,0.0002182837197324261,0.0009691718150861561,0.002329668030142784,0.004359937738627195,0.007139327935874462,0.010718180797994137,0.01517636887729168,0.020588858053088188,0.02706359326839447,0.034646935760974884],[8.507965389981109e-7,0.00012130664981668815,0.0007312870002351701,0.0019189625745639205,0.0037664195988327265,0.006304456386715174,0.009667976759374142,0.014064249582588673,0.019493157044053078,0.026133377104997635,0.03418012708425522],[9.589015235178522e-7,0.00027686229441314936,0.001203420921228826,0.002873109420761466,0.005330271553248167,0.008655469864606857,0.013048063963651657,0.018460558727383614,0.02525186538696289,0.03331276774406433,0.04300601780414581]]}