{"training_accuracy":[0.47999998927116394,0.5699999928474426],"attacked_training_accuracy":[0.20999999344348907,0.20999999344348907],"kl_over_time":[[1.7965957113119657e-6,1.1997509318462107e-5,3.392258076928556e-5,6.91833411110565e-5,0.0001148528972407803,0.00017135443340521306,0.00023657477868255228,0.00031168924761004746,0.00039816819480620325,0.0004937028279528022,0.0006049494841136038],[5.876606792298844e-6,2.2648317099083215e-5,6.671743176411837e-5,0.00014194732648320496,0.0002550005738157779,0.00038766220677644014,0.0005458200466819108,0.0007208817405626178,0.0009114493150264025,0.0011162430746480823,0.001341122086159885]]}