{"training_accuracy":[0.2199999988079071,0.15000000596046448,0.18000000715255737,0.20000000298023224,0.17000000178813934,0.25,0.1899999976158142,0.15000000596046448,0.25,0.12999999523162842,0.2800000011920929,0.28999999165534973,0.23999999463558197,0.3499999940395355,0.25999999046325684,0.25999999046325684,0.28999999165534973,0.2800000011920929,0.23999999463558197,0.3100000023841858,0.3100000023841858,0.28999999165534973,0.3100000023841858,0.23000000417232513,0.4000000059604645,0.3199999928474426,0.25999999046325684,0.3199999928474426,0.30000001192092896,0.33000001311302185,0.33000001311302185,0.3799999952316284,0.3100000023841858,0.4300000071525574,0.3400000035762787,0.3199999928474426,0.4399999976158142,0.4399999976158142,0.3799999952316284,0.47999998927116394],"attacked_training_accuracy":[0.15000000596046448,0.12999999523162842,0.18000000715255737,0.1599999964237213,0.14000000059604645,0.14000000059604645,0.1899999976158142,0.1599999964237213,0.23000000417232513,0.1599999964237213,0.20999999344348907,0.28999999165534973,0.18000000715255737,0.20999999344348907,0.1899999976158142,0.17000000178813934,0.1899999976158142,0.25,0.23999999463558197,0.25999999046325684,0.23000000417232513,0.23000000417232513,0.33000001311302185,0.25,0.4000000059604645,0.30000001192092896,0.25999999046325684,0.3700000047683716,0.28999999165534973,0.3400000035762787,0.33000001311302185,0.4300000071525574,0.27000001072883606,0.4300000071525574,0.27000001072883606,0.3100000023841858,0.4399999976158142,0.3799999952316284,0.3400000035762787,0.47999998927116394],"kl_over_time":[[2.053609250651789e-6,0.0003698510699905455,0.0014288353268057108,0.0032404703088104725,0.005896257236599922,0.009495369158685207,0.014143292792141438,0.019978463649749756,0.027119604870676994,0.035733409225940704,0.045975346118211746],[2.8774732072633924e-6,0.00027222849894315004,0.0009889773791655898,0.0021490082144737244,0.0037698247469961643,0.005897232331335545,0.008604859933257103,0.011975143104791641,0.016082918271422386,0.021030258387327194,0.02693348564207554],[1.4856914276606403e-6,0.00019664467254187912,0.000734628876671195,0.0016210069879889488,0.002881669905036688,0.004554899875074625,0.00668899342417717,0.009346799924969673,0.01259818859398365,0.01653113402426243,0.021265339106321335],[1.1508643638080684e-6,0.00012637556937988847,0.0004788399673998356,0.0010841568000614643,0.001974331447854638,0.0031947006937116385,0.004789372440427542,0.006804485339671373,0.009288894012570381,0.012295136228203773,0.0158992987126112],[2.1152206954866415e-6,0.00011491767509141937,0.0004015037266071886,0.0008533216896466911,0.0014693614793941379,0.0022480555344372988,0.003194106975570321,0.004329043440520763,0.005671763326972723,0.007233738899230957,0.00907220784574747],[1.5284970231732586e-6,8.486927981721237e-5,0.00031360131106339395,0.0006997595774009824,0.001257546478882432,0.002010589698329568,0.0029785954393446445,0.004184011835604906,0.005650390405207872,0.007411637809127569,0.009480953216552734],[1.7395952909282641e-6,6.305705028353259e-5,0.00021342786203604192,0.00045041274279356003,0.0007765574846416712,0.0011980708222836256,0.0017316390294581652,0.0023936021607369184,0.0031967826653271914,0.004172771703451872,0.00535155413672328],[1.6610841839792556e-6,5.846870408277027e-5,0.00020828765991609544,0.00047498656203970313,0.0008674886776134372,0.0014070001197978854,0.0021143960766494274,0.0030107663478702307,0.004120335914194584,0.005455394741147757,0.007063596043735743],[7.405481596833852e-7,3.720534732565284e-5,0.00015016246470622718,0.0003563897917047143,0.0006657737540081143,0.001099729910492897,0.0016751227667555213,0.0024118374567478895,0.0033351187594234943,0.004464713390916586,0.005839148536324501],[1.2637107147384086e-6,3.832503716694191e-5,0.00013750743528362364,0.00030337803764268756,0.0005479322862811387,0.000879117229487747,0.001302680466324091,0.0018427068134769797,0.0025107497349381447,0.0033275745809078217,0.004310888703912497],[6.666022613899258e-7,2.8392862077453174e-5,0.00010679270781110972,0.00023704323393758386,0.000420641154050827,0.0006567895761691034,0.0009620030177757144,0.001333617139607668,0.0017873046454042196,0.0023258128203451633,0.002979681361466646],[7.565454893665446e-7,2.584314461273607e-5,9.822926949709654e-5,0.00021695531904697418,0.0003935910644941032,0.0006360996630974114,0.0009427901823073626,0.0013329675421118736,0.0018087589414790273,0.0023887234274297953,0.0030762595124542713],[5.854166147400974e-7,1.994861668208614e-5,7.738883869023994e-5,0.00018118861771654338,0.00033717596670612693,0.0005469954339787364,0.0008246917859651148,0.0011831388110294938,0.0016227331943809986,0.0021605377551168203,0.002821889705955982],[1.2956749060322181e-6,2.117350413755048e-5,7.17957882443443e-5,0.00015653610171284527,0.00028773475787602365,0.0004656054370570928,0.0007008833927102387,0.0010001844493672252,0.001384002505801618,0.0018497967394068837,0.00241488846950233],[7.840051239327295e-7,1.738011087581981e-5,6.440512515837327e-5,0.00015113205881789327,0.00028194391052238643,0.0004641836858354509,0.0007098419591784477,0.0010211345506832004,0.0014155233511701226,0.001909336308017373,0.002505276817828417],[1.2677717222686624e-6,1.5002702639321797e-5,4.65642187919002e-5,9.55644209170714e-5,0.00016461688210256398,0.00025087298126891255,0.00035764058702625334,0.0004889762494713068,0.0006457543931901455,0.0008355336613021791,0.0010605411371216178],[6.089969133427076e-7,1.1323377293592785e-5,4.1747385694179684e-5,9.106545621762052e-5,0.00016247693565674126,0.00026265124324709177,0.00039119107532314956,0.0005579587887041271,0.000781934941187501,0.0010596482316032052,0.0014156450051814318],[1.3574023114415468e-6,1.700058055575937e-5,5.672934275935404e-5,0.0001236358075402677,0.00021982671751175076,0.00035185631713829935,0.0005210512899793684,0.0007451141718775034,0.001015376765280962,0.001350986654870212,0.0017638751305639744],[1.5597852325299755e-6,2.3167467588791624e-5,7.409676618408412e-5,0.0001585028658155352,0.00028992266743443906,0.0004556648200377822,0.0006716397474519908,0.0009499426232650876,0.0012933270772919059,0.0017161675496026874,0.002219224814325571],[9.074356626115332e-7,1.9324304957990535e-5,6.963228952372447e-5,0.00015786453150212765,0.00028920560725964606,0.00046137935714796185,0.000681586388964206,0.0009482509922236204,0.0012868352932855487,0.0016938481712713838,0.0021835805382579565],[1.0754716868177638e-6,1.3409950042841956e-5,4.3006017222069204e-5,9.566841617925093e-5,0.00016691435303073376,0.0002535608073230833,0.00036117775016464293,0.0005045915022492409,0.0006536550936289132,0.0008355179452337325,0.001056269509717822],[1.4923724620530265e-6,1.9703737052623183e-5,6.75360206514597e-5,0.00013924662198405713,0.00023422931553795934,0.000367151340469718,0.0005147935589775443,0.0007061092182993889,0.0009395344532094896,0.0011978719849139452,0.0015020192367956042],[1.3591078413810465e-6,1.5896332115516998e-5,5.4874799388926476e-5,0.00011863357940455899,0.00020797195611521602,0.0003256560885347426,0.0004690647474490106,0.0006495105335488915,0.0008659214363433421,0.0011214975966140628,0.0014330506091937423],[8.405232847508159e-7,8.761090612097178e-6,3.004615609825123e-5,7.047312828944996e-5,0.00013249520270619541,0.00021334196208044887,0.0003276646020822227,0.00045810415758751333,0.0006287239375524223,0.0008347654365934432,0.0010794869158416986],[1.50006906096678e-6,2.1005980670452118e-5,7.213919889181852e-5,0.0001599274401087314,0.00028402276802808046,0.00046402562293224037,0.0006807148456573486,0.0009433451341465116,0.0012604094808921218,0.0016609730664640665,0.002133294939994812],[1.8083505892718676e-6,1.6778092685854062e-5,6.634683086303994e-5,0.00016399964806623757,0.0003012795059476048,0.000499038549605757,0.0007543540559709072,0.0010585200507193804,0.001433791359886527,0.0019030306721106172,0.0024357575457543135],[1.307250954596384e-6,1.4766156709811185e-5,5.1218255975982174e-5,0.00011317707685520872,0.00019703885482158512,0.00031080582994036376,