{"training_accuracy":[0.7599999904632568],"attacked_training_accuracy":[0.15000000596046448]}